rate_year,program,hospid,hospital_name,pct_adjustment,dollar_adjustment,source_file,pct_column,dollar_column
2016,MHAC,60,Fort Washington Medical Center,-0.010000000000000009,,ry2016__fy_2015_scaling_for_improvement_mhac__fy15_rev_ry2015_scaling.csv,REVENUE NEUTRAL ADJUSTED PERCENT INPATIENT REVENUE,
2016,MHAC,4,Holy Cross Hospital,-0.009229212276426257,,ry2016__fy_2015_scaling_for_improvement_mhac__fy15_rev_ry2015_scaling.csv,REVENUE NEUTRAL ADJUSTED PERCENT INPATIENT REVENUE,
2016,MHAC,58,James Lawrence Kernan Hospital,-0.005883349167664975,,ry2016__fy_2015_scaling_for_improvement_mhac__fy15_rev_ry2015_scaling.csv,REVENUE NEUTRAL ADJUSTED PERCENT INPATIENT REVENUE,
2016,MHAC,32,Union of Cecil,-0.0024817216737575976,,ry2016__fy_2015_scaling_for_improvement_mhac__fy15_rev_ry2015_scaling.csv,REVENUE NEUTRAL ADJUSTED PERCENT INPATIENT REVENUE,
2016,MHAC,18,Montgomery General Hospital,-0.001698128795076248,,ry2016__fy_2015_scaling_for_improvement_mhac__fy15_rev_ry2015_scaling.csv,REVENUE NEUTRAL ADJUSTED PERCENT INPATIENT REVENUE,
2016,MHAC,3,Prince Georges Hospital Center,2.83781888072987e-05,,ry2016__fy_2015_scaling_for_improvement_mhac__fy15_rev_ry2015_scaling.csv,REVENUE NEUTRAL ADJUSTED PERCENT INPATIENT REVENUE,
2016,MHAC,10,Dorchester General Hospital,4.45185204922538e-05,,ry2016__fy_2015_scaling_for_improvement_mhac__fy15_rev_ry2015_scaling.csv,REVENUE NEUTRAL ADJUSTED PERCENT INPATIENT REVENUE,
2016,MHAC,8,Mercy Medical Center,7.194950673583556e-05,,ry2016__fy_2015_scaling_for_improvement_mhac__fy15_rev_ry2015_scaling.csv,REVENUE NEUTRAL ADJUSTED PERCENT INPATIENT REVENUE,
2016,MHAC,1,Meritus Hospital,9.737242354468378e-05,,ry2016__fy_2015_scaling_for_improvement_mhac__fy15_rev_ry2015_scaling.csv,REVENUE NEUTRAL ADJUSTED PERCENT INPATIENT REVENUE,
2016,MHAC,55,Laurel Regional Hospital,9.835751421083394e-05,,ry2016__fy_2015_scaling_for_improvement_mhac__fy15_rev_ry2015_scaling.csv,REVENUE NEUTRAL ADJUSTED PERCENT INPATIENT REVENUE,
2016,MHAC,33,Carroll Hospital Center,0.0001706101257670234,,ry2016__fy_2015_scaling_for_improvement_mhac__fy15_rev_ry2015_scaling.csv,REVENUE NEUTRAL ADJUSTED PERCENT INPATIENT REVENUE,
2016,MHAC,29,Johns Hopkins Bayview Medical Center,0.0001876029397591683,,ry2016__fy_2015_scaling_for_improvement_mhac__fy15_rev_ry2015_scaling.csv,REVENUE NEUTRAL ADJUSTED PERCENT INPATIENT REVENUE,
2016,MHAC,40,Northwest Hospital Center,0.00019146752621912455,,ry2016__fy_2015_scaling_for_improvement_mhac__fy15_rev_ry2015_scaling.csv,REVENUE NEUTRAL ADJUSTED PERCENT INPATIENT REVENUE,
2016,MHAC,2,University of Maryland Hospital,0.0002711272618232119,,ry2016__fy_2015_scaling_for_improvement_mhac__fy15_rev_ry2015_scaling.csv,REVENUE NEUTRAL ADJUSTED PERCENT INPATIENT REVENUE,
2016,MHAC,48,Howard County General Hospital,0.00030382469432077563,,ry2016__fy_2015_scaling_for_improvement_mhac__fy15_rev_ry2015_scaling.csv,REVENUE NEUTRAL ADJUSTED PERCENT INPATIENT REVENUE,
2016,MHAC,27,Western MD Regional Medical Center,0.00031358088072663826,,ry2016__fy_2015_scaling_for_improvement_mhac__fy15_rev_ry2015_scaling.csv,REVENUE NEUTRAL ADJUSTED PERCENT INPATIENT REVENUE,
2016,MHAC,38,Maryland General Hospital,0.00031808956492951346,,ry2016__fy_2015_scaling_for_improvement_mhac__fy15_rev_ry2015_scaling.csv,REVENUE NEUTRAL ADJUSTED PERCENT INPATIENT REVENUE,
2016,MHAC,51,Doctors Community Hospital,0.0003388522451250875,,ry2016__fy_2015_scaling_for_improvement_mhac__fy15_rev_ry2015_scaling.csv,REVENUE NEUTRAL ADJUSTED PERCENT INPATIENT REVENUE,
2016,MHAC,22,Suburban Hospital,0.0003805670460288457,,ry2016__fy_2015_scaling_for_improvement_mhac__fy15_rev_ry2015_scaling.csv,REVENUE NEUTRAL ADJUSTED PERCENT INPATIENT REVENUE,
2016,MHAC,45,McCready Memorial Hospital,0.00039066422535749545,,ry2016__fy_2015_scaling_for_improvement_mhac__fy15_rev_ry2015_scaling.csv,REVENUE NEUTRAL ADJUSTED PERCENT INPATIENT REVENUE,
2016,MHAC,49,Upper Chesapeake Medical Center,0.00040670983678592343,,ry2016__fy_2015_scaling_for_improvement_mhac__fy15_rev_ry2015_scaling.csv,REVENUE NEUTRAL ADJUSTED PERCENT INPATIENT REVENUE,
2016,MHAC,9,Johns Hopkins Hospital,0.0004232101054451043,,ry2016__fy_2015_scaling_for_improvement_mhac__fy15_rev_ry2015_scaling.csv,REVENUE NEUTRAL ADJUSTED PERCENT INPATIENT REVENUE,
2016,MHAC,5,Frederick Memorial Hospital,0.00043783491302784583,,ry2016__fy_2015_scaling_for_improvement_mhac__fy15_rev_ry2015_scaling.csv,REVENUE NEUTRAL ADJUSTED PERCENT INPATIENT REVENUE,
2016,MHAC,37,Memorial Hospital at Easton,0.00046621310183536657,,ry2016__fy_2015_scaling_for_improvement_mhac__fy15_rev_ry2015_scaling.csv,REVENUE NEUTRAL ADJUSTED PERCENT INPATIENT REVENUE,
2016,MHAC,15,Franklin Square Hospital Center,0.0004727109114222028,,ry2016__fy_2015_scaling_for_improvement_mhac__fy15_rev_ry2015_scaling.csv,REVENUE NEUTRAL ADJUSTED PERCENT INPATIENT REVENUE,
2016,MHAC,35,Civista Medical Center,0.0004886996906965368,,ry2016__fy_2015_scaling_for_improvement_mhac__fy15_rev_ry2015_scaling.csv,REVENUE NEUTRAL ADJUSTED PERCENT INPATIENT REVENUE,
2016,MHAC,43,Baltimore Washington Medical Center,0.0005087993290977533,,ry2016__fy_2015_scaling_for_improvement_mhac__fy15_rev_ry2015_scaling.csv,REVENUE NEUTRAL ADJUSTED PERCENT INPATIENT REVENUE,
2016,MHAC,62,Southern Maryland Hospital Center,0.000524655500013349,,ry2016__fy_2015_scaling_for_improvement_mhac__fy15_rev_ry2015_scaling.csv,REVENUE NEUTRAL ADJUSTED PERCENT INPATIENT REVENUE,
2016,MHAC,11,St. Agnes Hospital,0.0005520675422057142,,ry2016__fy_2015_scaling_for_improvement_mhac__fy15_rev_ry2015_scaling.csv,REVENUE NEUTRAL ADJUSTED PERCENT INPATIENT REVENUE,
2016,MHAC,19,Peninsula Regional Medical Center,0.0005622215536882358,,ry2016__fy_2015_scaling_for_improvement_mhac__fy15_rev_ry2015_scaling.csv,REVENUE NEUTRAL ADJUSTED PERCENT INPATIENT REVENUE,
2016,MHAC,44,Greater Baltimore Medical Center,0.0006012841874138974,,ry2016__fy_2015_scaling_for_improvement_mhac__fy15_rev_ry2015_scaling.csv,REVENUE NEUTRAL ADJUSTED PERCENT INPATIENT REVENUE,
2016,MHAC,57,Shady Grove Adventist Hospital,0.000609600625922635,,ry2016__fy_2015_scaling_for_improvement_mhac__fy15_rev_ry2015_scaling.csv,REVENUE NEUTRAL ADJUSTED PERCENT INPATIENT REVENUE,
2016,MHAC,24,Union Memorial Hospital,0.0006198493576616837,,ry2016__fy_2015_scaling_for_improvement_mhac__fy15_rev_ry2015_scaling.csv,REVENUE NEUTRAL ADJUSTED PERCENT INPATIENT REVENUE,
2016,MHAC,28,St. Mary's Hospital,0.0006279763556580331,,ry2016__fy_2015_scaling_for_improvement_mhac__fy15_rev_ry2015_scaling.csv,REVENUE NEUTRAL ADJUSTED PERCENT INPATIENT REVENUE,
2016,MHAC,12,Sinai Hospital,0.0006306285228361297,,ry2016__fy_2015_scaling_for_improvement_mhac__fy15_rev_ry2015_scaling.csv,REVENUE NEUTRAL ADJUSTED PERCENT INPATIENT REVENUE,
2016,MHAC,16,Washington Adventist Hospital,0.000645366994726615,,ry2016__fy_2015_scaling_for_improvement_mhac__fy15_rev_ry2015_scaling.csv,REVENUE NEUTRAL ADJUSTED PERCENT INPATIENT REVENUE,
2016,MHAC,6,Harford Memorial Hospital,0.0006462763091876766,,ry2016__fy_2015_scaling_for_improvement_mhac__fy15_rev_ry2015_scaling.csv,REVENUE NEUTRAL ADJUSTED PERCENT INPATIENT REVENUE,
2016,MHAC,61,Atlantic General Hospital,0.0006600107463610172,,ry2016__fy_2015_scaling_for_improvement_mhac__fy15_rev_ry2015_scaling.csv,REVENUE NEUTRAL ADJUSTED PERCENT INPATIENT REVENUE,
2016,MHAC,39,Calvert Memorial Hospital,0.0006723433237398879,,ry2016__fy_2015_scaling_for_improvement_mhac__fy15_rev_ry2015_scaling.csv,REVENUE NEUTRAL ADJUSTED PERCENT INPATIENT REVENUE,
2016,MHAC,63,St. Joseph Medical Center,0.000746850277397737,,ry2016__fy_2015_scaling_for_improvement_mhac__fy15_rev_ry2015_scaling.csv,REVENUE NEUTRAL ADJUSTED PERCENT INPATIENT REVENUE,
2016,MHAC,17,Garrett County Memorial Hospital,0.0007524766606257227,,ry2016__fy_2015_scaling_for_improvement_mhac__fy15_rev_ry2015_scaling.csv,REVENUE NEUTRAL ADJUSTED PERCENT INPATIENT REVENUE,
2016,MHAC,13,Bon Secours Hospital,0.0007732014527186415,,ry2016__fy_2015_scaling_for_improvement_mhac__fy15_rev_ry2015_scaling.csv,REVENUE NEUTRAL ADJUSTED PERCENT INPATIENT REVENUE,
2016,MHAC,34,Harbor Hospital Center,0.0009386587965396487,,ry2016__fy_2015_scaling_for_improvement_mhac__fy15_rev_ry2015_scaling.csv,REVENUE NEUTRAL ADJUSTED PERCENT INPATIENT REVENUE,
2016,MHAC,23,Anne Arundel Medical Center,0.000991740028207344,,ry2016__fy_2015_scaling_for_improvement_mhac__fy15_rev_ry2015_scaling.csv,REVENUE NEUTRAL ADJUSTED PERCENT INPATIENT REVENUE,
2016,MHAC,56,Good Samaritan Hospital,0.0010231303211671872,,ry2016__fy_2015_scaling_for_improvement_mhac__fy15_rev_ry2015_scaling.csv,REVENUE NEUTRAL ADJUSTED PERCENT INPATIENT REVENUE,
2016,MHAC,30,Chester River Hospital Center,0.001256161095879671,,ry2016__fy_2015_scaling_for_improvement_mhac__fy15_rev_ry2015_scaling.csv,REVENUE NEUTRAL ADJUSTED PERCENT INPATIENT REVENUE,
2018,MHAC,9,JOHNS HOPKINS,0.0,0.0,ry2018__mhacresults_51217__ry18_mhac_revenue_adjustments.csv,% Revenue Adjustment,$ Revenue Adjustment
2018,MHAC,19,PENINSULA REGIONAL,0.0,0.0,ry2018__mhacresults_51217__ry18_mhac_revenue_adjustments.csv,% Revenue Adjustment,$ Revenue Adjustment
2018,MHAC,16,WASHINGTON ADVENTIST,0.0005882352941176464,88292.65245931702,ry2018__mhacresults_51217__ry18_mhac_revenue_adjustments.csv,% Revenue Adjustment,$ Revenue Adjustment
2018,MHAC,27,WESTERN MARYLAND HEALTH SYSTEM,0.0005882352941176464,101093.48740941574,ry2018__mhacresults_51217__ry18_mhac_revenue_adjustments.csv,% Revenue Adjustment,$ Revenue Adjustment
2018,MHAC,44,G.B.M.C.,0.0008823529411764695,191077.78714625098,ry2018__mhacresults_51217__ry18_mhac_revenue_adjustments.csv,% Revenue Adjustment,$ Revenue Adjustment
2018,MHAC,12,SINAI,0.002352941176470588,934289.9901595502,ry2018__mhacresults_51217__ry18_mhac_revenue_adjustments.csv,% Revenue Adjustment,$ Revenue Adjustment
2018,MHAC,57,SHADY GROVE,0.002352941176470588,516045.0649373246,ry2018__mhacresults_51217__ry18_mhac_revenue_adjustments.csv,% Revenue Adjustment,$ Revenue Adjustment
2018,MHAC,43,BALTIMORE WASHINGTON MEDICAL CENTER,0.002647058823529412,601939.7382061407,ry2018__mhacresults_51217__ry18_mhac_revenue_adjustments.csv,% Revenue Adjustment,$ Revenue Adjustment
2018,MHAC,2,UNIVERSITY OF MARYLAND,0.002941176470588236,2572728.156159717,ry2018__mhacresults_51217__ry18_mhac_revenue_adjustments.csv,% Revenue Adjustment,$ Revenue Adjustment
2018,MHAC,13,BON SECOURS,0.00352941176470588,218852.80566063552,ry2018__mhacresults_51217__ry18_mhac_revenue_adjustments.csv,% Revenue Adjustment,$ Revenue Adjustment
2018,MHAC,30,CHESTERTOWN,0.00352941176470588,67020.36707555287,ry2018__mhacresults_51217__ry18_mhac_revenue_adjustments.csv,% Revenue Adjustment,$ Revenue Adjustment
2018,MHAC,48,HOWARD COUNTY,0.00352941176470588,621479.2798313844,ry2018__mhacresults_51217__ry18_mhac_revenue_adjustments.csv,% Revenue Adjustment,$ Revenue Adjustment
2018,MHAC,5,FREDERICK MEMORIAL,0.003823529411764704,683853.3415328122,ry2018__mhacresults_51217__ry18_mhac_revenue_adjustments.csv,% Revenue Adjustment,$ Revenue Adjustment
2018,MHAC,33,CARROLL COUNTY,0.003823529411764704,445480.8568177615,ry2018__mhacresults_51217__ry18_mhac_revenue_adjustments.csv,% Revenue Adjustment,$ Revenue Adjustment
2018,MHAC,62,SOUTHERN MARYLAND,0.003823529411764704,624534.7311505391,ry2018__mhacresults_51217__ry18_mhac_revenue_adjustments.csv,% Revenue Adjustment,$ Revenue Adjustment
2018,MHAC,3,PRINCE GEORGE,0.004117647058823528,885338.8704522693,ry2018__mhacresults_51217__ry18_mhac_revenue_adjustments.csv,% Revenue Adjustment,$ Revenue Adjustment
2018,MHAC,22,SUBURBAN,0.004117647058823528,781742.6955944059,ry2018__mhacresults_51217__ry18_mhac_revenue_adjustments.csv,% Revenue Adjustment,$ Revenue Adjustment
2018,MHAC,32,UNION HOSPITAL  OF CECIL COUNT,0.004117647058823528,280737.2094749176,ry2018__mhacresults_51217__ry18_mhac_revenue_adjustments.csv,% Revenue Adjustment,$ Revenue Adjustment
2018,MHAC,64,LEVINDALE,0.004117647058823528,225668.35060520133,ry2018__mhacresults_51217__ry18_mhac_revenue_adjustments.csv,% Revenue Adjustment,$ Revenue Adjustment
2018,MHAC,1,MERITUS,0.004411764705882351,816943.5783563582,ry2018__mhacresults_51217__ry18_mhac_revenue_adjustments.csv,% Revenue Adjustment,$ Revenue Adjustment
2018,MHAC,35,CHARLES REGIONAL,0.004411764705882351,301707.53327726776,ry2018__mhacresults_51217__ry18_mhac_revenue_adjustments.csv,% Revenue Adjustment,$ Revenue Adjustment
2018,MHAC,58,REHAB & ORTHO,0.004411764705882351,298040.3656789839,ry2018__mhacresults_51217__ry18_mhac_revenue_adjustments.csv,% Revenue Adjustment,$ Revenue Adjustment
2018,MHAC,10,DORCHESTER,0.004705882352941175,114148.57772127283,ry2018__mhacresults_51217__ry18_mhac_revenue_adjustments.csv,% Revenue Adjustment,$ Revenue Adjustment
2018,MHAC,34,HARBOR,0.004705882352941175,507114.7361813327,ry2018__mhacresults_51217__ry18_mhac_revenue_adjustments.csv,% Revenue Adjustment,$ Revenue Adjustment
2018,MHAC,49,UPPER CHESAPEAKE HEALTH,0.004705882352941175,626601.1109648324,ry2018__mhacresults_51217__ry18_mhac_revenue_adjustments.csv,% Revenue Adjustment,$ Revenue Adjustment
2018,MHAC,8,MERCY,0.004999999999999999,1081407.1336025994,ry2018__mhacresults_51217__ry18_mhac_revenue_adjustments.csv,% Revenue Adjustment,$ Revenue Adjustment
2018,MHAC,23,ANNE ARUNDEL,0.004999999999999999,1480844.863315236,ry2018__mhacresults_51217__ry18_mhac_revenue_adjustments.csv,% Revenue Adjustment,$ Revenue Adjustment
2018,MHAC,6,HARFORD,0.005294117647058823,248695.1400729453,ry2018__mhacresults_51217__ry18_mhac_revenue_adjustments.csv,% Revenue Adjustment,$ Revenue Adjustment
2018,MHAC,11,ST. AGNES,0.0058823529411764705,1371479.363628885,ry2018__mhacresults_51217__ry18_mhac_revenue_adjustments.csv,% Revenue Adjustment,$ Revenue Adjustment
2018,MHAC,15,FRANKLIN SQUARE,0.006176470588235294,1775798.1712582107,ry2018__mhacresults_51217__ry18_mhac_revenue_adjustments.csv,% Revenue Adjustment,$ Revenue Adjustment
2018,MHAC,24,UNION MEMORIAL,0.006176470588235294,1427516.91722071,ry2018__mhacresults_51217__ry18_mhac_revenue_adjustments.csv,% Revenue Adjustment,$ Revenue Adjustment
2018,MHAC,37,EASTON,0.006176470588235294,617650.527922393,ry2018__mhacresults_51217__ry18_mhac_revenue_adjustments.csv,% Revenue Adjustment,$ Revenue Adjustment
2018,MHAC,56,GOOD SAMARITAN,0.006176470588235294,979459.8580824818,ry2018__mhacresults_51217__ry18_mhac_revenue_adjustments.csv,% Revenue Adjustment,$ Revenue Adjustment
2018,MHAC,61,ATLANTIC GENERAL,0.006176470588235294,240672.4272217117,ry2018__mhacresults_51217__ry18_mhac_revenue_adjustments.csv,% Revenue Adjustment,$ Revenue Adjustment
2018,MHAC,63,UM ST. JOSEPH,0.006470588235294119,1520559.1647597975,ry2018__mhacresults_51217__ry18_mhac_revenue_adjustments.csv,% Revenue Adjustment,$ Revenue Adjustment
2018,MHAC,18,MONTGOMERY GENERAL,0.007058823529411762,559755.9685026596,ry2018__mhacresults_51217__ry18_mhac_revenue_adjustments.csv,% Revenue Adjustment,$ Revenue Adjustment
2018,MHAC,29,HOPKINS BAYVIEW MED CTR,0.007352941176470586,2562716.7432891717,ry2018__mhacresults_51217__ry18_mhac_revenue_adjustments.csv,% Revenue Adjustment,$ Revenue Adjustment
2018,MHAC,40,NORTHWEST,0.007352941176470586,924236.6495521871,ry2018__mhacresults_51217__ry18_mhac_revenue_adjustments.csv,% Revenue Adjustment,$ Revenue Adjustment
2018,MHAC,39,CALVERT,0.00764705882352941,484211.74737710936,ry2018__mhacresults_51217__ry18_mhac_revenue_adjustments.csv,% Revenue Adjustment,$ Revenue Adjustment
2018,MHAC,17,GARRETT COUNTY,0.008235294117647058,179828.07794655382,ry2018__mhacresults_51217__ry18_mhac_revenue_adjustments.csv,% Revenue Adjustment,$ Revenue Adjustment
2018,MHAC,51,DOCTORS COMMUNITY,0.00852941176470588,1133830.8257412452,ry2018__mhacresults_51217__ry18_mhac_revenue_adjustments.csv,% Revenue Adjustment,$ Revenue Adjustment
2018,MHAC,55,LAUREL REGIONAL,0.00852941176470588,509412.5017627695,ry2018__mhacresults_51217__ry18_mhac_revenue_adjustments.csv,% Revenue Adjustment,$ Revenue Adjustment
2018,MHAC,4,HOLY CROSS,0.008823529411764706,2996413.2890776787,ry2018__mhacresults_51217__ry18_mhac_revenue_adjustments.csv,% Revenue Adjustment,$ Revenue Adjustment
2018,MHAC,28,ST. MARY,0.01,773460.0846130113,ry2018__mhacresults_51217__ry18_mhac_revenue_adjustments.csv,% Revenue Adjustment,$ Revenue Adjustment
2018,MHAC,38,UMMC MIDTOWN,0.01,1149509.3447308028,ry2018__mhacresults_51217__ry18_mhac_revenue_adjustments.csv,% Revenue Adjustment,$ Revenue Adjustment
2018,MHAC,45,MCCREADY,0.01,29305.737339036416,ry2018__mhacresults_51217__ry18_mhac_revenue_adjustments.csv,% Revenue Adjustment,$ Revenue Adjustment
2018,MHAC,60,FT. WASHINGTON,0.01,193719.85714620308,ry2018__mhacresults_51217__ry18_mhac_revenue_adjustments.csv,% Revenue Adjustment,$ Revenue Adjustment
2019,MHAC,1,MERITUS,-0.0017777777777777774,-339199.0,ry2019__ry19mhacscaling__mhac_modeling_results.csv,% Adjustment,$ Adjustment
2019,MHAC,2,UNIVERSITY OF MARYLAND,-0.0031111111111111096,-2859901.0,ry2019__ry19mhacscaling__mhac_modeling_results.csv,% Adjustment,$ Adjustment
2019,MHAC,3,PRINCE GEORGE,0.0013333333333333322,287286.0,ry2019__ry19mhacscaling__mhac_modeling_results.csv,% Adjustment,$ Adjustment
2019,MHAC,4,HOLY CROSS,0.0024444444444444435,832118.0,ry2019__ry19mhacscaling__mhac_modeling_results.csv,% Adjustment,$ Adjustment
2019,MHAC,5,FREDERICK MEMORIAL,0.0006666666666666644,147315.0,ry2019__ry19mhacscaling__mhac_modeling_results.csv,% Adjustment,$ Adjustment
2019,MHAC,6,HARFORD,0.0037777777777777766,183441.0,ry2019__ry19mhacscaling__mhac_modeling_results.csv,% Adjustment,$ Adjustment
2019,MHAC,8,MERCY,0.0,0.0,ry2019__ry19mhacscaling__mhac_modeling_results.csv,% Adjustment,$ Adjustment
2019,MHAC,9,JOHNS HOPKINS,0.0,0.0,ry2019__ry19mhacscaling__mhac_modeling_results.csv,% Adjustment,$ Adjustment
2019,MHAC,10,DORCHESTER,0.0031111111111111088,80955.0,ry2019__ry19mhacscaling__mhac_modeling_results.csv,% Adjustment,$ Adjustment
2019,MHAC,11,ST. AGNES,0.0028888888888888888,687236.0,ry2019__ry19mhacscaling__mhac_modeling_results.csv,% Adjustment,$ Adjustment
2019,MHAC,12,SINAI,-0.0031111111111111096,-1238336.0,ry2019__ry19mhacscaling__mhac_modeling_results.csv,% Adjustment,$ Adjustment
2019,MHAC,13,BON SECOURS,0.0,0.0,ry2019__ry19mhacscaling__mhac_modeling_results.csv,% Adjustment,$ Adjustment
2019,MHAC,15,FRANKLIN SQUARE,-0.0022222222222222227,-668053.0,ry2019__ry19mhacscaling__mhac_modeling_results.csv,% Adjustment,$ Adjustment
2019,MHAC,16,WASHINGTON ADVENTIST,0.0013333333333333322,211117.0,ry2019__ry19mhacscaling__mhac_modeling_results.csv,% Adjustment,$ Adjustment
2019,MHAC,17,GARRETT COUNTY,0.0,0.0,ry2019__ry19mhacscaling__mhac_modeling_results.csv,% Adjustment,$ Adjustment
2019,MHAC,18,MONTGOMERY GENERAL,0.0015555555555555548,121036.0,ry2019__ry19mhacscaling__mhac_modeling_results.csv,% Adjustment,$ Adjustment
2019,MHAC,19,PENINSULA REGIONAL,0.0,0.0,ry2019__ry19mhacscaling__mhac_modeling_results.csv,% Adjustment,$ Adjustment
2019,MHAC,22,SUBURBAN,-0.0004444444444444452,-87747.0,ry2019__ry19mhacscaling__mhac_modeling_results.csv,% Adjustment,$ Adjustment
2019,MHAC,23,ANNE ARUNDEL,0.0033333333333333314,997550.0,ry2019__ry19mhacscaling__mhac_modeling_results.csv,% Adjustment,$ Adjustment
2019,MHAC,24,UNION MEMORIAL,-0.0071111111111111115,-1673575.0,ry2019__ry19mhacscaling__mhac_modeling_results.csv,% Adjustment,$ Adjustment
2019,MHAC,27,WESTERN MARYLAND HEALTH SYSTEM,-0.004444444444444445,-760001.0,ry2019__ry19mhacscaling__mhac_modeling_results.csv,% Adjustment,$ Adjustment
2019,MHAC,28,ST. MARY,0.004888888888888889,373037.0,ry2019__ry19mhacscaling__mhac_modeling_results.csv,% Adjustment,$ Adjustment
2019,MHAC,29,HOPKINS BAYVIEW MED CTR,0.0,0.0,ry2019__ry19mhacscaling__mhac_modeling_results.csv,% Adjustment,$ Adjustment
2019,MHAC,30,CHESTERTOWN,0.0,0.0,ry2019__ry19mhacscaling__mhac_modeling_results.csv,% Adjustment,$ Adjustment
2019,MHAC,32,UNION HOSPITAL  OF CECIL COUNT,0.0,0.0,ry2019__ry19mhacscaling__mhac_modeling_results.csv,% Adjustment,$ Adjustment
2019,MHAC,33,CARROLL COUNTY,-0.006222222222222223,-826317.0,ry2019__ry19mhacscaling__mhac_modeling_results.csv,% Adjustment,$ Adjustment
2019,MHAC,34,HARBOR,0.0,0.0,ry2019__ry19mhacscaling__mhac_modeling_results.csv,% Adjustment,$ Adjustment
2019,MHAC,35,CHARLES REGIONAL,0.0037777777777777766,284086.0,ry2019__ry19mhacscaling__mhac_modeling_results.csv,% Adjustment,$ Adjustment
2019,MHAC,37,EASTON,0.0031111111111111088,327358.0,ry2019__ry19mhacscaling__mhac_modeling_results.csv,% Adjustment,$ Adjustment
2019,MHAC,38,UMMC MIDTOWN,0.003999999999999998,468871.0,ry2019__ry19mhacscaling__mhac_modeling_results.csv,% Adjustment,$ Adjustment
2019,MHAC,39,CALVERT,0.0011111111111111096,70753.0,ry2019__ry19mhacscaling__mhac_modeling_results.csv,% Adjustment,$ Adjustment
2019,MHAC,40,NORTHWEST,0.0017777777777777757,237918.0,ry2019__ry19mhacscaling__mhac_modeling_results.csv,% Adjustment,$ Adjustment
2019,MHAC,43,BALTIMORE WASHINGTON MEDICAL CENTER,0.0013333333333333322,305536.0,ry2019__ry19mhacscaling__mhac_modeling_results.csv,% Adjustment,$ Adjustment
2019,MHAC,44,G.B.M.C.,-0.0071111111111111115,-1601036.0,ry2019__ry19mhacscaling__mhac_modeling_results.csv,% Adjustment,$ Adjustment
2019,MHAC,48,HOWARD COUNTY,-0.006222222222222223,-1140835.0,ry2019__ry19mhacscaling__mhac_modeling_results.csv,% Adjustment,$ Adjustment
2019,MHAC,49,UPPER CHESAPEAKE HEALTH,0.0017777777777777757,231378.0,ry2019__ry19mhacscaling__mhac_modeling_results.csv,% Adjustment,$ Adjustment
2019,MHAC,51,DOCTORS COMMUNITY,0.002222222222222222,321525.0,ry2019__ry19mhacscaling__mhac_modeling_results.csv,% Adjustment,$ Adjustment
2019,MHAC,55,LAUREL REGIONAL,0.004444444444444444,261917.0,ry2019__ry19mhacscaling__mhac_modeling_results.csv,% Adjustment,$ Adjustment
2019,MHAC,56,GOOD SAMARITAN,0.000888888888888887,125044.0,ry2019__ry19mhacscaling__mhac_modeling_results.csv,% Adjustment,$ Adjustment
2019,MHAC,57,SHADY GROVE,0.0,0.0,ry2019__ry19mhacscaling__mhac_modeling_results.csv,% Adjustment,$ Adjustment
2019,MHAC,58,REHAB & ORTHO,0.0,0.0,ry2019__ry19mhacscaling__mhac_modeling_results.csv,% Adjustment,$ Adjustment
2019,MHAC,60,FT. WASHINGTON,0.006222222222222221,121635.0,ry2019__ry19mhacscaling__mhac_modeling_results.csv,% Adjustment,$ Adjustment
2019,MHAC,61,ATLANTIC GENERAL,0.005333333333333333,199020.0,ry2019__ry19mhacscaling__mhac_modeling_results.csv,% Adjustment,$ Adjustment
2019,MHAC,62,SOUTHERN MARYLAND,-0.008888888888888889,-1456391.0,ry2019__ry19mhacscaling__mhac_modeling_results.csv,% Adjustment,$ Adjustment
2019,MHAC,63,UM ST. JOSEPH,0.0,0.0,ry2019__ry19mhacscaling__mhac_modeling_results.csv,% Adjustment,$ Adjustment
2019,MHAC,64,LEVINDALE,-0.006222222222222223,-349103.0,ry2019__ry19mhacscaling__mhac_modeling_results.csv,% Adjustment,$ Adjustment
2019,MHAC,65,HC-Germantown,0.0037777777777777766,229055.0,ry2019__ry19mhacscaling__mhac_modeling_results.csv,% Adjustment,$ Adjustment
2020,MHAC,1,MERITUS,-0.0027,-592790.0,ry2020__ry2020mhacscaling__mhac_results.csv,% Adjustment,$ Adjustment
2020,MHAC,2,UNIVERSITY OF MARYLAND,0.0027,3249919.0,ry2020__ry2020mhacscaling__mhac_results.csv,% Adjustment,$ Adjustment
2020,MHAC,3,PRINCE GEORGE,0.0,0.0,ry2020__ry2020mhacscaling__mhac_results.csv,% Adjustment,$ Adjustment
2020,MHAC,4,HOLY CROSS,0.0067,2382578.0,ry2020__ry2020mhacscaling__mhac_results.csv,% Adjustment,$ Adjustment
2020,MHAC,5,FREDERICK MEMORIAL,0.0033,767797.0,ry2020__ry2020mhacscaling__mhac_results.csv,% Adjustment,$ Adjustment
2020,MHAC,6,HARFORD,0.0044,238397.0,ry2020__ry2020mhacscaling__mhac_results.csv,% Adjustment,$ Adjustment
2020,MHAC,8,MERCY,0.0016,362387.0,ry2020__ry2020mhacscaling__mhac_results.csv,% Adjustment,$ Adjustment
2020,MHAC,9,JOHNS HOPKINS,0.0033,4807068.0,ry2020__ry2020mhacscaling__mhac_results.csv,% Adjustment,$ Adjustment
2020,MHAC,10,DORCHESTER,0.0062,140454.0,ry2020__ry2020mhacscaling__mhac_results.csv,% Adjustment,$ Adjustment
2020,MHAC,11,ST. AGNES,0.0016,382012.0,ry2020__ry2020mhacscaling__mhac_results.csv,% Adjustment,$ Adjustment
2020,MHAC,12,SINAI,0.0013,519763.0,ry2020__ry2020mhacscaling__mhac_results.csv,% Adjustment,$ Adjustment
2020,MHAC,13,BON SECOURS,0.0022,141599.0,ry2020__ry2020mhacscaling__mhac_results.csv,% Adjustment,$ Adjustment
2020,MHAC,15,FRANKLIN SQUARE,-0.0013,-398968.0,ry2020__ry2020mhacscaling__mhac_results.csv,% Adjustment,$ Adjustment
2020,MHAC,16,WASHINGTON ADVENTIST,0.0018,295555.0,ry2020__ry2020mhacscaling__mhac_results.csv,% Adjustment,$ Adjustment
2020,MHAC,17,GARRETT COUNTY,0.008,189715.0,ry2020__ry2020mhacscaling__mhac_results.csv,% Adjustment,$ Adjustment
2020,MHAC,18,MONTGOMERY GENERAL,0.0049,415136.0,ry2020__ry2020mhacscaling__mhac_results.csv,% Adjustment,$ Adjustment
2020,MHAC,19,PENINSULA REGIONAL,-0.0004,-99691.0,ry2020__ry2020mhacscaling__mhac_results.csv,% Adjustment,$ Adjustment
2020,MHAC,22,SUBURBAN,0.0038,794026.0,ry2020__ry2020mhacscaling__mhac_results.csv,% Adjustment,$ Adjustment
2020,MHAC,23,ANNE ARUNDEL,0.0056,1649449.0,ry2020__ry2020mhacscaling__mhac_results.csv,% Adjustment,$ Adjustment
2020,MHAC,24,UNION MEMORIAL,0.0,0.0,ry2020__ry2020mhacscaling__mhac_results.csv,% Adjustment,$ Adjustment
2020,MHAC,27,WESTERN MARYLAND HEALTH SYSTEM,0.0016,271139.0,ry2020__ry2020mhacscaling__mhac_results.csv,% Adjustment,$ Adjustment
2020,MHAC,28,ST. MARY,0.0058,459018.0,ry2020__ry2020mhacscaling__mhac_results.csv,% Adjustment,$ Adjustment
2020,MHAC,29,HOPKINS BAYVIEW MED CTR,0.004,1466431.0,ry2020__ry2020mhacscaling__mhac_results.csv,% Adjustment,$ Adjustment
2020,MHAC,30,CHESTERTOWN,0.0027,48222.0,ry2020__ry2020mhacscaling__mhac_results.csv,% Adjustment,$ Adjustment
2020,MHAC,32,UNION HOSPITAL  OF CECIL COUNT,0.004,261708.0,ry2020__ry2020mhacscaling__mhac_results.csv,% Adjustment,$ Adjustment
2020,MHAC,33,CARROLL COUNTY,0.0022,308642.0,ry2020__ry2020mhacscaling__mhac_results.csv,% Adjustment,$ Adjustment
2020,MHAC,34,HARBOR,0.0,0.0,ry2020__ry2020mhacscaling__mhac_results.csv,% Adjustment,$ Adjustment
2020,MHAC,35,CHARLES REGIONAL,0.0038,292334.0,ry2020__ry2020mhacscaling__mhac_results.csv,% Adjustment,$ Adjustment
2020,MHAC,37,EASTON,0.0029,300095.0,ry2020__ry2020mhacscaling__mhac_results.csv,% Adjustment,$ Adjustment
2020,MHAC,38,UMMC MIDTOWN,0.0044,489020.0,ry2020__ry2020mhacscaling__mhac_results.csv,% Adjustment,$ Adjustment
2020,MHAC,39,CALVERT,0.004,268448.0,ry2020__ry2020mhacscaling__mhac_results.csv,% Adjustment,$ Adjustment
2020,MHAC,40,NORTHWEST,0.0038,527136.0,ry2020__ry2020mhacscaling__mhac_results.csv,% Adjustment,$ Adjustment
2020,MHAC,43,BALTIMORE WASHINGTON MEDICAL CENTER,0.0011,275239.0,ry2020__ry2020mhacscaling__mhac_results.csv,% Adjustment,$ Adjustment
2020,MHAC,44,G.B.M.C.,-0.0018,-428017.0,ry2020__ry2020mhacscaling__mhac_results.csv,% Adjustment,$ Adjustment
2020,MHAC,48,HOWARD COUNTY,0.0033,603474.0,ry2020__ry2020mhacscaling__mhac_results.csv,% Adjustment,$ Adjustment
2020,MHAC,49,UPPER CHESAPEAKE HEALTH,0.0049,630562.0,ry2020__ry2020mhacscaling__mhac_results.csv,% Adjustment,$ Adjustment
2020,MHAC,51,DOCTORS COMMUNITY,0.0062,874785.0,ry2020__ry2020mhacscaling__mhac_results.csv,% Adjustment,$ Adjustment
2020,MHAC,56,GOOD SAMARITAN,0.0,0.0,ry2020__ry2020mhacscaling__mhac_results.csv,% Adjustment,$ Adjustment
2020,MHAC,57,SHADY GROVE,0.0,0.0,ry2020__ry2020mhacscaling__mhac_results.csv,% Adjustment,$ Adjustment
2020,MHAC,58,REHAB & ORTHO,0.0044,318341.0,ry2020__ry2020mhacscaling__mhac_results.csv,% Adjustment,$ Adjustment
2020,MHAC,60,FT. WASHINGTON,0.0078,155145.0,ry2020__ry2020mhacscaling__mhac_results.csv,% Adjustment,$ Adjustment
2020,MHAC,61,ATLANTIC GENERAL,0.0038,140341.0,ry2020__ry2020mhacscaling__mhac_results.csv,% Adjustment,$ Adjustment
2020,MHAC,62,SOUTHERN MARYLAND,-0.0049,-794230.0,ry2020__ry2020mhacscaling__mhac_results.csv,% Adjustment,$ Adjustment
2020,MHAC,63,UM ST. JOSEPH,0.002,446800.0,ry2020__ry2020mhacscaling__mhac_results.csv,% Adjustment,$ Adjustment
2020,MHAC,64,LEVINDALE,0.0029,166781.0,ry2020__ry2020mhacscaling__mhac_results.csv,% Adjustment,$ Adjustment
2020,MHAC,65,HC-Germantown,0.0067,395718.0,ry2020__ry2020mhacscaling__mhac_results.csv,% Adjustment,$ Adjustment
2021,MHAC,1,MERITUS,0.0,0.0,ry2021__ry2021mhacscaling__mhac_modeling_results.csv,% Adjustment,$ Adjustment
2021,MHAC,2,UNIVERSITY OF MARYLAND,0.008,9866611.0,ry2021__ry2021mhacscaling__mhac_modeling_results.csv,% Adjustment,$ Adjustment
2021,MHAC,3,PRINCE GEORGE,-0.0013333333333333322,-351150.0,ry2021__ry2021mhacscaling__mhac_modeling_results.csv,% Adjustment,$ Adjustment
2021,MHAC,4,HOLY CROSS,0.011333333333333336,4127301.0,ry2021__ry2021mhacscaling__mhac_modeling_results.csv,% Adjustment,$ Adjustment
2021,MHAC,5,FREDERICK MEMORIAL,-0.002666666666666668,-626512.0,ry2021__ry2021mhacscaling__mhac_modeling_results.csv,% Adjustment,$ Adjustment
2021,MHAC,6,HARFORD,0.0013333333333333357,72800.0,ry2021__ry2021mhacscaling__mhac_modeling_results.csv,% Adjustment,$ Adjustment
2021,MHAC,8,MERCY,0.0006666666666666696,163456.0,ry2021__ry2021mhacscaling__mhac_modeling_results.csv,% Adjustment,$ Adjustment
2021,MHAC,9,JOHNS HOPKINS,0.0013333333333333357,2049354.0,ry2021__ry2021mhacscaling__mhac_modeling_results.csv,% Adjustment,$ Adjustment
2021,MHAC,10,DORCHESTER,0.017333333333333333,355635.0,ry2021__ry2021mhacscaling__mhac_modeling_results.csv,% Adjustment,$ Adjustment
2021,MHAC,11,ST. AGNES,-0.0003333333333333348,-83075.0,ry2021__ry2021mhacscaling__mhac_modeling_results.csv,% Adjustment,$ Adjustment
2021,MHAC,12,SINAI,0.0020000000000000018,887510.0,ry2021__ry2021mhacscaling__mhac_modeling_results.csv,% Adjustment,$ Adjustment
2021,MHAC,13,GRACE,-0.012,,ry2021__ry2021mhacscaling__mhac_modeling_results.csv,% Adjustment,$ Adjustment
2021,MHAC,15,FRANKLIN SQUARE,-0.0013333333333333322,-411804.0,ry2021__ry2021mhacscaling__mhac_modeling_results.csv,% Adjustment,$ Adjustment
2021,MHAC,16,WASHINGTON ADVENTIST,0.008,1437990.0,ry2021__ry2021mhacscaling__mhac_modeling_results.csv,% Adjustment,$ Adjustment
2021,MHAC,17,GARRETT COUNTY,0.02,460274.0,ry2021__ry2021mhacscaling__mhac_modeling_results.csv,% Adjustment,$ Adjustment
2021,MHAC,18,MONTGOMERY GENERAL,-0.004,-338960.0,ry2021__ry2021mhacscaling__mhac_modeling_results.csv,% Adjustment,$ Adjustment
2021,MHAC,19,PENINSULA REGIONAL,0.012000000000000002,3117622.0,ry2021__ry2021mhacscaling__mhac_modeling_results.csv,% Adjustment,$ Adjustment
2021,MHAC,22,SUBURBAN,0.0026666666666666713,580272.0,ry2021__ry2021mhacscaling__mhac_modeling_results.csv,% Adjustment,$ Adjustment
2021,MHAC,23,ANNE ARUNDEL,0.005333333333333339,1705027.0,ry2021__ry2021mhacscaling__mhac_modeling_results.csv,% Adjustment,$ Adjustment
2021,MHAC,24,UNION MEMORIAL,-0.0019999999999999983,-517118.0,ry2021__ry2021mhacscaling__mhac_modeling_results.csv,% Adjustment,$ Adjustment
2021,MHAC,27,WESTERN MARYLAND HEALTH SYSTEM,0.0,0.0,ry2021__ry2021mhacscaling__mhac_modeling_results.csv,% Adjustment,$ Adjustment
2021,MHAC,28,ST. MARY,0.011333333333333336,898790.0,ry2021__ry2021mhacscaling__mhac_modeling_results.csv,% Adjustment,$ Adjustment
2021,MHAC,29,HOPKINS BAYVIEW MED CTR,0.0020000000000000018,775892.0,ry2021__ry2021mhacscaling__mhac_modeling_results.csv,% Adjustment,$ Adjustment
2021,MHAC,30,CHESTERTOWN,-0.002999999999999999,-38143.0,ry2021__ry2021mhacscaling__mhac_modeling_results.csv,% Adjustment,$ Adjustment
2021,MHAC,32,UNION HOSPITAL  OF CECIL COUNT,-0.004666666666666666,-317972.0,ry2021__ry2021mhacscaling__mhac_modeling_results.csv,% Adjustment,$ Adjustment
2021,MHAC,33,CARROLL COUNTY,0.007333333333333339,1091202.0,ry2021__ry2021mhacscaling__mhac_modeling_results.csv,% Adjustment,$ Adjustment
2021,MHAC,34,HARBOR,-0.002666666666666668,-325837.0,ry2021__ry2021mhacscaling__mhac_modeling_results.csv,% Adjustment,$ Adjustment
2021,MHAC,35,CHARLES REGIONAL,0.0,0.0,ry2021__ry2021mhacscaling__mhac_modeling_results.csv,% Adjustment,$ Adjustment
2021,MHAC,37,EASTON,0.015333333333333338,1678735.0,ry2021__ry2021mhacscaling__mhac_modeling_results.csv,% Adjustment,$ Adjustment
2021,MHAC,38,UMMC MIDTOWN,0.004666666666666671,502619.0,ry2021__ry2021mhacscaling__mhac_modeling_results.csv,% Adjustment,$ Adjustment
2021,MHAC,39,CALVERT,0.0,0.0,ry2021__ry2021mhacscaling__mhac_modeling_results.csv,% Adjustment,$ Adjustment
2021,MHAC,40,NORTHWEST,0.01266666666666667,1780294.0,ry2021__ry2021mhacscaling__mhac_modeling_results.csv,% Adjustment,$ Adjustment
2021,MHAC,43,BALTIMORE WASHINGTON MEDICAL CENTER,0.006000000000000005,1598496.0,ry2021__ry2021mhacscaling__mhac_modeling_results.csv,% Adjustment,$ Adjustment
2021,MHAC,44,G.B.M.C.,-0.0010000000000000009,-247199.0,ry2021__ry2021mhacscaling__mhac_modeling_results.csv,% Adjustment,$ Adjustment
2021,MHAC,48,HOWARD COUNTY,0.0,0.0,ry2021__ry2021mhacscaling__mhac_modeling_results.csv,% Adjustment,$ Adjustment
2021,MHAC,49,UPPER CHESAPEAKE HEALTH,0.009333333333333334,1467857.0,ry2021__ry2021mhacscaling__mhac_modeling_results.csv,% Adjustment,$ Adjustment
2021,MHAC,51,DOCTORS COMMUNITY,0.011333333333333336,1686743.0,ry2021__ry2021mhacscaling__mhac_modeling_results.csv,% Adjustment,$ Adjustment
2021,MHAC,56,GOOD SAMARITAN,0.009333333333333334,1504885.0,ry2021__ry2021mhacscaling__mhac_modeling_results.csv,% Adjustment,$ Adjustment
2021,MHAC,57,SHADY GROVE,0.0,0.0,ry2021__ry2021mhacscaling__mhac_modeling_results.csv,% Adjustment,$ Adjustment
2021,MHAC,58,REHAB & ORTHO,0.0013333333333333357,96797.0,ry2021__ry2021mhacscaling__mhac_modeling_results.csv,% Adjustment,$ Adjustment
2021,MHAC,60,FT. WASHINGTON,0.017333333333333333,376075.0,ry2021__ry2021mhacscaling__mhac_modeling_results.csv,% Adjustment,$ Adjustment
2021,MHAC,61,ATLANTIC GENERAL,0.014000000000000004,568881.0,ry2021__ry2021mhacscaling__mhac_modeling_results.csv,% Adjustment,$ Adjustment
2021,MHAC,62,SOUTHERN MARYLAND,0.0,0.0,ry2021__ry2021mhacscaling__mhac_modeling_results.csv,% Adjustment,$ Adjustment
2021,MHAC,63,UM ST. JOSEPH,0.006666666666666673,1676976.0,ry2021__ry2021mhacscaling__mhac_modeling_results.csv,% Adjustment,$ Adjustment
2021,MHAC,64,LEVINDALE,0.0,0.0,ry2021__ry2021mhacscaling__mhac_modeling_results.csv,% Adjustment,$ Adjustment
2021,MHAC,65,HC-Germantown,0.019333333333333334,1367728.0,ry2021__ry2021mhacscaling__mhac_modeling_results.csv,% Adjustment,$ Adjustment
2022,MHAC,1,MERITUS,0.0,0.0,ry2022__ry2022mhac__mhac_modeling_results.csv,% Adjustment,$ Adjustment**
2022,MHAC,2,UNIVERSITY OF MARYLAND,0.008,10172609.0,ry2022__ry2022mhac__mhac_modeling_results.csv,% Adjustment,$ Adjustment**
2022,MHAC,3,PRINCE GEORGE,-0.0013333333333333322,-359392.0,ry2022__ry2022mhac__mhac_modeling_results.csv,% Adjustment,$ Adjustment**
2022,MHAC,4,HOLY CROSS,0.011333333333333336,4233321.0,ry2022__ry2022mhac__mhac_modeling_results.csv,% Adjustment,$ Adjustment**
2022,MHAC,5,FREDERICK MEMORIAL,-0.002666666666666668,-651300.0,ry2022__ry2022mhac__mhac_modeling_results.csv,% Adjustment,$ Adjustment**
2022,MHAC,6,HARFORD,0.0013333333333333357,74420.0,ry2022__ry2022mhac__mhac_modeling_results.csv,% Adjustment,$ Adjustment**
2022,MHAC,8,MERCY,0.0006666666666666696,172009.0,ry2022__ry2022mhac__mhac_modeling_results.csv,% Adjustment,$ Adjustment**
2022,MHAC,9,JOHNS HOPKINS,0.0013333333333333357,2116057.0,ry2022__ry2022mhac__mhac_modeling_results.csv,% Adjustment,$ Adjustment**
2022,MHAC,10,DORCHESTER,0.017333333333333333,359468.0,ry2022__ry2022mhac__mhac_modeling_results.csv,% Adjustment,$ Adjustment**
2022,MHAC,11,ST. AGNES,-0.0003333333333333348,-85518.0,ry2022__ry2022mhac__mhac_modeling_results.csv,% Adjustment,$ Adjustment**
2022,MHAC,12,SINAI,0.0020000000000000018,916469.0,ry2022__ry2022mhac__mhac_modeling_results.csv,% Adjustment,$ Adjustment**
2022,MHAC,15,FRANKLIN SQUARE,-0.0013333333333333322,-422481.0,ry2022__ry2022mhac__mhac_modeling_results.csv,% Adjustment,$ Adjustment**
2022,MHAC,16,WASHINGTON ADVENTIST,0.008,1483395.0,ry2022__ry2022mhac__mhac_modeling_results.csv,% Adjustment,$ Adjustment**
2022,MHAC,17,GARRETT COUNTY,0.02,478291.0,ry2022__ry2022mhac__mhac_modeling_results.csv,% Adjustment,$ Adjustment**
2022,MHAC,18,MONTGOMERY GENERAL,-0.004,-344615.0,ry2022__ry2022mhac__mhac_modeling_results.csv,% Adjustment,$ Adjustment**
2022,MHAC,19,PENINSULA REGIONAL,0.012000000000000002,3228142.0,ry2022__ry2022mhac__mhac_modeling_results.csv,% Adjustment,$ Adjustment**
2022,MHAC,22,SUBURBAN,0.0026666666666666713,612233.0,ry2022__ry2022mhac__mhac_modeling_results.csv,% Adjustment,$ Adjustment**
2022,MHAC,23,ANNE ARUNDEL,0.005333333333333339,1794370.0,ry2022__ry2022mhac__mhac_modeling_results.csv,% Adjustment,$ Adjustment**
2022,MHAC,24,UNION MEMORIAL,-0.0019999999999999983,-529639.0,ry2022__ry2022mhac__mhac_modeling_results.csv,% Adjustment,$ Adjustment**
2022,MHAC,27,WESTERN MARYLAND HEALTH SYSTEM,0.0,0.0,ry2022__ry2022mhac__mhac_modeling_results.csv,% Adjustment,$ Adjustment**
2022,MHAC,28,ST. MARY,0.011333333333333336,923965.0,ry2022__ry2022mhac__mhac_modeling_results.csv,% Adjustment,$ Adjustment**
2022,MHAC,29,HOPKINS BAYVIEW MED CTR,0.0020000000000000018,799645.0,ry2022__ry2022mhac__mhac_modeling_results.csv,% Adjustment,$ Adjustment**
2022,MHAC,30,CHESTERTOWN,-0.002999999999999999,-38966.0,ry2022__ry2022mhac__mhac_modeling_results.csv,% Adjustment,$ Adjustment**
2022,MHAC,32,UNION HOSPITAL  OF CECIL COUNT,-0.004666666666666666,-326290.0,ry2022__ry2022mhac__mhac_modeling_results.csv,% Adjustment,$ Adjustment**
2022,MHAC,33,CARROLL COUNTY,0.007333333333333339,1121239.0,ry2022__ry2022mhac__mhac_modeling_results.csv,% Adjustment,$ Adjustment**
2022,MHAC,34,HARBOR,-0.002666666666666668,-331179.0,ry2022__ry2022mhac__mhac_modeling_results.csv,% Adjustment,$ Adjustment**
2022,MHAC,35,CHARLES REGIONAL,0.0,0.0,ry2022__ry2022mhac__mhac_modeling_results.csv,% Adjustment,$ Adjustment**
2022,MHAC,37,EASTON,0.015333333333333338,1739875.0,ry2022__ry2022mhac__mhac_modeling_results.csv,% Adjustment,$ Adjustment**
2022,MHAC,38,UMMC MIDTOWN,0.004666666666666671,514801.0,ry2022__ry2022mhac__mhac_modeling_results.csv,% Adjustment,$ Adjustment**
2022,MHAC,39,CALVERT,0.0,0.0,ry2022__ry2022mhac__mhac_modeling_results.csv,% Adjustment,$ Adjustment**
2022,MHAC,40,NORTHWEST,0.01266666666666667,1814226.0,ry2022__ry2022mhac__mhac_modeling_results.csv,% Adjustment,$ Adjustment**
2022,MHAC,43,BALTIMORE WASHINGTON MEDICAL CENTER,0.006000000000000005,1651217.0,ry2022__ry2022mhac__mhac_modeling_results.csv,% Adjustment,$ Adjustment**
2022,MHAC,44,G.B.M.C.,-0.0010000000000000009,-255702.0,ry2022__ry2022mhac__mhac_modeling_results.csv,% Adjustment,$ Adjustment**
2022,MHAC,48,HOWARD COUNTY,0.0,0.0,ry2022__ry2022mhac__mhac_modeling_results.csv,% Adjustment,$ Adjustment**
2022,MHAC,49,UPPER CHESAPEAKE HEALTH,0.009333333333333334,1534443.0,ry2022__ry2022mhac__mhac_modeling_results.csv,% Adjustment,$ Adjustment**
2022,MHAC,51,DOCTORS COMMUNITY,0.011333333333333336,1760140.0,ry2022__ry2022mhac__mhac_modeling_results.csv,% Adjustment,$ Adjustment**
2022,MHAC,56,GOOD SAMARITAN,0.009333333333333334,1547157.0,ry2022__ry2022mhac__mhac_modeling_results.csv,% Adjustment,$ Adjustment**
2022,MHAC,57,SHADY GROVE,0.0,0.0,ry2022__ry2022mhac__mhac_modeling_results.csv,% Adjustment,$ Adjustment**
2022,MHAC,58,REHAB & ORTHO,0.0013333333333333357,100301.0,ry2022__ry2022mhac__mhac_modeling_results.csv,% Adjustment,$ Adjustment**
2022,MHAC,60,FT. WASHINGTON,0.017333333333333333,384157.0,ry2022__ry2022mhac__mhac_modeling_results.csv,% Adjustment,$ Adjustment**
2022,MHAC,61,ATLANTIC GENERAL,0.014000000000000004,587270.0,ry2022__ry2022mhac__mhac_modeling_results.csv,% Adjustment,$ Adjustment**
2022,MHAC,62,SOUTHERN MARYLAND,0.0,0.0,ry2022__ry2022mhac__mhac_modeling_results.csv,% Adjustment,$ Adjustment**
2022,MHAC,63,UM ST. JOSEPH,0.006666666666666673,1721851.0,ry2022__ry2022mhac__mhac_modeling_results.csv,% Adjustment,$ Adjustment**
2022,MHAC,64,LEVINDALE,0.0,0.0,ry2022__ry2022mhac__mhac_modeling_results.csv,% Adjustment,$ Adjustment**
2022,MHAC,65,HC-Germantown,0.019333333333333334,1414281.0,ry2022__ry2022mhac__mhac_modeling_results.csv,% Adjustment,$ Adjustment**
2024,MHAC,1,MERITUS,0.0013333333333333357,315256.0,ry2024__ry24_mhac_scaling_06122023__mhac_modeling.csv,% Adjustment,$ Adjustment
2024,MHAC,2,UNIVERSITY OF MARYLAND,-0.0036666666666666688,-5204661.0,ry2024__ry24_mhac_scaling_06122023__mhac_modeling.csv,% Adjustment,$ Adjustment
2024,MHAC,3,PRINCE GEORGE,-0.0010000000000000009,-282005.0,ry2024__ry24_mhac_scaling_06122023__mhac_modeling.csv,% Adjustment,$ Adjustment
2024,MHAC,4,HOLY CROSS,0.0,0.0,ry2024__ry24_mhac_scaling_06122023__mhac_modeling.csv,% Adjustment,$ Adjustment
2024,MHAC,5,FREDERICK MEMORIAL,-0.008,-2046389.0,ry2024__ry24_mhac_scaling_06122023__mhac_modeling.csv,% Adjustment,$ Adjustment
2024,MHAC,6,HARFORD,0.0,0.0,ry2024__ry24_mhac_scaling_06122023__mhac_modeling.csv,% Adjustment,$ Adjustment
2024,MHAC,8,MERCY,-0.007666666666666667,-1661897.0,ry2024__ry24_mhac_scaling_06122023__mhac_modeling.csv,% Adjustment,$ Adjustment
2024,MHAC,9,JOHNS HOPKINS,-0.011666666666666667,-19865019.0,ry2024__ry24_mhac_scaling_06122023__mhac_modeling.csv,% Adjustment,$ Adjustment
2024,MHAC,11,ST. AGNES,0.0,0.0,ry2024__ry24_mhac_scaling_06122023__mhac_modeling.csv,% Adjustment,$ Adjustment
2024,MHAC,12,SINAI,-0.003333333333333334,-1717949.0,ry2024__ry24_mhac_scaling_06122023__mhac_modeling.csv,% Adjustment,$ Adjustment
2024,MHAC,15,FRANKLIN SQUARE,0.0,0.0,ry2024__ry24_mhac_scaling_06122023__mhac_modeling.csv,% Adjustment,$ Adjustment
2024,MHAC,16,WASHINGTON ADVENTIST,0.010666666666666668,2407303.0,ry2024__ry24_mhac_scaling_06122023__mhac_modeling.csv,% Adjustment,$ Adjustment
2024,MHAC,17,GARRETT COUNTY,0.017333333333333333,442443.0,ry2024__ry24_mhac_scaling_06122023__mhac_modeling.csv,% Adjustment,$ Adjustment
2024,MHAC,18,MONTGOMERY GENERAL,0.016666666666666663,1480118.0,ry2024__ry24_mhac_scaling_06122023__mhac_modeling.csv,% Adjustment,$ Adjustment
2024,MHAC,19,PENINSULA REGIONAL,0.007333333333333339,2262140.0,ry2024__ry24_mhac_scaling_06122023__mhac_modeling.csv,% Adjustment,$ Adjustment
2024,MHAC,22,SUBURBAN,-0.005666666666666667,-1287607.0,ry2024__ry24_mhac_scaling_06122023__mhac_modeling.csv,% Adjustment,$ Adjustment
2024,MHAC,23,ANNE ARUNDEL,0.009333333333333334,3598055.0,ry2024__ry24_mhac_scaling_06122023__mhac_modeling.csv,% Adjustment,$ Adjustment
2024,MHAC,24,UNION MEMORIAL,-0.0006666666666666696,-189066.0,ry2024__ry24_mhac_scaling_06122023__mhac_modeling.csv,% Adjustment,$ Adjustment
2024,MHAC,27,WESTERN MARYLAND HEALTH SYSTEM,0.010666666666666668,2029120.0,ry2024__ry24_mhac_scaling_06122023__mhac_modeling.csv,% Adjustment,$ Adjustment
2024,MHAC,28,ST. MARY,0.017333333333333333,1702870.0,ry2024__ry24_mhac_scaling_06122023__mhac_modeling.csv,% Adjustment,$ Adjustment
2024,MHAC,29,HOPKINS BAYVIEW MED CTR,-0.003333333333333334,-1517239.0,ry2024__ry24_mhac_scaling_06122023__mhac_modeling.csv,% Adjustment,$ Adjustment
2024,MHAC,32,UNION HOSPITAL  OF CECIL COUNT,-0.008333333333333335,-754705.0,ry2024__ry24_mhac_scaling_06122023__mhac_modeling.csv,% Adjustment,$ Adjustment
2024,MHAC,33,CARROLL COUNTY,0.012000000000000002,1888408.0,ry2024__ry24_mhac_scaling_06122023__mhac_modeling.csv,% Adjustment,$ Adjustment
2024,MHAC,34,HARBOR,0.008666666666666666,1121685.0,ry2024__ry24_mhac_scaling_06122023__mhac_modeling.csv,% Adjustment,$ Adjustment
2024,MHAC,35,CHARLES REGIONAL,0.0,0.0,ry2024__ry24_mhac_scaling_06122023__mhac_modeling.csv,% Adjustment,$ Adjustment
2024,MHAC,37,EASTON,-0.0036666666666666688,-439749.0,ry2024__ry24_mhac_scaling_06122023__mhac_modeling.csv,% Adjustment,$ Adjustment
2024,MHAC,38,UMMC MIDTOWN,-0.003333333333333334,-459549.0,ry2024__ry24_mhac_scaling_06122023__mhac_modeling.csv,% Adjustment,$ Adjustment
2024,MHAC,39,CALVERT,-0.004666666666666666,-383133.0,ry2024__ry24_mhac_scaling_06122023__mhac_modeling.csv,% Adjustment,$ Adjustment
2024,MHAC,40,NORTHWEST,0.012000000000000002,1886650.0,ry2024__ry24_mhac_scaling_06122023__mhac_modeling.csv,% Adjustment,$ Adjustment
2024,MHAC,43,BALTIMORE WASHINGTON MEDICAL CENTER,0.0,0.0,ry2024__ry24_mhac_scaling_06122023__mhac_modeling.csv,% Adjustment,$ Adjustment
2024,MHAC,44,G.B.M.C.,-0.006000000000000002,-1529371.0,ry2024__ry24_mhac_scaling_06122023__mhac_modeling.csv,% Adjustment,$ Adjustment
2024,MHAC,48,HOWARD COUNTY,-0.004,-856287.0,ry2024__ry24_mhac_scaling_06122023__mhac_modeling.csv,% Adjustment,$ Adjustment
2024,MHAC,49,UPPER CHESAPEAKE HEALTH,0.0,0.0,ry2024__ry24_mhac_scaling_06122023__mhac_modeling.csv,% Adjustment,$ Adjustment
2024,MHAC,51,DOCTORS COMMUNITY,0.008666666666666666,1528989.0,ry2024__ry24_mhac_scaling_06122023__mhac_modeling.csv,% Adjustment,$ Adjustment
2024,MHAC,56,GOOD SAMARITAN,-0.002666666666666668,-510660.0,ry2024__ry24_mhac_scaling_06122023__mhac_modeling.csv,% Adjustment,$ Adjustment
2024,MHAC,57,SHADY GROVE,0.0006666666666666696,214030.0,ry2024__ry24_mhac_scaling_06122023__mhac_modeling.csv,% Adjustment,$ Adjustment
2024,MHAC,58,REHAB & ORTHO,0.006666666666666673,494665.0,ry2024__ry24_mhac_scaling_06122023__mhac_modeling.csv,% Adjustment,$ Adjustment
2024,MHAC,61,ATLANTIC GENERAL,-0.002666666666666668,-120979.0,ry2024__ry24_mhac_scaling_06122023__mhac_modeling.csv,% Adjustment,$ Adjustment
2024,MHAC,62,SOUTHERN MARYLAND,0.0,0.0,ry2024__ry24_mhac_scaling_06122023__mhac_modeling.csv,% Adjustment,$ Adjustment
2024,MHAC,63,UM ST. JOSEPH,-0.0006666666666666696,-186839.0,ry2024__ry24_mhac_scaling_06122023__mhac_modeling.csv,% Adjustment,$ Adjustment
2024,MHAC,64,LEVINDALE,-0.005666666666666667,-375138.0,ry2024__ry24_mhac_scaling_06122023__mhac_modeling.csv,% Adjustment,$ Adjustment
2024,MHAC,65,HC-Germantown,0.004666666666666671,370590.0,ry2024__ry24_mhac_scaling_06122023__mhac_modeling.csv,% Adjustment,$ Adjustment
2025,MHAC,1,Meritus,0.005333333333333339,1343978.0,ry2025__ry25_final_mhac_revenue_adjustment_1__mhac_revenue_adjustments.csv,% Adjustment,$ Adjustment
2025,MHAC,2,UMMS- UMMC,0.0026666666666666713,3928192.0,ry2025__ry25_final_mhac_revenue_adjustment_1__mhac_revenue_adjustments.csv,% Adjustment,$ Adjustment
2025,MHAC,3,UMMS- Capital Region,0.0,0.0,ry2025__ry25_final_mhac_revenue_adjustment_1__mhac_revenue_adjustments.csv,% Adjustment,$ Adjustment
2025,MHAC,4,Trinity - Holy Cross,0.0,0.0,ry2025__ry25_final_mhac_revenue_adjustment_1__mhac_revenue_adjustments.csv,% Adjustment,$ Adjustment
2025,MHAC,5,Frederick,-0.004,-1018250.0,ry2025__ry25_final_mhac_revenue_adjustment_1__mhac_revenue_adjustments.csv,% Adjustment,$ Adjustment
2025,MHAC,6,UMMS- Harford,0.01266666666666667,238269.0,ry2025__ry25_final_mhac_revenue_adjustment_1__mhac_revenue_adjustments.csv,% Adjustment,$ Adjustment
2025,MHAC,8,Mercy,-0.001666666666666667,-367774.0,ry2025__ry25_final_mhac_revenue_adjustment_1__mhac_revenue_adjustments.csv,% Adjustment,$ Adjustment
2025,MHAC,9,JHH- Johns Hopkins,-0.002666666666666668,-4850409.0,ry2025__ry25_final_mhac_revenue_adjustment_1__mhac_revenue_adjustments.csv,% Adjustment,$ Adjustment
2025,MHAC,11,St. Agnes,0.0020000000000000018,509529.0,ry2025__ry25_final_mhac_revenue_adjustment_1__mhac_revenue_adjustments.csv,% Adjustment,$ Adjustment
2025,MHAC,12,Lifebridge- Sinai,0.0,0.0,ry2025__ry25_final_mhac_revenue_adjustment_1__mhac_revenue_adjustments.csv,% Adjustment,$ Adjustment
2025,MHAC,15,MedStar- Franklin Square,0.016666666666666663,6197705.0,ry2025__ry25_final_mhac_revenue_adjustment_1__mhac_revenue_adjustments.csv,% Adjustment,$ Adjustment
2025,MHAC,16,Adventist- White Oak,0.013333333333333336,3238545.0,ry2025__ry25_final_mhac_revenue_adjustment_1__mhac_revenue_adjustments.csv,% Adjustment,$ Adjustment
2025,MHAC,17,Garrett,-0.002333333333333333,-67639.0,ry2025__ry25_final_mhac_revenue_adjustment_1__mhac_revenue_adjustments.csv,% Adjustment,$ Adjustment
2025,MHAC,18,MedStar- Montgomery,0.009333333333333334,896486.0,ry2025__ry25_final_mhac_revenue_adjustment_1__mhac_revenue_adjustments.csv,% Adjustment,$ Adjustment
2025,MHAC,19,Tidal- Peninsula,0.008666666666666666,3036588.0,ry2025__ry25_final_mhac_revenue_adjustment_1__mhac_revenue_adjustments.csv,% Adjustment,$ Adjustment
2025,MHAC,22,JHH- Suburban,-0.003333333333333334,-831613.0,ry2025__ry25_final_mhac_revenue_adjustment_1__mhac_revenue_adjustments.csv,% Adjustment,$ Adjustment
2025,MHAC,23,Luminis- Anne Arundel,0.0020000000000000018,735861.0,ry2025__ry25_final_mhac_revenue_adjustment_1__mhac_revenue_adjustments.csv,% Adjustment,$ Adjustment
2025,MHAC,24,MedStar- Union Mem,0.0,0.0,ry2025__ry25_final_mhac_revenue_adjustment_1__mhac_revenue_adjustments.csv,% Adjustment,$ Adjustment
2025,MHAC,27,Western Maryland,0.011333333333333336,2078305.0,ry2025__ry25_final_mhac_revenue_adjustment_1__mhac_revenue_adjustments.csv,% Adjustment,$ Adjustment
2025,MHAC,28,MedStar- St. Mary's,0.011333333333333336,1138767.0,ry2025__ry25_final_mhac_revenue_adjustment_1__mhac_revenue_adjustments.csv,% Adjustment,$ Adjustment
2025,MHAC,29,JHH- Bayview,0.0006666666666666696,314524.0,ry2025__ry25_final_mhac_revenue_adjustment_1__mhac_revenue_adjustments.csv,% Adjustment,$ Adjustment
2025,MHAC,32,"ChristianaCare, Union",-0.008333333333333335,-706691.0,ry2025__ry25_final_mhac_revenue_adjustment_1__mhac_revenue_adjustments.csv,% Adjustment,$ Adjustment
2025,MHAC,33,Lifebridge- Carroll,-0.0013333333333333322,-217127.0,ry2025__ry25_final_mhac_revenue_adjustment_1__mhac_revenue_adjustments.csv,% Adjustment,$ Adjustment
2025,MHAC,34,MedStar- Harbor,0.016666666666666663,2137241.0,ry2025__ry25_final_mhac_revenue_adjustment_1__mhac_revenue_adjustments.csv,% Adjustment,$ Adjustment
2025,MHAC,35,UMMS- Charles,0.005333333333333339,520460.0,ry2025__ry25_final_mhac_revenue_adjustment_1__mhac_revenue_adjustments.csv,% Adjustment,$ Adjustment
2025,MHAC,37,UMMS- Easton,0.0,0.0,ry2025__ry25_final_mhac_revenue_adjustment_1__mhac_revenue_adjustments.csv,% Adjustment,$ Adjustment
2025,MHAC,38,UMMS- Midtown,0.0033333333333333375,468062.0,ry2025__ry25_final_mhac_revenue_adjustment_1__mhac_revenue_adjustments.csv,% Adjustment,$ Adjustment
2025,MHAC,39,Calvert,0.01266666666666667,1025051.0,ry2025__ry25_final_mhac_revenue_adjustment_1__mhac_revenue_adjustments.csv,% Adjustment,$ Adjustment
2025,MHAC,40,Lifebridge- Northwest,0.015999999999999997,2573782.0,ry2025__ry25_final_mhac_revenue_adjustment_1__mhac_revenue_adjustments.csv,% Adjustment,$ Adjustment
2025,MHAC,43,UMMS- BWMC,0.006666666666666673,2170560.0,ry2025__ry25_final_mhac_revenue_adjustment_1__mhac_revenue_adjustments.csv,% Adjustment,$ Adjustment
2025,MHAC,44,GBMC,-0.002333333333333333,-615474.0,ry2025__ry25_final_mhac_revenue_adjustment_1__mhac_revenue_adjustments.csv,% Adjustment,$ Adjustment
2025,MHAC,48,JHH- Howard County,0.0,0.0,ry2025__ry25_final_mhac_revenue_adjustment_1__mhac_revenue_adjustments.csv,% Adjustment,$ Adjustment
2025,MHAC,49,UMMS-Upper Chesapeake,0.0013333333333333357,315817.0,ry2025__ry25_final_mhac_revenue_adjustment_1__mhac_revenue_adjustments.csv,% Adjustment,$ Adjustment
2025,MHAC,51,Luminis- Doctors,0.010000000000000002,1872321.0,ry2025__ry25_final_mhac_revenue_adjustment_1__mhac_revenue_adjustments.csv,% Adjustment,$ Adjustment
2025,MHAC,56,MedStar- Good Sam,0.0006666666666666696,124419.0,ry2025__ry25_final_mhac_revenue_adjustment_1__mhac_revenue_adjustments.csv,% Adjustment,$ Adjustment
2025,MHAC,57,Adventist- Shady Grove,0.018666666666666665,6234165.0,ry2025__ry25_final_mhac_revenue_adjustment_1__mhac_revenue_adjustments.csv,% Adjustment,$ Adjustment
2025,MHAC,58,UMMS- UMROI,0.013333333333333336,1079575.0,ry2025__ry25_final_mhac_revenue_adjustment_1__mhac_revenue_adjustments.csv,% Adjustment,$ Adjustment
2025,MHAC,60,Adventist-Ft. Washington,0.0,0.0,ry2025__ry25_final_mhac_revenue_adjustment_1__mhac_revenue_adjustments.csv,% Adjustment,$ Adjustment
2025,MHAC,61,Atlantic General,0.0,0.0,ry2025__ry25_final_mhac_revenue_adjustment_1__mhac_revenue_adjustments.csv,% Adjustment,$ Adjustment
2025,MHAC,62,MedStar- Southern MD,0.007333333333333339,1546757.0,ry2025__ry25_final_mhac_revenue_adjustment_1__mhac_revenue_adjustments.csv,% Adjustment,$ Adjustment
2025,MHAC,63,UMMS- St. Joe,0.01266666666666667,3705862.0,ry2025__ry25_final_mhac_revenue_adjustment_1__mhac_revenue_adjustments.csv,% Adjustment,$ Adjustment
2025,MHAC,64,Lifebridge- Levindale,-0.002999999999999999,-204444.0,ry2025__ry25_final_mhac_revenue_adjustment_1__mhac_revenue_adjustments.csv,% Adjustment,$ Adjustment
2025,MHAC,65,Trinity - Holy Cross Germantown,0.008,757686.0,ry2025__ry25_final_mhac_revenue_adjustment_1__mhac_revenue_adjustments.csv,% Adjustment,$ Adjustment
2026,MHAC,1,Meritus,0.008,2157840.0,ry2026__ry26_mhac_revenue_adjustment_final_1__mhac_revenue_adjustments.csv,% Adjustment,$ Adjustment
2026,MHAC,2,UMMS- UMMC,0.0,0.0,ry2026__ry26_mhac_revenue_adjustment_final_1__mhac_revenue_adjustments.csv,% Adjustment,$ Adjustment
2026,MHAC,3,UMMS- Capital Region,-0.002666666666666668,-867598.0,ry2026__ry26_mhac_revenue_adjustment_final_1__mhac_revenue_adjustments.csv,% Adjustment,$ Adjustment
2026,MHAC,4,Trinity - Holy Cross,0.0,0.0,ry2026__ry26_mhac_revenue_adjustment_final_1__mhac_revenue_adjustments.csv,% Adjustment,$ Adjustment
2026,MHAC,5,Frederick,0.0,0.0,ry2026__ry26_mhac_revenue_adjustment_final_1__mhac_revenue_adjustments.csv,% Adjustment,$ Adjustment
2026,MHAC,8,Mercy,-0.0010000000000000009,-244094.0,ry2026__ry26_mhac_revenue_adjustment_final_1__mhac_revenue_adjustments.csv,% Adjustment,$ Adjustment
2026,MHAC,9,JHH- Johns Hopkins,-0.003333333333333334,-6384413.0,ry2026__ry26_mhac_revenue_adjustment_final_1__mhac_revenue_adjustments.csv,% Adjustment,$ Adjustment
2026,MHAC,11,St. Agnes,0.008,2241694.0,ry2026__ry26_mhac_revenue_adjustment_final_1__mhac_revenue_adjustments.csv,% Adjustment,$ Adjustment
2026,MHAC,12,Lifebridge- Sinai,0.007333333333333339,3865751.0,ry2026__ry26_mhac_revenue_adjustment_final_1__mhac_revenue_adjustments.csv,% Adjustment,$ Adjustment
2026,MHAC,15,MedStar- Franklin Square,0.006666666666666673,2716963.0,ry2026__ry26_mhac_revenue_adjustment_final_1__mhac_revenue_adjustments.csv,% Adjustment,$ Adjustment
2026,MHAC,16,Adventist- White Oak,0.009333333333333334,2513796.0,ry2026__ry26_mhac_revenue_adjustment_final_1__mhac_revenue_adjustments.csv,% Adjustment,$ Adjustment
2026,MHAC,17,Garrett,0.0,0.0,ry2026__ry26_mhac_revenue_adjustment_final_1__mhac_revenue_adjustments.csv,% Adjustment,$ Adjustment
2026,MHAC,18,MedStar- Montgomery,0.0,0.0,ry2026__ry26_mhac_revenue_adjustment_final_1__mhac_revenue_adjustments.csv,% Adjustment,$ Adjustment
2026,MHAC,19,Tidal- Peninsula,0.0013333333333333357,475168.0,ry2026__ry26_mhac_revenue_adjustment_final_1__mhac_revenue_adjustments.csv,% Adjustment,$ Adjustment
2026,MHAC,22,JHH- Suburban,0.0,0.0,ry2026__ry26_mhac_revenue_adjustment_final_1__mhac_revenue_adjustments.csv,% Adjustment,$ Adjustment
2026,MHAC,23,Luminis- Anne Arundel,0.0033333333333333375,1399534.0,ry2026__ry26_mhac_revenue_adjustment_final_1__mhac_revenue_adjustments.csv,% Adjustment,$ Adjustment
2026,MHAC,24,MedStar- Union Mem,0.0,0.0,ry2026__ry26_mhac_revenue_adjustment_final_1__mhac_revenue_adjustments.csv,% Adjustment,$ Adjustment
2026,MHAC,27,Western Maryland,0.018,3717895.0,ry2026__ry26_mhac_revenue_adjustment_final_1__mhac_revenue_adjustments.csv,% Adjustment,$ Adjustment
2026,MHAC,28,MedStar- St. Mary's,0.0040000000000000036,398656.0,ry2026__ry26_mhac_revenue_adjustment_final_1__mhac_revenue_adjustments.csv,% Adjustment,$ Adjustment
2026,MHAC,29,JHH- Bayview,0.0,0.0,ry2026__ry26_mhac_revenue_adjustment_final_1__mhac_revenue_adjustments.csv,% Adjustment,$ Adjustment
2026,MHAC,32,"ChristianaCare, Union",0.010666666666666668,1185690.0,ry2026__ry26_mhac_revenue_adjustment_final_1__mhac_revenue_adjustments.csv,% Adjustment,$ Adjustment
2026,MHAC,33,Lifebridge- Carroll,0.005333333333333339,889183.0,ry2026__ry26_mhac_revenue_adjustment_final_1__mhac_revenue_adjustments.csv,% Adjustment,$ Adjustment
2026,MHAC,34,MedStar- Harbor,0.016666666666666663,2284611.0,ry2026__ry26_mhac_revenue_adjustment_final_1__mhac_revenue_adjustments.csv,% Adjustment,$ Adjustment
2026,MHAC,35,UMMS- Charles,0.008,841734.0,ry2026__ry26_mhac_revenue_adjustment_final_1__mhac_revenue_adjustments.csv,% Adjustment,$ Adjustment
2026,MHAC,37,UMMS- Easton,0.0,0.0,ry2026__ry26_mhac_revenue_adjustment_final_1__mhac_revenue_adjustments.csv,% Adjustment,$ Adjustment
2026,MHAC,38,UMMS- Midtown,0.0,0.0,ry2026__ry26_mhac_revenue_adjustment_final_1__mhac_revenue_adjustments.csv,% Adjustment,$ Adjustment
2026,MHAC,39,Calvert,0.0,0.0,ry2026__ry26_mhac_revenue_adjustment_final_1__mhac_revenue_adjustments.csv,% Adjustment,$ Adjustment
2026,MHAC,40,Lifebridge- Northwest,0.008,1388519.0,ry2026__ry26_mhac_revenue_adjustment_final_1__mhac_revenue_adjustments.csv,% Adjustment,$ Adjustment
2026,MHAC,43,UMMS- BWMC,0.0040000000000000036,1318703.0,ry2026__ry26_mhac_revenue_adjustment_final_1__mhac_revenue_adjustments.csv,% Adjustment,$ Adjustment
2026,MHAC,44,GBMC,0.0026666666666666713,733258.0,ry2026__ry26_mhac_revenue_adjustment_final_1__mhac_revenue_adjustments.csv,% Adjustment,$ Adjustment
2026,MHAC,48,JHH- Howard County,-0.001666666666666667,-426900.0,ry2026__ry26_mhac_revenue_adjustment_final_1__mhac_revenue_adjustments.csv,% Adjustment,$ Adjustment
2026,MHAC,49,UMMS-Upper Chesapeake,0.011333333333333336,2950425.0,ry2026__ry26_mhac_revenue_adjustment_final_1__mhac_revenue_adjustments.csv,% Adjustment,$ Adjustment
2026,MHAC,51,Luminis- Doctors,0.0006666666666666696,130027.0,ry2026__ry26_mhac_revenue_adjustment_final_1__mhac_revenue_adjustments.csv,% Adjustment,$ Adjustment
2026,MHAC,56,MedStar- Good Sam,0.013333333333333336,2662419.0,ry2026__ry26_mhac_revenue_adjustment_final_1__mhac_revenue_adjustments.csv,% Adjustment,$ Adjustment
2026,MHAC,57,Adventist- Shady Grove,0.017333333333333333,6259519.0,ry2026__ry26_mhac_revenue_adjustment_final_1__mhac_revenue_adjustments.csv,% Adjustment,$ Adjustment
2026,MHAC,58,UMMS- UMROI,0.017333333333333333,1544299.0,ry2026__ry26_mhac_revenue_adjustment_final_1__mhac_revenue_adjustments.csv,% Adjustment,$ Adjustment
2026,MHAC,60,Adventist-Ft. Washington,0.0,0.0,ry2026__ry26_mhac_revenue_adjustment_final_1__mhac_revenue_adjustments.csv,% Adjustment,$ Adjustment
2026,MHAC,61,Atlantic General,-0.0036666666666666688,-182745.0,ry2026__ry26_mhac_revenue_adjustment_final_1__mhac_revenue_adjustments.csv,% Adjustment,$ Adjustment
2026,MHAC,62,MedStar- Southern MD,0.0026666666666666713,562087.0,ry2026__ry26_mhac_revenue_adjustment_final_1__mhac_revenue_adjustments.csv,% Adjustment,$ Adjustment
2026,MHAC,63,UMMS- St. Joe,0.010666666666666668,3257147.0,ry2026__ry26_mhac_revenue_adjustment_final_1__mhac_revenue_adjustments.csv,% Adjustment,$ Adjustment
2026,MHAC,64,Lifebridge- Levindale,0.018,1278462.0,ry2026__ry26_mhac_revenue_adjustment_final_1__mhac_revenue_adjustments.csv,% Adjustment,$ Adjustment
2026,MHAC,65,Trinity - Holy Cross Germantown,0.0006666666666666696,71148.0,ry2026__ry26_mhac_revenue_adjustment_final_1__mhac_revenue_adjustments.csv,% Adjustment,$ Adjustment
2027,MHAC,1,Meritus,0.02,6150675.0,ry2027__ry27_mhac_final_revenue_adjustments_final__mhac_revenue_adjustments.csv,% Adjustment,$ Adjustment
2027,MHAC,2,UMMS- UMMC,-0.001,-1681704.0,ry2027__ry27_mhac_final_revenue_adjustments_final__mhac_revenue_adjustments.csv,% Adjustment,$ Adjustment
2027,MHAC,3,UMMS- Capital Region,-0.0016,-561961.0,ry2027__ry27_mhac_final_revenue_adjustments_final__mhac_revenue_adjustments.csv,% Adjustment,$ Adjustment
2027,MHAC,4,Trinity - Holy Cross,-0.0101,-4863186.0,ry2027__ry27_mhac_final_revenue_adjustments_final__mhac_revenue_adjustments.csv,% Adjustment,$ Adjustment
2027,MHAC,5,Frederick,0.02,5722807.0,ry2027__ry27_mhac_final_revenue_adjustments_final__mhac_revenue_adjustments.csv,% Adjustment,$ Adjustment
2027,MHAC,8,Mercy,-0.0051,-1272529.0,ry2027__ry27_mhac_final_revenue_adjustments_final__mhac_revenue_adjustments.csv,% Adjustment,$ Adjustment
2027,MHAC,9,JHH- Johns Hopkins,-0.0019,-3790401.0,ry2027__ry27_mhac_final_revenue_adjustments_final__mhac_revenue_adjustments.csv,% Adjustment,$ Adjustment
2027,MHAC,11,St. Agnes,0.0112,3023362.0,ry2027__ry27_mhac_final_revenue_adjustments_final__mhac_revenue_adjustments.csv,% Adjustment,$ Adjustment
2027,MHAC,12,Lifebridge- Sinai,0.02,11538304.0,ry2027__ry27_mhac_final_revenue_adjustments_final__mhac_revenue_adjustments.csv,% Adjustment,$ Adjustment
2027,MHAC,15,MedStar- Franklin Square,0.0093,4064453.0,ry2027__ry27_mhac_final_revenue_adjustments_final__mhac_revenue_adjustments.csv,% Adjustment,$ Adjustment
2027,MHAC,16,Adventist- White Oak,0.0169,5182357.0,ry2027__ry27_mhac_final_revenue_adjustments_final__mhac_revenue_adjustments.csv,% Adjustment,$ Adjustment
2027,MHAC,17,Garrett,0.0126,381599.0,ry2027__ry27_mhac_final_revenue_adjustments_final__mhac_revenue_adjustments.csv,% Adjustment,$ Adjustment
2027,MHAC,18,MedStar- Montgomery,-0.0072,-797883.0,ry2027__ry27_mhac_final_revenue_adjustments_final__mhac_revenue_adjustments.csv,% Adjustment,$ Adjustment
2027,MHAC,19,Tidal- Peninsula,-0.0175,-6908597.0,ry2027__ry27_mhac_final_revenue_adjustments_final__mhac_revenue_adjustments.csv,% Adjustment,$ Adjustment
2027,MHAC,22,JHH- Suburban,-0.0046,-1326343.0,ry2027__ry27_mhac_final_revenue_adjustments_final__mhac_revenue_adjustments.csv,% Adjustment,$ Adjustment
2027,MHAC,23,Luminis- Anne Arundel,0.0135,6367656.0,ry2027__ry27_mhac_final_revenue_adjustments_final__mhac_revenue_adjustments.csv,% Adjustment,$ Adjustment
2027,MHAC,24,MedStar- Union Mem,0.02,6337416.0,ry2027__ry27_mhac_final_revenue_adjustments_final__mhac_revenue_adjustments.csv,% Adjustment,$ Adjustment
2027,MHAC,27,Western Maryland,0.02,4049893.0,ry2027__ry27_mhac_final_revenue_adjustments_final__mhac_revenue_adjustments.csv,% Adjustment,$ Adjustment
2027,MHAC,28,MedStar- St. Mary's,-0.008,-788156.0,ry2027__ry27_mhac_final_revenue_adjustments_final__mhac_revenue_adjustments.csv,% Adjustment,$ Adjustment
2027,MHAC,29,JHH- Bayview,-0.007,-3654389.0,ry2027__ry27_mhac_final_revenue_adjustments_final__mhac_revenue_adjustments.csv,% Adjustment,$ Adjustment
2027,MHAC,30,UMMC-Chestertown,0.02,259206.0,ry2027__ry27_mhac_final_revenue_adjustments_final__mhac_revenue_adjustments.csv,% Adjustment,$ Adjustment
2027,MHAC,32,"ChristianaCare, Union",0.02,2267340.0,ry2027__ry27_mhac_final_revenue_adjustments_final__mhac_revenue_adjustments.csv,% Adjustment,$ Adjustment
2027,MHAC,33,Lifebridge- Carroll,0.02,3561487.0,ry2027__ry27_mhac_final_revenue_adjustments_final__mhac_revenue_adjustments.csv,% Adjustment,$ Adjustment
2027,MHAC,34,MedStar- Harbor,-0.0012,-179065.0,ry2027__ry27_mhac_final_revenue_adjustments_final__mhac_revenue_adjustments.csv,% Adjustment,$ Adjustment
2027,MHAC,35,UMMS- Charles,-0.0054,-602534.0,ry2027__ry27_mhac_final_revenue_adjustments_final__mhac_revenue_adjustments.csv,% Adjustment,$ Adjustment
2027,MHAC,37,UMMS- Easton,-0.0123,-2004341.0,ry2027__ry27_mhac_final_revenue_adjustments_final__mhac_revenue_adjustments.csv,% Adjustment,$ Adjustment
2027,MHAC,38,UMMS- Midtown,-0.0011,-171054.0,ry2027__ry27_mhac_final_revenue_adjustments_final__mhac_revenue_adjustments.csv,% Adjustment,$ Adjustment
2027,MHAC,39,Calvert,-0.0143,-1279166.0,ry2027__ry27_mhac_final_revenue_adjustments_final__mhac_revenue_adjustments.csv,% Adjustment,$ Adjustment
2027,MHAC,40,Lifebridge- Northwest,0.02,3700437.0,ry2027__ry27_mhac_final_revenue_adjustments_final__mhac_revenue_adjustments.csv,% Adjustment,$ Adjustment
2027,MHAC,43,UMMS- BWMC,0.0053,1877994.0,ry2027__ry27_mhac_final_revenue_adjustments_final__mhac_revenue_adjustments.csv,% Adjustment,$ Adjustment
2027,MHAC,44,GBMC,-0.0181,-5173545.0,ry2027__ry27_mhac_final_revenue_adjustments_final__mhac_revenue_adjustments.csv,% Adjustment,$ Adjustment
2027,MHAC,48,JHH- Howard County,-0.0171,-4461171.0,ry2027__ry27_mhac_final_revenue_adjustments_final__mhac_revenue_adjustments.csv,% Adjustment,$ Adjustment
2027,MHAC,49,UMMS-Upper Chesapeake,0.0097,2713474.0,ry2027__ry27_mhac_final_revenue_adjustments_final__mhac_revenue_adjustments.csv,% Adjustment,$ Adjustment
2027,MHAC,51,Luminis- Doctors,-0.0032,-639066.0,ry2027__ry27_mhac_final_revenue_adjustments_final__mhac_revenue_adjustments.csv,% Adjustment,$ Adjustment
2027,MHAC,56,MedStar- Good Sam,0.02,3928279.0,ry2027__ry27_mhac_final_revenue_adjustments_final__mhac_revenue_adjustments.csv,% Adjustment,$ Adjustment
2027,MHAC,57,Adventist- Shady Grove,0.02,7286710.0,ry2027__ry27_mhac_final_revenue_adjustments_final__mhac_revenue_adjustments.csv,% Adjustment,$ Adjustment
2027,MHAC,58,UMMS- UMROI,0.02,1921960.0,ry2027__ry27_mhac_final_revenue_adjustments_final__mhac_revenue_adjustments.csv,% Adjustment,$ Adjustment
2027,MHAC,60,Adventist-Ft. Washington,0.0164,641751.0,ry2027__ry27_mhac_final_revenue_adjustments_final__mhac_revenue_adjustments.csv,% Adjustment,$ Adjustment
2027,MHAC,61,Atlantic General,-0.005,-246911.0,ry2027__ry27_mhac_final_revenue_adjustments_final__mhac_revenue_adjustments.csv,% Adjustment,$ Adjustment
2027,MHAC,62,MedStar- Southern MD,0.02,4242042.0,ry2027__ry27_mhac_final_revenue_adjustments_final__mhac_revenue_adjustments.csv,% Adjustment,$ Adjustment
2027,MHAC,63,UMMS- St. Joe,0.02,6574578.0,ry2027__ry27_mhac_final_revenue_adjustments_final__mhac_revenue_adjustments.csv,% Adjustment,$ Adjustment
2027,MHAC,64,Lifebridge- Levindale,0.02,1492969.0,ry2027__ry27_mhac_final_revenue_adjustments_final__mhac_revenue_adjustments.csv,% Adjustment,$ Adjustment
2027,MHAC,65,Trinity - Holy Cross Germantown,-0.0057,-643660.0,ry2027__ry27_mhac_final_revenue_adjustments_final__mhac_revenue_adjustments.csv,% Adjustment,$ Adjustment
2018,PAU,1,MERITUS,-0.017535524861878454,-4350206.053938736,ry2018__pau_62217__pau_savings_adjustments.csv,FY18 PAU Savings Adjust w/ Protection (%),FY17 PAU Savings Adjustment with Protection ($)
2018,PAU,2,UNIVERSITY OF MARYLAND,-0.010254530386740332,-11958458.884400358,ry2018__pau_62217__pau_savings_adjustments.csv,FY18 PAU Savings Adjust w/ Protection (%),FY17 PAU Savings Adjustment with Protection ($)
2018,PAU,3,PRINCE GEORGE,-0.01509,-3608563.4883600003,ry2018__pau_62217__pau_savings_adjustments.csv,FY18 PAU Savings Adjust w/ Protection (%),FY17 PAU Savings Adjustment with Protection ($)
2018,PAU,4,HOLY CROSS,-0.016457376951602053,-6837249.261178557,ry2018__pau_62217__pau_savings_adjustments.csv,FY18 PAU Savings Adjust w/ Protection (%),FY17 PAU Savings Adjustment with Protection ($)
2018,PAU,5,FREDERICK MEMORIAL,-0.015395690607734805,-4326715.994462415,ry2018__pau_62217__pau_savings_adjustments.csv,FY18 PAU Savings Adjust w/ Protection (%),FY17 PAU Savings Adjustment with Protection ($)
2018,PAU,6,HARFORD,-0.025247265193370165,-2058206.7772049634,ry2018__pau_62217__pau_savings_adjustments.csv,FY18 PAU Savings Adjust w/ Protection (%),FY17 PAU Savings Adjustment with Protection ($)
2018,PAU,8,MERCY,-0.00729488950276243,-3375723.892424578,ry2018__pau_62217__pau_savings_adjustments.csv,FY18 PAU Savings Adjust w/ Protection (%),FY17 PAU Savings Adjustment with Protection ($)
2018,PAU,9,JOHNS HOPKINS,-0.011963618784530386,-23369402.16890467,ry2018__pau_62217__pau_savings_adjustments.csv,FY18 PAU Savings Adjust w/ Protection (%),FY17 PAU Savings Adjustment with Protection ($)
2018,PAU,10,DORCHESTER,-0.01509,-1202306.900187146,ry2018__pau_62217__pau_savings_adjustments.csv,FY18 PAU Savings Adjust w/ Protection (%),FY17 PAU Savings Adjustment with Protection ($)
2018,PAU,11,ST. AGNES,-0.019383563535911603,-6807387.335455361,ry2018__pau_62217__pau_savings_adjustments.csv,FY18 PAU Savings Adjust w/ Protection (%),FY17 PAU Savings Adjustment with Protection ($)
2018,PAU,12,SINAI,-0.012866795580110496,-7716248.852126953,ry2018__pau_62217__pau_savings_adjustments.csv,FY18 PAU Savings Adjust w/ Protection (%),FY17 PAU Savings Adjustment with Protection ($)
2018,PAU,13,BON SECOURS,-0.01509,-1584297.7381268693,ry2018__pau_62217__pau_savings_adjustments.csv,FY18 PAU Savings Adjust w/ Protection (%),FY17 PAU Savings Adjustment with Protection ($)
2018,PAU,15,FRANKLIN SQUARE,-0.01509,-6318375.718220001,ry2018__pau_62217__pau_savings_adjustments.csv,FY18 PAU Savings Adjust w/ Protection (%),FY17 PAU Savings Adjustment with Protection ($)
2018,PAU,16,WASHINGTON ADVENTIST,-0.01509,-3278301.2423102767,ry2018__pau_62217__pau_savings_adjustments.csv,FY18 PAU Savings Adjust w/ Protection (%),FY17 PAU Savings Adjustment with Protection ($)
2018,PAU,17,GARRETT COUNTY,-0.011324447513812154,-484974.20923428884,ry2018__pau_62217__pau_savings_adjustments.csv,FY18 PAU Savings Adjust w/ Protection (%),FY17 PAU Savings Adjustment with Protection ($)
2018,PAU,18,MONTGOMERY GENERAL,-0.016548977900552486,-2351778.539254496,ry2018__pau_62217__pau_savings_adjustments.csv,FY18 PAU Savings Adjust w/ Protection (%),FY17 PAU Savings Adjustment with Protection ($)
2018,PAU,19,PENINSULA REGIONAL,-0.016187707182320443,-5584915.506753143,ry2018__pau_62217__pau_savings_adjustments.csv,FY18 PAU Savings Adjust w/ Protection (%),FY17 PAU Savings Adjustment with Protection ($)
2018,PAU,22,SUBURBAN,-0.015145580110497237,-3310346.1228843126,ry2018__pau_62217__pau_savings_adjustments.csv,FY18 PAU Savings Adjust w/ Protection (%),FY17 PAU Savings Adjustment with Protection ($)
2018,PAU,23,ANNE ARUNDEL,-0.011949723756906077,-5776773.910810895,ry2018__pau_62217__pau_savings_adjustments.csv,FY18 PAU Savings Adjust w/ Protection (%),FY17 PAU Savings Adjustment with Protection ($)
2018,PAU,24,UNION MEMORIAL,-0.013881132596685082,-5370044.371772269,ry2018__pau_62217__pau_savings_adjustments.csv,FY18 PAU Savings Adjust w/ Protection (%),FY17 PAU Savings Adjustment with Protection ($)
2018,PAU,27,WESTERN MARYLAND HEALTH SYSTEM,-0.01488157458563536,-3839345.4674106794,ry2018__pau_62217__pau_savings_adjustments.csv,FY18 PAU Savings Adjust w/ Protection (%),FY17 PAU Savings Adjustment with Protection ($)
2018,PAU,28,ST. MARY,-0.015854226519337013,-2134756.799235394,ry2018__pau_62217__pau_savings_adjustments.csv,FY18 PAU Savings Adjust w/ Protection (%),FY17 PAU Savings Adjustment with Protection ($)
2018,PAU,29,HOPKINS BAYVIEW MED CTR,-0.01509,-7898881.2546000015,ry2018__pau_62217__pau_savings_adjustments.csv,FY18 PAU Savings Adjust w/ Protection (%),FY17 PAU Savings Adjustment with Protection ($)
2018,PAU,30,CHESTERTOWN,-0.02057853591160221,-847354.4922417125,ry2018__pau_62217__pau_savings_adjustments.csv,FY18 PAU Savings Adjust w/ Protection (%),FY17 PAU Savings Adjustment with Protection ($)
2018,PAU,32,UNION HOSPITAL  OF CECIL COUNT,-0.01509,-1987435.1255828682,ry2018__pau_62217__pau_savings_adjustments.csv,FY18 PAU Savings Adjust w/ Protection (%),FY17 PAU Savings Adjustment with Protection ($)
2018,PAU,33,CARROLL COUNTY,-0.01941135359116022,-3958119.538806958,ry2018__pau_62217__pau_savings_adjustments.csv,FY18 PAU Savings Adjust w/ Protection (%),FY17 PAU Savings Adjustment with Protection ($)
2018,PAU,34,HARBOR,-0.01509,-2461177.4021400004,ry2018__pau_62217__pau_savings_adjustments.csv,FY18 PAU Savings Adjust w/ Protection (%),FY17 PAU Savings Adjustment with Protection ($)
2018,PAU,35,CHARLES REGIONAL,-0.019508618784530387,-2386640.340488182,ry2018__pau_62217__pau_savings_adjustments.csv,FY18 PAU Savings Adjust w/ Protection (%),FY17 PAU Savings Adjustment with Protection ($)
2018,PAU,37,EASTON,-0.015840331491712708,-2642855.5380953825,ry2018__pau_62217__pau_savings_adjustments.csv,FY18 PAU Savings Adjust w/ Protection (%),FY17 PAU Savings Adjustment with Protection ($)
2018,PAU,38,UMMC MIDTOWN,-0.01509,-2895546.137164233,ry2018__pau_62217__pau_savings_adjustments.csv,FY18 PAU Savings Adjust w/ Protection (%),FY17 PAU Savings Adjustment with Protection ($)
2018,PAU,39,CALVERT,-0.0158264364640884,-1865860.1568046645,ry2018__pau_62217__pau_savings_adjustments.csv,FY18 PAU Savings Adjust w/ Protection (%),FY17 PAU Savings Adjustment with Protection ($)
2018,PAU,40,NORTHWEST,-0.02255162983425414,-4615117.242178664,ry2018__pau_62217__pau_savings_adjustments.csv,FY18 PAU Savings Adjust w/ Protection (%),FY17 PAU Savings Adjustment with Protection ($)
2018,PAU,43,BALTIMORE WASHINGTON MEDICAL CENTER,-0.02032842541436464,-7057541.059327383,ry2018__pau_62217__pau_savings_adjustments.csv,FY18 PAU Savings Adjust w/ Protection (%),FY17 PAU Savings Adjustment with Protection ($)
2018,PAU,44,G.B.M.C.,-0.012199834254143647,-4050196.4613760863,ry2018__pau_62217__pau_savings_adjustments.csv,FY18 PAU Savings Adjust w/ Protection (%),FY17 PAU Savings Adjustment with Protection ($)
2018,PAU,45,MCCREADY,-0.013408701657458564,-121591.6933843695,ry2018__pau_62217__pau_savings_adjustments.csv,FY18 PAU Savings Adjust w/ Protection (%),FY17 PAU Savings Adjustment with Protection ($)
2018,PAU,48,HOWARD COUNTY,-0.01729930939226519,-4020574.017080354,ry2018__pau_62217__pau_savings_adjustments.csv,FY18 PAU Savings Adjust w/ Protection (%),FY17 PAU Savings Adjustment with Protection ($)
2018,PAU,49,UPPER CHESAPEAKE HEALTH,-0.01507610497237569,-4286878.999665242,ry2018__pau_62217__pau_savings_adjustments.csv,FY18 PAU Savings Adjust w/ Protection (%),FY17 PAU Savings Adjustment with Protection ($)
2018,PAU,51,DOCTORS COMMUNITY,-0.02346870165745856,-4318086.153289602,ry2018__pau_62217__pau_savings_adjustments.csv,FY18 PAU Savings Adjust w/ Protection (%),FY17 PAU Savings Adjustment with Protection ($)
2018,PAU,55,LAUREL REGIONAL,-0.01509,-1310667.1729000001,ry2018__pau_62217__pau_savings_adjustments.csv,FY18 PAU Savings Adjust w/ Protection (%),FY17 PAU Savings Adjustment with Protection ($)
2018,PAU,56,GOOD SAMARITAN,-0.02053685082872928,-5130445.078416264,ry2018__pau_62217__pau_savings_adjustments.csv,FY18 PAU Savings Adjust w/ Protection (%),FY17 PAU Savings Adjustment with Protection ($)
2018,PAU,57,SHADY GROVE,-0.013700497237569059,-4461882.918245481,ry2018__pau_62217__pau_savings_adjustments.csv,FY18 PAU Savings Adjust w/ Protection (%),FY17 PAU Savings Adjustment with Protection ($)
2018,PAU,58,REHAB & ORTHO,-7.114254143646408e-05,-6651.015306185251,ry2018__pau_62217__pau_savings_adjustments.csv,FY18 PAU Savings Adjust w/ Protection (%),FY17 PAU Savings Adjustment with Protection ($)
2018,PAU,60,FT. WASHINGTON,-0.02149560773480663,-802982.0632157314,ry2018__pau_62217__pau_savings_adjustments.csv,FY18 PAU Savings Adjust w/ Protection (%),FY17 PAU Savings Adjustment with Protection ($)
2018,PAU,61,ATLANTIC GENERAL,-0.011477292817679558,-1032629.2177228569,ry2018__pau_62217__pau_savings_adjustments.csv,FY18 PAU Savings Adjust w/ Protection (%),FY17 PAU Savings Adjustment with Protection ($)
2018,PAU,62,SOUTHERN MARYLAND,-0.021565082872928177,-5253518.212749795,ry2018__pau_62217__pau_savings_adjustments.csv,FY18 PAU Savings Adjust w/ Protection (%),FY17 PAU Savings Adjustment with Protection ($)
2018,PAU,63,UM ST. JOSEPH,-0.011908038674033148,-3595241.169504156,ry2018__pau_62217__pau_savings_adjustments.csv,FY18 PAU Savings Adjust w/ Protection (%),FY17 PAU Savings Adjustment with Protection ($)
2018,PAU,64,Levindale,-0.010629696132596685,-435118.81975885027,ry2018__pau_62217__pau_savings_adjustments.csv,FY18 PAU Savings Adjust w/ Protection (%),FY17 PAU Savings Adjustment with Protection ($)
2018,PAU,65,HOLY CROSS GERMANTOWN,-0.016457376951602053,-1271536.4074262474,ry2018__pau_62217__pau_savings_adjustments.csv,FY18 PAU Savings Adjust w/ Protection (%),FY17 PAU Savings Adjustment with Protection ($)
2019,PAU,1,MERITUS,-0.022002373870157636,-5520664.077621522,ry2019__ry19pausavingsscaling__7_pau_savings_to_use.csv,RY19 PAU Savings Adjust w/ Protection (%),RY18 PAU Savings Adjustment with Protection ($)
2019,PAU,2,UMMC,-0.013940463767946035,-13498781.707746325,ry2019__ry19pausavingsscaling__7_pau_savings_to_use.csv,RY19 PAU Savings Adjust w/ Protection (%),RY18 PAU Savings Adjustment with Protection ($)
2019,PAU,3,PRINCE GEORGE,-0.01806544971818445,-4324395.614066597,ry2019__ry19pausavingsscaling__7_pau_savings_to_use.csv,RY19 PAU Savings Adjust w/ Protection (%),RY18 PAU Savings Adjustment with Protection ($)
2019,PAU,4,HOLY CROSS,-0.017873433412288135,-7893731.197513818,ry2019__ry19pausavingsscaling__7_pau_savings_to_use.csv,RY19 PAU Savings Adjust w/ Protection (%),RY18 PAU Savings Adjustment with Protection ($)
2019,PAU,5,FREDERICK,-0.022875651082150013,-5067592.486405446,ry2019__ry19pausavingsscaling__7_pau_savings_to_use.csv,RY19 PAU Savings Adjust w/ Protection (%),RY18 PAU Savings Adjustment with Protection ($)
2019,PAU,6,HARFORD,-0.026876945471290596,-2524680.6116014617,ry2019__ry19pausavingsscaling__7_pau_savings_to_use.csv,RY19 PAU Savings Adjust w/ Protection (%),RY18 PAU Savings Adjustment with Protection ($)
2019,PAU,8,MERCY,-0.009036272179416906,-3663552.0614870177,ry2019__ry19pausavingsscaling__7_pau_savings_to_use.csv,RY19 PAU Savings Adjust w/ Protection (%),RY18 PAU Savings Adjustment with Protection ($)
2019,PAU,9,JOHNS HOPKINS,-0.014762064042782493,-26672299.890770853,ry2019__ry19pausavingsscaling__7_pau_savings_to_use.csv,RY19 PAU Savings Adjust w/ Protection (%),RY18 PAU Savings Adjustment with Protection ($)
2019,PAU,10,DORCHESTER,-0.018065447350355042,-725743.841683865,ry2019__ry19pausavingsscaling__7_pau_savings_to_use.csv,RY19 PAU Savings Adjust w/ Protection (%),RY18 PAU Savings Adjustment with Protection ($)
2019,PAU,11,ST. AGNES,-0.023881589398081424,-8072606.525870337,ry2019__ry19pausavingsscaling__7_pau_savings_to_use.csv,RY19 PAU Savings Adjust w/ Protection (%),RY18 PAU Savings Adjustment with Protection ($)
2019,PAU,12,SINAI,-0.014726345243153197,-9124538.13214418,ry2019__ry19pausavingsscaling__7_pau_savings_to_use.csv,RY19 PAU Savings Adjust w/ Protection (%),RY18 PAU Savings Adjustment with Protection ($)
2019,PAU,13,BON SECOURS,-0.018065452588266206,-1723772.3933079422,ry2019__ry19pausavingsscaling__7_pau_savings_to_use.csv,RY19 PAU Savings Adjust w/ Protection (%),RY18 PAU Savings Adjustment with Protection ($)
2019,PAU,15,FRANKLIN SQUARE,-0.01806545013659932,-7430355.854279773,ry2019__ry19pausavingsscaling__7_pau_savings_to_use.csv,RY19 PAU Savings Adjust w/ Protection (%),RY18 PAU Savings Adjustment with Protection ($)
2019,PAU,16,WASH ADVENTIST,-0.018065451281073275,-3898038.3930841475,ry2019__ry19pausavingsscaling__7_pau_savings_to_use.csv,RY19 PAU Savings Adjust w/ Protection (%),RY18 PAU Savings Adjustment with Protection ($)
2019,PAU,17,GARRETT COUNTY,-0.013230642851527528,-605944.3955963443,ry2019__ry19pausavingsscaling__7_pau_savings_to_use.csv,RY19 PAU Savings Adjust w/ Protection (%),RY18 PAU Savings Adjustment with Protection ($)
2019,PAU,18,MONTGOMERY,-0.01972440048828315,-2812121.2528816303,ry2019__ry19pausavingsscaling__7_pau_savings_to_use.csv,RY19 PAU Savings Adjust w/ Protection (%),RY18 PAU Savings Adjustment with Protection ($)
2019,PAU,19,PRMC,-0.017301120605178185,-6792718.355825023,ry2019__ry19pausavingsscaling__7_pau_savings_to_use.csv,RY19 PAU Savings Adjust w/ Protection (%),RY18 PAU Savings Adjustment with Protection ($)
2019,PAU,22,SUBURBAN,-0.01641075752889929,-4484668.9730141405,ry2019__ry19pausavingsscaling__7_pau_savings_to_use.csv,RY19 PAU Savings Adjust w/ Protection (%),RY18 PAU Savings Adjustment with Protection ($)
2019,PAU,23,ANNE ARUNDEL,-0.014399783424087608,-6881944.4428195115,ry2019__ry19pausavingsscaling__7_pau_savings_to_use.csv,RY19 PAU Savings Adjust w/ Protection (%),RY18 PAU Savings Adjustment with Protection ($)
2019,PAU,24,UNION MEMORIAL,-0.019172672732752985,-5756652.161020862,ry2019__ry19pausavingsscaling__7_pau_savings_to_use.csv,RY19 PAU Savings Adjust w/ Protection (%),RY18 PAU Savings Adjustment with Protection ($)
2019,PAU,27,WESTERN MD,-0.018525509865661653,-4712415.680797837,ry2019__ry19pausavingsscaling__7_pau_savings_to_use.csv,RY19 PAU Savings Adjust w/ Protection (%),RY18 PAU Savings Adjustment with Protection ($)
2019,PAU,28,ST. MARY,-0.019939791426933567,-2736036.5323130563,ry2019__ry19pausavingsscaling__7_pau_savings_to_use.csv,RY19 PAU Savings Adjust w/ Protection (%),RY18 PAU Savings Adjustment with Protection ($)
2019,PAU,29,HOPKINS BAYVIEW,-0.018065449446596007,-9362446.672131484,ry2019__ry19pausavingsscaling__7_pau_savings_to_use.csv,RY19 PAU Savings Adjust w/ Protection (%),RY18 PAU Savings Adjustment with Protection ($)
2019,PAU,30,CHESTERTOWN,-0.019278237410052062,-1117206.4402350287,ry2019__ry19pausavingsscaling__7_pau_savings_to_use.csv,RY19 PAU Savings Adjust w/ Protection (%),RY18 PAU Savings Adjustment with Protection ($)
2019,PAU,32,UNION OF CECIL,-0.018065451203034318,-2359446.5258992296,ry2019__ry19pausavingsscaling__7_pau_savings_to_use.csv,RY19 PAU Savings Adjust w/ Protection (%),RY18 PAU Savings Adjustment with Protection ($)
2019,PAU,33,CARROLL,-0.026896993289335102,-4341595.446625854,ry2019__ry19pausavingsscaling__7_pau_savings_to_use.csv,RY19 PAU Savings Adjust w/ Protection (%),RY18 PAU Savings Adjustment with Protection ($)
2019,PAU,34,HARBOR,-0.018065450659523058,-2874191.982019718,ry2019__ry19pausavingsscaling__7_pau_savings_to_use.csv,RY19 PAU Savings Adjust w/ Protection (%),RY18 PAU Savings Adjustment with Protection ($)
2019,PAU,35,CHARLES REGIONAL,-0.020610799004721677,-2803842.8556620274,ry2019__ry19pausavingsscaling__7_pau_savings_to_use.csv,RY19 PAU Savings Adjust w/ Protection (%),RY18 PAU Savings Adjustment with Protection ($)
2019,PAU,37,EASTON,-0.015231568535885216,-3096495.0447670575,ry2019__ry19pausavingsscaling__7_pau_savings_to_use.csv,RY19 PAU Savings Adjust w/ Protection (%),RY18 PAU Savings Adjustment with Protection ($)
2019,PAU,38,UMMC MIDTOWN,-0.01806544959387295,-3442404.276500295,ry2019__ry19pausavingsscaling__7_pau_savings_to_use.csv,RY19 PAU Savings Adjust w/ Protection (%),RY18 PAU Savings Adjustment with Protection ($)
2019,PAU,39,CALVERT,-0.018553669830724297,-2244536.6006050436,ry2019__ry19pausavingsscaling__7_pau_savings_to_use.csv,RY19 PAU Savings Adjust w/ Protection (%),RY18 PAU Savings Adjustment with Protection ($)
2019,PAU,40,NORTHWEST,-0.025979336749357432,-5594124.905902561,ry2019__ry19pausavingsscaling__7_pau_savings_to_use.csv,RY19 PAU Savings Adjust w/ Protection (%),RY18 PAU Savings Adjustment with Protection ($)
2019,PAU,43,UMBWMC,-0.023509579258450247,-8105615.678063987,ry2019__ry19pausavingsscaling__7_pau_savings_to_use.csv,RY19 PAU Savings Adjust w/ Protection (%),RY18 PAU Savings Adjustment with Protection ($)
2019,PAU,44,G.B.M.C.,-0.012910503137508068,-5312058.847841407,ry2019__ry19pausavingsscaling__7_pau_savings_to_use.csv,RY19 PAU Savings Adjust w/ Protection (%),RY18 PAU Savings Adjustment with Protection ($)
2019,PAU,45,MCCREADY,-0.013342104111832533,-208250.33025194658,ry2019__ry19pausavingsscaling__7_pau_savings_to_use.csv,RY19 PAU Savings Adjust w/ Protection (%),RY18 PAU Savings Adjustment with Protection ($)
2019,PAU,48,HOWARD COUNTY,-0.020800401650951636,-5035913.166127226,ry2019__ry19pausavingsscaling__7_pau_savings_to_use.csv,RY19 PAU Savings Adjust w/ Protection (%),RY18 PAU Savings Adjustment with Protection ($)
2019,PAU,49,UPPER CHESAPEAKE,-0.017966272168242137,-4909070.744189941,ry2019__ry19pausavingsscaling__7_pau_savings_to_use.csv,RY19 PAU Savings Adjust w/ Protection (%),RY18 PAU Savings Adjustment with Protection ($)
2019,PAU,51,DOCTORS,-0.028227545570274057,-5306892.348228961,ry2019__ry19pausavingsscaling__7_pau_savings_to_use.csv,RY19 PAU Savings Adjust w/ Protection (%),RY18 PAU Savings Adjustment with Protection ($)
2019,PAU,55,LAUREL REGIONAL,-0.017604495718245797,-1484000.1790381249,ry2019__ry19pausavingsscaling__7_pau_savings_to_use.csv,RY19 PAU Savings Adjust w/ Protection (%),RY18 PAU Savings Adjustment with Protection ($)
2019,PAU,56,GOOD SAMARITAN,-0.027681075782628083,-5845659.42434607,ry2019__ry19pausavingsscaling__7_pau_savings_to_use.csv,RY19 PAU Savings Adjust w/ Protection (%),RY18 PAU Savings Adjustment with Protection ($)
2019,PAU,57,SHADY GROVE,-0.017242497728365197,-5160898.1496676,ry2019__ry19pausavingsscaling__7_pau_savings_to_use.csv,RY19 PAU Savings Adjust w/ Protection (%),RY18 PAU Savings Adjustment with Protection ($)
2019,PAU,58,REHAB & ORTHO,-0.0007233507115525863,-8356.808496518319,ry2019__ry19pausavingsscaling__7_pau_savings_to_use.csv,RY19 PAU Savings Adjust w/ Protection (%),RY18 PAU Savings Adjustment with Protection ($)
2019,PAU,60,FT. WASHINGTON,-0.023570744757102573,-1010795.7697287716,ry2019__ry19pausavingsscaling__7_pau_savings_to_use.csv,RY19 PAU Savings Adjust w/ Protection (%),RY18 PAU Savings Adjustment with Protection ($)
2019,PAU,61,ATLANTIC GENERAL,-0.015115522244239519,-1180343.8384881401,ry2019__ry19pausavingsscaling__7_pau_savings_to_use.csv,RY19 PAU Savings Adjust w/ Protection (%),RY18 PAU Savings Adjustment with Protection ($)
2019,PAU,62,SOUTHERN MD,-0.027138772330164495,-5817602.225738956,ry2019__ry19pausavingsscaling__7_pau_savings_to_use.csv,RY19 PAU Savings Adjust w/ Protection (%),RY18 PAU Savings Adjustment with Protection ($)
2019,PAU,63,UM ST. JOSEPH,-0.012977851680933804,-4623341.345376591,ry2019__ry19pausavingsscaling__7_pau_savings_to_use.csv,RY19 PAU Savings Adjust w/ Protection (%),RY18 PAU Savings Adjustment with Protection ($)
2019,PAU,64,LEVINDALE,-0.01195848647887583,-611430.1382285095,ry2019__ry19pausavingsscaling__7_pau_savings_to_use.csv,RY19 PAU Savings Adjust w/ Protection (%),RY18 PAU Savings Adjustment with Protection ($)
2019,PAU,65,HC GERMANTOWN,-0.020993203070182213,-1649332.4924100887,ry2019__ry19pausavingsscaling__7_pau_savings_to_use.csv,RY19 PAU Savings Adjust w/ Protection (%),RY18 PAU Savings Adjustment with Protection ($)
2020,PAU,1,Meritus,-0.0035,-1268290.0,ry2020__ry2020pausavingsscaling__pau_savings.csv,RY20 PAU Savings Adjustment %,Restated RY20 PAU Savings Adjustment $
2020,PAU,2,UMMC,-0.0021,-3629153.0,ry2020__ry2020pausavingsscaling__pau_savings.csv,RY20 PAU Savings Adjustment %,Restated RY20 PAU Savings Adjustment $
2020,PAU,3,UM-PG*,-0.0038,-1324066.0,ry2020__ry2020pausavingsscaling__pau_savings.csv,RY20 PAU Savings Adjustment %,Restated RY20 PAU Savings Adjustment $
2020,PAU,4,Holy Cross,-0.0029,-1452026.0,ry2020__ry2020pausavingsscaling__pau_savings.csv,RY20 PAU Savings Adjustment %,Restated RY20 PAU Savings Adjustment $
2020,PAU,5,Frederick,-0.0037,-1277082.0,ry2020__ry2020pausavingsscaling__pau_savings.csv,RY20 PAU Savings Adjustment %,Restated RY20 PAU Savings Adjustment $
2020,PAU,6,UM-Harford,-0.0047,-493095.0,ry2020__ry2020pausavingsscaling__pau_savings.csv,RY20 PAU Savings Adjustment %,Restated RY20 PAU Savings Adjustment $
2020,PAU,8,Mercy,-0.002,-1073092.0,ry2020__ry2020pausavingsscaling__pau_savings.csv,RY20 PAU Savings Adjustment %,Restated RY20 PAU Savings Adjustment $
2020,PAU,9,Johns Hopkins,-0.0022,-5329088.0,ry2020__ry2020pausavingsscaling__pau_savings.csv,RY20 PAU Savings Adjustment %,Restated RY20 PAU Savings Adjustment $
2020,PAU,10,UM-Dorchester,-0.0036,-167922.0,ry2020__ry2020pausavingsscaling__pau_savings.csv,RY20 PAU Savings Adjustment %,Restated RY20 PAU Savings Adjustment $
2020,PAU,11,St Agnes,-0.0042,-1742834.0,ry2020__ry2020pausavingsscaling__pau_savings.csv,RY20 PAU Savings Adjustment %,Restated RY20 PAU Savings Adjustment $
2020,PAU,12,Sinai,-0.0024,-1834034.0,ry2020__ry2020pausavingsscaling__pau_savings.csv,RY20 PAU Savings Adjustment %,Restated RY20 PAU Savings Adjustment $
2020,PAU,13,Bon Secours,-0.0049,-552644.0,ry2020__ry2020pausavingsscaling__pau_savings.csv,RY20 PAU Savings Adjustment %,Restated RY20 PAU Savings Adjustment $
2020,PAU,15,MS Franklin Sq,-0.0041,-2237982.0,ry2020__ry2020pausavingsscaling__pau_savings.csv,RY20 PAU Savings Adjustment %,Restated RY20 PAU Savings Adjustment $
2020,PAU,16,Wash Adventist,-0.0035,-965712.0,ry2020__ry2020pausavingsscaling__pau_savings.csv,RY20 PAU Savings Adjustment %,Restated RY20 PAU Savings Adjustment $
2020,PAU,17,Garrett,-0.0024,-145527.0,ry2020__ry2020pausavingsscaling__pau_savings.csv,RY20 PAU Savings Adjustment %,Restated RY20 PAU Savings Adjustment $
2020,PAU,18,MS Montgomery,-0.0034,-599522.0,ry2020__ry2020pausavingsscaling__pau_savings.csv,RY20 PAU Savings Adjustment %,Restated RY20 PAU Savings Adjustment $
2020,PAU,19,PRMC,-0.0031,-1365465.0,ry2020__ry2020pausavingsscaling__pau_savings.csv,RY20 PAU Savings Adjustment %,Restated RY20 PAU Savings Adjustment $
2020,PAU,22,Suburban,-0.0029,-938775.0,ry2020__ry2020pausavingsscaling__pau_savings.csv,RY20 PAU Savings Adjustment %,Restated RY20 PAU Savings Adjustment $
2020,PAU,23,AAMC,-0.0024,-1481454.0,ry2020__ry2020pausavingsscaling__pau_savings.csv,RY20 PAU Savings Adjustment %,Restated RY20 PAU Savings Adjustment $
2020,PAU,24,MS Union Mem,-0.0036,-1491076.0,ry2020__ry2020pausavingsscaling__pau_savings.csv,RY20 PAU Savings Adjustment %,Restated RY20 PAU Savings Adjustment $
2020,PAU,27,Western MD,-0.0029,-943701.0,ry2020__ry2020pausavingsscaling__pau_savings.csv,RY20 PAU Savings Adjustment %,Restated RY20 PAU Savings Adjustment $
2020,PAU,28,MS St Marys,-0.0034,-629985.0,ry2020__ry2020pausavingsscaling__pau_savings.csv,RY20 PAU Savings Adjustment %,Restated RY20 PAU Savings Adjustment $
2020,PAU,29,Bayview,-0.0032,-2149488.0,ry2020__ry2020pausavingsscaling__pau_savings.csv,RY20 PAU Savings Adjustment %,Restated RY20 PAU Savings Adjustment $
2020,PAU,30,UM-Chestertown,-0.0019,-101718.0,ry2020__ry2020pausavingsscaling__pau_savings.csv,RY20 PAU Savings Adjustment %,Restated RY20 PAU Savings Adjustment $
2020,PAU,32,Union of Cecil,-0.0031,-497665.0,ry2020__ry2020pausavingsscaling__pau_savings.csv,RY20 PAU Savings Adjustment %,Restated RY20 PAU Savings Adjustment $
2020,PAU,33,Carroll,-0.0047,-1067295.0,ry2020__ry2020pausavingsscaling__pau_savings.csv,RY20 PAU Savings Adjustment %,Restated RY20 PAU Savings Adjustment $
2020,PAU,34,MS Harbor,-0.0043,-806691.0,ry2020__ry2020pausavingsscaling__pau_savings.csv,RY20 PAU Savings Adjustment %,Restated RY20 PAU Savings Adjustment $
2020,PAU,35,UM-Charles,-0.0035,-538538.0,ry2020__ry2020pausavingsscaling__pau_savings.csv,RY20 PAU Savings Adjustment %,Restated RY20 PAU Savings Adjustment $
2020,PAU,37,UM-Easton,-0.002,-428524.0,ry2020__ry2020pausavingsscaling__pau_savings.csv,RY20 PAU Savings Adjustment %,Restated RY20 PAU Savings Adjustment $
2020,PAU,38,UMMC Midtown,-0.004,-893326.0,ry2020__ry2020pausavingsscaling__pau_savings.csv,RY20 PAU Savings Adjustment %,Restated RY20 PAU Savings Adjustment $
2020,PAU,39,Calvert,-0.0031,-453108.0,ry2020__ry2020pausavingsscaling__pau_savings.csv,RY20 PAU Savings Adjustment %,Restated RY20 PAU Savings Adjustment $
2020,PAU,40,Northwest,-0.0043,-1129388.0,ry2020__ry2020pausavingsscaling__pau_savings.csv,RY20 PAU Savings Adjustment %,Restated RY20 PAU Savings Adjustment $
2020,PAU,43,UM-BWMC,-0.0039,-1687577.0,ry2020__ry2020pausavingsscaling__pau_savings.csv,RY20 PAU Savings Adjustment %,Restated RY20 PAU Savings Adjustment $
2020,PAU,44,GBMC,-0.0024,-1104458.0,ry2020__ry2020pausavingsscaling__pau_savings.csv,RY20 PAU Savings Adjustment %,Restated RY20 PAU Savings Adjustment $
2020,PAU,45,McCready,-0.0018,-25649.0,ry2020__ry2020pausavingsscaling__pau_savings.csv,RY20 PAU Savings Adjustment %,Restated RY20 PAU Savings Adjustment $
2020,PAU,48,Howard,-0.0033,-988909.0,ry2020__ry2020pausavingsscaling__pau_savings.csv,RY20 PAU Savings Adjustment %,Restated RY20 PAU Savings Adjustment $
2020,PAU,49,UM-UCH,-0.0036,-1122723.0,ry2020__ry2020pausavingsscaling__pau_savings.csv,RY20 PAU Savings Adjustment %,Restated RY20 PAU Savings Adjustment $
2020,PAU,51,Doctors,-0.0047,-1163455.0,ry2020__ry2020pausavingsscaling__pau_savings.csv,RY20 PAU Savings Adjustment %,Restated RY20 PAU Savings Adjustment $
2020,PAU,55,UM-Laurel*,0.0,,ry2020__ry2020pausavingsscaling__pau_savings.csv,RY20 PAU Savings Adjustment %,Restated RY20 PAU Savings Adjustment $
2020,PAU,56,MS Good Sam,-0.0047,-1214877.0,ry2020__ry2020pausavingsscaling__pau_savings.csv,RY20 PAU Savings Adjustment %,Restated RY20 PAU Savings Adjustment $
2020,PAU,57,Shady Grove,-0.0027,-1177469.0,ry2020__ry2020pausavingsscaling__pau_savings.csv,RY20 PAU Savings Adjustment %,Restated RY20 PAU Savings Adjustment $
2020,PAU,58,UMROI,0.0,0.0,ry2020__ry2020pausavingsscaling__pau_savings.csv,RY20 PAU Savings Adjustment %,Restated RY20 PAU Savings Adjustment $
2020,PAU,60,Ft Washington,-0.0042,-211110.0,ry2020__ry2020pausavingsscaling__pau_savings.csv,RY20 PAU Savings Adjustment %,Restated RY20 PAU Savings Adjustment $
2020,PAU,61,Atlantic General,-0.0027,-289508.0,ry2020__ry2020pausavingsscaling__pau_savings.csv,RY20 PAU Savings Adjustment %,Restated RY20 PAU Savings Adjustment $
2020,PAU,62,MS Southern MD,-0.0042,-1134829.0,ry2020__ry2020pausavingsscaling__pau_savings.csv,RY20 PAU Savings Adjustment %,Restated RY20 PAU Savings Adjustment $
2020,PAU,63,UM-St Joes,-0.0024,-901172.0,ry2020__ry2020pausavingsscaling__pau_savings.csv,RY20 PAU Savings Adjustment %,Restated RY20 PAU Savings Adjustment $
2020,PAU,64,Levindale,-0.0018,-107761.0,ry2020__ry2020pausavingsscaling__pau_savings.csv,RY20 PAU Savings Adjustment %,Restated RY20 PAU Savings Adjustment $
2020,PAU,65,HC-Germantown,-0.0033,-342146.0,ry2020__ry2020pausavingsscaling__pau_savings.csv,RY20 PAU Savings Adjustment %,Restated RY20 PAU Savings Adjustment $
2021,PAU,1,Meritus,-0.0015032444463213832,-578078.0055084617,ry2021__ry2021pausavingsscaling__hospital_pau_savings.csv,PAU Readmissions Adjustment %,PAU Readmissions Adjustment $ (Normalized)
2021,PAU,2,UMMC,-0.0015653548736080044,-2881500.3187387013,ry2021__ry2021pausavingsscaling__hospital_pau_savings.csv,PAU Readmissions Adjustment %,PAU Readmissions Adjustment $ (Normalized)
2021,PAU,3,UM-PG,-0.0020299623197850896,-699265.4308274146,ry2021__ry2021pausavingsscaling__hospital_pau_savings.csv,PAU Readmissions Adjustment %,PAU Readmissions Adjustment $ (Normalized)
2021,PAU,4,Holy Cross,-0.0017730724533745708,-919149.5780689578,ry2021__ry2021pausavingsscaling__hospital_pau_savings.csv,PAU Readmissions Adjustment %,PAU Readmissions Adjustment $ (Normalized)
2021,PAU,5,Frederick,-0.001664527427213886,-600512.1839637095,ry2021__ry2021pausavingsscaling__hospital_pau_savings.csv,PAU Readmissions Adjustment %,PAU Readmissions Adjustment $ (Normalized)
2021,PAU,6,UM-Harford,-0.0022562359495063404,-244155.92274510843,ry2021__ry2021pausavingsscaling__hospital_pau_savings.csv,PAU Readmissions Adjustment %,PAU Readmissions Adjustment $ (Normalized)
2021,PAU,8,Mercy,-0.0008504320129038188,-475473.92542709585,ry2021__ry2021pausavingsscaling__hospital_pau_savings.csv,PAU Readmissions Adjustment %,PAU Readmissions Adjustment $ (Normalized)
2021,PAU,9,Johns Hopkins,-0.001612658159419022,-4110438.611895975,ry2021__ry2021pausavingsscaling__hospital_pau_savings.csv,PAU Readmissions Adjustment %,PAU Readmissions Adjustment $ (Normalized)
2021,PAU,10,UM-Dorchester,-0.002004387964538909,-92540.02477950302,ry2021__ry2021pausavingsscaling__hospital_pau_savings.csv,PAU Readmissions Adjustment %,PAU Readmissions Adjustment $ (Normalized)
2021,PAU,11,St Agnes,-0.0019049066534493387,-825931.1731092498,ry2021__ry2021pausavingsscaling__hospital_pau_savings.csv,PAU Readmissions Adjustment %,PAU Readmissions Adjustment $ (Normalized)
2021,PAU,12,Sinai,-0.0012468852945936384,-1056517.222181502,ry2021__ry2021pausavingsscaling__hospital_pau_savings.csv,PAU Readmissions Adjustment %,PAU Readmissions Adjustment $ (Normalized)
2021,PAU,15,MS Franklin Sq,-0.0018953261637923522,-1078433.0336931674,ry2021__ry2021pausavingsscaling__hospital_pau_savings.csv,PAU Readmissions Adjustment %,PAU Readmissions Adjustment $ (Normalized)
2021,PAU,16,Wash Adventist,-0.0017556554980909292,-528259.6692635365,ry2021__ry2021pausavingsscaling__hospital_pau_savings.csv,PAU Readmissions Adjustment %,PAU Readmissions Adjustment $ (Normalized)
2021,PAU,17,Garrett,-0.0004342447084371426,-27238.115686115238,ry2021__ry2021pausavingsscaling__hospital_pau_savings.csv,PAU Readmissions Adjustment %,PAU Readmissions Adjustment $ (Normalized)
2021,PAU,18,MS Montgomery,-0.0015926983950875734,-287983.22673491447,ry2021__ry2021pausavingsscaling__hospital_pau_savings.csv,PAU Readmissions Adjustment %,PAU Readmissions Adjustment $ (Normalized)
2021,PAU,19,PRMC*,-0.0015012282924554443,-713242.5691767727,ry2021__ry2021pausavingsscaling__hospital_pau_savings.csv,PAU Readmissions Adjustment %,PAU Readmissions Adjustment $ (Normalized)
2021,PAU,22,Suburban,-0.0016889479626888146,-579385.2780788796,ry2021__ry2021pausavingsscaling__hospital_pau_savings.csv,PAU Readmissions Adjustment %,PAU Readmissions Adjustment $ (Normalized)
2021,PAU,23,AAMC,-0.0011061596072538846,-725709.9593440247,ry2021__ry2021pausavingsscaling__hospital_pau_savings.csv,PAU Readmissions Adjustment %,PAU Readmissions Adjustment $ (Normalized)
2021,PAU,24,MS Union Mem,-0.0017488451915907107,-748001.9563276779,ry2021__ry2021pausavingsscaling__hospital_pau_savings.csv,PAU Readmissions Adjustment %,PAU Readmissions Adjustment $ (Normalized)
2021,PAU,27,Western MD,-0.0014294896327030418,-482537.2094894342,ry2021__ry2021pausavingsscaling__hospital_pau_savings.csv,PAU Readmissions Adjustment %,PAU Readmissions Adjustment $ (Normalized)
2021,PAU,28,MS St Marys,-0.0013089648194164558,-251537.56627425025,ry2021__ry2021pausavingsscaling__hospital_pau_savings.csv,PAU Readmissions Adjustment %,PAU Readmissions Adjustment $ (Normalized)
2021,PAU,29,Bayview,-0.0015317488729209155,-1079715.0403312885,ry2021__ry2021pausavingsscaling__hospital_pau_savings.csv,PAU Readmissions Adjustment %,PAU Readmissions Adjustment $ (Normalized)
2021,PAU,30,UM-Chestertown,-0.00072737591789435,-38546.22691776393,ry2021__ry2021pausavingsscaling__hospital_pau_savings.csv,PAU Readmissions Adjustment %,PAU Readmissions Adjustment $ (Normalized)
2021,PAU,32,Union of Cecil,-0.0016883578928782112,-284406.9094704107,ry2021__ry2021pausavingsscaling__hospital_pau_savings.csv,PAU Readmissions Adjustment %,PAU Readmissions Adjustment $ (Normalized)
2021,PAU,33,Carroll,-0.0017456195790258413,-412613.6049661415,ry2021__ry2021pausavingsscaling__hospital_pau_savings.csv,PAU Readmissions Adjustment %,PAU Readmissions Adjustment $ (Normalized)
2021,PAU,34,MS Harbor,-0.002244041620619578,-432158.4137479101,ry2021__ry2021pausavingsscaling__hospital_pau_savings.csv,PAU Readmissions Adjustment %,PAU Readmissions Adjustment $ (Normalized)
2021,PAU,35,UM-Charles,-0.0017953436324431263,-281798.94495824765,ry2021__ry2021pausavingsscaling__hospital_pau_savings.csv,PAU Readmissions Adjustment %,PAU Readmissions Adjustment $ (Normalized)
2021,PAU,37,UM-Easton,-0.0010447238049420865,-237419.21876457304,ry2021__ry2021pausavingsscaling__hospital_pau_savings.csv,PAU Readmissions Adjustment %,PAU Readmissions Adjustment $ (Normalized)
2021,PAU,38,UMMC Midtown,-0.0021960729350270517,-492664.54802414123,ry2021__ry2021pausavingsscaling__hospital_pau_savings.csv,PAU Readmissions Adjustment %,PAU Readmissions Adjustment $ (Normalized)
2021,PAU,39,Calvert,-0.0015539168757816094,-237281.07644220957,ry2021__ry2021pausavingsscaling__hospital_pau_savings.csv,PAU Readmissions Adjustment %,PAU Readmissions Adjustment $ (Normalized)
2021,PAU,40,Northwest,-0.0017519964799367544,-478830.6090246032,ry2021__ry2021pausavingsscaling__hospital_pau_savings.csv,PAU Readmissions Adjustment %,PAU Readmissions Adjustment $ (Normalized)
2021,PAU,43,UM-BWMC,-0.002182222262670196,-990336.3963000209,ry2021__ry2021pausavingsscaling__hospital_pau_savings.csv,PAU Readmissions Adjustment %,PAU Readmissions Adjustment $ (Normalized)
2021,PAU,44,GBMC,-0.0011427024084077054,-553511.106575247,ry2021__ry2021pausavingsscaling__hospital_pau_savings.csv,PAU Readmissions Adjustment %,PAU Readmissions Adjustment $ (Normalized)
2021,PAU,45,McCready*,0.0,0.0,ry2021__ry2021pausavingsscaling__hospital_pau_savings.csv,PAU Readmissions Adjustment %,PAU Readmissions Adjustment $ (Normalized)
2021,PAU,48,Howard,-0.0018584882666642356,-574129.5091122702,ry2021__ry2021pausavingsscaling__hospital_pau_savings.csv,PAU Readmissions Adjustment %,PAU Readmissions Adjustment $ (Normalized)
2021,PAU,49,UM-UCH,-0.00176777991705048,-569911.0672527484,ry2021__ry2021pausavingsscaling__hospital_pau_savings.csv,PAU Readmissions Adjustment %,PAU Readmissions Adjustment $ (Normalized)
2021,PAU,51,Doctors,-0.0021207171355265065,-553698.7775811753,ry2021__ry2021pausavingsscaling__hospital_pau_savings.csv,PAU Readmissions Adjustment %,PAU Readmissions Adjustment $ (Normalized)
2021,PAU,56,MS Good Sam,-0.0022907367917222865,-621480.0358119262,ry2021__ry2021pausavingsscaling__hospital_pau_savings.csv,PAU Readmissions Adjustment %,PAU Readmissions Adjustment $ (Normalized)
2021,PAU,57,Shady Grove,-0.0014012569249207477,-656354.6305709482,ry2021__ry2021pausavingsscaling__hospital_pau_savings.csv,PAU Readmissions Adjustment %,PAU Readmissions Adjustment $ (Normalized)
2021,PAU,58,UMROI,0.0,0.0,ry2021__ry2021pausavingsscaling__hospital_pau_savings.csv,PAU Readmissions Adjustment %,PAU Readmissions Adjustment $ (Normalized)
2021,PAU,60,Ft Washington,-0.0012374142671823078,-64793.27025907326,ry2021__ry2021pausavingsscaling__hospital_pau_savings.csv,PAU Readmissions Adjustment %,PAU Readmissions Adjustment $ (Normalized)
2021,PAU,61,Atlantic General,-0.0009561238671173381,-107576.65540542397,ry2021__ry2021pausavingsscaling__hospital_pau_savings.csv,PAU Readmissions Adjustment %,PAU Readmissions Adjustment $ (Normalized)
2021,PAU,62,MS Southern MD,-0.0017676153024297051,-495236.20303100947,ry2021__ry2021pausavingsscaling__hospital_pau_savings.csv,PAU Readmissions Adjustment %,PAU Readmissions Adjustment $ (Normalized)
2021,PAU,63,UM-St Joes,-0.0014827610006253684,-579437.8053499917,ry2021__ry2021pausavingsscaling__hospital_pau_savings.csv,PAU Readmissions Adjustment %,PAU Readmissions Adjustment $ (Normalized)
2021,PAU,64,Levindale,-0.002483698656272574,-155916.3029674083,ry2021__ry2021pausavingsscaling__hospital_pau_savings.csv,PAU Readmissions Adjustment %,PAU Readmissions Adjustment $ (Normalized)
2021,PAU,65,HC-Germantown,-0.001854232303955233,-218384.27710873185,ry2021__ry2021pausavingsscaling__hospital_pau_savings.csv,PAU Readmissions Adjustment %,PAU Readmissions Adjustment $ (Normalized)
2022,PAU,1,Meritus,-0.0011811206363953727,-468663.7945189488,ry2022__final_ry2022_pau_savings_scaling__hospital_pau_savings.csv,PAU Readmissions Adjustment %,PAU Readmissions Adjustment $ (Normalized)
2022,PAU,2,UMMC,-0.0012299216864062894,-2042088.5161320067,ry2022__final_ry2022_pau_savings_scaling__hospital_pau_savings.csv,PAU Readmissions Adjustment %,PAU Readmissions Adjustment $ (Normalized)
2022,PAU,3,UM-PG,-0.0015949703941168561,-562276.3530506812,ry2022__final_ry2022_pau_savings_scaling__hospital_pau_savings.csv,PAU Readmissions Adjustment %,PAU Readmissions Adjustment $ (Normalized)
2022,PAU,4,Holy Cross,-0.0013931283562228771,-740684.4175887213,ry2022__final_ry2022_pau_savings_scaling__hospital_pau_savings.csv,PAU Readmissions Adjustment %,PAU Readmissions Adjustment $ (Normalized)
2022,PAU,5,Frederick,-0.0013078429785251965,-490461.99538878433,ry2022__final_ry2022_pau_savings_scaling__hospital_pau_savings.csv,PAU Readmissions Adjustment %,PAU Readmissions Adjustment $ (Normalized)
2022,PAU,6,UM-Harford,-0.0017727568174692673,-196091.1650784118,ry2022__final_ry2022_pau_savings_scaling__hospital_pau_savings.csv,PAU Readmissions Adjustment %,PAU Readmissions Adjustment $ (Normalized)
2022,PAU,8,Mercy,-0.0006681965815672862,-393106.6501099233,ry2022__final_ry2022_pau_savings_scaling__hospital_pau_savings.csv,PAU Readmissions Adjustment %,PAU Readmissions Adjustment $ (Normalized)
2022,PAU,9,Johns Hopkins,-0.0012670885538292318,-3334499.556655565,ry2022__final_ry2022_pau_savings_scaling__hospital_pau_savings.csv,PAU Readmissions Adjustment %,PAU Readmissions Adjustment $ (Normalized)
2022,PAU,10,UM-Dorchester,-0.0015748762578520002,-73488.16187523321,ry2022__final_ry2022_pau_savings_scaling__hospital_pau_savings.csv,PAU Readmissions Adjustment %,PAU Readmissions Adjustment $ (Normalized)
2022,PAU,11,St Agnes,-0.0014967123705673378,-667977.6999957917,ry2022__final_ry2022_pau_savings_scaling__hospital_pau_savings.csv,PAU Readmissions Adjustment %,PAU Readmissions Adjustment $ (Normalized)
2022,PAU,12,Sinai,-0.0009796955886092874,-857143.0994968547,ry2022__final_ry2022_pau_savings_scaling__hospital_pau_savings.csv,PAU Readmissions Adjustment %,PAU Readmissions Adjustment $ (Normalized)
2022,PAU,13,Bon Secours,,0.0,ry2022__final_ry2022_pau_savings_scaling__hospital_pau_savings.csv,PAU Readmissions Adjustment %,PAU Readmissions Adjustment $ (Normalized)
2022,PAU,15,MS Franklin Sq,-0.0014891848429797053,-869245.6839674456,ry2022__final_ry2022_pau_savings_scaling__hospital_pau_savings.csv,PAU Readmissions Adjustment %,PAU Readmissions Adjustment $ (Normalized)
2022,PAU,16,Wash Adventist,-0.001379443605642873,-428134.8377050962,ry2022__final_ry2022_pau_savings_scaling__hospital_pau_savings.csv,PAU Readmissions Adjustment %,PAU Readmissions Adjustment $ (Normalized)
2022,PAU,17,Garrett,-0.0003411922709148978,-22237.465201878545,ry2022__final_ry2022_pau_savings_scaling__hospital_pau_savings.csv,PAU Readmissions Adjustment %,PAU Readmissions Adjustment $ (Normalized)
2022,PAU,18,MS Montgomery,-0.0012514058818545218,-230029.7971962597,ry2022__final_ry2022_pau_savings_scaling__hospital_pau_savings.csv,PAU Readmissions Adjustment %,PAU Readmissions Adjustment $ (Normalized)
2022,PAU,19,PRMC,-0.0011795365155007063,-580227.7798182525,ry2022__final_ry2022_pau_savings_scaling__hospital_pau_savings.csv,PAU Readmissions Adjustment %,PAU Readmissions Adjustment $ (Normalized)
2022,PAU,22,Suburban,-0.00132703054211264,-480268.8473932956,ry2022__final_ry2022_pau_savings_scaling__hospital_pau_savings.csv,PAU Readmissions Adjustment %,PAU Readmissions Adjustment $ (Normalized)
2022,PAU,23,AAMC,-0.0008691254056994808,-600033.7911405585,ry2022__final_ry2022_pau_savings_scaling__hospital_pau_savings.csv,PAU Readmissions Adjustment %,PAU Readmissions Adjustment $ (Normalized)
2022,PAU,24,MS Union Mem,-0.0013740926505355585,-601900.919095079,ry2022__final_ry2022_pau_savings_scaling__hospital_pau_savings.csv,PAU Readmissions Adjustment %,PAU Readmissions Adjustment $ (Normalized)
2022,PAU,27,Western MD,-0.0011231704256952472,-390382.48454790044,ry2022__final_ry2022_pau_savings_scaling__hospital_pau_savings.csv,PAU Readmissions Adjustment %,PAU Readmissions Adjustment $ (Normalized)
2022,PAU,28,MS St Marys,-0.0010284723581129296,-203156.98928085886,ry2022__final_ry2022_pau_savings_scaling__hospital_pau_savings.csv,PAU Readmissions Adjustment %,PAU Readmissions Adjustment $ (Normalized)
2022,PAU,29,Bayview,-0.0012035169715807195,-874253.0213870578,ry2022__final_ry2022_pau_savings_scaling__hospital_pau_savings.csv,PAU Readmissions Adjustment %,PAU Readmissions Adjustment $ (Normalized)
2022,PAU,30,UM-Chestertown,-0.0005715096497741322,-30937.544695489483,ry2022__final_ry2022_pau_savings_scaling__hospital_pau_savings.csv,PAU Readmissions Adjustment %,PAU Readmissions Adjustment $ (Normalized)
2022,PAU,32,Union of Cecil,-0.0013265669158328802,-229291.26767392224,ry2022__final_ry2022_pau_savings_scaling__hospital_pau_savings.csv,PAU Readmissions Adjustment %,PAU Readmissions Adjustment $ (Normalized)
2022,PAU,33,Carroll,-0.001371558240663161,-333095.28536405286,ry2022__final_ry2022_pau_savings_scaling__hospital_pau_savings.csv,PAU Readmissions Adjustment %,PAU Readmissions Adjustment $ (Normalized)
2022,PAU,34,MS Harbor,-0.0017631755590582397,-345094.003870548,ry2022__final_ry2022_pau_savings_scaling__hospital_pau_savings.csv,PAU Readmissions Adjustment %,PAU Readmissions Adjustment $ (Normalized)
2022,PAU,35,UM-Charles,-0.0014106271397767423,-231110.9436578143,ry2022__final_ry2022_pau_savings_scaling__hospital_pau_savings.csv,PAU Readmissions Adjustment %,PAU Readmissions Adjustment $ (Normalized)
2022,PAU,37,UM-Easton,-0.0008208544181687824,-193323.06501150524,ry2022__final_ry2022_pau_savings_scaling__hospital_pau_savings.csv,PAU Readmissions Adjustment %,PAU Readmissions Adjustment $ (Normalized)
2022,PAU,38,UMMC Midtown,-0.001725485877521255,-396445.86307330534,ry2022__final_ry2022_pau_savings_scaling__hospital_pau_savings.csv,PAU Readmissions Adjustment %,PAU Readmissions Adjustment $ (Normalized)
2022,PAU,39,Calvert,-0.0012209346881141218,-196124.01544391763,ry2022__final_ry2022_pau_savings_scaling__hospital_pau_savings.csv,PAU Readmissions Adjustment %,PAU Readmissions Adjustment $ (Normalized)
2022,PAU,40,Northwest,-0.0013765686628074499,-383365.89823790465,ry2022__final_ry2022_pau_savings_scaling__hospital_pau_savings.csv,PAU Readmissions Adjustment %,PAU Readmissions Adjustment $ (Normalized)
2022,PAU,43,UM-BWMC,-0.0017146032063837255,-803724.4016762947,ry2022__final_ry2022_pau_savings_scaling__hospital_pau_savings.csv,PAU Readmissions Adjustment %,PAU Readmissions Adjustment $ (Normalized)
2022,PAU,44,GBMC,-0.0008978376066060544,-449828.01026870415,ry2022__final_ry2022_pau_savings_scaling__hospital_pau_savings.csv,PAU Readmissions Adjustment %,PAU Readmissions Adjustment $ (Normalized)
2022,PAU,45,McCready*,0.0,0.0,ry2022__final_ry2022_pau_savings_scaling__hospital_pau_savings.csv,PAU Readmissions Adjustment %,PAU Readmissions Adjustment $ (Normalized)
2022,PAU,48,Howard,-0.001460240780950471,-463160.8381806984,ry2022__final_ry2022_pau_savings_scaling__hospital_pau_savings.csv,PAU Readmissions Adjustment %,PAU Readmissions Adjustment $ (Normalized)
2022,PAU,49,UM-UCH,-0.0013889699348253771,-468064.82052915427,ry2022__final_ry2022_pau_savings_scaling__hospital_pau_savings.csv,PAU Readmissions Adjustment %,PAU Readmissions Adjustment $ (Normalized)
2022,PAU,51,Doctors,-0.0016662777493422554,-453945.71563932847,ry2022__final_ry2022_pau_savings_scaling__hospital_pau_savings.csv,PAU Readmissions Adjustment %,PAU Readmissions Adjustment $ (Normalized)
2022,PAU,55,Laurel,,0.0,ry2022__final_ry2022_pau_savings_scaling__hospital_pau_savings.csv,PAU Readmissions Adjustment %,PAU Readmissions Adjustment $ (Normalized)
2022,PAU,56,MS Good Sam,-0.001799864622067511,-501984.4804343167,ry2022__final_ry2022_pau_savings_scaling__hospital_pau_savings.csv,PAU Readmissions Adjustment %,PAU Readmissions Adjustment $ (Normalized)
2022,PAU,57,Shady Grove,-0.0011009875838663018,-525017.2098472023,ry2022__final_ry2022_pau_savings_scaling__hospital_pau_savings.csv,PAU Readmissions Adjustment %,PAU Readmissions Adjustment $ (Normalized)
2022,PAU,58,UMROI,0.0,0.0,ry2022__final_ry2022_pau_savings_scaling__hospital_pau_savings.csv,PAU Readmissions Adjustment %,PAU Readmissions Adjustment $ (Normalized)
2022,PAU,60,Ft Washington,-0.0009722540670718134,-51999.075148405056,ry2022__final_ry2022_pau_savings_scaling__hospital_pau_savings.csv,PAU Readmissions Adjustment %,PAU Readmissions Adjustment $ (Normalized)
2022,PAU,61,Atlantic General,-0.00075124018130648,-87250.28106513468,ry2022__final_ry2022_pau_savings_scaling__hospital_pau_savings.csv,PAU Readmissions Adjustment %,PAU Readmissions Adjustment $ (Normalized)
2022,PAU,62,MS Southern MD,-0.0013888405947661971,-400098.93939516164,ry2022__final_ry2022_pau_savings_scaling__hospital_pau_savings.csv,PAU Readmissions Adjustment %,PAU Readmissions Adjustment $ (Normalized)
2022,PAU,63,UM-St Joes,-0.001165026500491361,-467420.4211827208,ry2022__final_ry2022_pau_savings_scaling__hospital_pau_savings.csv,PAU Readmissions Adjustment %,PAU Readmissions Adjustment $ (Normalized)
2022,PAU,64,Levindale,-0.001951477515642737,-125736.48045731965,ry2022__final_ry2022_pau_savings_scaling__hospital_pau_savings.csv,PAU Readmissions Adjustment %,PAU Readmissions Adjustment $ (Normalized)
2022,PAU,65,HC-Germantown,-0.0014568968102505403,-177414.64294958176,ry2022__final_ry2022_pau_savings_scaling__hospital_pau_savings.csv,PAU Readmissions Adjustment %,PAU Readmissions Adjustment $ (Normalized)
2023,PAU,1,Meritus,-0.0019024001118364694,-785058.0655190658,ry2023__final_ry2023_pau_savings_scaling_v2_1__hospital_pau_savings.csv,PAU Readmissions Adjustment %,PAU Readmissions Adjustment $ (Normalized)
2023,PAU,2,UMMC,-0.001585952532357337,-2751002.8081790586,ry2023__final_ry2023_pau_savings_scaling_v2_1__hospital_pau_savings.csv,PAU Readmissions Adjustment %,PAU Readmissions Adjustment $ (Normalized)
2023,PAU,3,UM-PG,-0.002328289735855076,-835882.5303709414,ry2023__final_ry2023_pau_savings_scaling_v2_1__hospital_pau_savings.csv,PAU Readmissions Adjustment %,PAU Readmissions Adjustment $ (Normalized)
2023,PAU,4,Holy Cross,-0.0020205199851257892,-1132859.6023064777,ry2023__final_ry2023_pau_savings_scaling_v2_1__hospital_pau_savings.csv,PAU Readmissions Adjustment %,PAU Readmissions Adjustment $ (Normalized)
2023,PAU,5,Frederick,-0.002141136976068085,-833628.195734716,ry2023__final_ry2023_pau_savings_scaling_v2_1__hospital_pau_savings.csv,PAU Readmissions Adjustment %,PAU Readmissions Adjustment $ (Normalized)
2023,PAU,6,UM-Harford,-0.003166100300888765,-363717.29134683096,ry2023__final_ry2023_pau_savings_scaling_v2_1__hospital_pau_savings.csv,PAU Readmissions Adjustment %,PAU Readmissions Adjustment $ (Normalized)
2023,PAU,8,Mercy,-0.001211985020421465,-740310.5436064024,ry2023__final_ry2023_pau_savings_scaling_v2_1__hospital_pau_savings.csv,PAU Readmissions Adjustment %,PAU Readmissions Adjustment $ (Normalized)
2023,PAU,9,Johns Hopkins,-0.0017436537898808456,-4792002.960105604,ry2023__final_ry2023_pau_savings_scaling_v2_1__hospital_pau_savings.csv,PAU Readmissions Adjustment %,PAU Readmissions Adjustment $ (Normalized)
2023,PAU,10,UM-Dorchester,-0.0013358613707312504,-27766.482124979404,ry2023__final_ry2023_pau_savings_scaling_v2_1__hospital_pau_savings.csv,PAU Readmissions Adjustment %,PAU Readmissions Adjustment $ (Normalized)
2023,PAU,11,St Agnes,-0.0019442751193292607,-903513.0842488151,ry2023__final_ry2023_pau_savings_scaling_v2_1__hospital_pau_savings.csv,PAU Readmissions Adjustment %,PAU Readmissions Adjustment $ (Normalized)
2023,PAU,12,Sinai,-0.001828438522125949,-1654199.3692444025,ry2023__final_ry2023_pau_savings_scaling_v2_1__hospital_pau_savings.csv,PAU Readmissions Adjustment %,PAU Readmissions Adjustment $ (Normalized)
2023,PAU,13,Bon Secours,,0.0,ry2023__final_ry2023_pau_savings_scaling_v2_1__hospital_pau_savings.csv,PAU Readmissions Adjustment %,PAU Readmissions Adjustment $ (Normalized)
2023,PAU,15,MS Franklin Sq,-0.0020634710985684823,-1247762.9171368529,ry2023__final_ry2023_pau_savings_scaling_v2_1__hospital_pau_savings.csv,PAU Readmissions Adjustment %,PAU Readmissions Adjustment $ (Normalized)
2023,PAU,16,Wash Adventist,-0.002364377224809617,-762436.0475120669,ry2023__final_ry2023_pau_savings_scaling_v2_1__hospital_pau_savings.csv,PAU Readmissions Adjustment %,PAU Readmissions Adjustment $ (Normalized)
2023,PAU,17,Garrett,-0.0005699119193712552,-39762.881499178446,ry2023__final_ry2023_pau_savings_scaling_v2_1__hospital_pau_savings.csv,PAU Readmissions Adjustment %,PAU Readmissions Adjustment $ (Normalized)
2023,PAU,18,MS Montgomery,-0.0018519748907225072,-354643.82729144045,ry2023__final_ry2023_pau_savings_scaling_v2_1__hospital_pau_savings.csv,PAU Readmissions Adjustment %,PAU Readmissions Adjustment $ (Normalized)
2023,PAU,19,PRMC,-0.001869747884183536,-954873.0156317835,ry2023__final_ry2023_pau_savings_scaling_v2_1__hospital_pau_savings.csv,PAU Readmissions Adjustment %,PAU Readmissions Adjustment $ (Normalized)
2023,PAU,22,Suburban,-0.0022413183011348527,-853213.6626249545,ry2023__final_ry2023_pau_savings_scaling_v2_1__hospital_pau_savings.csv,PAU Readmissions Adjustment %,PAU Readmissions Adjustment $ (Normalized)
2023,PAU,23,AAMC,-0.0017605576208438772,-1248496.7569771917,ry2023__final_ry2023_pau_savings_scaling_v2_1__hospital_pau_savings.csv,PAU Readmissions Adjustment %,PAU Readmissions Adjustment $ (Normalized)
2023,PAU,24,MS Union Mem,-0.002258280766075924,-1020769.1662684269,ry2023__final_ry2023_pau_savings_scaling_v2_1__hospital_pau_savings.csv,PAU Readmissions Adjustment %,PAU Readmissions Adjustment $ (Normalized)
2023,PAU,27,Western MD,-0.0016027804840546712,-575358.0259864368,ry2023__final_ry2023_pau_savings_scaling_v2_1__hospital_pau_savings.csv,PAU Readmissions Adjustment %,PAU Readmissions Adjustment $ (Normalized)
2023,PAU,28,MS St Marys,-0.0015266356409265628,-312818.68346162146,ry2023__final_ry2023_pau_savings_scaling_v2_1__hospital_pau_savings.csv,PAU Readmissions Adjustment %,PAU Readmissions Adjustment $ (Normalized)
2023,PAU,29,Bayview,-0.0019244395894642541,-1448352.6045893172,ry2023__final_ry2023_pau_savings_scaling_v2_1__hospital_pau_savings.csv,PAU Readmissions Adjustment %,PAU Readmissions Adjustment $ (Normalized)
2023,PAU,30,UM-Chestertown,-0.0006873281849241015,-38466.46606671349,ry2023__final_ry2023_pau_savings_scaling_v2_1__hospital_pau_savings.csv,PAU Readmissions Adjustment %,PAU Readmissions Adjustment $ (Normalized)
2023,PAU,32,Union of Cecil,-0.0018540339780689526,-330309.74314166943,ry2023__final_ry2023_pau_savings_scaling_v2_1__hospital_pau_savings.csv,PAU Readmissions Adjustment %,PAU Readmissions Adjustment $ (Normalized)
2023,PAU,33,Carroll,-0.002149211219749876,-540538.2984424022,ry2023__final_ry2023_pau_savings_scaling_v2_1__hospital_pau_savings.csv,PAU Readmissions Adjustment %,PAU Readmissions Adjustment $ (Normalized)
2023,PAU,34,MS Harbor,-0.002575676836376283,-522182.1170781825,ry2023__final_ry2023_pau_savings_scaling_v2_1__hospital_pau_savings.csv,PAU Readmissions Adjustment %,PAU Readmissions Adjustment $ (Normalized)
2023,PAU,35,UM-Charles,-0.0022226726961182947,-378370.78419354407,ry2023__final_ry2023_pau_savings_scaling_v2_1__hospital_pau_savings.csv,PAU Readmissions Adjustment %,PAU Readmissions Adjustment $ (Normalized)
2023,PAU,37,UM-Easton,-0.001435483948477877,-377595.09414467646,ry2023__final_ry2023_pau_savings_scaling_v2_1__hospital_pau_savings.csv,PAU Readmissions Adjustment %,PAU Readmissions Adjustment $ (Normalized)
2023,PAU,38,UMMC Midtown,-0.001871986322521632,-443350.6351264298,ry2023__final_ry2023_pau_savings_scaling_v2_1__hospital_pau_savings.csv,PAU Readmissions Adjustment %,PAU Readmissions Adjustment $ (Normalized)
2023,PAU,39,Calvert,-0.001898175016360094,-318166.79296092596,ry2023__final_ry2023_pau_savings_scaling_v2_1__hospital_pau_savings.csv,PAU Readmissions Adjustment %,PAU Readmissions Adjustment $ (Normalized)
2023,PAU,40,Northwest,-0.002314514200073328,-666996.3836708339,ry2023__final_ry2023_pau_savings_scaling_v2_1__hospital_pau_savings.csv,PAU Readmissions Adjustment %,PAU Readmissions Adjustment $ (Normalized)
2023,PAU,43,UM-BWMC,-0.00293072626775059,-1425226.5926691315,ry2023__final_ry2023_pau_savings_scaling_v2_1__hospital_pau_savings.csv,PAU Readmissions Adjustment %,PAU Readmissions Adjustment $ (Normalized)
2023,PAU,44,GBMC,-0.0013300428106752138,-643830.0174118348,ry2023__final_ry2023_pau_savings_scaling_v2_1__hospital_pau_savings.csv,PAU Readmissions Adjustment %,PAU Readmissions Adjustment $ (Normalized)
2023,PAU,45,McCready*,,0.0,ry2023__final_ry2023_pau_savings_scaling_v2_1__hospital_pau_savings.csv,PAU Readmissions Adjustment %,PAU Readmissions Adjustment $ (Normalized)
2023,PAU,48,Howard,-0.001998497752785663,-670413.7652358938,ry2023__final_ry2023_pau_savings_scaling_v2_1__hospital_pau_savings.csv,PAU Readmissions Adjustment %,PAU Readmissions Adjustment $ (Normalized)
2023,PAU,49,UM-UCH,-0.0022514171415877722,-788346.959707704,ry2023__final_ry2023_pau_savings_scaling_v2_1__hospital_pau_savings.csv,PAU Readmissions Adjustment %,PAU Readmissions Adjustment $ (Normalized)
2023,PAU,51,Doctors,-0.002417509956085991,-683965.7941552993,ry2023__final_ry2023_pau_savings_scaling_v2_1__hospital_pau_savings.csv,PAU Readmissions Adjustment %,PAU Readmissions Adjustment $ (Normalized)
2023,PAU,55,Laurel,,0.0,ry2023__final_ry2023_pau_savings_scaling_v2_1__hospital_pau_savings.csv,PAU Readmissions Adjustment %,PAU Readmissions Adjustment $ (Normalized)
2023,PAU,56,MS Good Sam,-0.0028317521128199295,-823465.5453173175,ry2023__final_ry2023_pau_savings_scaling_v2_1__hospital_pau_savings.csv,PAU Readmissions Adjustment %,PAU Readmissions Adjustment $ (Normalized)
2023,PAU,57,Shady Grove,-0.0022142707919709887,-1096483.0745865465,ry2023__final_ry2023_pau_savings_scaling_v2_1__hospital_pau_savings.csv,PAU Readmissions Adjustment %,PAU Readmissions Adjustment $ (Normalized)
2023,PAU,58,UMROI,-0.0006357682238821987,-86362.74163713434,ry2023__final_ry2023_pau_savings_scaling_v2_1__hospital_pau_savings.csv,PAU Readmissions Adjustment %,PAU Readmissions Adjustment $ (Normalized)
2023,PAU,60,Ft Washington,-0.0014983602672814015,-92122.08305821793,ry2023__final_ry2023_pau_savings_scaling_v2_1__hospital_pau_savings.csv,PAU Readmissions Adjustment %,PAU Readmissions Adjustment $ (Normalized)
2023,PAU,61,Atlantic General,-0.0015166851099475084,-182972.27928922037,ry2023__final_ry2023_pau_savings_scaling_v2_1__hospital_pau_savings.csv,PAU Readmissions Adjustment %,PAU Readmissions Adjustment $ (Normalized)
2023,PAU,62,MS Southern MD,-0.0021951423188999878,-655209.5112928601,ry2023__final_ry2023_pau_savings_scaling_v2_1__hospital_pau_savings.csv,PAU Readmissions Adjustment %,PAU Readmissions Adjustment $ (Normalized)
2023,PAU,63,UM-St Joes,-0.0017359796368727357,-723575.8333202061,ry2023__final_ry2023_pau_savings_scaling_v2_1__hospital_pau_savings.csv,PAU Readmissions Adjustment %,PAU Readmissions Adjustment $ (Normalized)
2023,PAU,64,Levindale,-0.003990521624584259,-266570.3809070508,ry2023__final_ry2023_pau_savings_scaling_v2_1__hospital_pau_savings.csv,PAU Readmissions Adjustment %,PAU Readmissions Adjustment $ (Normalized)
2023,PAU,65,HC-Germantown,-0.0018974369180483027,-239444.88045083525,ry2023__final_ry2023_pau_savings_scaling_v2_1__hospital_pau_savings.csv,PAU Readmissions Adjustment %,PAU Readmissions Adjustment $ (Normalized)
2024,PAU,1,Meritus,-0.0032323284329751926,-1396033.6046122601,ry2024__ry2024_pau_savings_scaling_final_05172023_with_86__hospital_pau_savings.csv,PAU Readmissions Adjustment %,PAU Readmissions Adjustment $ (Normalized)
2024,PAU,2,UMMC,-0.0020148085630960423,-3670900.8540845164,ry2024__ry2024_pau_savings_scaling_final_05172023_with_86__hospital_pau_savings.csv,PAU Readmissions Adjustment %,PAU Readmissions Adjustment $ (Normalized)
2024,PAU,3,UM-PG,-0.0029056779446196787,-1101334.8488206237,ry2024__ry2024_pau_savings_scaling_final_05172023_with_86__hospital_pau_savings.csv,PAU Readmissions Adjustment %,PAU Readmissions Adjustment $ (Normalized)
2024,PAU,4,Holy Cross,-0.0030527887932097894,-1745663.1962885265,ry2024__ry2024_pau_savings_scaling_final_05172023_with_86__hospital_pau_savings.csv,PAU Readmissions Adjustment %,PAU Readmissions Adjustment $ (Normalized)
2024,PAU,5,Frederick,-0.0035977672508951653,-1467415.1667106592,ry2024__ry2024_pau_savings_scaling_final_05172023_with_86__hospital_pau_savings.csv,PAU Readmissions Adjustment %,PAU Readmissions Adjustment $ (Normalized)
2024,PAU,6,UM-Harford,-0.004979567104812024,-587512.512664308,ry2024__ry2024_pau_savings_scaling_final_05172023_with_86__hospital_pau_savings.csv,PAU Readmissions Adjustment %,PAU Readmissions Adjustment $ (Normalized)
2024,PAU,8,Mercy,-0.0014846204822241476,-964368.8375991773,ry2024__ry2024_pau_savings_scaling_final_05172023_with_86__hospital_pau_savings.csv,PAU Readmissions Adjustment %,PAU Readmissions Adjustment $ (Normalized)
2024,PAU,9,Johns Hopkins,-0.0024241546265527545,-6976563.5019253725,ry2024__ry2024_pau_savings_scaling_final_05172023_with_86__hospital_pau_savings.csv,PAU Readmissions Adjustment %,PAU Readmissions Adjustment $ (Normalized)
2024,PAU,10,UM-Dorchester,0.0,0.0,ry2024__ry2024_pau_savings_scaling_final_05172023_with_86__hospital_pau_savings.csv,PAU Readmissions Adjustment %,PAU Readmissions Adjustment $ (Normalized)
2024,PAU,11,St Agnes,-0.0033992406941409014,-1654340.8062970997,ry2024__ry2024_pau_savings_scaling_final_05172023_with_86__hospital_pau_savings.csv,PAU Readmissions Adjustment %,PAU Readmissions Adjustment $ (Normalized)
2024,PAU,12,Sinai,-0.002775229194489394,-2607616.517563473,ry2024__ry2024_pau_savings_scaling_final_05172023_with_86__hospital_pau_savings.csv,PAU Readmissions Adjustment %,PAU Readmissions Adjustment $ (Normalized)
2024,PAU,13,Bon Secours,,0.0,ry2024__ry2024_pau_savings_scaling_final_05172023_with_86__hospital_pau_savings.csv,PAU Readmissions Adjustment %,PAU Readmissions Adjustment $ (Normalized)
2024,PAU,15,MS Franklin Sq,-0.0035248564108558396,-2226941.232612954,ry2024__ry2024_pau_savings_scaling_final_05172023_with_86__hospital_pau_savings.csv,PAU Readmissions Adjustment %,PAU Readmissions Adjustment $ (Normalized)
2024,PAU,16,Wash Adventist,-0.0030002187667968823,-1043776.088605961,ry2024__ry2024_pau_savings_scaling_final_05172023_with_86__hospital_pau_savings.csv,PAU Readmissions Adjustment %,PAU Readmissions Adjustment $ (Normalized)
2024,PAU,17,Garrett,-0.0009953837291304998,-78054.86466217696,ry2024__ry2024_pau_savings_scaling_final_05172023_with_86__hospital_pau_savings.csv,PAU Readmissions Adjustment %,PAU Readmissions Adjustment $ (Normalized)
2024,PAU,18,MS Montgomery,-0.003160722943478851,-652418.9636902409,ry2024__ry2024_pau_savings_scaling_final_05172023_with_86__hospital_pau_savings.csv,PAU Readmissions Adjustment %,PAU Readmissions Adjustment $ (Normalized)
2024,PAU,19,PRMC,-0.0031335317365070196,-1707982.3347755882,ry2024__ry2024_pau_savings_scaling_final_05172023_with_86__hospital_pau_savings.csv,PAU Readmissions Adjustment %,PAU Readmissions Adjustment $ (Normalized)
2024,PAU,22,Suburban,-0.0029638955000346697,-1192552.231193094,ry2024__ry2024_pau_savings_scaling_final_05172023_with_86__hospital_pau_savings.csv,PAU Readmissions Adjustment %,PAU Readmissions Adjustment $ (Normalized)
2024,PAU,23,AAMC,-0.0026779590029950414,-1991647.055278418,ry2024__ry2024_pau_savings_scaling_final_05172023_with_86__hospital_pau_savings.csv,PAU Readmissions Adjustment %,PAU Readmissions Adjustment $ (Normalized)
2024,PAU,24,MS Union Mem,-0.002981609430543595,-1452731.4760825722,ry2024__ry2024_pau_savings_scaling_final_05172023_with_86__hospital_pau_savings.csv,PAU Readmissions Adjustment %,PAU Readmissions Adjustment $ (Normalized)
2024,PAU,27,Western MD,-0.0027291913148019156,-1019762.7071084514,ry2024__ry2024_pau_savings_scaling_final_05172023_with_86__hospital_pau_savings.csv,PAU Readmissions Adjustment %,PAU Readmissions Adjustment $ (Normalized)
2024,PAU,28,MS St Marys,-0.002609174580994488,-565108.7187777536,ry2024__ry2024_pau_savings_scaling_final_05172023_with_86__hospital_pau_savings.csv,PAU Readmissions Adjustment %,PAU Readmissions Adjustment $ (Normalized)
2024,PAU,29,Bayview,-0.002692905806113261,-2104047.7652803627,ry2024__ry2024_pau_savings_scaling_final_05172023_with_86__hospital_pau_savings.csv,PAU Readmissions Adjustment %,PAU Readmissions Adjustment $ (Normalized)
2024,PAU,30,UM-Chestertown,-0.0010862458361411114,-61907.210229104625,ry2024__ry2024_pau_savings_scaling_final_05172023_with_86__hospital_pau_savings.csv,PAU Readmissions Adjustment %,PAU Readmissions Adjustment $ (Normalized)
2024,PAU,32,Union of Cecil,-0.002824427964334677,-538325.0725844208,ry2024__ry2024_pau_savings_scaling_final_05172023_with_86__hospital_pau_savings.csv,PAU Readmissions Adjustment %,PAU Readmissions Adjustment $ (Normalized)
2024,PAU,33,Carroll,-0.0036282380162559816,-955117.5589093186,ry2024__ry2024_pau_savings_scaling_final_05172023_with_86__hospital_pau_savings.csv,PAU Readmissions Adjustment %,PAU Readmissions Adjustment $ (Normalized)
2024,PAU,34,MS Harbor,-0.003905479368356393,-816894.0740400382,ry2024__ry2024_pau_savings_scaling_final_05172023_with_86__hospital_pau_savings.csv,PAU Readmissions Adjustment %,PAU Readmissions Adjustment $ (Normalized)
2024,PAU,35,UM-Charles,-0.003033667025958224,-545012.5549542608,ry2024__ry2024_pau_savings_scaling_final_05172023_with_86__hospital_pau_savings.csv,PAU Readmissions Adjustment %,PAU Readmissions Adjustment $ (Normalized)
2024,PAU,37,UM-Easton,-0.0025339011643525718,-700856.6969250897,ry2024__ry2024_pau_savings_scaling_final_05172023_with_86__hospital_pau_savings.csv,PAU Readmissions Adjustment %,PAU Readmissions Adjustment $ (Normalized)
2024,PAU,38,UMMC Midtown,-0.002407222827567518,-637200.6666773547,ry2024__ry2024_pau_savings_scaling_final_05172023_with_86__hospital_pau_savings.csv,PAU Readmissions Adjustment %,PAU Readmissions Adjustment $ (Normalized)
2024,PAU,39,Calvert,-0.002640805058614567,-465971.3663013129,ry2024__ry2024_pau_savings_scaling_final_05172023_with_86__hospital_pau_savings.csv,PAU Readmissions Adjustment %,PAU Readmissions Adjustment $ (Normalized)
2024,PAU,40,Northwest,-0.003973789117432225,-1201182.4433595315,ry2024__ry2024_pau_savings_scaling_final_05172023_with_86__hospital_pau_savings.csv,PAU Readmissions Adjustment %,PAU Readmissions Adjustment $ (Normalized)
2024,PAU,43,UM-BWMC,-0.00399728542720594,-2019192.818449342,ry2024__ry2024_pau_savings_scaling_final_05172023_with_86__hospital_pau_savings.csv,PAU Readmissions Adjustment %,PAU Readmissions Adjustment $ (Normalized)
2024,PAU,44,GBMC,-0.0025224604680646814,-1220947.088121594,ry2024__ry2024_pau_savings_scaling_final_05172023_with_86__hospital_pau_savings.csv,PAU Readmissions Adjustment %,PAU Readmissions Adjustment $ (Normalized)
2024,PAU,45,McCready*,,0.0,ry2024__ry2024_pau_savings_scaling_final_05172023_with_86__hospital_pau_savings.csv,PAU Readmissions Adjustment %,PAU Readmissions Adjustment $ (Normalized)
2024,PAU,48,Howard,-0.0037977825545496917,-1335225.9949069424,ry2024__ry2024_pau_savings_scaling_final_05172023_with_86__hospital_pau_savings.csv,PAU Readmissions Adjustment %,PAU Readmissions Adjustment $ (Normalized)
2024,PAU,49,UM-UCH,-0.003597972223294477,-1318404.11571907,ry2024__ry2024_pau_savings_scaling_final_05172023_with_86__hospital_pau_savings.csv,PAU Readmissions Adjustment %,PAU Readmissions Adjustment $ (Normalized)
2024,PAU,51,Doctors,-0.0035519127675649655,-1029668.4757670138,ry2024__ry2024_pau_savings_scaling_final_05172023_with_86__hospital_pau_savings.csv,PAU Readmissions Adjustment %,PAU Readmissions Adjustment $ (Normalized)
2024,PAU,55,Laurel,,0.0,ry2024__ry2024_pau_savings_scaling_final_05172023_with_86__hospital_pau_savings.csv,PAU Readmissions Adjustment %,PAU Readmissions Adjustment $ (Normalized)
2024,PAU,56,MS Good Sam,-0.004583819341846481,-1411891.0708537353,ry2024__ry2024_pau_savings_scaling_final_05172023_with_86__hospital_pau_savings.csv,PAU Readmissions Adjustment %,PAU Readmissions Adjustment $ (Normalized)
2024,PAU,57,Shady Grove,-0.002874592262060928,-1473332.3064347145,ry2024__ry2024_pau_savings_scaling_final_05172023_with_86__hospital_pau_savings.csv,PAU Readmissions Adjustment %,PAU Readmissions Adjustment $ (Normalized)
2024,PAU,58,UMROI,-0.0016362569056306375,-225728.1606805814,ry2024__ry2024_pau_savings_scaling_final_05172023_with_86__hospital_pau_savings.csv,PAU Readmissions Adjustment %,PAU Readmissions Adjustment $ (Normalized)
2024,PAU,60,Ft Washington,-0.0022897304906779278,-149729.34766261326,ry2024__ry2024_pau_savings_scaling_final_05172023_with_86__hospital_pau_savings.csv,PAU Readmissions Adjustment %,PAU Readmissions Adjustment $ (Normalized)
2024,PAU,61,Atlantic General,-0.0019248472558402996,-240529.22939489584,ry2024__ry2024_pau_savings_scaling_final_05172023_with_86__hospital_pau_savings.csv,PAU Readmissions Adjustment %,PAU Readmissions Adjustment $ (Normalized)
2024,PAU,62,MS Southern MD,-0.0037062246201835223,-1167065.6660353406,ry2024__ry2024_pau_savings_scaling_final_05172023_with_86__hospital_pau_savings.csv,PAU Readmissions Adjustment %,PAU Readmissions Adjustment $ (Normalized)
2024,PAU,63,UM-St Joes,-0.0031611167062459496,-1445472.442429644,ry2024__ry2024_pau_savings_scaling_final_05172023_with_86__hospital_pau_savings.csv,PAU Readmissions Adjustment %,PAU Readmissions Adjustment $ (Normalized)
2024,PAU,64,Levindale,-0.00519716148871277,-363624.4545505994,ry2024__ry2024_pau_savings_scaling_final_05172023_with_86__hospital_pau_savings.csv,PAU Readmissions Adjustment %,PAU Readmissions Adjustment $ (Normalized)
2024,PAU,65,HC-Germantown,-0.0028841288726394235,-400117.59297330497,ry2024__ry2024_pau_savings_scaling_final_05172023_with_86__hospital_pau_savings.csv,PAU Readmissions Adjustment %,PAU Readmissions Adjustment $ (Normalized)
2025,PAU,30,UM-Chestertown,0.0,0.0,ry2025__ry2025_pau_savings_scaling_final_new_methodology_v2_2__hospital_pau_savings_new_0.csv,Proposed PAU Adjustment % Normalized,Proposed PAU Adjustment $ Normalized
2025,PAU,17,Garrett,0.0,0.0,ry2025__ry2025_pau_savings_scaling_final_new_methodology_v2_2__hospital_pau_savings_new_0.csv,Proposed PAU Adjustment % Normalized,Proposed PAU Adjustment $ Normalized
2025,PAU,64,Levindale,0.0,0.0,ry2025__ry2025_pau_savings_scaling_final_new_methodology_v2_2__hospital_pau_savings_new_0.csv,Proposed PAU Adjustment % Normalized,Proposed PAU Adjustment $ Normalized
2025,PAU,44,GBMC,0.0,0.0,ry2025__ry2025_pau_savings_scaling_final_new_methodology_v2_2__hospital_pau_savings_new_0.csv,Proposed PAU Adjustment % Normalized,Proposed PAU Adjustment $ Normalized
2025,PAU,37,UM-Easton,0.0,0.0,ry2025__ry2025_pau_savings_scaling_final_new_methodology_v2_2__hospital_pau_savings_new_0.csv,Proposed PAU Adjustment % Normalized,Proposed PAU Adjustment $ Normalized
2025,PAU,61,Atlantic General,0.0,0.0,ry2025__ry2025_pau_savings_scaling_final_new_methodology_v2_2__hospital_pau_savings_new_0.csv,Proposed PAU Adjustment % Normalized,Proposed PAU Adjustment $ Normalized
2025,PAU,60,Ft Washington,0.0,0.0,ry2025__ry2025_pau_savings_scaling_final_new_methodology_v2_2__hospital_pau_savings_new_0.csv,Proposed PAU Adjustment % Normalized,Proposed PAU Adjustment $ Normalized
2025,PAU,39,Calvert,0.0,0.0,ry2025__ry2025_pau_savings_scaling_final_new_methodology_v2_2__hospital_pau_savings_new_0.csv,Proposed PAU Adjustment % Normalized,Proposed PAU Adjustment $ Normalized
2025,PAU,22,Suburban,0.0,0.0,ry2025__ry2025_pau_savings_scaling_final_new_methodology_v2_2__hospital_pau_savings_new_0.csv,Proposed PAU Adjustment % Normalized,Proposed PAU Adjustment $ Normalized
2025,PAU,23,AAMC,0.0,0.0,ry2025__ry2025_pau_savings_scaling_final_new_methodology_v2_2__hospital_pau_savings_new_0.csv,Proposed PAU Adjustment % Normalized,Proposed PAU Adjustment $ Normalized
2025,PAU,18,MS Montgomery,0.0,0.0,ry2025__ry2025_pau_savings_scaling_final_new_methodology_v2_2__hospital_pau_savings_new_0.csv,Proposed PAU Adjustment % Normalized,Proposed PAU Adjustment $ Normalized
2025,PAU,57,Shady Grove,0.0,0.0,ry2025__ry2025_pau_savings_scaling_final_new_methodology_v2_2__hospital_pau_savings_new_0.csv,Proposed PAU Adjustment % Normalized,Proposed PAU Adjustment $ Normalized
2025,PAU,28,MS St Marys,0.0,0.0,ry2025__ry2025_pau_savings_scaling_final_new_methodology_v2_2__hospital_pau_savings_new_0.csv,Proposed PAU Adjustment % Normalized,Proposed PAU Adjustment $ Normalized
2025,PAU,19,PRMC,0.0,0.0,ry2025__ry2025_pau_savings_scaling_final_new_methodology_v2_2__hospital_pau_savings_new_0.csv,Proposed PAU Adjustment % Normalized,Proposed PAU Adjustment $ Normalized
2025,PAU,63,UM-St Joes,0.0,0.0,ry2025__ry2025_pau_savings_scaling_final_new_methodology_v2_2__hospital_pau_savings_new_0.csv,Proposed PAU Adjustment % Normalized,Proposed PAU Adjustment $ Normalized
2025,PAU,4,Holy Cross,0.0,0.0,ry2025__ry2025_pau_savings_scaling_final_new_methodology_v2_2__hospital_pau_savings_new_0.csv,Proposed PAU Adjustment % Normalized,Proposed PAU Adjustment $ Normalized
2025,PAU,35,UM-Charles,0.0,0.0,ry2025__ry2025_pau_savings_scaling_final_new_methodology_v2_2__hospital_pau_savings_new_0.csv,Proposed PAU Adjustment % Normalized,Proposed PAU Adjustment $ Normalized
2025,PAU,16,Wash Adventist,0.0,0.0,ry2025__ry2025_pau_savings_scaling_final_new_methodology_v2_2__hospital_pau_savings_new_0.csv,Proposed PAU Adjustment % Normalized,Proposed PAU Adjustment $ Normalized
2025,PAU,5,Frederick,0.0,0.0,ry2025__ry2025_pau_savings_scaling_final_new_methodology_v2_2__hospital_pau_savings_new_0.csv,Proposed PAU Adjustment % Normalized,Proposed PAU Adjustment $ Normalized
2025,PAU,48,Howard,0.0,0.0,ry2025__ry2025_pau_savings_scaling_final_new_methodology_v2_2__hospital_pau_savings_new_0.csv,Proposed PAU Adjustment % Normalized,Proposed PAU Adjustment $ Normalized
2025,PAU,8,Mercy,0.0,0.0,ry2025__ry2025_pau_savings_scaling_final_new_methodology_v2_2__hospital_pau_savings_new_0.csv,Proposed PAU Adjustment % Normalized,Proposed PAU Adjustment $ Normalized
2025,PAU,65,HC-Germantown,0.0,0.0,ry2025__ry2025_pau_savings_scaling_final_new_methodology_v2_2__hospital_pau_savings_new_0.csv,Proposed PAU Adjustment % Normalized,Proposed PAU Adjustment $ Normalized
2025,PAU,27,Western MD,0.0,0.0,ry2025__ry2025_pau_savings_scaling_final_new_methodology_v2_2__hospital_pau_savings_new_0.csv,Proposed PAU Adjustment % Normalized,Proposed PAU Adjustment $ Normalized
2025,PAU,32,Union of Cecil,0.0,0.0,ry2025__ry2025_pau_savings_scaling_final_new_methodology_v2_2__hospital_pau_savings_new_0.csv,Proposed PAU Adjustment % Normalized,Proposed PAU Adjustment $ Normalized
2025,PAU,49,UM-UCH,0.0,0.0,ry2025__ry2025_pau_savings_scaling_final_new_methodology_v2_2__hospital_pau_savings_new_0.csv,Proposed PAU Adjustment % Normalized,Proposed PAU Adjustment $ Normalized
2025,PAU,10,UM-Dorchester,0.0,0.0,ry2025__ry2025_pau_savings_scaling_final_new_methodology_v2_2__hospital_pau_savings_new_0.csv,Proposed PAU Adjustment % Normalized,Proposed PAU Adjustment $ Normalized
2025,PAU,13,Bon Secours,0.0,0.0,ry2025__ry2025_pau_savings_scaling_final_new_methodology_v2_2__hospital_pau_savings_new_0.csv,Proposed PAU Adjustment % Normalized,Proposed PAU Adjustment $ Normalized
2025,PAU,45,McCready*,0.0,0.0,ry2025__ry2025_pau_savings_scaling_final_new_methodology_v2_2__hospital_pau_savings_new_0.csv,Proposed PAU Adjustment % Normalized,Proposed PAU Adjustment $ Normalized
2025,PAU,55,Laurel,0.0,0.0,ry2025__ry2025_pau_savings_scaling_final_new_methodology_v2_2__hospital_pau_savings_new_0.csv,Proposed PAU Adjustment % Normalized,Proposed PAU Adjustment $ Normalized
2025,PAU,58,UMROI,0.0,0.0,ry2025__ry2025_pau_savings_scaling_final_new_methodology_v2_2__hospital_pau_savings_new_0.csv,Proposed PAU Adjustment % Normalized,Proposed PAU Adjustment $ Normalized
2025,PAU,11,St Agnes,-3.853666278576352e-05,-19493.480381234254,ry2025__ry2025_pau_savings_scaling_final_new_methodology_v2_2__hospital_pau_savings_new_0.csv,Proposed PAU Adjustment % Normalized,Proposed PAU Adjustment $ Normalized
2025,PAU,2,UMMC,-0.00011942530934456795,-254190.15103427533,ry2025__ry2025_pau_savings_scaling_final_new_methodology_v2_2__hospital_pau_savings_new_0.csv,Proposed PAU Adjustment % Normalized,Proposed PAU Adjustment $ Normalized
2025,PAU,33,Carroll,-0.00012267015414070784,-33348.694282281256,ry2025__ry2025_pau_savings_scaling_final_new_methodology_v2_2__hospital_pau_savings_new_0.csv,Proposed PAU Adjustment % Normalized,Proposed PAU Adjustment $ Normalized
2025,PAU,12,Sinai,-0.0001359017238495992,-127323.05802844671,ry2025__ry2025_pau_savings_scaling_final_new_methodology_v2_2__hospital_pau_savings_new_0.csv,Proposed PAU Adjustment % Normalized,Proposed PAU Adjustment $ Normalized
2025,PAU,62,MS Southern MD,-0.00017026154456381828,-55639.976808099214,ry2025__ry2025_pau_savings_scaling_final_new_methodology_v2_2__hospital_pau_savings_new_0.csv,Proposed PAU Adjustment % Normalized,Proposed PAU Adjustment $ Normalized
2025,PAU,1,Meritus,-0.0001869826225767501,-89465.05939206842,ry2025__ry2025_pau_savings_scaling_final_new_methodology_v2_2__hospital_pau_savings_new_0.csv,Proposed PAU Adjustment % Normalized,Proposed PAU Adjustment $ Normalized
2025,PAU,3,UM-PG,-0.00027401358045978054,-111968.85261614127,ry2025__ry2025_pau_savings_scaling_final_new_methodology_v2_2__hospital_pau_savings_new_0.csv,Proposed PAU Adjustment % Normalized,Proposed PAU Adjustment $ Normalized
2025,PAU,9,Johns Hopkins,-0.00044492714028811664,-1332320.292739306,ry2025__ry2025_pau_savings_scaling_final_new_methodology_v2_2__hospital_pau_savings_new_0.csv,Proposed PAU Adjustment % Normalized,Proposed PAU Adjustment $ Normalized
2025,PAU,29,Bayview,-0.0005173213107517151,-415274.5254030038,ry2025__ry2025_pau_savings_scaling_final_new_methodology_v2_2__hospital_pau_savings_new_0.csv,Proposed PAU Adjustment % Normalized,Proposed PAU Adjustment $ Normalized
2025,PAU,43,UM-BWMC,-0.0005735266555996572,-298252.60932655295,ry2025__ry2025_pau_savings_scaling_final_new_methodology_v2_2__hospital_pau_savings_new_0.csv,Proposed PAU Adjustment % Normalized,Proposed PAU Adjustment $ Normalized
2025,PAU,51,Doctors,-0.0006539942550827031,-196222.66066652033,ry2025__ry2025_pau_savings_scaling_final_new_methodology_v2_2__hospital_pau_savings_new_0.csv,Proposed PAU Adjustment % Normalized,Proposed PAU Adjustment $ Normalized
2025,PAU,15,MS Franklin Sq,-0.0006969042179363874,-457780.11132100574,ry2025__ry2025_pau_savings_scaling_final_new_methodology_v2_2__hospital_pau_savings_new_0.csv,Proposed PAU Adjustment % Normalized,Proposed PAU Adjustment $ Normalized
2025,PAU,24,MS Union Mem,-0.0008381164431218983,-405432.0081128075,ry2025__ry2025_pau_savings_scaling_final_new_methodology_v2_2__hospital_pau_savings_new_0.csv,Proposed PAU Adjustment % Normalized,Proposed PAU Adjustment $ Normalized
2025,PAU,38,UMMC Midtown,-0.0008785940039334612,-236328.11410723891,ry2025__ry2025_pau_savings_scaling_final_new_methodology_v2_2__hospital_pau_savings_new_0.csv,Proposed PAU Adjustment % Normalized,Proposed PAU Adjustment $ Normalized
2025,PAU,40,Northwest,-0.0008813108739180252,-265752.3478574469,ry2025__ry2025_pau_savings_scaling_final_new_methodology_v2_2__hospital_pau_savings_new_0.csv,Proposed PAU Adjustment % Normalized,Proposed PAU Adjustment $ Normalized
2025,PAU,56,MS Good Sam,-0.0012412890102620352,-386027.4146582053,ry2025__ry2025_pau_savings_scaling_final_new_methodology_v2_2__hospital_pau_savings_new_0.csv,Proposed PAU Adjustment % Normalized,Proposed PAU Adjustment $ Normalized
2025,PAU,34,MS Harbor,-0.0014335381807404326,-308008.820765345,ry2025__ry2025_pau_savings_scaling_final_new_methodology_v2_2__hospital_pau_savings_new_0.csv,Proposed PAU Adjustment % Normalized,Proposed PAU Adjustment $ Normalized
2025,PAU,6,UM-Harford,-0.0014742685423349356,-46100.53211701038,ry2025__ry2025_pau_savings_scaling_final_new_methodology_v2_2__hospital_pau_savings_new_0.csv,Proposed PAU Adjustment % Normalized,Proposed PAU Adjustment $ Normalized
2026,PAU,30,UM-Chestertown,0.0,0.0,ry2026__ry2026_pau_savings_scaling_final_new_methodology_1__hospital_pau_savings_new_0.csv,Proposed PAU Adjustment % Normalized,Proposed PAU Adjustment $ Normalized
2026,PAU,17,Garrett,0.0,0.0,ry2026__ry2026_pau_savings_scaling_final_new_methodology_1__hospital_pau_savings_new_0.csv,Proposed PAU Adjustment % Normalized,Proposed PAU Adjustment $ Normalized
2026,PAU,64,Levindale,0.0,0.0,ry2026__ry2026_pau_savings_scaling_final_new_methodology_1__hospital_pau_savings_new_0.csv,Proposed PAU Adjustment % Normalized,Proposed PAU Adjustment $ Normalized
2026,PAU,44,GBMC,0.0,0.0,ry2026__ry2026_pau_savings_scaling_final_new_methodology_1__hospital_pau_savings_new_0.csv,Proposed PAU Adjustment % Normalized,Proposed PAU Adjustment $ Normalized
2026,PAU,37,UM-Easton,0.0,0.0,ry2026__ry2026_pau_savings_scaling_final_new_methodology_1__hospital_pau_savings_new_0.csv,Proposed PAU Adjustment % Normalized,Proposed PAU Adjustment $ Normalized
2026,PAU,61,Atlantic General,0.0,0.0,ry2026__ry2026_pau_savings_scaling_final_new_methodology_1__hospital_pau_savings_new_0.csv,Proposed PAU Adjustment % Normalized,Proposed PAU Adjustment $ Normalized
2026,PAU,60,Ft Washington,0.0,0.0,ry2026__ry2026_pau_savings_scaling_final_new_methodology_1__hospital_pau_savings_new_0.csv,Proposed PAU Adjustment % Normalized,Proposed PAU Adjustment $ Normalized
2026,PAU,39,Calvert,0.0,0.0,ry2026__ry2026_pau_savings_scaling_final_new_methodology_1__hospital_pau_savings_new_0.csv,Proposed PAU Adjustment % Normalized,Proposed PAU Adjustment $ Normalized
2026,PAU,22,Suburban,0.0,0.0,ry2026__ry2026_pau_savings_scaling_final_new_methodology_1__hospital_pau_savings_new_0.csv,Proposed PAU Adjustment % Normalized,Proposed PAU Adjustment $ Normalized
2026,PAU,23,AAMC,0.0,0.0,ry2026__ry2026_pau_savings_scaling_final_new_methodology_1__hospital_pau_savings_new_0.csv,Proposed PAU Adjustment % Normalized,Proposed PAU Adjustment $ Normalized
2026,PAU,18,MS Montgomery,0.0,0.0,ry2026__ry2026_pau_savings_scaling_final_new_methodology_1__hospital_pau_savings_new_0.csv,Proposed PAU Adjustment % Normalized,Proposed PAU Adjustment $ Normalized
2026,PAU,57,Shady Grove,0.0,0.0,ry2026__ry2026_pau_savings_scaling_final_new_methodology_1__hospital_pau_savings_new_0.csv,Proposed PAU Adjustment % Normalized,Proposed PAU Adjustment $ Normalized
2026,PAU,28,MS St Marys,0.0,0.0,ry2026__ry2026_pau_savings_scaling_final_new_methodology_1__hospital_pau_savings_new_0.csv,Proposed PAU Adjustment % Normalized,Proposed PAU Adjustment $ Normalized
2026,PAU,19,PRMC,0.0,0.0,ry2026__ry2026_pau_savings_scaling_final_new_methodology_1__hospital_pau_savings_new_0.csv,Proposed PAU Adjustment % Normalized,Proposed PAU Adjustment $ Normalized
2026,PAU,63,UM-St Joes,0.0,0.0,ry2026__ry2026_pau_savings_scaling_final_new_methodology_1__hospital_pau_savings_new_0.csv,Proposed PAU Adjustment % Normalized,Proposed PAU Adjustment $ Normalized
2026,PAU,4,Holy Cross,0.0,0.0,ry2026__ry2026_pau_savings_scaling_final_new_methodology_1__hospital_pau_savings_new_0.csv,Proposed PAU Adjustment % Normalized,Proposed PAU Adjustment $ Normalized
2026,PAU,35,UM-Charles,0.0,0.0,ry2026__ry2026_pau_savings_scaling_final_new_methodology_1__hospital_pau_savings_new_0.csv,Proposed PAU Adjustment % Normalized,Proposed PAU Adjustment $ Normalized
2026,PAU,16,Wash Adventist,0.0,0.0,ry2026__ry2026_pau_savings_scaling_final_new_methodology_1__hospital_pau_savings_new_0.csv,Proposed PAU Adjustment % Normalized,Proposed PAU Adjustment $ Normalized
2026,PAU,5,Frederick,0.0,0.0,ry2026__ry2026_pau_savings_scaling_final_new_methodology_1__hospital_pau_savings_new_0.csv,Proposed PAU Adjustment % Normalized,Proposed PAU Adjustment $ Normalized
2026,PAU,48,Howard,0.0,0.0,ry2026__ry2026_pau_savings_scaling_final_new_methodology_1__hospital_pau_savings_new_0.csv,Proposed PAU Adjustment % Normalized,Proposed PAU Adjustment $ Normalized
2026,PAU,8,Mercy,0.0,0.0,ry2026__ry2026_pau_savings_scaling_final_new_methodology_1__hospital_pau_savings_new_0.csv,Proposed PAU Adjustment % Normalized,Proposed PAU Adjustment $ Normalized
2026,PAU,65,HC-Germantown,0.0,0.0,ry2026__ry2026_pau_savings_scaling_final_new_methodology_1__hospital_pau_savings_new_0.csv,Proposed PAU Adjustment % Normalized,Proposed PAU Adjustment $ Normalized
2026,PAU,27,Western MD,0.0,0.0,ry2026__ry2026_pau_savings_scaling_final_new_methodology_1__hospital_pau_savings_new_0.csv,Proposed PAU Adjustment % Normalized,Proposed PAU Adjustment $ Normalized
2026,PAU,32,Union of Cecil,0.0,0.0,ry2026__ry2026_pau_savings_scaling_final_new_methodology_1__hospital_pau_savings_new_0.csv,Proposed PAU Adjustment % Normalized,Proposed PAU Adjustment $ Normalized
2026,PAU,10,UM-Dorchester,0.0,0.0,ry2026__ry2026_pau_savings_scaling_final_new_methodology_1__hospital_pau_savings_new_0.csv,Proposed PAU Adjustment % Normalized,Proposed PAU Adjustment $ Normalized
2026,PAU,13,Bon Secours,0.0,0.0,ry2026__ry2026_pau_savings_scaling_final_new_methodology_1__hospital_pau_savings_new_0.csv,Proposed PAU Adjustment % Normalized,Proposed PAU Adjustment $ Normalized
2026,PAU,45,McCready*,0.0,0.0,ry2026__ry2026_pau_savings_scaling_final_new_methodology_1__hospital_pau_savings_new_0.csv,Proposed PAU Adjustment % Normalized,Proposed PAU Adjustment $ Normalized
2026,PAU,55,Laurel,0.0,0.0,ry2026__ry2026_pau_savings_scaling_final_new_methodology_1__hospital_pau_savings_new_0.csv,Proposed PAU Adjustment % Normalized,Proposed PAU Adjustment $ Normalized
2026,PAU,58,UMROI,0.0,0.0,ry2026__ry2026_pau_savings_scaling_final_new_methodology_1__hospital_pau_savings_new_0.csv,Proposed PAU Adjustment % Normalized,Proposed PAU Adjustment $ Normalized
2026,PAU,3,UM-PG,0.0,0.0,ry2026__ry2026_pau_savings_scaling_final_new_methodology_1__hospital_pau_savings_new_0.csv,Proposed PAU Adjustment % Normalized,Proposed PAU Adjustment $ Normalized
2026,PAU,6,UM-Harford,0.0,0.0,ry2026__ry2026_pau_savings_scaling_final_new_methodology_1__hospital_pau_savings_new_0.csv,Proposed PAU Adjustment % Normalized,Proposed PAU Adjustment $ Normalized
2026,PAU,33,Carroll,-3.386418454491593e-05,-9503.973075216734,ry2026__ry2026_pau_savings_scaling_final_new_methodology_1__hospital_pau_savings_new_0.csv,Proposed PAU Adjustment % Normalized,Proposed PAU Adjustment $ Normalized
2026,PAU,62,MS Southern MD,-8.690603784133273e-05,-29782.53932436555,ry2026__ry2026_pau_savings_scaling_final_new_methodology_1__hospital_pau_savings_new_0.csv,Proposed PAU Adjustment % Normalized,Proposed PAU Adjustment $ Normalized
2026,PAU,12,Sinai,-0.00013459060622924126,-130085.2587474693,ry2026__ry2026_pau_savings_scaling_final_new_methodology_1__hospital_pau_savings_new_0.csv,Proposed PAU Adjustment % Normalized,Proposed PAU Adjustment $ Normalized
2026,PAU,49,UM-UCH,-0.00019868440193870584,-89980.30348333839,ry2026__ry2026_pau_savings_scaling_final_new_methodology_1__hospital_pau_savings_new_0.csv,Proposed PAU Adjustment % Normalized,Proposed PAU Adjustment $ Normalized
2026,PAU,11,St Agnes,-0.0003930341080840732,-207312.45698993484,ry2026__ry2026_pau_savings_scaling_final_new_methodology_1__hospital_pau_savings_new_0.csv,Proposed PAU Adjustment % Normalized,Proposed PAU Adjustment $ Normalized
2026,PAU,9,Johns Hopkins,-0.00040548823102524675,-1287069.7203173859,ry2026__ry2026_pau_savings_scaling_final_new_methodology_1__hospital_pau_savings_new_0.csv,Proposed PAU Adjustment % Normalized,Proposed PAU Adjustment $ Normalized
2026,PAU,1,Meritus,-0.0004898419454587205,-248497.8131030479,ry2026__ry2026_pau_savings_scaling_final_new_methodology_1__hospital_pau_savings_new_0.csv,Proposed PAU Adjustment % Normalized,Proposed PAU Adjustment $ Normalized
2026,PAU,2,UMMC,-0.0004915631744543691,-1085150.4017440886,ry2026__ry2026_pau_savings_scaling_final_new_methodology_1__hospital_pau_savings_new_0.csv,Proposed PAU Adjustment % Normalized,Proposed PAU Adjustment $ Normalized
2026,PAU,15,MS Franklin Sq,-0.000544123810018454,-377215.82940785616,ry2026__ry2026_pau_savings_scaling_final_new_methodology_1__hospital_pau_savings_new_0.csv,Proposed PAU Adjustment % Normalized,Proposed PAU Adjustment $ Normalized
2026,PAU,43,UM-BWMC,-0.0005778361685755894,-311043.616966234,ry2026__ry2026_pau_savings_scaling_final_new_methodology_1__hospital_pau_savings_new_0.csv,Proposed PAU Adjustment % Normalized,Proposed PAU Adjustment $ Normalized
2026,PAU,51,Doctors,-0.0007961820185610235,-247801.02476986757,ry2026__ry2026_pau_savings_scaling_final_new_methodology_1__hospital_pau_savings_new_0.csv,Proposed PAU Adjustment % Normalized,Proposed PAU Adjustment $ Normalized
2026,PAU,29,Bayview,-0.000812222669718767,-679837.0215094428,ry2026__ry2026_pau_savings_scaling_final_new_methodology_1__hospital_pau_savings_new_0.csv,Proposed PAU Adjustment % Normalized,Proposed PAU Adjustment $ Normalized
2026,PAU,24,MS Union Mem,-0.0012524824163267804,-630600.3078032557,ry2026__ry2026_pau_savings_scaling_final_new_methodology_1__hospital_pau_savings_new_0.csv,Proposed PAU Adjustment % Normalized,Proposed PAU Adjustment $ Normalized
2026,PAU,34,MS Harbor,-0.001380063773441512,-309693.96578282025,ry2026__ry2026_pau_savings_scaling_final_new_methodology_1__hospital_pau_savings_new_0.csv,Proposed PAU Adjustment % Normalized,Proposed PAU Adjustment $ Normalized
2026,PAU,40,Northwest,-0.001461458540590927,-453927.2782688121,ry2026__ry2026_pau_savings_scaling_final_new_methodology_1__hospital_pau_savings_new_0.csv,Proposed PAU Adjustment % Normalized,Proposed PAU Adjustment $ Normalized
2026,PAU,56,MS Good Sam,-0.0015161385519187767,-483225.74515692994,ry2026__ry2026_pau_savings_scaling_final_new_methodology_1__hospital_pau_savings_new_0.csv,Proposed PAU Adjustment % Normalized,Proposed PAU Adjustment $ Normalized
2026,PAU,38,UMMC Midtown,-0.001621032270365264,-446930.23857929365,ry2026__ry2026_pau_savings_scaling_final_new_methodology_1__hospital_pau_savings_new_0.csv,Proposed PAU Adjustment % Normalized,Proposed PAU Adjustment $ Normalized
2027,PAU,30,UM-Chestertown,0.0,0.0,ry2027__ry2027_pau_savings_scaling_new_methodology_final__hospital_pau_savings_new_0.csv,Proposed PAU Adjustment % Normalized,Proposed PAU Adjustment $ Normalized
2027,PAU,17,Garrett,0.0,0.0,ry2027__ry2027_pau_savings_scaling_new_methodology_final__hospital_pau_savings_new_0.csv,Proposed PAU Adjustment % Normalized,Proposed PAU Adjustment $ Normalized
2027,PAU,64,Levindale,0.0,0.0,ry2027__ry2027_pau_savings_scaling_new_methodology_final__hospital_pau_savings_new_0.csv,Proposed PAU Adjustment % Normalized,Proposed PAU Adjustment $ Normalized
2027,PAU,44,GBMC,0.0,0.0,ry2027__ry2027_pau_savings_scaling_new_methodology_final__hospital_pau_savings_new_0.csv,Proposed PAU Adjustment % Normalized,Proposed PAU Adjustment $ Normalized
2027,PAU,37,UM-Easton,0.0,0.0,ry2027__ry2027_pau_savings_scaling_new_methodology_final__hospital_pau_savings_new_0.csv,Proposed PAU Adjustment % Normalized,Proposed PAU Adjustment $ Normalized
2027,PAU,61,Atlantic General,0.0,0.0,ry2027__ry2027_pau_savings_scaling_new_methodology_final__hospital_pau_savings_new_0.csv,Proposed PAU Adjustment % Normalized,Proposed PAU Adjustment $ Normalized
2027,PAU,60,Ft Washington,0.0,0.0,ry2027__ry2027_pau_savings_scaling_new_methodology_final__hospital_pau_savings_new_0.csv,Proposed PAU Adjustment % Normalized,Proposed PAU Adjustment $ Normalized
2027,PAU,39,Calvert,0.0,0.0,ry2027__ry2027_pau_savings_scaling_new_methodology_final__hospital_pau_savings_new_0.csv,Proposed PAU Adjustment % Normalized,Proposed PAU Adjustment $ Normalized
2027,PAU,22,Suburban,0.0,0.0,ry2027__ry2027_pau_savings_scaling_new_methodology_final__hospital_pau_savings_new_0.csv,Proposed PAU Adjustment % Normalized,Proposed PAU Adjustment $ Normalized
2027,PAU,23,AAMC,0.0,0.0,ry2027__ry2027_pau_savings_scaling_new_methodology_final__hospital_pau_savings_new_0.csv,Proposed PAU Adjustment % Normalized,Proposed PAU Adjustment $ Normalized
2027,PAU,18,MS Montgomery,0.0,0.0,ry2027__ry2027_pau_savings_scaling_new_methodology_final__hospital_pau_savings_new_0.csv,Proposed PAU Adjustment % Normalized,Proposed PAU Adjustment $ Normalized
2027,PAU,57,Shady Grove,0.0,0.0,ry2027__ry2027_pau_savings_scaling_new_methodology_final__hospital_pau_savings_new_0.csv,Proposed PAU Adjustment % Normalized,Proposed PAU Adjustment $ Normalized
2027,PAU,28,MS St Marys,0.0,0.0,ry2027__ry2027_pau_savings_scaling_new_methodology_final__hospital_pau_savings_new_0.csv,Proposed PAU Adjustment % Normalized,Proposed PAU Adjustment $ Normalized
2027,PAU,19,PRMC,0.0,0.0,ry2027__ry2027_pau_savings_scaling_new_methodology_final__hospital_pau_savings_new_0.csv,Proposed PAU Adjustment % Normalized,Proposed PAU Adjustment $ Normalized
2027,PAU,63,UM-St Joes,0.0,0.0,ry2027__ry2027_pau_savings_scaling_new_methodology_final__hospital_pau_savings_new_0.csv,Proposed PAU Adjustment % Normalized,Proposed PAU Adjustment $ Normalized
2027,PAU,4,Holy Cross,0.0,0.0,ry2027__ry2027_pau_savings_scaling_new_methodology_final__hospital_pau_savings_new_0.csv,Proposed PAU Adjustment % Normalized,Proposed PAU Adjustment $ Normalized
2027,PAU,35,UM-Charles,0.0,0.0,ry2027__ry2027_pau_savings_scaling_new_methodology_final__hospital_pau_savings_new_0.csv,Proposed PAU Adjustment % Normalized,Proposed PAU Adjustment $ Normalized
2027,PAU,16,Wash Adventist,0.0,0.0,ry2027__ry2027_pau_savings_scaling_new_methodology_final__hospital_pau_savings_new_0.csv,Proposed PAU Adjustment % Normalized,Proposed PAU Adjustment $ Normalized
2027,PAU,5,Frederick,0.0,0.0,ry2027__ry2027_pau_savings_scaling_new_methodology_final__hospital_pau_savings_new_0.csv,Proposed PAU Adjustment % Normalized,Proposed PAU Adjustment $ Normalized
2027,PAU,48,Howard,0.0,0.0,ry2027__ry2027_pau_savings_scaling_new_methodology_final__hospital_pau_savings_new_0.csv,Proposed PAU Adjustment % Normalized,Proposed PAU Adjustment $ Normalized
2027,PAU,8,Mercy,0.0,0.0,ry2027__ry2027_pau_savings_scaling_new_methodology_final__hospital_pau_savings_new_0.csv,Proposed PAU Adjustment % Normalized,Proposed PAU Adjustment $ Normalized
2027,PAU,65,HC-Germantown,0.0,0.0,ry2027__ry2027_pau_savings_scaling_new_methodology_final__hospital_pau_savings_new_0.csv,Proposed PAU Adjustment % Normalized,Proposed PAU Adjustment $ Normalized
2027,PAU,32,Union of Cecil,0.0,0.0,ry2027__ry2027_pau_savings_scaling_new_methodology_final__hospital_pau_savings_new_0.csv,Proposed PAU Adjustment % Normalized,Proposed PAU Adjustment $ Normalized
2027,PAU,10,UM-Dorchester,0.0,0.0,ry2027__ry2027_pau_savings_scaling_new_methodology_final__hospital_pau_savings_new_0.csv,Proposed PAU Adjustment % Normalized,Proposed PAU Adjustment $ Normalized
2027,PAU,13,Bon Secours,0.0,0.0,ry2027__ry2027_pau_savings_scaling_new_methodology_final__hospital_pau_savings_new_0.csv,Proposed PAU Adjustment % Normalized,Proposed PAU Adjustment $ Normalized
2027,PAU,45,McCready*,0.0,0.0,ry2027__ry2027_pau_savings_scaling_new_methodology_final__hospital_pau_savings_new_0.csv,Proposed PAU Adjustment % Normalized,Proposed PAU Adjustment $ Normalized
2027,PAU,55,Laurel,0.0,0.0,ry2027__ry2027_pau_savings_scaling_new_methodology_final__hospital_pau_savings_new_0.csv,Proposed PAU Adjustment % Normalized,Proposed PAU Adjustment $ Normalized
2027,PAU,58,UMROI,0.0,0.0,ry2027__ry2027_pau_savings_scaling_new_methodology_final__hospital_pau_savings_new_0.csv,Proposed PAU Adjustment % Normalized,Proposed PAU Adjustment $ Normalized
2027,PAU,3,UM-PG,0.0,0.0,ry2027__ry2027_pau_savings_scaling_new_methodology_final__hospital_pau_savings_new_0.csv,Proposed PAU Adjustment % Normalized,Proposed PAU Adjustment $ Normalized
2027,PAU,6,UM-Harford,0.0,0.0,ry2027__ry2027_pau_savings_scaling_new_methodology_final__hospital_pau_savings_new_0.csv,Proposed PAU Adjustment % Normalized,Proposed PAU Adjustment $ Normalized
2027,PAU,62,MS Southern MD,-9.071829047828174e-06,-3292.386087593365,ry2027__ry2027_pau_savings_scaling_new_methodology_final__hospital_pau_savings_new_0.csv,Proposed PAU Adjustment % Normalized,Proposed PAU Adjustment $ Normalized
2027,PAU,33,Carroll,-5.59914926380575e-05,-16439.190710420608,ry2027__ry2027_pau_savings_scaling_new_methodology_final__hospital_pau_savings_new_0.csv,Proposed PAU Adjustment % Normalized,Proposed PAU Adjustment $ Normalized
2027,PAU,11,St Agnes,-7.076971283179751e-05,-38852.647879401666,ry2027__ry2027_pau_savings_scaling_new_methodology_final__hospital_pau_savings_new_0.csv,Proposed PAU Adjustment % Normalized,Proposed PAU Adjustment $ Normalized
2027,PAU,27,Western MD,-9.086900680685934e-05,-36440.34911181066,ry2027__ry2027_pau_savings_scaling_new_methodology_final__hospital_pau_savings_new_0.csv,Proposed PAU Adjustment % Normalized,Proposed PAU Adjustment $ Normalized
2027,PAU,51,Doctors,-0.00015573879625077535,-51352.479653811424,ry2027__ry2027_pau_savings_scaling_new_methodology_final__hospital_pau_savings_new_0.csv,Proposed PAU Adjustment % Normalized,Proposed PAU Adjustment $ Normalized
2027,PAU,12,Sinai,-0.00016099194486644892,-161726.69580243097,ry2027__ry2027_pau_savings_scaling_new_methodology_final__hospital_pau_savings_new_0.csv,Proposed PAU Adjustment % Normalized,Proposed PAU Adjustment $ Normalized
2027,PAU,2,UMMC,-0.0001721970919333674,-355551.71181739675,ry2027__ry2027_pau_savings_scaling_new_methodology_final__hospital_pau_savings_new_0.csv,Proposed PAU Adjustment % Normalized,Proposed PAU Adjustment $ Normalized
2027,PAU,49,UM-UCH,-0.00019000147272943695,-89776.6008564999,ry2027__ry2027_pau_savings_scaling_new_methodology_final__hospital_pau_savings_new_0.csv,Proposed PAU Adjustment % Normalized,Proposed PAU Adjustment $ Normalized
2027,PAU,43,UM-BWMC,-0.00027751485752519313,-159543.39902501222,ry2027__ry2027_pau_savings_scaling_new_methodology_final__hospital_pau_savings_new_0.csv,Proposed PAU Adjustment % Normalized,Proposed PAU Adjustment $ Normalized
2027,PAU,1,Meritus,-0.0003259029503863554,-182548.2775262653,ry2027__ry2027_pau_savings_scaling_new_methodology_final__hospital_pau_savings_new_0.csv,Proposed PAU Adjustment % Normalized,Proposed PAU Adjustment $ Normalized
2027,PAU,15,MS Franklin Sq,-0.00036065655740005097,-272910.48852775095,ry2027__ry2027_pau_savings_scaling_new_methodology_final__hospital_pau_savings_new_0.csv,Proposed PAU Adjustment % Normalized,Proposed PAU Adjustment $ Normalized
2027,PAU,9,Johns Hopkins,-0.0004979416061374446,-1676149.6853328794,ry2027__ry2027_pau_savings_scaling_new_methodology_final__hospital_pau_savings_new_0.csv,Proposed PAU Adjustment % Normalized,Proposed PAU Adjustment $ Normalized
2027,PAU,29,Bayview,-0.0005967274642301741,-519665.89585356996,ry2027__ry2027_pau_savings_scaling_new_methodology_final__hospital_pau_savings_new_0.csv,Proposed PAU Adjustment % Normalized,Proposed PAU Adjustment $ Normalized
2027,PAU,24,MS Union Mem,-0.0007913943100432367,-417616.48414390895,ry2027__ry2027_pau_savings_scaling_new_methodology_final__hospital_pau_savings_new_0.csv,Proposed PAU Adjustment % Normalized,Proposed PAU Adjustment $ Normalized
2027,PAU,56,MS Good Sam,-0.001068626770479568,-351709.16533783084,ry2027__ry2027_pau_savings_scaling_new_methodology_final__hospital_pau_savings_new_0.csv,Proposed PAU Adjustment % Normalized,Proposed PAU Adjustment $ Normalized
2027,PAU,34,MS Harbor,-0.0012075430554634014,-285711.20879740117,ry2027__ry2027_pau_savings_scaling_new_methodology_final__hospital_pau_savings_new_0.csv,Proposed PAU Adjustment % Normalized,Proposed PAU Adjustment $ Normalized
2027,PAU,40,Northwest,-0.0012833799423804773,-410226.40950009995,ry2027__ry2027_pau_savings_scaling_new_methodology_final__hospital_pau_savings_new_0.csv,Proposed PAU Adjustment % Normalized,Proposed PAU Adjustment $ Normalized
2027,PAU,38,UMMC Midtown,-0.0014740071262689869,-424841.6643639194,ry2027__ry2027_pau_savings_scaling_new_methodology_final__hospital_pau_savings_new_0.csv,Proposed PAU Adjustment % Normalized,Proposed PAU Adjustment $ Normalized
2016,QBR,3,PRINCE GEORGE,-0.01000000000000012,,ry2016__qbr_ry2016_revenue_adjustments_09042015_updated__ry2016_revenue_adjustments.csv,REVENUE NEUTRAL ADJUSTED PERCENT,
2016,QBR,24,UNION MEMORIAL,-0.008479033873861952,,ry2016__qbr_ry2016_revenue_adjustments_09042015_updated__ry2016_revenue_adjustments.csv,REVENUE NEUTRAL ADJUSTED PERCENT,
2016,QBR,13,BON SECOURS,-0.00842090777986948,,ry2016__qbr_ry2016_revenue_adjustments_09042015_updated__ry2016_revenue_adjustments.csv,REVENUE NEUTRAL ADJUSTED PERCENT,
2016,QBR,17,GARRETT COUNTY,-0.008106058104076608,,ry2016__qbr_ry2016_revenue_adjustments_09042015_updated__ry2016_revenue_adjustments.csv,REVENUE NEUTRAL ADJUSTED PERCENT,
2016,QBR,61,ATLANTIC GENERAL,-0.007209947488358348,,ry2016__qbr_ry2016_revenue_adjustments_09042015_updated__ry2016_revenue_adjustments.csv,REVENUE NEUTRAL ADJUSTED PERCENT,
2016,QBR,10,DORCHESTER,-0.005364444004095192,,ry2016__qbr_ry2016_revenue_adjustments_09042015_updated__ry2016_revenue_adjustments.csv,REVENUE NEUTRAL ADJUSTED PERCENT,
2016,QBR,62,SOUTHERN MARYLAND,-0.005059282010634436,,ry2016__qbr_ry2016_revenue_adjustments_09042015_updated__ry2016_revenue_adjustments.csv,REVENUE NEUTRAL ADJUSTED PERCENT,
2016,QBR,56,GOOD SAMARITAN,-0.004574897894030094,,ry2016__qbr_ry2016_revenue_adjustments_09042015_updated__ry2016_revenue_adjustments.csv,REVENUE NEUTRAL ADJUSTED PERCENT,
2016,QBR,23,ANNE ARUNDEL,-0.004201922124244528,,ry2016__qbr_ry2016_revenue_adjustments_09042015_updated__ry2016_revenue_adjustments.csv,REVENUE NEUTRAL ADJUSTED PERCENT,
2016,QBR,34,HARBOR,-0.0035528474079945527,,ry2016__qbr_ry2016_revenue_adjustments_09042015_updated__ry2016_revenue_adjustments.csv,REVENUE NEUTRAL ADJUSTED PERCENT,
2016,QBR,15,FRANKLIN SQUARE,-0.003509252837500143,,ry2016__qbr_ry2016_revenue_adjustments_09042015_updated__ry2016_revenue_adjustments.csv,REVENUE NEUTRAL ADJUSTED PERCENT,
2016,QBR,4,HOLY CROSS,-0.003092682497220278,,ry2016__qbr_ry2016_revenue_adjustments_09042015_updated__ry2016_revenue_adjustments.csv,REVENUE NEUTRAL ADJUSTED PERCENT,
2016,QBR,57,SHADY GROVE,-0.002152977311007609,,ry2016__qbr_ry2016_revenue_adjustments_09042015_updated__ry2016_revenue_adjustments.csv,REVENUE NEUTRAL ADJUSTED PERCENT,
2016,QBR,55,LAUREL REGIONAL,-0.002027037440690438,,ry2016__qbr_ry2016_revenue_adjustments_09042015_updated__ry2016_revenue_adjustments.csv,REVENUE NEUTRAL ADJUSTED PERCENT,
2016,QBR,38,UMMC MIDTOWN,-0.001988286711361975,,ry2016__qbr_ry2016_revenue_adjustments_09042015_updated__ry2016_revenue_adjustments.csv,REVENUE NEUTRAL ADJUSTED PERCENT,
2016,QBR,60,FT. WASHINGTON,-0.001833283794048679,,ry2016__qbr_ry2016_revenue_adjustments_09042015_updated__ry2016_revenue_adjustments.csv,REVENUE NEUTRAL ADJUSTED PERCENT,
2016,QBR,16,WASHINGTON ADVENTIST,-0.0015329656417538695,,ry2016__qbr_ry2016_revenue_adjustments_09042015_updated__ry2016_revenue_adjustments.csv,REVENUE NEUTRAL ADJUSTED PERCENT,
2016,QBR,18,MONTGOMERY GENERAL,-0.00116967755430053,,ry2016__qbr_ry2016_revenue_adjustments_09042015_updated__ry2016_revenue_adjustments.csv,REVENUE NEUTRAL ADJUSTED PERCENT,
2016,QBR,11,ST. AGNES,-0.0009904554311569447,,ry2016__qbr_ry2016_revenue_adjustments_09042015_updated__ry2016_revenue_adjustments.csv,REVENUE NEUTRAL ADJUSTED PERCENT,
2016,QBR,22,SUBURBAN,-0.0009517047018284819,,ry2016__qbr_ry2016_revenue_adjustments_09042015_updated__ry2016_revenue_adjustments.csv,REVENUE NEUTRAL ADJUSTED PERCENT,
2016,QBR,2,UNIVERSITY OF MARYLAND,-0.0008935786078360097,,ry2016__qbr_ry2016_revenue_adjustments_09042015_updated__ry2016_revenue_adjustments.csv,REVENUE NEUTRAL ADJUSTED PERCENT,
2016,QBR,35,CHARLES REGIONAL,-0.0005738850908769688,,ry2016__qbr_ry2016_revenue_adjustments_09042015_updated__ry2016_revenue_adjustments.csv,REVENUE NEUTRAL ADJUSTED PERCENT,
2016,QBR,1,MERITUS,0.00012236586131342264,,ry2016__qbr_ry2016_revenue_adjustments_09042015_updated__ry2016_revenue_adjustments.csv,REVENUE NEUTRAL ADJUSTED PERCENT,
2016,QBR,37,EASTON,0.0002726608765226679,,ry2016__qbr_ry2016_revenue_adjustments_09042015_updated__ry2016_revenue_adjustments.csv,REVENUE NEUTRAL ADJUSTED PERCENT,
2016,QBR,19,PENINSULA REGIONAL,0.0008443713265342545,,ry2016__qbr_ry2016_revenue_adjustments_09042015_updated__ry2016_revenue_adjustments.csv,REVENUE NEUTRAL ADJUSTED PERCENT,
2016,QBR,40,NORTHWEST,0.0010300298747338843,,ry2016__qbr_ry2016_revenue_adjustments_09042015_updated__ry2016_revenue_adjustments.csv,REVENUE NEUTRAL ADJUSTED PERCENT,
2016,QBR,51,DOCTORS COMMUNITY,0.0010300298747338843,,ry2016__qbr_ry2016_revenue_adjustments_09042015_updated__ry2016_revenue_adjustments.csv,REVENUE NEUTRAL ADJUSTED PERCENT,
2016,QBR,39,CALVERT,0.0010565525244767837,,ry2016__qbr_ry2016_revenue_adjustments_09042015_updated__ry2016_revenue_adjustments.csv,REVENUE NEUTRAL ADJUSTED PERCENT,
2016,QBR,5,FREDERICK MEMORIAL,0.0013158850997396776,,ry2016__qbr_ry2016_revenue_adjustments_09042015_updated__ry2016_revenue_adjustments.csv,REVENUE NEUTRAL ADJUSTED PERCENT,
2016,QBR,29,HOPKINS BAYVIEW MED CTR,0.0014514453095364477,,ry2016__qbr_ry2016_revenue_adjustments_09042015_updated__ry2016_revenue_adjustments.csv,REVENUE NEUTRAL ADJUSTED PERCENT,
2016,QBR,6,HARFORD,0.0014897558036091052,,ry2016__qbr_ry2016_revenue_adjustments_09042015_updated__ry2016_revenue_adjustments.csv,REVENUE NEUTRAL ADJUSTED PERCENT,
2016,QBR,30,CHESTERTOWN,0.0015192254144344997,,ry2016__qbr_ry2016_revenue_adjustments_09042015_updated__ry2016_revenue_adjustments.csv,REVENUE NEUTRAL ADJUSTED PERCENT,
2016,QBR,48,HOWARD COUNTY,0.0019317999659893559,,ry2016__qbr_ry2016_revenue_adjustments_09042015_updated__ry2016_revenue_adjustments.csv,REVENUE NEUTRAL ADJUSTED PERCENT,
2016,QBR,44,G.B.M.C.,0.0019907391876399227,,ry2016__qbr_ry2016_revenue_adjustments_09042015_updated__ry2016_revenue_adjustments.csv,REVENUE NEUTRAL ADJUSTED PERCENT,
2016,QBR,32,UNION HOSPITAL  OF CECIL COUNT,0.002279541373728433,,ry2016__qbr_ry2016_revenue_adjustments_09042015_updated__ry2016_revenue_adjustments.csv,REVENUE NEUTRAL ADJUSTED PERCENT,
2016,QBR,8,MERCY,0.0027569490690988463,,ry2016__qbr_ry2016_revenue_adjustments_09042015_updated__ry2016_revenue_adjustments.csv,REVENUE NEUTRAL ADJUSTED PERCENT,
2016,QBR,12,SINAI,0.0027746308355940386,,ry2016__qbr_ry2016_revenue_adjustments_09042015_updated__ry2016_revenue_adjustments.csv,REVENUE NEUTRAL ADJUSTED PERCENT,
2016,QBR,9,JOHNS HOPKINS,0.0029838650724540727,,ry2016__qbr_ry2016_revenue_adjustments_09042015_updated__ry2016_revenue_adjustments.csv,REVENUE NEUTRAL ADJUSTED PERCENT,
2016,QBR,33,CARROLL COUNTY,0.0031017435157554285,,ry2016__qbr_ry2016_revenue_adjustments_09042015_updated__ry2016_revenue_adjustments.csv,REVENUE NEUTRAL ADJUSTED PERCENT,
2016,QBR,28,ST. MARY,0.0033699169742660295,,ry2016__qbr_ry2016_revenue_adjustments_09042015_updated__ry2016_revenue_adjustments.csv,REVENUE NEUTRAL ADJUSTED PERCENT,
2016,QBR,49,UPPER CHESAPEAKE HEALTH,0.003546734639217952,,ry2016__qbr_ry2016_revenue_adjustments_09042015_updated__ry2016_revenue_adjustments.csv,REVENUE NEUTRAL ADJUSTED PERCENT,
2016,QBR,43,BALTIMORE WASHINGTON MEDICAL CENTER,0.0041626495054676305,,ry2016__qbr_ry2016_revenue_adjustments_09042015_updated__ry2016_revenue_adjustments.csv,REVENUE NEUTRAL ADJUSTED PERCENT,
2016,QBR,63,UM ST. JOSEPH,0.005845364283594723,,ry2016__qbr_ry2016_revenue_adjustments_09042015_updated__ry2016_revenue_adjustments.csv,REVENUE NEUTRAL ADJUSTED PERCENT,
2016,QBR,27,WESTERN MARYLAND HEALTH SYSTEM,0.007254011681046002,,ry2016__qbr_ry2016_revenue_adjustments_09042015_updated__ry2016_revenue_adjustments.csv,REVENUE NEUTRAL ADJUSTED PERCENT,
2017,QBR,13,,-0.0165,-1234030.440465206,ry2017__final_fy_2017_qbr_scale_modeling_20161122_sc__6_qbr_modeling_results.csv,% Revenue Impact,$ Revenue Impact
2017,QBR,55,,-0.012,-725173.276891265,ry2017__final_fy_2017_qbr_scale_modeling_20161122_sc__6_qbr_modeling_results.csv,% Revenue Impact,$ Revenue Impact
2017,QBR,38,,-0.010499999999999999,-1327192.7834495136,ry2017__final_fy_2017_qbr_scale_modeling_20161122_sc__6_qbr_modeling_results.csv,% Revenue Impact,$ Revenue Impact
2017,QBR,40,,-0.0095,-1085036.523024234,ry2017__final_fy_2017_qbr_scale_modeling_20161122_sc__6_qbr_modeling_results.csv,% Revenue Impact,$ Revenue Impact
2017,QBR,4,,-0.009,-2852737.4258751366,ry2017__final_fy_2017_qbr_scale_modeling_20161122_sc__6_qbr_modeling_results.csv,% Revenue Impact,$ Revenue Impact
2017,QBR,3,,-0.008499999999999999,-1872604.6232099999,ry2017__final_fy_2017_qbr_scale_modeling_20161122_sc__6_qbr_modeling_results.csv,% Revenue Impact,$ Revenue Impact
2017,QBR,62,,-0.007999999999999998,-1252518.0857183062,ry2017__final_fy_2017_qbr_scale_modeling_20161122_sc__6_qbr_modeling_results.csv,% Revenue Impact,$ Revenue Impact
2017,QBR,16,,-0.007999999999999998,-1241593.228637672,ry2017__final_fy_2017_qbr_scale_modeling_20161122_sc__6_qbr_modeling_results.csv,% Revenue Impact,$ Revenue Impact
2017,QBR,12,,-0.0049999999999999975,-2076753.6427497007,ry2017__final_fy_2017_qbr_scale_modeling_20161122_sc__6_qbr_modeling_results.csv,% Revenue Impact,$ Revenue Impact
2017,QBR,37,,-0.0049999999999999975,-509877.8856685484,ry2017__final_fy_2017_qbr_scale_modeling_20161122_sc__6_qbr_modeling_results.csv,% Revenue Impact,$ Revenue Impact
2017,QBR,23,,-0.0049999999999999975,-1459413.4158314844,ry2017__final_fy_2017_qbr_scale_modeling_20161122_sc__6_qbr_modeling_results.csv,% Revenue Impact,$ Revenue Impact
2017,QBR,15,,-0.0049999999999999975,-1371015.06518476,ry2017__final_fy_2017_qbr_scale_modeling_20161122_sc__6_qbr_modeling_results.csv,% Revenue Impact,$ Revenue Impact
2017,QBR,24,,-0.0049999999999999975,-1190976.6726147938,ry2017__final_fy_2017_qbr_scale_modeling_20161122_sc__6_qbr_modeling_results.csv,% Revenue Impact,$ Revenue Impact
2017,QBR,11,,-0.004499999999999997,-1045198.2325436329,ry2017__final_fy_2017_qbr_scale_modeling_20161122_sc__6_qbr_modeling_results.csv,% Revenue Impact,$ Revenue Impact
2017,QBR,43,,-0.003999999999999997,-951739.7279999992,ry2017__final_fy_2017_qbr_scale_modeling_20161122_sc__6_qbr_modeling_results.csv,% Revenue Impact,$ Revenue Impact
2017,QBR,27,,-0.003499999999999996,-586666.4031860264,ry2017__final_fy_2017_qbr_scale_modeling_20161122_sc__6_qbr_modeling_results.csv,% Revenue Impact,$ Revenue Impact
2017,QBR,6,,-0.0029999999999999957,-137141.8676553851,ry2017__final_fy_2017_qbr_scale_modeling_20161122_sc__6_qbr_modeling_results.csv,% Revenue Impact,$ Revenue Impact
2017,QBR,51,,-0.0029999999999999957,-397844.332729243,ry2017__final_fy_2017_qbr_scale_modeling_20161122_sc__6_qbr_modeling_results.csv,% Revenue Impact,$ Revenue Impact
2017,QBR,1,,-0.0024999999999999953,-476649.11965593783,ry2017__final_fy_2017_qbr_scale_modeling_20161122_sc__6_qbr_modeling_results.csv,% Revenue Impact,$ Revenue Impact
2017,QBR,9,,-0.0024999999999999953,-3110744.7500253734,ry2017__final_fy_2017_qbr_scale_modeling_20161122_sc__6_qbr_modeling_results.csv,% Revenue Impact,$ Revenue Impact
2017,QBR,32,,-0.001999999999999995,-138779.75191626349,ry2017__final_fy_2017_qbr_scale_modeling_20161122_sc__6_qbr_modeling_results.csv,% Revenue Impact,$ Revenue Impact
2017,QBR,29,,-0.0014999999999999944,-514844.57725590613,ry2017__final_fy_2017_qbr_scale_modeling_20161122_sc__6_qbr_modeling_results.csv,% Revenue Impact,$ Revenue Impact
2017,QBR,57,,-0.0014999999999999944,-330912.595722281,ry2017__final_fy_2017_qbr_scale_modeling_20161122_sc__6_qbr_modeling_results.csv,% Revenue Impact,$ Revenue Impact
2017,QBR,19,,-0.0014999999999999944,-363477.298116033,ry2017__final_fy_2017_qbr_scale_modeling_20161122_sc__6_qbr_modeling_results.csv,% Revenue Impact,$ Revenue Impact
2017,QBR,49,,-0.0014999999999999944,-203908.6139499011,ry2017__final_fy_2017_qbr_scale_modeling_20161122_sc__6_qbr_modeling_results.csv,% Revenue Impact,$ Revenue Impact
2017,QBR,30,,-0.0014999999999999944,-32362.76162139236,ry2017__final_fy_2017_qbr_scale_modeling_20161122_sc__6_qbr_modeling_results.csv,% Revenue Impact,$ Revenue Impact
2017,QBR,2,,-0.000999999999999994,-906034.0340371116,ry2017__final_fy_2017_qbr_scale_modeling_20161122_sc__6_qbr_modeling_results.csv,% Revenue Impact,$ Revenue Impact
2017,QBR,61,,-0.000999999999999994,-37750.25207087223,ry2017__final_fy_2017_qbr_scale_modeling_20161122_sc__6_qbr_modeling_results.csv,% Revenue Impact,$ Revenue Impact
2017,QBR,17,,-0.0004999999999999935,-9574.57405751486,ry2017__final_fy_2017_qbr_scale_modeling_20161122_sc__6_qbr_modeling_results.csv,% Revenue Impact,$ Revenue Impact
2017,QBR,60,,0.0,0.0,ry2017__final_fy_2017_qbr_scale_modeling_20161122_sc__6_qbr_modeling_results.csv,% Revenue Impact,$ Revenue Impact
2017,QBR,8,,0.0,0.0,ry2017__final_fy_2017_qbr_scale_modeling_20161122_sc__6_qbr_modeling_results.csv,% Revenue Impact,$ Revenue Impact
2017,QBR,35,,0.0005000000000000074,33526.45567543071,ry2017__final_fy_2017_qbr_scale_modeling_20161122_sc__6_qbr_modeling_results.csv,% Revenue Impact,$ Revenue Impact
2017,QBR,33,,0.0010000000000000078,136267.43352777883,ry2017__final_fy_2017_qbr_scale_modeling_20161122_sc__6_qbr_modeling_results.csv,% Revenue Impact,$ Revenue Impact
2017,QBR,39,,0.0010000000000000078,62336.01447966111,ry2017__final_fy_2017_qbr_scale_modeling_20161122_sc__6_qbr_modeling_results.csv,% Revenue Impact,$ Revenue Impact
2017,QBR,63,,0.0010000000000000078,234223.27372369423,ry2017__final_fy_2017_qbr_scale_modeling_20161122_sc__6_qbr_modeling_results.csv,% Revenue Impact,$ Revenue Impact
2017,QBR,10,,0.0015000000000000083,40498.593163049656,ry2017__final_fy_2017_qbr_scale_modeling_20161122_sc__6_qbr_modeling_results.csv,% Revenue Impact,$ Revenue Impact
2017,QBR,18,,0.0020000000000000087,151375.25341398132,ry2017__final_fy_2017_qbr_scale_modeling_20161122_sc__6_qbr_modeling_results.csv,% Revenue Impact,$ Revenue Impact
2017,QBR,34,,0.0020000000000000087,226489.184734801,ry2017__final_fy_2017_qbr_scale_modeling_20161122_sc__6_qbr_modeling_results.csv,% Revenue Impact,$ Revenue Impact
2017,QBR,5,,0.002500000000000009,476034.43773264764,ry2017__final_fy_2017_qbr_scale_modeling_20161122_sc__6_qbr_modeling_results.csv,% Revenue Impact,$ Revenue Impact
2017,QBR,22,,0.0030000000000000096,579528.1317281622,ry2017__final_fy_2017_qbr_scale_modeling_20161122_sc__6_qbr_modeling_results.csv,% Revenue Impact,$ Revenue Impact
2017,QBR,44,,0.0040000000000000105,830063.1786458329,ry2017__final_fy_2017_qbr_scale_modeling_20161122_sc__6_qbr_modeling_results.csv,% Revenue Impact,$ Revenue Impact
2017,QBR,56,,0.0040000000000000105,643182.4229902462,ry2017__final_fy_2017_qbr_scale_modeling_20161122_sc__6_qbr_modeling_results.csv,% Revenue Impact,$ Revenue Impact
2017,QBR,48,,0.008499999999999947,1408311.8222234852,ry2017__final_fy_2017_qbr_scale_modeling_20161122_sc__6_qbr_modeling_results.csv,% Revenue Impact,$ Revenue Impact
2017,QBR,28,,0.0159999999999998,1106707.970511986,ry2017__final_fy_2017_qbr_scale_modeling_20161122_sc__6_qbr_modeling_results.csv,% Revenue Impact,$ Revenue Impact
2018,QBR,13,,-0.0165,-1234030.440465206,ry2018__qbr_51617__6_qbr_modeling_results.csv,% Revenue Impact,$ Revenue Impact
2018,QBR,55,,-0.012,-725173.276891265,ry2018__qbr_51617__6_qbr_modeling_results.csv,% Revenue Impact,$ Revenue Impact
2018,QBR,38,,-0.010499999999999999,-1327192.7834495136,ry2018__qbr_51617__6_qbr_modeling_results.csv,% Revenue Impact,$ Revenue Impact
2018,QBR,40,,-0.0095,-1085036.523024234,ry2018__qbr_51617__6_qbr_modeling_results.csv,% Revenue Impact,$ Revenue Impact
2018,QBR,4,,-0.009,-2852737.4258751366,ry2018__qbr_51617__6_qbr_modeling_results.csv,% Revenue Impact,$ Revenue Impact
2018,QBR,3,,-0.008499999999999999,-1872604.6232099999,ry2018__qbr_51617__6_qbr_modeling_results.csv,% Revenue Impact,$ Revenue Impact
2018,QBR,62,,-0.007999999999999998,-1252518.0857183062,ry2018__qbr_51617__6_qbr_modeling_results.csv,% Revenue Impact,$ Revenue Impact
2018,QBR,16,,-0.007999999999999998,-1241593.228637672,ry2018__qbr_51617__6_qbr_modeling_results.csv,% Revenue Impact,$ Revenue Impact
2018,QBR,12,,-0.0049999999999999975,-2076753.6427497007,ry2018__qbr_51617__6_qbr_modeling_results.csv,% Revenue Impact,$ Revenue Impact
2018,QBR,37,,-0.0049999999999999975,-509877.8856685484,ry2018__qbr_51617__6_qbr_modeling_results.csv,% Revenue Impact,$ Revenue Impact
2018,QBR,23,,-0.0049999999999999975,-1459413.4158314844,ry2018__qbr_51617__6_qbr_modeling_results.csv,% Revenue Impact,$ Revenue Impact
2018,QBR,15,,-0.0049999999999999975,-1371015.06518476,ry2018__qbr_51617__6_qbr_modeling_results.csv,% Revenue Impact,$ Revenue Impact
2018,QBR,24,,-0.0049999999999999975,-1190976.6726147938,ry2018__qbr_51617__6_qbr_modeling_results.csv,% Revenue Impact,$ Revenue Impact
2018,QBR,11,,-0.004499999999999997,-1045198.2325436329,ry2018__qbr_51617__6_qbr_modeling_results.csv,% Revenue Impact,$ Revenue Impact
2018,QBR,43,,-0.003999999999999997,-951739.7279999992,ry2018__qbr_51617__6_qbr_modeling_results.csv,% Revenue Impact,$ Revenue Impact
2018,QBR,27,,-0.003499999999999996,-586666.4031860264,ry2018__qbr_51617__6_qbr_modeling_results.csv,% Revenue Impact,$ Revenue Impact
2018,QBR,6,,-0.0029999999999999957,-137141.8676553851,ry2018__qbr_51617__6_qbr_modeling_results.csv,% Revenue Impact,$ Revenue Impact
2018,QBR,51,,-0.0029999999999999957,-397844.332729243,ry2018__qbr_51617__6_qbr_modeling_results.csv,% Revenue Impact,$ Revenue Impact
2018,QBR,1,,-0.0024999999999999953,-476649.11965593783,ry2018__qbr_51617__6_qbr_modeling_results.csv,% Revenue Impact,$ Revenue Impact
2018,QBR,9,,-0.0024999999999999953,-3110744.7500253734,ry2018__qbr_51617__6_qbr_modeling_results.csv,% Revenue Impact,$ Revenue Impact
2018,QBR,32,,-0.001999999999999995,-138779.75191626349,ry2018__qbr_51617__6_qbr_modeling_results.csv,% Revenue Impact,$ Revenue Impact
2018,QBR,29,,-0.0014999999999999944,-514844.57725590613,ry2018__qbr_51617__6_qbr_modeling_results.csv,% Revenue Impact,$ Revenue Impact
2018,QBR,57,,-0.0014999999999999944,-330912.595722281,ry2018__qbr_51617__6_qbr_modeling_results.csv,% Revenue Impact,$ Revenue Impact
2018,QBR,19,,-0.0014999999999999944,-363477.298116033,ry2018__qbr_51617__6_qbr_modeling_results.csv,% Revenue Impact,$ Revenue Impact
2018,QBR,49,,-0.0014999999999999944,-203908.6139499011,ry2018__qbr_51617__6_qbr_modeling_results.csv,% Revenue Impact,$ Revenue Impact
2018,QBR,30,,-0.0014999999999999944,-32362.76162139236,ry2018__qbr_51617__6_qbr_modeling_results.csv,% Revenue Impact,$ Revenue Impact
2018,QBR,2,,-0.000999999999999994,-906034.0340371116,ry2018__qbr_51617__6_qbr_modeling_results.csv,% Revenue Impact,$ Revenue Impact
2018,QBR,61,,-0.000999999999999994,-37750.25207087223,ry2018__qbr_51617__6_qbr_modeling_results.csv,% Revenue Impact,$ Revenue Impact
2018,QBR,17,,-0.0004999999999999935,-9574.57405751486,ry2018__qbr_51617__6_qbr_modeling_results.csv,% Revenue Impact,$ Revenue Impact
2018,QBR,60,,0.0,0.0,ry2018__qbr_51617__6_qbr_modeling_results.csv,% Revenue Impact,$ Revenue Impact
2018,QBR,8,,0.0,0.0,ry2018__qbr_51617__6_qbr_modeling_results.csv,% Revenue Impact,$ Revenue Impact
2018,QBR,35,,0.0005000000000000074,33526.45567543071,ry2018__qbr_51617__6_qbr_modeling_results.csv,% Revenue Impact,$ Revenue Impact
2018,QBR,33,,0.0010000000000000078,136267.43352777883,ry2018__qbr_51617__6_qbr_modeling_results.csv,% Revenue Impact,$ Revenue Impact
2018,QBR,39,,0.0010000000000000078,62336.01447966111,ry2018__qbr_51617__6_qbr_modeling_results.csv,% Revenue Impact,$ Revenue Impact
2018,QBR,63,,0.0010000000000000078,234223.27372369423,ry2018__qbr_51617__6_qbr_modeling_results.csv,% Revenue Impact,$ Revenue Impact
2018,QBR,10,,0.0015000000000000083,40498.593163049656,ry2018__qbr_51617__6_qbr_modeling_results.csv,% Revenue Impact,$ Revenue Impact
2018,QBR,18,,0.0020000000000000087,151375.25341398132,ry2018__qbr_51617__6_qbr_modeling_results.csv,% Revenue Impact,$ Revenue Impact
2018,QBR,34,,0.0020000000000000087,226489.184734801,ry2018__qbr_51617__6_qbr_modeling_results.csv,% Revenue Impact,$ Revenue Impact
2018,QBR,5,,0.002500000000000009,476034.43773264764,ry2018__qbr_51617__6_qbr_modeling_results.csv,% Revenue Impact,$ Revenue Impact
2018,QBR,22,,0.0030000000000000096,579528.1317281622,ry2018__qbr_51617__6_qbr_modeling_results.csv,% Revenue Impact,$ Revenue Impact
2018,QBR,44,,0.0040000000000000105,830063.1786458329,ry2018__qbr_51617__6_qbr_modeling_results.csv,% Revenue Impact,$ Revenue Impact
2018,QBR,56,,0.0040000000000000105,643182.4229902462,ry2018__qbr_51617__6_qbr_modeling_results.csv,% Revenue Impact,$ Revenue Impact
2018,QBR,48,,0.008499999999999947,1408311.8222234852,ry2018__qbr_51617__6_qbr_modeling_results.csv,% Revenue Impact,$ Revenue Impact
2018,QBR,28,,0.0159999999999998,1106707.970511986,ry2018__qbr_51617__6_qbr_modeling_results.csv,% Revenue Impact,$ Revenue Impact
2019,QBR,1,MERITUS,-0.0107,-2041554.2140080028,ry2019__ry2019finalqbrscoring__scaling.csv,% Revenue Impact,$ Revenue Impact
2019,QBR,2,UNIVERSITY OF MARYLAND,-0.0083,-7629806.515138753,ry2019__ry2019finalqbrscoring__scaling.csv,% Revenue Impact,$ Revenue Impact
2019,QBR,3,PRINCE GEORGE,-0.0149,-3210422.9196386817,ry2019__ry2019finalqbrscoring__scaling.csv,% Revenue Impact,$ Revenue Impact
2019,QBR,4,HOLY CROSS,-0.0108,-3676450.349290867,ry2019__ry2019finalqbrscoring__scaling.csv,% Revenue Impact,$ Revenue Impact
2019,QBR,5,FREDERICK MEMORIAL,-0.0089,-1966653.8499595637,ry2019__ry2019finalqbrscoring__scaling.csv,% Revenue Impact,$ Revenue Impact
2019,QBR,6,HARFORD,-0.0091,-441875.80588973773,ry2019__ry2019finalqbrscoring__scaling.csv,% Revenue Impact,$ Revenue Impact
2019,QBR,8,MERCY,-0.0018,-403079.07961323735,ry2019__ry2019finalqbrscoring__scaling.csv,% Revenue Impact,$ Revenue Impact
2019,QBR,9,JOHNS HOPKINS,-0.0036,-4961735.6422873,ry2019__ry2019finalqbrscoring__scaling.csv,% Revenue Impact,$ Revenue Impact
2019,QBR,10,DORCHESTER,-0.0064,-166535.81801363785,ry2019__ry2019finalqbrscoring__scaling.csv,% Revenue Impact,$ Revenue Impact
2019,QBR,11,ST. AGNES,-0.007,-1665224.6492931775,ry2019__ry2019finalqbrscoring__scaling.csv,% Revenue Impact,$ Revenue Impact
2019,QBR,12,SINAI,-0.0073,-2905666.5072792307,ry2019__ry2019finalqbrscoring__scaling.csv,% Revenue Impact,$ Revenue Impact
2019,QBR,13,BON SECOURS,-0.0037,-243452.7550452688,ry2019__ry2019finalqbrscoring__scaling.csv,% Revenue Impact,$ Revenue Impact
2019,QBR,15,FRANKLIN SQUARE,-0.0085,-2555303.7638090746,ry2019__ry2019finalqbrscoring__scaling.csv,% Revenue Impact,$ Revenue Impact
2019,QBR,16,WASHINGTON ADVENTIST,-0.0112,-1773381.166462225,ry2019__ry2019finalqbrscoring__scaling.csv,% Revenue Impact,$ Revenue Impact
2019,QBR,17,GARRETT COUNTY,-0.0073,-153849.9406063898,ry2019__ry2019finalqbrscoring__scaling.csv,% Revenue Impact,$ Revenue Impact
2019,QBR,18,MONTGOMERY GENERAL,-0.0151,-1174910.7228649883,ry2019__ry2019finalqbrscoring__scaling.csv,% Revenue Impact,$ Revenue Impact
2019,QBR,19,PENINSULA REGIONAL,-0.0043,-1038307.2959002617,ry2019__ry2019finalqbrscoring__scaling.csv,% Revenue Impact,$ Revenue Impact
2019,QBR,22,SUBURBAN,-0.0123,-2428406.1270035077,ry2019__ry2019finalqbrscoring__scaling.csv,% Revenue Impact,$ Revenue Impact
2019,QBR,23,ANNE ARUNDEL,-0.0064,-1915295.9688562516,ry2019__ry2019finalqbrscoring__scaling.csv,% Revenue Impact,$ Revenue Impact
2019,QBR,24,UNION MEMORIAL,-0.0067,-1576820.9794489092,ry2019__ry2019finalqbrscoring__scaling.csv,% Revenue Impact,$ Revenue Impact
2019,QBR,27,WESTERN MARYLAND,-0.0009,-153900.16434613804,ry2019__ry2019finalqbrscoring__scaling.csv,% Revenue Impact,$ Revenue Impact
2019,QBR,28,ST. MARY,-0.0075,-572272.932625854,ry2019__ry2019finalqbrscoring__scaling.csv,% Revenue Impact,$ Revenue Impact
2019,QBR,29,HOPKINS BAYVIEW MED CTR,-0.0056,-2002675.2734610052,ry2019__ry2019finalqbrscoring__scaling.csv,% Revenue Impact,$ Revenue Impact
2019,QBR,30,CHESTERTOWN,0.0024,50735.84744270866,ry2019__ry2019finalqbrscoring__scaling.csv,% Revenue Impact,$ Revenue Impact
2019,QBR,32,UNION HOSPITAL OF CECIL,-0.0057,-379131.6233959572,ry2019__ry2019finalqbrscoring__scaling.csv,% Revenue Impact,$ Revenue Impact
2019,QBR,33,CARROLL COUNTY,-0.0056,-743685.696650967,ry2019__ry2019finalqbrscoring__scaling.csv,% Revenue Impact,$ Revenue Impact
2019,QBR,34,HARBOR,-0.0088,-990236.1906352666,ry2019__ry2019finalqbrscoring__scaling.csv,% Revenue Impact,$ Revenue Impact
2019,QBR,35,CHARLES REGIONAL,-0.0032,-240637.158367056,ry2019__ry2019finalqbrscoring__scaling.csv,% Revenue Impact,$ Revenue Impact
2019,QBR,37,EASTON,-0.0031,-326189.11309242115,ry2019__ry2019finalqbrscoring__scaling.csv,% Revenue Impact,$ Revenue Impact
2019,QBR,38,UMMC MIDTOWN,-0.0062,-726749.9057136978,ry2019__ry2019finalqbrscoring__scaling.csv,% Revenue Impact,$ Revenue Impact
2019,QBR,39,CALVERT,-0.0002,-12735.544499785994,ry2019__ry2019finalqbrscoring__scaling.csv,% Revenue Impact,$ Revenue Impact
2019,QBR,40,NORTHWEST,-0.0007,-93680.13032149676,ry2019__ry2019finalqbrscoring__scaling.csv,% Revenue Impact,$ Revenue Impact
2019,QBR,43,BALTIMORE WASHINGTON,-0.0092,-2108196.4824317405,ry2019__ry2019finalqbrscoring__scaling.csv,% Revenue Impact,$ Revenue Impact
2019,QBR,44,G.B.M.C.,-0.0038,-855553.7429005414,ry2019__ry2019finalqbrscoring__scaling.csv,% Revenue Impact,$ Revenue Impact
2019,QBR,48,HOWARD COUNTY,-0.0045,-825068.425613884,ry2019__ry2019finalqbrscoring__scaling.csv,% Revenue Impact,$ Revenue Impact
2019,QBR,49,UPPER CHESAPEAKE HEALTH,-0.0004,-52060.145701831905,ry2019__ry2019finalqbrscoring__scaling.csv,% Revenue Impact,$ Revenue Impact
2019,QBR,51,DOCTORS COMMUNITY,-0.0031,-448527.19445040385,ry2019__ry2019finalqbrscoring__scaling.csv,% Revenue Impact,$ Revenue Impact
2019,QBR,55,LAUREL REGIONAL,-0.0161,-948793.5394493871,ry2019__ry2019finalqbrscoring__scaling.csv,% Revenue Impact,$ Revenue Impact
2019,QBR,56,GOOD SAMARITAN,-0.011,-1547423.322971939,ry2019__ry2019finalqbrscoring__scaling.csv,% Revenue Impact,$ Revenue Impact
2019,QBR,57,SHADY GROVE,-0.002,-463879.0490059013,ry2019__ry2019finalqbrscoring__scaling.csv,% Revenue Impact,$ Revenue Impact
2019,QBR,60,FT. WASHINGTON,-0.0142,-277589.0854630161,ry2019__ry2019finalqbrscoring__scaling.csv,% Revenue Impact,$ Revenue Impact
2019,QBR,61,ATLANTIC GENERAL,-0.0096,-358235.699321673,ry2019__ry2019finalqbrscoring__scaling.csv,% Revenue Impact,$ Revenue Impact
2019,QBR,62,SOUTHERN MARYLAND,-0.0105,-1720362.0265648381,ry2019__ry2019finalqbrscoring__scaling.csv,% Revenue Impact,$ Revenue Impact
2019,QBR,63,UM ST. JOSEPH,0.0012,285509.54217962275,ry2019__ry2019finalqbrscoring__scaling.csv,% Revenue Impact,$ Revenue Impact
2019,QBR,65,HC-GERMANTOWN,-0.0051,-309224.0509416627,ry2019__ry2019finalqbrscoring__scaling.csv,% Revenue Impact,$ Revenue Impact
2020,QBR,1,MERITUS,-0.0106,-2327249.0,ry2020__ry2020qbrscaling__qbr_revenue_adjustments.csv,% Revenue Impact,$ Revenue Impact
2020,QBR,2,UNIVERSITY OF MARYLAND,-0.0109,-13120045.0,ry2020__ry2020qbrscaling__qbr_revenue_adjustments.csv,% Revenue Impact,$ Revenue Impact
2020,QBR,3,PRINCE GEORGE*,-0.0153,-4328817.0,ry2020__ry2020qbrscaling__qbr_revenue_adjustments.csv,% Revenue Impact,$ Revenue Impact
2020,QBR,4,HOLY CROSS,-0.0103,-3662770.0,ry2020__ry2020qbrscaling__qbr_revenue_adjustments.csv,% Revenue Impact,$ Revenue Impact
2020,QBR,5,FREDERICK MEMORIAL,-0.0023,-535131.0,ry2020__ry2020qbrscaling__qbr_revenue_adjustments.csv,% Revenue Impact,$ Revenue Impact
2020,QBR,6,HARFORD,0.0028,151707.0,ry2020__ry2020qbrscaling__qbr_revenue_adjustments.csv,% Revenue Impact,$ Revenue Impact
2020,QBR,8,MERCY,-0.0046,-1041863.0,ry2020__ry2020qbrscaling__qbr_revenue_adjustments.csv,% Revenue Impact,$ Revenue Impact
2020,QBR,9,JOHNS HOPKINS,-0.0057,-8303118.0,ry2020__ry2020qbrscaling__qbr_revenue_adjustments.csv,% Revenue Impact,$ Revenue Impact
2020,QBR,10,DORCHESTER,-0.0037,-83819.0,ry2020__ry2020qbrscaling__qbr_revenue_adjustments.csv,% Revenue Impact,$ Revenue Impact
2020,QBR,11,ST. AGNES,-0.0084,-2005565.0,ry2020__ry2020qbrscaling__qbr_revenue_adjustments.csv,% Revenue Impact,$ Revenue Impact
2020,QBR,12,SINAI,-0.0098,-3918213.0,ry2020__ry2020qbrscaling__qbr_revenue_adjustments.csv,% Revenue Impact,$ Revenue Impact
2020,QBR,13,BON SECOURS,-0.0063,-405489.0,ry2020__ry2020qbrscaling__qbr_revenue_adjustments.csv,% Revenue Impact,$ Revenue Impact
2020,QBR,15,FRANKLIN SQUARE,0.0038,1166214.0,ry2020__ry2020qbrscaling__qbr_revenue_adjustments.csv,% Revenue Impact,$ Revenue Impact
2020,QBR,16,WASHINGTON ADVENTIST,-0.0035,-574690.0,ry2020__ry2020qbrscaling__qbr_revenue_adjustments.csv,% Revenue Impact,$ Revenue Impact
2020,QBR,17,GARRETT COUNTY,-0.0066,-156515.0,ry2020__ry2020qbrscaling__qbr_revenue_adjustments.csv,% Revenue Impact,$ Revenue Impact
2020,QBR,18,MONTGOMERY GENERAL,-0.0051,-432080.0,ry2020__ry2020qbrscaling__qbr_revenue_adjustments.csv,% Revenue Impact,$ Revenue Impact
2020,QBR,19,PENINSULA REGIONAL,-0.0024,-598148.0,ry2020__ry2020qbrscaling__qbr_revenue_adjustments.csv,% Revenue Impact,$ Revenue Impact
2020,QBR,22,SUBURBAN,-0.0113,-2361183.0,ry2020__ry2020qbrscaling__qbr_revenue_adjustments.csv,% Revenue Impact,$ Revenue Impact
2020,QBR,23,ANNE ARUNDEL,-0.0025,-736361.0,ry2020__ry2020qbrscaling__qbr_revenue_adjustments.csv,% Revenue Impact,$ Revenue Impact
2020,QBR,24,UNION MEMORIAL,-0.0139,-3379878.0,ry2020__ry2020qbrscaling__qbr_revenue_adjustments.csv,% Revenue Impact,$ Revenue Impact
2020,QBR,27,WESTERN MARYLAND,-0.0046,-779525.0,ry2020__ry2020qbrscaling__qbr_revenue_adjustments.csv,% Revenue Impact,$ Revenue Impact
2020,QBR,28,ST. MARY,-0.0041,-324478.0,ry2020__ry2020qbrscaling__qbr_revenue_adjustments.csv,% Revenue Impact,$ Revenue Impact
2020,QBR,29,HOPKINS BAYVIEW MED CTR,-0.0091,-3336129.0,ry2020__ry2020qbrscaling__qbr_revenue_adjustments.csv,% Revenue Impact,$ Revenue Impact
2020,QBR,30,CHESTERTOWN,0.0062,110732.0,ry2020__ry2020qbrscaling__qbr_revenue_adjustments.csv,% Revenue Impact,$ Revenue Impact
2020,QBR,32,UNION HOSPITAL OF CECIL,-0.0065,-425275.0,ry2020__ry2020qbrscaling__qbr_revenue_adjustments.csv,% Revenue Impact,$ Revenue Impact
2020,QBR,33,CARROLL COUNTY,-0.0024,-336700.0,ry2020__ry2020qbrscaling__qbr_revenue_adjustments.csv,% Revenue Impact,$ Revenue Impact
2020,QBR,34,HARBOR,-0.0061,-673391.0,ry2020__ry2020qbrscaling__qbr_revenue_adjustments.csv,% Revenue Impact,$ Revenue Impact
2020,QBR,35,CHARLES REGIONAL,0.0007,53851.0,ry2020__ry2020qbrscaling__qbr_revenue_adjustments.csv,% Revenue Impact,$ Revenue Impact
2020,QBR,37,EASTON,-0.0043,-444969.0,ry2020__ry2020qbrscaling__qbr_revenue_adjustments.csv,% Revenue Impact,$ Revenue Impact
2020,QBR,38,UMMC MIDTOWN,-0.0053,-589047.0,ry2020__ry2020qbrscaling__qbr_revenue_adjustments.csv,% Revenue Impact,$ Revenue Impact
2020,QBR,39,CALVERT,0.0086,577163.0,ry2020__ry2020qbrscaling__qbr_revenue_adjustments.csv,% Revenue Impact,$ Revenue Impact
2020,QBR,40,NORTHWEST,-0.0071,-984911.0,ry2020__ry2020qbrscaling__qbr_revenue_adjustments.csv,% Revenue Impact,$ Revenue Impact
2020,QBR,43,BALTIMORE WASHINGTON,-0.0033,-825717.0,ry2020__ry2020qbrscaling__qbr_revenue_adjustments.csv,% Revenue Impact,$ Revenue Impact
2020,QBR,44,G.B.M.C.,-0.0036,-856034.0,ry2020__ry2020qbrscaling__qbr_revenue_adjustments.csv,% Revenue Impact,$ Revenue Impact
2020,QBR,48,HOWARD COUNTY,-0.002,-365742.0,ry2020__ry2020qbrscaling__qbr_revenue_adjustments.csv,% Revenue Impact,$ Revenue Impact
2020,QBR,49,UPPER CHESAPEAKE HEALTH,0.0014,180161.0,ry2020__ry2020qbrscaling__qbr_revenue_adjustments.csv,% Revenue Impact,$ Revenue Impact
2020,QBR,51,DOCTORS COMMUNITY,-0.0016,-225751.0,ry2020__ry2020qbrscaling__qbr_revenue_adjustments.csv,% Revenue Impact,$ Revenue Impact
2020,QBR,56,GOOD SAMARITAN,-0.0068,-998931.0,ry2020__ry2020qbrscaling__qbr_revenue_adjustments.csv,% Revenue Impact,$ Revenue Impact
2020,QBR,57,SHADY GROVE,-0.006,-1510489.0,ry2020__ry2020qbrscaling__qbr_revenue_adjustments.csv,% Revenue Impact,$ Revenue Impact
2020,QBR,60,FT. WASHINGTON,-0.0116,-230728.0,ry2020__ry2020qbrscaling__qbr_revenue_adjustments.csv,% Revenue Impact,$ Revenue Impact
2020,QBR,61,ATLANTIC GENERAL,0.0054,199432.0,ry2020__ry2020qbrscaling__qbr_revenue_adjustments.csv,% Revenue Impact,$ Revenue Impact
2020,QBR,62,SOUTHERN MARYLAND,-0.0081,-1312912.0,ry2020__ry2020qbrscaling__qbr_revenue_adjustments.csv,% Revenue Impact,$ Revenue Impact
2020,QBR,63,UM ST. JOSEPH,0.0027,603180.0,ry2020__ry2020qbrscaling__qbr_revenue_adjustments.csv,% Revenue Impact,$ Revenue Impact
2020,QBR,65,HC-GERMANTOWN,-0.0082,-484311.0,ry2020__ry2020qbrscaling__qbr_revenue_adjustments.csv,% Revenue Impact,$ Revenue Impact
2021,QBR,1,MERITUS,0.0006,129629.0,ry2021__ry2021qbrscaling__6_qbr_results.csv,% Revenue Impact,$ Revenue Impact
2021,QBR,2,UNIVERSITY OF MARYLAND,-0.008,-9866611.0,ry2021__ry2021qbrscaling__6_qbr_results.csv,% Revenue Impact,$ Revenue Impact
2021,QBR,3,PRINCE GEORGE,-0.0131,-3450047.0,ry2021__ry2021qbrscaling__6_qbr_results.csv,% Revenue Impact,$ Revenue Impact
2021,QBR,4,HOLY CROSS,-0.0116,-4224414.0,ry2021__ry2021qbrscaling__6_qbr_results.csv,% Revenue Impact,$ Revenue Impact
2021,QBR,5,FREDERICK MEMORIAL,0.0023,540367.0,ry2021__ry2021qbrscaling__6_qbr_results.csv,% Revenue Impact,$ Revenue Impact
2021,QBR,6,HARFORD,-0.0018,-98280.0,ry2021__ry2021qbrscaling__6_qbr_results.csv,% Revenue Impact,$ Revenue Impact
2021,QBR,8,MERCY,-0.0063,-1544657.0,ry2021__ry2021qbrscaling__6_qbr_results.csv,% Revenue Impact,$ Revenue Impact
2021,QBR,9,JOHNS HOPKINS,-0.0045,-6916569.0,ry2021__ry2021qbrscaling__6_qbr_results.csv,% Revenue Impact,$ Revenue Impact
2021,QBR,10,DORCHESTER,-0.0005,-10259.0,ry2021__ry2021qbrscaling__6_qbr_results.csv,% Revenue Impact,$ Revenue Impact
2021,QBR,11,ST. AGNES,-0.0078,-1943959.0,ry2021__ry2021qbrscaling__6_qbr_results.csv,% Revenue Impact,$ Revenue Impact
2021,QBR,12,SINAI,-0.0096,-4260047.0,ry2021__ry2021qbrscaling__6_qbr_results.csv,% Revenue Impact,$ Revenue Impact
2021,QBR,15,FRANKLIN SQUARE,-0.0005,-154426.0,ry2021__ry2021qbrscaling__6_qbr_results.csv,% Revenue Impact,$ Revenue Impact
2021,QBR,16,WASHINGTON ADVENTIST,0.0011,197724.0,ry2021__ry2021qbrscaling__6_qbr_results.csv,% Revenue Impact,$ Revenue Impact
2021,QBR,17,GARRETT COUNTY,0.0054,124274.0,ry2021__ry2021qbrscaling__6_qbr_results.csv,% Revenue Impact,$ Revenue Impact
2021,QBR,18,MONTGOMERY GENERAL,-0.0033,-279642.0,ry2021__ry2021qbrscaling__6_qbr_results.csv,% Revenue Impact,$ Revenue Impact
2021,QBR,19,PENINSULA REGIONAL,-0.0081,-2104395.0,ry2021__ry2021qbrscaling__6_qbr_results.csv,% Revenue Impact,$ Revenue Impact
2021,QBR,22,SUBURBAN,-0.0098,-2132499.0,ry2021__ry2021qbrscaling__6_qbr_results.csv,% Revenue Impact,$ Revenue Impact
2021,QBR,23,ANNE ARUNDEL,-0.0078,-2493602.0,ry2021__ry2021qbrscaling__6_qbr_results.csv,% Revenue Impact,$ Revenue Impact
2021,QBR,24,UNION MEMORIAL,0.0005,129279.0,ry2021__ry2021qbrscaling__6_qbr_results.csv,% Revenue Impact,$ Revenue Impact
2021,QBR,27,WESTERN MARYLAND,-0.0059,-1036039.0,ry2021__ry2021qbrscaling__6_qbr_results.csv,% Revenue Impact,$ Revenue Impact
2021,QBR,28,ST. MARY,0.0059,467900.0,ry2021__ry2021qbrscaling__6_qbr_results.csv,% Revenue Impact,$ Revenue Impact
2021,QBR,29,HOPKINS BAYVIEW MED CTR,-0.0064,-2482853.0,ry2021__ry2021qbrscaling__6_qbr_results.csv,% Revenue Impact,$ Revenue Impact
2021,QBR,32,UNION HOSPITAL OF CECIL,-0.0079,-538281.0,ry2021__ry2021qbrscaling__6_qbr_results.csv,% Revenue Impact,$ Revenue Impact
2021,QBR,33,CARROLL COUNTY,0.002,297601.0,ry2021__ry2021qbrscaling__6_qbr_results.csv,% Revenue Impact,$ Revenue Impact
2021,QBR,34,HARBOR,-0.0086,-1050824.0,ry2021__ry2021qbrscaling__6_qbr_results.csv,% Revenue Impact,$ Revenue Impact
2021,QBR,35,CHARLES REGIONAL,-0.0004,-32435.0,ry2021__ry2021qbrscaling__6_qbr_results.csv,% Revenue Impact,$ Revenue Impact
2021,QBR,37,EASTON,0.0005,54741.0,ry2021__ry2021qbrscaling__6_qbr_results.csv,% Revenue Impact,$ Revenue Impact
2021,QBR,38,UMMC MIDTOWN,-0.0019,-204638.0,ry2021__ry2021qbrscaling__6_qbr_results.csv,% Revenue Impact,$ Revenue Impact
2021,QBR,39,CALVERT,0.0009,63894.0,ry2021__ry2021qbrscaling__6_qbr_results.csv,% Revenue Impact,$ Revenue Impact
2021,QBR,40,NORTHWEST,-0.0047,-660583.0,ry2021__ry2021qbrscaling__6_qbr_results.csv,% Revenue Impact,$ Revenue Impact
2021,QBR,43,BALTIMORE WASHINGTON,-0.0008,-213133.0,ry2021__ry2021qbrscaling__6_qbr_results.csv,% Revenue Impact,$ Revenue Impact
2021,QBR,44,G.B.M.C.,-0.0045,-1112394.0,ry2021__ry2021qbrscaling__6_qbr_results.csv,% Revenue Impact,$ Revenue Impact
2021,QBR,48,HOWARD COUNTY,-0.0048,-893340.0,ry2021__ry2021qbrscaling__6_qbr_results.csv,% Revenue Impact,$ Revenue Impact
2021,QBR,49,UPPER CHESAPEAKE HEALTH,-0.0033,-518992.0,ry2021__ry2021qbrscaling__6_qbr_results.csv,% Revenue Impact,$ Revenue Impact
2021,QBR,51,DOCTORS COMMUNITY,0.0001,14883.0,ry2021__ry2021qbrscaling__6_qbr_results.csv,% Revenue Impact,$ Revenue Impact
2021,QBR,55,LAUREL REGIONAL,,0.0,ry2021__ry2021qbrscaling__6_qbr_results.csv,% Revenue Impact,$ Revenue Impact
2021,QBR,56,GOOD SAMARITAN,-0.0047,-757817.0,ry2021__ry2021qbrscaling__6_qbr_results.csv,% Revenue Impact,$ Revenue Impact
2021,QBR,57,SHADY GROVE,-0.0074,-2105339.0,ry2021__ry2021qbrscaling__6_qbr_results.csv,% Revenue Impact,$ Revenue Impact
2021,QBR,60,FT. WASHINGTON,-0.0123,-266869.0,ry2021__ry2021qbrscaling__6_qbr_results.csv,% Revenue Impact,$ Revenue Impact
2021,QBR,61,ATLANTIC GENERAL,0.0021,85332.0,ry2021__ry2021qbrscaling__6_qbr_results.csv,% Revenue Impact,$ Revenue Impact
2021,QBR,62,SOUTHERN MARYLAND,-0.0048,-840935.0,ry2021__ry2021qbrscaling__6_qbr_results.csv,% Revenue Impact,$ Revenue Impact
2021,QBR,63,UM ST. JOSEPH,0.0023,578557.0,ry2021__ry2021qbrscaling__6_qbr_results.csv,% Revenue Impact,$ Revenue Impact
2021,QBR,65,HC-GERMANTOWN,0.0007,49521.0,ry2021__ry2021qbrscaling__6_qbr_results.csv,% Revenue Impact,$ Revenue Impact
2022,QBR,1,MERITUS,0.0006,133765.0,ry2022__ry2022qbr__6_qbr_results.csv,% Revenue Impact,$ Revenue Impact
2022,QBR,2,UNIVERSITY OF MARYLAND,-0.008,-10172609.0,ry2022__ry2022qbr__6_qbr_results.csv,% Revenue Impact,$ Revenue Impact
2022,QBR,3,PRINCE GEORGE,-0.0131,-3531025.0,ry2022__ry2022qbr__6_qbr_results.csv,% Revenue Impact,$ Revenue Impact
2022,QBR,4,HOLY CROSS,-0.0116,-4332928.0,ry2022__ry2022qbr__6_qbr_results.csv,% Revenue Impact,$ Revenue Impact
2022,QBR,5,FREDERICK MEMORIAL,0.0023,561746.0,ry2022__ry2022qbr__6_qbr_results.csv,% Revenue Impact,$ Revenue Impact
2022,QBR,6,HARFORD,-0.0018,-100467.0,ry2022__ry2022qbr__6_qbr_results.csv,% Revenue Impact,$ Revenue Impact
2022,QBR,8,MERCY,-0.0063,-1625488.0,ry2022__ry2022qbr__6_qbr_results.csv,% Revenue Impact,$ Revenue Impact
2022,QBR,9,JOHNS HOPKINS,-0.0045,-7141694.0,ry2022__ry2022qbr__6_qbr_results.csv,% Revenue Impact,$ Revenue Impact
2022,QBR,10,DORCHESTER,-0.0005,-10369.0,ry2022__ry2022qbr__6_qbr_results.csv,% Revenue Impact,$ Revenue Impact
2022,QBR,11,ST. AGNES,-0.0078,-2001120.0,ry2022__ry2022qbr__6_qbr_results.csv,% Revenue Impact,$ Revenue Impact
2022,QBR,12,SINAI,-0.0096,-4399052.0,ry2022__ry2022qbr__6_qbr_results.csv,% Revenue Impact,$ Revenue Impact
2022,QBR,15,FRANKLIN SQUARE,-0.0005,-158431.0,ry2022__ry2022qbr__6_qbr_results.csv,% Revenue Impact,$ Revenue Impact
2022,QBR,16,WASHINGTON ADVENTIST,0.0011,203967.0,ry2022__ry2022qbr__6_qbr_results.csv,% Revenue Impact,$ Revenue Impact
2022,QBR,17,GARRETT COUNTY,0.0054,129139.0,ry2022__ry2022qbr__6_qbr_results.csv,% Revenue Impact,$ Revenue Impact
2022,QBR,18,MONTGOMERY GENERAL,-0.0033,-284307.0,ry2022__ry2022qbr__6_qbr_results.csv,% Revenue Impact,$ Revenue Impact
2022,QBR,19,PENINSULA REGIONAL,-0.0081,-2178996.0,ry2022__ry2022qbr__6_qbr_results.csv,% Revenue Impact,$ Revenue Impact
2022,QBR,22,SUBURBAN,-0.0098,-2249955.0,ry2022__ry2022qbr__6_qbr_results.csv,% Revenue Impact,$ Revenue Impact
2022,QBR,23,ANNE ARUNDEL,-0.0078,-2624265.0,ry2022__ry2022qbr__6_qbr_results.csv,% Revenue Impact,$ Revenue Impact
2022,QBR,24,UNION MEMORIAL,0.0005,132410.0,ry2022__ry2022qbr__6_qbr_results.csv,% Revenue Impact,$ Revenue Impact
2022,QBR,27,WESTERN MARYLAND,-0.0059,-1066851.0,ry2022__ry2022qbr__6_qbr_results.csv,% Revenue Impact,$ Revenue Impact
2022,QBR,28,ST. MARY,0.0059,481005.0,ry2022__ry2022qbr__6_qbr_results.csv,% Revenue Impact,$ Revenue Impact
2022,QBR,29,HOPKINS BAYVIEW MED CTR,-0.0064,-2558863.0,ry2022__ry2022qbr__6_qbr_results.csv,% Revenue Impact,$ Revenue Impact
2022,QBR,32,UNION HOSPITAL OF CECIL,-0.0079,-552363.0,ry2022__ry2022qbr__6_qbr_results.csv,% Revenue Impact,$ Revenue Impact
2022,QBR,33,CARROLL COUNTY,0.002,305792.0,ry2022__ry2022qbr__6_qbr_results.csv,% Revenue Impact,$ Revenue Impact
2022,QBR,34,HARBOR,-0.0086,-1068052.0,ry2022__ry2022qbr__6_qbr_results.csv,% Revenue Impact,$ Revenue Impact
2022,QBR,35,CHARLES REGIONAL,-0.0004,-33859.0,ry2022__ry2022qbr__6_qbr_results.csv,% Revenue Impact,$ Revenue Impact
2022,QBR,37,EASTON,0.0005,56735.0,ry2022__ry2022qbr__6_qbr_results.csv,% Revenue Impact,$ Revenue Impact
2022,QBR,38,UMMC MIDTOWN,-0.0019,-209598.0,ry2022__ry2022qbr__6_qbr_results.csv,% Revenue Impact,$ Revenue Impact
2022,QBR,39,CALVERT,0.0009,67220.0,ry2022__ry2022qbr__6_qbr_results.csv,% Revenue Impact,$ Revenue Impact
2022,QBR,40,NORTHWEST,-0.0047,-673173.0,ry2022__ry2022qbr__6_qbr_results.csv,% Revenue Impact,$ Revenue Impact
2022,QBR,43,BALTIMORE WASHINGTON,-0.0008,-220162.0,ry2022__ry2022qbr__6_qbr_results.csv,% Revenue Impact,$ Revenue Impact
2022,QBR,44,G.B.M.C.,-0.0045,-1150660.0,ry2022__ry2022qbr__6_qbr_results.csv,% Revenue Impact,$ Revenue Impact
2022,QBR,48,HOWARD COUNTY,-0.0048,-917290.0,ry2022__ry2022qbr__6_qbr_results.csv,% Revenue Impact,$ Revenue Impact
2022,QBR,49,UPPER CHESAPEAKE HEALTH,-0.0033,-542535.0,ry2022__ry2022qbr__6_qbr_results.csv,% Revenue Impact,$ Revenue Impact
2022,QBR,51,DOCTORS COMMUNITY,0.0001,15531.0,ry2022__ry2022qbr__6_qbr_results.csv,% Revenue Impact,$ Revenue Impact
2022,QBR,56,GOOD SAMARITAN,-0.0047,-779104.0,ry2022__ry2022qbr__6_qbr_results.csv,% Revenue Impact,$ Revenue Impact
2022,QBR,57,SHADY GROVE,-0.0074,-2143508.0,ry2022__ry2022qbr__6_qbr_results.csv,% Revenue Impact,$ Revenue Impact
2022,QBR,60,FT. WASHINGTON,-0.0123,-272604.0,ry2022__ry2022qbr__6_qbr_results.csv,% Revenue Impact,$ Revenue Impact
2022,QBR,61,ATLANTIC GENERAL,0.0021,88091.0,ry2022__ry2022qbr__6_qbr_results.csv,% Revenue Impact,$ Revenue Impact
2022,QBR,62,SOUTHERN MARYLAND,-0.0048,-864740.0,ry2022__ry2022qbr__6_qbr_results.csv,% Revenue Impact,$ Revenue Impact
2022,QBR,63,UM ST. JOSEPH,0.0023,594039.0,ry2022__ry2022qbr__6_qbr_results.csv,% Revenue Impact,$ Revenue Impact
2022,QBR,65,HC-GERMANTOWN,0.0007,51207.0,ry2022__ry2022qbr__6_qbr_results.csv,% Revenue Impact,$ Revenue Impact
2024,QBR,1,MERITUS,-0.0102,-2411706.0,ry2024__final_ry24_qbr_revenue_adjustments_2__qbr_revenue_adjustments.csv,% Revenue Impact,$ Revenue Impact
2024,QBR,2,UNIVERSITY OF MARYLAND,-0.0074,-10503952.0,ry2024__final_ry24_qbr_revenue_adjustments_2__qbr_revenue_adjustments.csv,% Revenue Impact,$ Revenue Impact
2024,QBR,3,PRINCE GEORGE,-0.0121,-3412257.0,ry2024__final_ry24_qbr_revenue_adjustments_2__qbr_revenue_adjustments.csv,% Revenue Impact,$ Revenue Impact
2024,QBR,4,HOLY CROSS,-0.0111,-4411274.0,ry2024__final_ry24_qbr_revenue_adjustments_2__qbr_revenue_adjustments.csv,% Revenue Impact,$ Revenue Impact
2024,QBR,5,FREDERICK MEMORIAL,-0.0066,-1688271.0,ry2024__final_ry24_qbr_revenue_adjustments_2__qbr_revenue_adjustments.csv,% Revenue Impact,$ Revenue Impact
2024,QBR,6,HARFORD,-0.0004,-27355.0,ry2024__final_ry24_qbr_revenue_adjustments_2__qbr_revenue_adjustments.csv,% Revenue Impact,$ Revenue Impact
2024,QBR,8,MERCY,-0.0054,-1170553.0,ry2024__final_ry24_qbr_revenue_adjustments_2__qbr_revenue_adjustments.csv,% Revenue Impact,$ Revenue Impact
2024,QBR,9,JOHNS HOPKINS,0.0013,2213531.0,ry2024__final_ry24_qbr_revenue_adjustments_2__qbr_revenue_adjustments.csv,% Revenue Impact,$ Revenue Impact
2024,QBR,11,ST. AGNES,-0.0056,-1307289.0,ry2024__final_ry24_qbr_revenue_adjustments_2__qbr_revenue_adjustments.csv,% Revenue Impact,$ Revenue Impact
2024,QBR,12,SINAI,-0.0096,-4947692.0,ry2024__final_ry24_qbr_revenue_adjustments_2__qbr_revenue_adjustments.csv,% Revenue Impact,$ Revenue Impact
2024,QBR,15,FRANKLIN SQUARE,-0.0111,-3756196.0,ry2024__final_ry24_qbr_revenue_adjustments_2__qbr_revenue_adjustments.csv,% Revenue Impact,$ Revenue Impact
2024,QBR,16,WASHINGTON ADVENTIST,-0.0058,-1308971.0,ry2024__final_ry24_qbr_revenue_adjustments_2__qbr_revenue_adjustments.csv,% Revenue Impact,$ Revenue Impact
2024,QBR,17,GARRETT COUNTY,0.0067,171021.0,ry2024__final_ry24_qbr_revenue_adjustments_2__qbr_revenue_adjustments.csv,% Revenue Impact,$ Revenue Impact
2024,QBR,18,MONTGOMERY GENERAL,-0.0106,-941355.0,ry2024__final_ry24_qbr_revenue_adjustments_2__qbr_revenue_adjustments.csv,% Revenue Impact,$ Revenue Impact
2024,QBR,19,PENINSULA REGIONAL,-0.0047,-1449826.0,ry2024__final_ry24_qbr_revenue_adjustments_2__qbr_revenue_adjustments.csv,% Revenue Impact,$ Revenue Impact
2024,QBR,22,SUBURBAN,-0.007,-1590574.0,ry2024__final_ry24_qbr_revenue_adjustments_2__qbr_revenue_adjustments.csv,% Revenue Impact,$ Revenue Impact
2024,QBR,23,ANNE ARUNDEL,-0.0102,-3932160.0,ry2024__final_ry24_qbr_revenue_adjustments_2__qbr_revenue_adjustments.csv,% Revenue Impact,$ Revenue Impact
2024,QBR,24,UNION MEMORIAL,0.0024,680638.0,ry2024__final_ry24_qbr_revenue_adjustments_2__qbr_revenue_adjustments.csv,% Revenue Impact,$ Revenue Impact
2024,QBR,27,WESTERN MARYLAND,-0.008,-1521840.0,ry2024__final_ry24_qbr_revenue_adjustments_2__qbr_revenue_adjustments.csv,% Revenue Impact,$ Revenue Impact
2024,QBR,28,ST. MARY,0.002,196485.0,ry2024__final_ry24_qbr_revenue_adjustments_2__qbr_revenue_adjustments.csv,% Revenue Impact,$ Revenue Impact
2024,QBR,29,HOPKINS BAYVIEW MED CTR,-0.0093,-4233098.0,ry2024__final_ry24_qbr_revenue_adjustments_2__qbr_revenue_adjustments.csv,% Revenue Impact,$ Revenue Impact
2024,QBR,32,UNION HOSPITAL OF CECIL,-0.0085,-769799.0,ry2024__final_ry24_qbr_revenue_adjustments_2__qbr_revenue_adjustments.csv,% Revenue Impact,$ Revenue Impact
2024,QBR,33,CARROLL COUNTY,-0.0032,-503575.0,ry2024__final_ry24_qbr_revenue_adjustments_2__qbr_revenue_adjustments.csv,% Revenue Impact,$ Revenue Impact
2024,QBR,34,HARBOR,-0.0032,-414160.0,ry2024__final_ry24_qbr_revenue_adjustments_2__qbr_revenue_adjustments.csv,% Revenue Impact,$ Revenue Impact
2024,QBR,35,CHARLES REGIONAL,-0.0054,-531136.0,ry2024__final_ry24_qbr_revenue_adjustments_2__qbr_revenue_adjustments.csv,% Revenue Impact,$ Revenue Impact
2024,QBR,37,EASTON,-0.0111,-1331241.0,ry2024__final_ry24_qbr_revenue_adjustments_2__qbr_revenue_adjustments.csv,% Revenue Impact,$ Revenue Impact
2024,QBR,38,UMMC MIDTOWN,-0.0109,-1502724.0,ry2024__final_ry24_qbr_revenue_adjustments_2__qbr_revenue_adjustments.csv,% Revenue Impact,$ Revenue Impact
2024,QBR,39,CALVERT,0.0023,188830.0,ry2024__final_ry24_qbr_revenue_adjustments_2__qbr_revenue_adjustments.csv,% Revenue Impact,$ Revenue Impact
2024,QBR,40,NORTHWEST,-0.0042,-660327.0,ry2024__final_ry24_qbr_revenue_adjustments_2__qbr_revenue_adjustments.csv,% Revenue Impact,$ Revenue Impact
2024,QBR,43,BALTIMORE WASHINGTON,-0.0044,-1436424.0,ry2024__final_ry24_qbr_revenue_adjustments_2__qbr_revenue_adjustments.csv,% Revenue Impact,$ Revenue Impact
2024,QBR,44,G.B.M.C.,-0.0059,-1503882.0,ry2024__final_ry24_qbr_revenue_adjustments_2__qbr_revenue_adjustments.csv,% Revenue Impact,$ Revenue Impact
2024,QBR,48,HOWARD COUNTY,-0.0072,-1541316.0,ry2024__final_ry24_qbr_revenue_adjustments_2__qbr_revenue_adjustments.csv,% Revenue Impact,$ Revenue Impact
2024,QBR,49,UPPER CHESAPEAKE HEALTH,-0.0081,-1629106.0,ry2024__final_ry24_qbr_revenue_adjustments_2__qbr_revenue_adjustments.csv,% Revenue Impact,$ Revenue Impact
2024,QBR,51,DOCTORS COMMUNITY,-0.0009,-158780.0,ry2024__final_ry24_qbr_revenue_adjustments_2__qbr_revenue_adjustments.csv,% Revenue Impact,$ Revenue Impact
2024,QBR,56,GOOD SAMARITAN,0.0003,57449.0,ry2024__final_ry24_qbr_revenue_adjustments_2__qbr_revenue_adjustments.csv,% Revenue Impact,$ Revenue Impact
2024,QBR,57,SHADY GROVE,-0.0134,-4301995.0,ry2024__final_ry24_qbr_revenue_adjustments_2__qbr_revenue_adjustments.csv,% Revenue Impact,$ Revenue Impact
2024,QBR,60,FT. WASHINGTON,-0.0126,-398696.0,ry2024__final_ry24_qbr_revenue_adjustments_2__qbr_revenue_adjustments.csv,% Revenue Impact,$ Revenue Impact
2024,QBR,61,ATLANTIC GENERAL,-0.0027,-122491.0,ry2024__final_ry24_qbr_revenue_adjustments_2__qbr_revenue_adjustments.csv,% Revenue Impact,$ Revenue Impact
2024,QBR,62,SOUTHERN MARYLAND,-0.0059,-1159208.0,ry2024__final_ry24_qbr_revenue_adjustments_2__qbr_revenue_adjustments.csv,% Revenue Impact,$ Revenue Impact
2024,QBR,63,UM ST. JOSEPH,0.0006,168155.0,ry2024__final_ry24_qbr_revenue_adjustments_2__qbr_revenue_adjustments.csv,% Revenue Impact,$ Revenue Impact
2024,QBR,65,HC-GERMANTOWN,-0.0122,-968829.0,ry2024__final_ry24_qbr_revenue_adjustments_2__qbr_revenue_adjustments.csv,% Revenue Impact,$ Revenue Impact
2025,QBR,1,Meritus,0.0004,100798.0,ry2025__final_ry25_qbr_revenue_adj_with_32_cutpoint__qbr_revenue_adjustments_32.csv,% Revenue Impact,$ Revenue Impact
2025,QBR,2,UMMS- UMMC,-0.0045,-6628825.0,ry2025__final_ry25_qbr_revenue_adj_with_32_cutpoint__qbr_revenue_adjustments_32.csv,% Revenue Impact,$ Revenue Impact
2025,QBR,3,UMMS- Capital Region,-0.0014,-433290.0,ry2025__final_ry25_qbr_revenue_adj_with_32_cutpoint__qbr_revenue_adjustments_32.csv,% Revenue Impact,$ Revenue Impact
2025,QBR,4,Trinity - Holy Cross,-0.008,-3311525.0,ry2025__final_ry25_qbr_revenue_adj_with_32_cutpoint__qbr_revenue_adjustments_32.csv,% Revenue Impact,$ Revenue Impact
2025,QBR,5,Frederick,-0.0043,-1094619.0,ry2025__final_ry25_qbr_revenue_adj_with_32_cutpoint__qbr_revenue_adjustments_32.csv,% Revenue Impact,$ Revenue Impact
2025,QBR,6,UMMS- Harford,0.0019,35740.0,ry2025__final_ry25_qbr_revenue_adj_with_32_cutpoint__qbr_revenue_adjustments_32.csv,% Revenue Impact,$ Revenue Impact
2025,QBR,8,Mercy,-0.0006,-132399.0,ry2025__final_ry25_qbr_revenue_adj_with_32_cutpoint__qbr_revenue_adjustments_32.csv,% Revenue Impact,$ Revenue Impact
2025,QBR,9,JHH- Johns Hopkins,0.0026,4729149.0,ry2025__final_ry25_qbr_revenue_adj_with_32_cutpoint__qbr_revenue_adjustments_32.csv,% Revenue Impact,$ Revenue Impact
2025,QBR,11,St. Agnes,-0.001,-254764.0,ry2025__final_ry25_qbr_revenue_adj_with_32_cutpoint__qbr_revenue_adjustments_32.csv,% Revenue Impact,$ Revenue Impact
2025,QBR,12,Lifebridge- Sinai,-0.0127,-6591464.0,ry2025__final_ry25_qbr_revenue_adj_with_32_cutpoint__qbr_revenue_adjustments_32.csv,% Revenue Impact,$ Revenue Impact
2025,QBR,15,MedStar- Franklin Square,-0.0028,-1041214.0,ry2025__final_ry25_qbr_revenue_adj_with_32_cutpoint__qbr_revenue_adjustments_32.csv,% Revenue Impact,$ Revenue Impact
2025,QBR,16,Adventist- White Oak,-0.0028,-680094.0,ry2025__final_ry25_qbr_revenue_adj_with_32_cutpoint__qbr_revenue_adjustments_32.csv,% Revenue Impact,$ Revenue Impact
2025,QBR,17,Garrett,0.0138,400037.0,ry2025__final_ry25_qbr_revenue_adj_with_32_cutpoint__qbr_revenue_adjustments_32.csv,% Revenue Impact,$ Revenue Impact
2025,QBR,18,MedStar- Montgomery,0.0023,220920.0,ry2025__final_ry25_qbr_revenue_adj_with_32_cutpoint__qbr_revenue_adjustments_32.csv,% Revenue Impact,$ Revenue Impact
2025,QBR,19,Tidal- Peninsula,-0.0029,-1016089.0,ry2025__final_ry25_qbr_revenue_adj_with_32_cutpoint__qbr_revenue_adjustments_32.csv,% Revenue Impact,$ Revenue Impact
2025,QBR,22,JHH- Suburban,-0.0094,-2345150.0,ry2025__final_ry25_qbr_revenue_adj_with_32_cutpoint__qbr_revenue_adjustments_32.csv,% Revenue Impact,$ Revenue Impact
2025,QBR,23,Luminis- Anne Arundel,-0.0039,-1434929.0,ry2025__final_ry25_qbr_revenue_adj_with_32_cutpoint__qbr_revenue_adjustments_32.csv,% Revenue Impact,$ Revenue Impact
2025,QBR,24,MedStar- Union Mem,0.0029,776960.0,ry2025__final_ry25_qbr_revenue_adj_with_32_cutpoint__qbr_revenue_adjustments_32.csv,% Revenue Impact,$ Revenue Impact
2025,QBR,27,Western Maryland,0.0027,495126.0,ry2025__final_ry25_qbr_revenue_adj_with_32_cutpoint__qbr_revenue_adjustments_32.csv,% Revenue Impact,$ Revenue Impact
2025,QBR,28,MedStar- St. Mary's,0.0051,512445.0,ry2025__final_ry25_qbr_revenue_adj_with_32_cutpoint__qbr_revenue_adjustments_32.csv,% Revenue Impact,$ Revenue Impact
2025,QBR,29,JHH- Bayview,-0.0051,-2406110.0,ry2025__final_ry25_qbr_revenue_adj_with_32_cutpoint__qbr_revenue_adjustments_32.csv,% Revenue Impact,$ Revenue Impact
2025,QBR,32,"ChristianaCare, Union",-0.0022,-186566.0,ry2025__final_ry25_qbr_revenue_adj_with_32_cutpoint__qbr_revenue_adjustments_32.csv,% Revenue Impact,$ Revenue Impact
2025,QBR,33,Lifebridge- Carroll,0.0013,211698.0,ry2025__final_ry25_qbr_revenue_adj_with_32_cutpoint__qbr_revenue_adjustments_32.csv,% Revenue Impact,$ Revenue Impact
2025,QBR,34,MedStar- Harbor,0.0063,807877.0,ry2025__final_ry25_qbr_revenue_adj_with_32_cutpoint__qbr_revenue_adjustments_32.csv,% Revenue Impact,$ Revenue Impact
2025,QBR,35,UMMS- Charles,0.0039,380586.0,ry2025__final_ry25_qbr_revenue_adj_with_32_cutpoint__qbr_revenue_adjustments_32.csv,% Revenue Impact,$ Revenue Impact
2025,QBR,37,UMMS- Easton,-0.0008,-98894.0,ry2025__final_ry25_qbr_revenue_adj_with_32_cutpoint__qbr_revenue_adjustments_32.csv,% Revenue Impact,$ Revenue Impact
2025,QBR,38,UMMS- Midtown,0.0005,70209.0,ry2025__final_ry25_qbr_revenue_adj_with_32_cutpoint__qbr_revenue_adjustments_32.csv,% Revenue Impact,$ Revenue Impact
2025,QBR,39,Calvert,0.0104,841621.0,ry2025__final_ry25_qbr_revenue_adj_with_32_cutpoint__qbr_revenue_adjustments_32.csv,% Revenue Impact,$ Revenue Impact
2025,QBR,40,Lifebridge- Northwest,-0.0033,-530843.0,ry2025__final_ry25_qbr_revenue_adj_with_32_cutpoint__qbr_revenue_adjustments_32.csv,% Revenue Impact,$ Revenue Impact
2025,QBR,43,UMMS- BWMC,0.0003,97675.0,ry2025__final_ry25_qbr_revenue_adj_with_32_cutpoint__qbr_revenue_adjustments_32.csv,% Revenue Impact,$ Revenue Impact
2025,QBR,44,GBMC,-0.0025,-659437.0,ry2025__final_ry25_qbr_revenue_adj_with_32_cutpoint__qbr_revenue_adjustments_32.csv,% Revenue Impact,$ Revenue Impact
2025,QBR,48,JHH- Howard County,-0.003,-660863.0,ry2025__final_ry25_qbr_revenue_adj_with_32_cutpoint__qbr_revenue_adjustments_32.csv,% Revenue Impact,$ Revenue Impact
2025,QBR,49,UMMS-Upper Chesapeake,-0.0013,-307921.0,ry2025__final_ry25_qbr_revenue_adj_with_32_cutpoint__qbr_revenue_adjustments_32.csv,% Revenue Impact,$ Revenue Impact
2025,QBR,51,Luminis- Doctors,-0.0006,-112339.0,ry2025__final_ry25_qbr_revenue_adj_with_32_cutpoint__qbr_revenue_adjustments_32.csv,% Revenue Impact,$ Revenue Impact
2025,QBR,56,MedStar- Good Sam,0.0019,354594.0,ry2025__final_ry25_qbr_revenue_adj_with_32_cutpoint__qbr_revenue_adjustments_32.csv,% Revenue Impact,$ Revenue Impact
2025,QBR,57,Adventist- Shady Grove,-0.0039,-1302495.0,ry2025__final_ry25_qbr_revenue_adj_with_32_cutpoint__qbr_revenue_adjustments_32.csv,% Revenue Impact,$ Revenue Impact
2025,QBR,60,Adventist-Ft. Washington,-0.0085,-321155.0,ry2025__final_ry25_qbr_revenue_adj_with_32_cutpoint__qbr_revenue_adjustments_32.csv,% Revenue Impact,$ Revenue Impact
2025,QBR,61,Atlantic General,0.0031,147045.0,ry2025__final_ry25_qbr_revenue_adj_with_32_cutpoint__qbr_revenue_adjustments_32.csv,% Revenue Impact,$ Revenue Impact
2025,QBR,62,MedStar- Southern MD,-0.004,-843686.0,ry2025__final_ry25_qbr_revenue_adj_with_32_cutpoint__qbr_revenue_adjustments_32.csv,% Revenue Impact,$ Revenue Impact
2025,QBR,63,UMMS- St. Joe,0.0023,672907.0,ry2025__final_ry25_qbr_revenue_adj_with_32_cutpoint__qbr_revenue_adjustments_32.csv,% Revenue Impact,$ Revenue Impact
2025,QBR,65,Trinity - Holy Cross Germantown,-0.0081,-767157.0,ry2025__final_ry25_qbr_revenue_adj_with_32_cutpoint__qbr_revenue_adjustments_32.csv,% Revenue Impact,$ Revenue Impact
2026,QBR,1,Meritus,0.0073,1969029.0,ry2026__final_ry_2026_qbr_revenue_adjustments_1__qbr_revenue_adjustments.csv,% Revenue Impact,$ Revenue Impact
2026,QBR,2,UMMS- UMMC,-0.0087,-13680247.0,ry2026__final_ry_2026_qbr_revenue_adjustments_1__qbr_revenue_adjustments.csv,% Revenue Impact,$ Revenue Impact
2026,QBR,3,UMMS- Capital Region,-0.0011,-357884.0,ry2026__final_ry_2026_qbr_revenue_adjustments_1__qbr_revenue_adjustments.csv,% Revenue Impact,$ Revenue Impact
2026,QBR,4,Trinity - Holy Cross,-0.0096,-4231267.0,ry2026__final_ry_2026_qbr_revenue_adjustments_1__qbr_revenue_adjustments.csv,% Revenue Impact,$ Revenue Impact
2026,QBR,5,Frederick,-0.0036,-921097.0,ry2026__final_ry_2026_qbr_revenue_adjustments_1__qbr_revenue_adjustments.csv,% Revenue Impact,$ Revenue Impact
2026,QBR,8,Mercy,0.002,488189.0,ry2026__final_ry_2026_qbr_revenue_adjustments_1__qbr_revenue_adjustments.csv,% Revenue Impact,$ Revenue Impact
2026,QBR,9,JHH- Johns Hopkins,0.0011,2106856.0,ry2026__final_ry_2026_qbr_revenue_adjustments_1__qbr_revenue_adjustments.csv,% Revenue Impact,$ Revenue Impact
2026,QBR,11,St. Agnes,0.0018,504381.0,ry2026__final_ry_2026_qbr_revenue_adjustments_1__qbr_revenue_adjustments.csv,% Revenue Impact,$ Revenue Impact
2026,QBR,12,Lifebridge- Sinai,-0.0006,-316289.0,ry2026__final_ry_2026_qbr_revenue_adjustments_1__qbr_revenue_adjustments.csv,% Revenue Impact,$ Revenue Impact
2026,QBR,15,MedStar- Franklin Square,-0.003,-1222633.0,ry2026__final_ry_2026_qbr_revenue_adjustments_1__qbr_revenue_adjustments.csv,% Revenue Impact,$ Revenue Impact
2026,QBR,16,Adventist- White Oak,0.0056,1508278.0,ry2026__final_ry_2026_qbr_revenue_adjustments_1__qbr_revenue_adjustments.csv,% Revenue Impact,$ Revenue Impact
2026,QBR,17,Garrett,0.02,635300.0,ry2026__final_ry_2026_qbr_revenue_adjustments_1__qbr_revenue_adjustments.csv,% Revenue Impact,$ Revenue Impact
2026,QBR,18,MedStar- Montgomery,0.0097,1039860.0,ry2026__final_ry_2026_qbr_revenue_adjustments_1__qbr_revenue_adjustments.csv,% Revenue Impact,$ Revenue Impact
2026,QBR,19,Tidal- Peninsula,0.0015,534564.0,ry2026__final_ry_2026_qbr_revenue_adjustments_1__qbr_revenue_adjustments.csv,% Revenue Impact,$ Revenue Impact
2026,QBR,22,JHH- Suburban,-0.0014,-387364.0,ry2026__final_ry_2026_qbr_revenue_adjustments_1__qbr_revenue_adjustments.csv,% Revenue Impact,$ Revenue Impact
2026,QBR,23,Luminis- Anne Arundel,0.0012,503832.0,ry2026__final_ry_2026_qbr_revenue_adjustments_1__qbr_revenue_adjustments.csv,% Revenue Impact,$ Revenue Impact
2026,QBR,24,MedStar- Union Mem,0.0002,61313.0,ry2026__final_ry_2026_qbr_revenue_adjustments_1__qbr_revenue_adjustments.csv,% Revenue Impact,$ Revenue Impact
2026,QBR,27,Western Maryland,-0.002,-413099.0,ry2026__final_ry_2026_qbr_revenue_adjustments_1__qbr_revenue_adjustments.csv,% Revenue Impact,$ Revenue Impact
2026,QBR,28,MedStar- St. Mary's,0.0026,259126.0,ry2026__final_ry_2026_qbr_revenue_adjustments_1__qbr_revenue_adjustments.csv,% Revenue Impact,$ Revenue Impact
2026,QBR,29,JHH- Bayview,-0.0095,-4803181.0,ry2026__final_ry_2026_qbr_revenue_adjustments_1__qbr_revenue_adjustments.csv,% Revenue Impact,$ Revenue Impact
2026,QBR,32,"ChristianaCare, Union",0.006,666951.0,ry2026__final_ry_2026_qbr_revenue_adjustments_1__qbr_revenue_adjustments.csv,% Revenue Impact,$ Revenue Impact
2026,QBR,33,Lifebridge- Carroll,-0.0039,-650215.0,ry2026__final_ry_2026_qbr_revenue_adjustments_1__qbr_revenue_adjustments.csv,% Revenue Impact,$ Revenue Impact
2026,QBR,34,MedStar- Harbor,0.0033,452353.0,ry2026__final_ry_2026_qbr_revenue_adjustments_1__qbr_revenue_adjustments.csv,% Revenue Impact,$ Revenue Impact
2026,QBR,35,UMMS- Charles,-0.0068,-715474.0,ry2026__final_ry_2026_qbr_revenue_adjustments_1__qbr_revenue_adjustments.csv,% Revenue Impact,$ Revenue Impact
2026,QBR,37,UMMS- Easton,-0.001,-138385.0,ry2026__final_ry_2026_qbr_revenue_adjustments_1__qbr_revenue_adjustments.csv,% Revenue Impact,$ Revenue Impact
2026,QBR,38,UMMS- Midtown,0.0001,14097.0,ry2026__final_ry_2026_qbr_revenue_adjustments_1__qbr_revenue_adjustments.csv,% Revenue Impact,$ Revenue Impact
2026,QBR,39,Calvert,0.013,1104310.0,ry2026__final_ry_2026_qbr_revenue_adjustments_1__qbr_revenue_adjustments.csv,% Revenue Impact,$ Revenue Impact
2026,QBR,40,Lifebridge- Northwest,-0.0014,-242991.0,ry2026__final_ry_2026_qbr_revenue_adjustments_1__qbr_revenue_adjustments.csv,% Revenue Impact,$ Revenue Impact
2026,QBR,43,UMMS- BWMC,-0.0004,-131870.0,ry2026__final_ry_2026_qbr_revenue_adjustments_1__qbr_revenue_adjustments.csv,% Revenue Impact,$ Revenue Impact
2026,QBR,44,GBMC,0.0019,522446.0,ry2026__final_ry_2026_qbr_revenue_adjustments_1__qbr_revenue_adjustments.csv,% Revenue Impact,$ Revenue Impact
2026,QBR,48,JHH- Howard County,-0.0074,-1895438.0,ry2026__final_ry_2026_qbr_revenue_adjustments_1__qbr_revenue_adjustments.csv,% Revenue Impact,$ Revenue Impact
2026,QBR,49,UMMS-Upper Chesapeake,-0.0057,-1483890.0,ry2026__final_ry_2026_qbr_revenue_adjustments_1__qbr_revenue_adjustments.csv,% Revenue Impact,$ Revenue Impact
2026,QBR,51,Luminis- Doctors,-0.0014,-273057.0,ry2026__final_ry_2026_qbr_revenue_adjustments_1__qbr_revenue_adjustments.csv,% Revenue Impact,$ Revenue Impact
2026,QBR,56,MedStar- Good Sam,-0.0067,-1337866.0,ry2026__final_ry_2026_qbr_revenue_adjustments_1__qbr_revenue_adjustments.csv,% Revenue Impact,$ Revenue Impact
2026,QBR,57,Adventist- Shady Grove,0.0002,72225.0,ry2026__final_ry_2026_qbr_revenue_adjustments_1__qbr_revenue_adjustments.csv,% Revenue Impact,$ Revenue Impact
2026,QBR,60,Adventist-Ft. Washington,0.0007,26128.0,ry2026__final_ry_2026_qbr_revenue_adjustments_1__qbr_revenue_adjustments.csv,% Revenue Impact,$ Revenue Impact
2026,QBR,61,Atlantic General,0.0112,558203.0,ry2026__final_ry_2026_qbr_revenue_adjustments_1__qbr_revenue_adjustments.csv,% Revenue Impact,$ Revenue Impact
2026,QBR,62,MedStar- Southern MD,-0.0028,-590191.0,ry2026__final_ry_2026_qbr_revenue_adjustments_1__qbr_revenue_adjustments.csv,% Revenue Impact,$ Revenue Impact
2026,QBR,63,UMMS- St. Joe,0.0045,1374109.0,ry2026__final_ry_2026_qbr_revenue_adjustments_1__qbr_revenue_adjustments.csv,% Revenue Impact,$ Revenue Impact
2026,QBR,65,Trinity - Holy Cross Germantown,-0.0107,-1141921.0,ry2026__final_ry_2026_qbr_revenue_adjustments_1__qbr_revenue_adjustments.csv,% Revenue Impact,$ Revenue Impact
2027,QBR,1,Meritus,0.0073,1969029.0,ry2027__final_ry_2026_qbr_revenue_adjustments_3__qbr_revenue_adjustments.csv,% Revenue Impact,$ Revenue Impact
2027,QBR,2,UMMS- UMMC,-0.0087,-13680247.0,ry2027__final_ry_2026_qbr_revenue_adjustments_3__qbr_revenue_adjustments.csv,% Revenue Impact,$ Revenue Impact
2027,QBR,3,UMMS- Capital Region,-0.0011,-357884.0,ry2027__final_ry_2026_qbr_revenue_adjustments_3__qbr_revenue_adjustments.csv,% Revenue Impact,$ Revenue Impact
2027,QBR,4,Trinity - Holy Cross,-0.0096,-4231267.0,ry2027__final_ry_2026_qbr_revenue_adjustments_3__qbr_revenue_adjustments.csv,% Revenue Impact,$ Revenue Impact
2027,QBR,5,Frederick,-0.0036,-921097.0,ry2027__final_ry_2026_qbr_revenue_adjustments_3__qbr_revenue_adjustments.csv,% Revenue Impact,$ Revenue Impact
2027,QBR,8,Mercy,0.002,488189.0,ry2027__final_ry_2026_qbr_revenue_adjustments_3__qbr_revenue_adjustments.csv,% Revenue Impact,$ Revenue Impact
2027,QBR,9,JHH- Johns Hopkins,0.0011,2106856.0,ry2027__final_ry_2026_qbr_revenue_adjustments_3__qbr_revenue_adjustments.csv,% Revenue Impact,$ Revenue Impact
2027,QBR,11,St. Agnes,0.0018,504381.0,ry2027__final_ry_2026_qbr_revenue_adjustments_3__qbr_revenue_adjustments.csv,% Revenue Impact,$ Revenue Impact
2027,QBR,12,Lifebridge- Sinai,-0.0006,-316289.0,ry2027__final_ry_2026_qbr_revenue_adjustments_3__qbr_revenue_adjustments.csv,% Revenue Impact,$ Revenue Impact
2027,QBR,15,MedStar- Franklin Square,-0.003,-1222633.0,ry2027__final_ry_2026_qbr_revenue_adjustments_3__qbr_revenue_adjustments.csv,% Revenue Impact,$ Revenue Impact
2027,QBR,16,Adventist- White Oak,0.0056,1508278.0,ry2027__final_ry_2026_qbr_revenue_adjustments_3__qbr_revenue_adjustments.csv,% Revenue Impact,$ Revenue Impact
2027,QBR,17,Garrett,0.02,635300.0,ry2027__final_ry_2026_qbr_revenue_adjustments_3__qbr_revenue_adjustments.csv,% Revenue Impact,$ Revenue Impact
2027,QBR,18,MedStar- Montgomery,0.0097,1039860.0,ry2027__final_ry_2026_qbr_revenue_adjustments_3__qbr_revenue_adjustments.csv,% Revenue Impact,$ Revenue Impact
2027,QBR,19,Tidal- Peninsula,0.0015,534564.0,ry2027__final_ry_2026_qbr_revenue_adjustments_3__qbr_revenue_adjustments.csv,% Revenue Impact,$ Revenue Impact
2027,QBR,22,JHH- Suburban,-0.0014,-387364.0,ry2027__final_ry_2026_qbr_revenue_adjustments_3__qbr_revenue_adjustments.csv,% Revenue Impact,$ Revenue Impact
2027,QBR,23,Luminis- Anne Arundel,0.0012,503832.0,ry2027__final_ry_2026_qbr_revenue_adjustments_3__qbr_revenue_adjustments.csv,% Revenue Impact,$ Revenue Impact
2027,QBR,24,MedStar- Union Mem,0.0002,61313.0,ry2027__final_ry_2026_qbr_revenue_adjustments_3__qbr_revenue_adjustments.csv,% Revenue Impact,$ Revenue Impact
2027,QBR,27,Western Maryland,-0.002,-413099.0,ry2027__final_ry_2026_qbr_revenue_adjustments_3__qbr_revenue_adjustments.csv,% Revenue Impact,$ Revenue Impact
2027,QBR,28,MedStar- St. Mary's,0.0026,259126.0,ry2027__final_ry_2026_qbr_revenue_adjustments_3__qbr_revenue_adjustments.csv,% Revenue Impact,$ Revenue Impact
2027,QBR,29,JHH- Bayview,-0.0095,-4803181.0,ry2027__final_ry_2026_qbr_revenue_adjustments_3__qbr_revenue_adjustments.csv,% Revenue Impact,$ Revenue Impact
2027,QBR,32,"ChristianaCare, Union",0.006,666951.0,ry2027__final_ry_2026_qbr_revenue_adjustments_3__qbr_revenue_adjustments.csv,% Revenue Impact,$ Revenue Impact
2027,QBR,33,Lifebridge- Carroll,-0.0039,-650215.0,ry2027__final_ry_2026_qbr_revenue_adjustments_3__qbr_revenue_adjustments.csv,% Revenue Impact,$ Revenue Impact
2027,QBR,34,MedStar- Harbor,0.0033,452353.0,ry2027__final_ry_2026_qbr_revenue_adjustments_3__qbr_revenue_adjustments.csv,% Revenue Impact,$ Revenue Impact
2027,QBR,35,UMMS- Charles,-0.0068,-715474.0,ry2027__final_ry_2026_qbr_revenue_adjustments_3__qbr_revenue_adjustments.csv,% Revenue Impact,$ Revenue Impact
2027,QBR,37,UMMS- Easton,-0.001,-138385.0,ry2027__final_ry_2026_qbr_revenue_adjustments_3__qbr_revenue_adjustments.csv,% Revenue Impact,$ Revenue Impact
2027,QBR,38,UMMS- Midtown,0.0001,14097.0,ry2027__final_ry_2026_qbr_revenue_adjustments_3__qbr_revenue_adjustments.csv,% Revenue Impact,$ Revenue Impact
2027,QBR,39,Calvert,0.013,1104310.0,ry2027__final_ry_2026_qbr_revenue_adjustments_3__qbr_revenue_adjustments.csv,% Revenue Impact,$ Revenue Impact
2027,QBR,40,Lifebridge- Northwest,-0.0014,-242991.0,ry2027__final_ry_2026_qbr_revenue_adjustments_3__qbr_revenue_adjustments.csv,% Revenue Impact,$ Revenue Impact
2027,QBR,43,UMMS- BWMC,-0.0004,-131870.0,ry2027__final_ry_2026_qbr_revenue_adjustments_3__qbr_revenue_adjustments.csv,% Revenue Impact,$ Revenue Impact
2027,QBR,44,GBMC,0.0019,522446.0,ry2027__final_ry_2026_qbr_revenue_adjustments_3__qbr_revenue_adjustments.csv,% Revenue Impact,$ Revenue Impact
2027,QBR,48,JHH- Howard County,-0.0074,-1895438.0,ry2027__final_ry_2026_qbr_revenue_adjustments_3__qbr_revenue_adjustments.csv,% Revenue Impact,$ Revenue Impact
2027,QBR,49,UMMS-Upper Chesapeake,-0.0057,-1483890.0,ry2027__final_ry_2026_qbr_revenue_adjustments_3__qbr_revenue_adjustments.csv,% Revenue Impact,$ Revenue Impact
2027,QBR,51,Luminis- Doctors,-0.0014,-273057.0,ry2027__final_ry_2026_qbr_revenue_adjustments_3__qbr_revenue_adjustments.csv,% Revenue Impact,$ Revenue Impact
2027,QBR,56,MedStar- Good Sam,-0.0067,-1337866.0,ry2027__final_ry_2026_qbr_revenue_adjustments_3__qbr_revenue_adjustments.csv,% Revenue Impact,$ Revenue Impact
2027,QBR,57,Adventist- Shady Grove,0.0002,72225.0,ry2027__final_ry_2026_qbr_revenue_adjustments_3__qbr_revenue_adjustments.csv,% Revenue Impact,$ Revenue Impact
2027,QBR,60,Adventist-Ft. Washington,0.0007,26128.0,ry2027__final_ry_2026_qbr_revenue_adjustments_3__qbr_revenue_adjustments.csv,% Revenue Impact,$ Revenue Impact
2027,QBR,61,Atlantic General,0.0112,558203.0,ry2027__final_ry_2026_qbr_revenue_adjustments_3__qbr_revenue_adjustments.csv,% Revenue Impact,$ Revenue Impact
2027,QBR,62,MedStar- Southern MD,-0.0028,-590191.0,ry2027__final_ry_2026_qbr_revenue_adjustments_3__qbr_revenue_adjustments.csv,% Revenue Impact,$ Revenue Impact
2027,QBR,63,UMMS- St. Joe,0.0045,1374109.0,ry2027__final_ry_2026_qbr_revenue_adjustments_3__qbr_revenue_adjustments.csv,% Revenue Impact,$ Revenue Impact
2027,QBR,65,Trinity - Holy Cross Germantown,-0.0107,-1141921.0,ry2027__final_ry_2026_qbr_revenue_adjustments_3__qbr_revenue_adjustments.csv,% Revenue Impact,$ Revenue Impact
2018,RRIP,1,MERITUS,0.0023,,ry2018__rripresults_51217__rrip_revenue_impact.csv,RY 18 Scaling %,
2018,RRIP,2,UNIVERSITY OF MARYLAND,0.0023,,ry2018__rripresults_51217__rrip_revenue_impact.csv,RY 18 Scaling %,
2018,RRIP,3,PRINCE GEORGE,-0.0084,,ry2018__rripresults_51217__rrip_revenue_impact.csv,RY 18 Scaling %,
2018,RRIP,4,HOLY CROSS,-0.0059,,ry2018__rripresults_51217__rrip_revenue_impact.csv,RY 18 Scaling %,
2018,RRIP,5,FREDERICK MEMORIAL,0.01,,ry2018__rripresults_51217__rrip_revenue_impact.csv,RY 18 Scaling %,
2018,RRIP,6,HARFORD,-0.0061,,ry2018__rripresults_51217__rrip_revenue_impact.csv,RY 18 Scaling %,
2018,RRIP,8,MERCY,0.0086,,ry2018__rripresults_51217__rrip_revenue_impact.csv,RY 18 Scaling %,
2018,RRIP,9,JOHNS HOPKINS,0.003,,ry2018__rripresults_51217__rrip_revenue_impact.csv,RY 18 Scaling %,
2018,RRIP,10,DORCHESTER,-0.0037,,ry2018__rripresults_51217__rrip_revenue_impact.csv,RY 18 Scaling %,
2018,RRIP,11,ST. AGNES,0.0037,,ry2018__rripresults_51217__rrip_revenue_impact.csv,RY 18 Scaling %,
2018,RRIP,12,SINAI,0.006799999999999999,,ry2018__rripresults_51217__rrip_revenue_impact.csv,RY 18 Scaling %,
2018,RRIP,13,BON SECOURS,0.01,,ry2018__rripresults_51217__rrip_revenue_impact.csv,RY 18 Scaling %,
2018,RRIP,15,FRANKLIN SQUARE,-0.0053,,ry2018__rripresults_51217__rrip_revenue_impact.csv,RY 18 Scaling %,
2018,RRIP,16,WASHINGTON ADVENTIST,0.0043,,ry2018__rripresults_51217__rrip_revenue_impact.csv,RY 18 Scaling %,
2018,RRIP,17,GARRETT COUNTY,0.01,,ry2018__rripresults_51217__rrip_revenue_impact.csv,RY 18 Scaling %,
2018,RRIP,18,MONTGOMERY GENERAL,0.005,,ry2018__rripresults_51217__rrip_revenue_impact.csv,RY 18 Scaling %,
2018,RRIP,19,PENINSULA REGIONAL,0.006,,ry2018__rripresults_51217__rrip_revenue_impact.csv,RY 18 Scaling %,
2018,RRIP,22,SUBURBAN,-0.0013999999999999998,,ry2018__rripresults_51217__rrip_revenue_impact.csv,RY 18 Scaling %,
2018,RRIP,23,ANNE ARUNDEL,0.0032,,ry2018__rripresults_51217__rrip_revenue_impact.csv,RY 18 Scaling %,
2018,RRIP,24,UNION MEMORIAL,0.0048,,ry2018__rripresults_51217__rrip_revenue_impact.csv,RY 18 Scaling %,
2018,RRIP,27,WESTERN MARYLAND HEALTH SYSTEM,0.00019999999999999998,,ry2018__rripresults_51217__rrip_revenue_impact.csv,RY 18 Scaling %,
2018,RRIP,28,ST. MARY,0.0066,,ry2018__rripresults_51217__rrip_revenue_impact.csv,RY 18 Scaling %,
2018,RRIP,29,HOPKINS BAYVIEW MED CTR,-0.0023,,ry2018__rripresults_51217__rrip_revenue_impact.csv,RY 18 Scaling %,
2018,RRIP,30,CHESTERTOWN,-0.0135,,ry2018__rripresults_51217__rrip_revenue_impact.csv,RY 18 Scaling %,
2018,RRIP,32,UNION HOSPITAL  OF CECIL COUNT,-0.0106,,ry2018__rripresults_51217__rrip_revenue_impact.csv,RY 18 Scaling %,
2018,RRIP,33,CARROLL COUNTY,0.0035,,ry2018__rripresults_51217__rrip_revenue_impact.csv,RY 18 Scaling %,
2018,RRIP,34,HARBOR,-0.0027999999999999995,,ry2018__rripresults_51217__rrip_revenue_impact.csv,RY 18 Scaling %,
2018,RRIP,35,CHARLES REGIONAL,0.009,,ry2018__rripresults_51217__rrip_revenue_impact.csv,RY 18 Scaling %,
2018,RRIP,37,EASTON,0.0054,,ry2018__rripresults_51217__rrip_revenue_impact.csv,RY 18 Scaling %,
2018,RRIP,38,UMMC MIDTOWN,0.0016,,ry2018__rripresults_51217__rrip_revenue_impact.csv,RY 18 Scaling %,
2018,RRIP,39,CALVERT,0.01,,ry2018__rripresults_51217__rrip_revenue_impact.csv,RY 18 Scaling %,
2018,RRIP,40,NORTHWEST,0.0092,,ry2018__rripresults_51217__rrip_revenue_impact.csv,RY 18 Scaling %,
2018,RRIP,43,BALTIMORE WASHINGTON MEDICAL CENTER,0.0037,,ry2018__rripresults_51217__rrip_revenue_impact.csv,RY 18 Scaling %,
2018,RRIP,44,G.B.M.C.,0.0094,,ry2018__rripresults_51217__rrip_revenue_impact.csv,RY 18 Scaling %,
2018,RRIP,45,MCCREADY,-0.008,,ry2018__rripresults_51217__rrip_revenue_impact.csv,RY 18 Scaling %,
2018,RRIP,48,HOWARD COUNTY,0.0037,,ry2018__rripresults_51217__rrip_revenue_impact.csv,RY 18 Scaling %,
2018,RRIP,49,UPPER CHESAPEAKE HEALTH,0.0067,,ry2018__rripresults_51217__rrip_revenue_impact.csv,RY 18 Scaling %,
2018,RRIP,51,DOCTORS COMMUNITY,0.0009,,ry2018__rripresults_51217__rrip_revenue_impact.csv,RY 18 Scaling %,
2018,RRIP,55,LAUREL REGIONAL,0.0067,,ry2018__rripresults_51217__rrip_revenue_impact.csv,RY 18 Scaling %,
2018,RRIP,56,GOOD SAMARITAN,0.0081,,ry2018__rripresults_51217__rrip_revenue_impact.csv,RY 18 Scaling %,
2018,RRIP,57,SHADY GROVE,0.01,,ry2018__rripresults_51217__rrip_revenue_impact.csv,RY 18 Scaling %,
2018,RRIP,58,REHAB & ORTHO,0.0015999999999999999,,ry2018__rripresults_51217__rrip_revenue_impact.csv,RY 18 Scaling %,
2018,RRIP,60,FT. WASHINGTON,0.01,,ry2018__rripresults_51217__rrip_revenue_impact.csv,RY 18 Scaling %,
2018,RRIP,61,ATLANTIC GENERAL,0.01,,ry2018__rripresults_51217__rrip_revenue_impact.csv,RY 18 Scaling %,
2018,RRIP,62,SOUTHERN MARYLAND,-0.0019,,ry2018__rripresults_51217__rrip_revenue_impact.csv,RY 18 Scaling %,
2018,RRIP,63,UM ST. JOSEPH,0.0088,,ry2018__rripresults_51217__rrip_revenue_impact.csv,RY 18 Scaling %,
2018,RRIP,64,LEVINDALE,0.01,,ry2018__rripresults_51217__rrip_revenue_impact.csv,RY 18 Scaling %,
2018,RRIP,65,HOLY CROSS GERMANTOWN,0.0078000000000000005,,ry2018__rripresults_51217__rrip_revenue_impact.csv,RY 18 Scaling %,
2019,RRIP,1,MERITUS,-0.010199997461305904,-1946154.0,ry2019__ry19rripscaling__rrip_modeling_results.csv,RY 19 Final % Revenue Adjustment,$ Better of Attainment or Improvement
2019,RRIP,2,UNIVERSITY OF MARYLAND,-0.0036000003598388093,-3309314.0,ry2019__ry19rripscaling__rrip_modeling_results.csv,RY 19 Final % Revenue Adjustment,$ Better of Attainment or Improvement
2019,RRIP,3,PRINCE GEORGE,-0.009799998469840514,-2111553.0,ry2019__ry19rripscaling__rrip_modeling_results.csv,RY 19 Final % Revenue Adjustment,$ Better of Attainment or Improvement
2019,RRIP,4,HOLY CROSS,-0.016300000790588368,-5548717.0,ry2019__ry19rripscaling__rrip_modeling_results.csv,RY 19 Final % Revenue Adjustment,$ Better of Attainment or Improvement
2019,RRIP,5,FREDERICK MEMORIAL,-0.0005999981644071537,-132583.0,ry2019__ry19rripscaling__rrip_modeling_results.csv,RY 19 Final % Revenue Adjustment,$ Better of Attainment or Improvement
2019,RRIP,6,HARFORD,-0.004200006597471649,-203943.0,ry2019__ry19rripscaling__rrip_modeling_results.csv,RY 19 Final % Revenue Adjustment,$ Better of Attainment or Improvement
2019,RRIP,8,MERCY,0.002100000329494157,470259.0,ry2019__ry19rripscaling__rrip_modeling_results.csv,RY 19 Final % Revenue Adjustment,$ Better of Attainment or Improvement
2019,RRIP,9,JOHNS HOPKINS,-0.002800000201863951,-3859128.0,ry2019__ry19rripscaling__rrip_modeling_results.csv,RY 19 Final % Revenue Adjustment,$ Better of Attainment or Improvement
2019,RRIP,10,DORCHESTER,-0.008299994658727446,-215976.0,ry2019__ry19rripscaling__rrip_modeling_results.csv,RY 19 Final % Revenue Adjustment,$ Better of Attainment or Improvement
2019,RRIP,11,ST. AGNES,0.001199999652207999,285467.0,ry2019__ry19rripscaling__rrip_modeling_results.csv,RY 19 Final % Revenue Adjustment,$ Better of Attainment or Improvement
2019,RRIP,12,SINAI,0.009999999802870597,3980365.0,ry2019__ry19rripscaling__rrip_modeling_results.csv,RY 19 Final % Revenue Adjustment,$ Better of Attainment or Improvement
2019,RRIP,13,BON SECOURS,0.009699999901668366,638241.0,ry2019__ry19rripscaling__rrip_modeling_results.csv,RY 19 Final % Revenue Adjustment,$ Better of Attainment or Improvement
2019,RRIP,15,FRANKLIN SQUARE,-0.011899999104087735,-3577425.0,ry2019__ry19rripscaling__rrip_modeling_results.csv,RY 19 Final % Revenue Adjustment,$ Better of Attainment or Improvement
2019,RRIP,16,WASHINGTON ADVENTIST,0.0027999981582672176,443345.0,ry2019__ry19rripscaling__rrip_modeling_results.csv,RY 19 Final % Revenue Adjustment,$ Better of Attainment or Improvement
2019,RRIP,17,GARRETT COUNTY,0.0099999837109856,210753.0,ry2019__ry19rripscaling__rrip_modeling_results.csv,RY 19 Final % Revenue Adjustment,$ Better of Attainment or Improvement
2019,RRIP,18,MONTGOMERY GENERAL,-0.005599993830983245,-435728.0,ry2019__ry19rripscaling__rrip_modeling_results.csv,RY 19 Final % Revenue Adjustment,$ Better of Attainment or Improvement
2019,RRIP,19,PENINSULA REGIONAL,-0.006600000141632707,-1593681.0,ry2019__ry19rripscaling__rrip_modeling_results.csv,RY 19 Final % Revenue Adjustment,$ Better of Attainment or Improvement
2019,RRIP,22,SUBURBAN,-0.011799997818057972,-2329690.0,ry2019__ry19rripscaling__rrip_modeling_results.csv,RY 19 Final % Revenue Adjustment,$ Better of Attainment or Improvement
2019,RRIP,23,ANNE ARUNDEL,-0.00020000000325210817,-59853.0,ry2019__ry19rripscaling__rrip_modeling_results.csv,RY 19 Final % Revenue Adjustment,$ Better of Attainment or Improvement
2019,RRIP,24,UNION MEMORIAL,0.0009000009630110213,211812.0,ry2019__ry19rripscaling__rrip_modeling_results.csv,RY 19 Final % Revenue Adjustment,$ Better of Attainment or Improvement
2019,RRIP,27,WESTERN MARYLAND HEALTH SYSTEM,9.999989321249998e-05,17100.0,ry2019__ry19rripscaling__rrip_modeling_results.csv,RY 19 Final % Revenue Adjustment,$ Better of Attainment or Improvement
2019,RRIP,28,ST. MARY,0.0018000065026200795,137346.0,ry2019__ry19rripscaling__rrip_modeling_results.csv,RY 19 Final % Revenue Adjustment,$ Better of Attainment or Improvement
2019,RRIP,29,HOPKINS BAYVIEW MED CTR,-0.00840000025112786,-3004013.0,ry2019__ry19rripscaling__rrip_modeling_results.csv,RY 19 Final % Revenue Adjustment,$ Better of Attainment or Improvement
2019,RRIP,30,CHESTERTOWN,0.006200018642739876,131068.0,ry2019__ry19rripscaling__rrip_modeling_results.csv,RY 19 Final % Revenue Adjustment,$ Better of Attainment or Improvement
2019,RRIP,32,UNION HOSPITAL  OF CECIL COUNT,-0.018000003636923657,-1197258.0,ry2019__ry19rripscaling__rrip_modeling_results.csv,RY 19 Final % Revenue Adjustment,$ Better of Attainment or Improvement
2019,RRIP,33,CARROLL COUNTY,-0.0035000033101639937,-464804.0,ry2019__ry19rripscaling__rrip_modeling_results.csv,RY 19 Final % Revenue Adjustment,$ Better of Attainment or Improvement
2019,RRIP,34,HARBOR,-0.01470000403707885,-1654145.0,ry2019__ry19rripscaling__rrip_modeling_results.csv,RY 19 Final % Revenue Adjustment,$ Better of Attainment or Improvement
2019,RRIP,35,CHARLES REGIONAL,0.0034000002557876352,255677.0,ry2019__ry19rripscaling__rrip_modeling_results.csv,RY 19 Final % Revenue Adjustment,$ Better of Attainment or Improvement
2019,RRIP,37,EASTON,-0.0026999981441761457,-284100.0,ry2019__ry19rripscaling__rrip_modeling_results.csv,RY 19 Final % Revenue Adjustment,$ Better of Attainment or Improvement
2019,RRIP,38,UMMC MIDTOWN,-0.002899996523467422,-339931.0,ry2019__ry19rripscaling__rrip_modeling_results.csv,RY 19 Final % Revenue Adjustment,$ Better of Attainment or Improvement
2019,RRIP,39,CALVERT,0.009999996466750209,636777.0,ry2019__ry19rripscaling__rrip_modeling_results.csv,RY 19 Final % Revenue Adjustment,$ Better of Attainment or Improvement
2019,RRIP,40,NORTHWEST,0.008900000428465232,1191076.0,ry2019__ry19rripscaling__rrip_modeling_results.csv,RY 19 Final % Revenue Adjustment,$ Better of Attainment or Improvement
2019,RRIP,43,BALTIMORE WASHINGTON MEDICAL CENTER,0.0038000008380430386,870777.0,ry2019__ry19rripscaling__rrip_modeling_results.csv,RY 19 Final % Revenue Adjustment,$ Better of Attainment or Improvement
2019,RRIP,44,G.B.M.C.,0.004000000500725802,900583.0,ry2019__ry19rripscaling__rrip_modeling_results.csv,RY 19 Final % Revenue Adjustment,$ Better of Attainment or Improvement
2019,RRIP,45,MCCREADY,0.003800050739247729,11529.0,ry2019__ry19rripscaling__rrip_modeling_results.csv,RY 19 Final % Revenue Adjustment,$ Better of Attainment or Improvement
2019,RRIP,48,HOWARD COUNTY,-0.0010999978569349916,-201683.0,ry2019__ry19rripscaling__rrip_modeling_results.csv,RY 19 Final % Revenue Adjustment,$ Better of Attainment or Improvement
2019,RRIP,49,UPPER CHESAPEAKE HEALTH,0.010000002746471011,1301504.0,ry2019__ry19rripscaling__rrip_modeling_results.csv,RY 19 Final % Revenue Adjustment,$ Better of Attainment or Improvement
2019,RRIP,51,DOCTORS COMMUNITY,-0.0004999993373307,-72343.0,ry2019__ry19rripscaling__rrip_modeling_results.csv,RY 19 Final % Revenue Adjustment,$ Better of Attainment or Improvement
2019,RRIP,55,LAUREL REGIONAL,0.003499992107795275,206259.0,ry2019__ry19rripscaling__rrip_modeling_results.csv,RY 19 Final % Revenue Adjustment,$ Better of Attainment or Improvement
2019,RRIP,56,GOOD SAMARITAN,0.002800003034514538,393890.0,ry2019__ry19rripscaling__rrip_modeling_results.csv,RY 19 Final % Revenue Adjustment,$ Better of Attainment or Improvement
2019,RRIP,57,SHADY GROVE,0.00010000020500906447,23194.0,ry2019__ry19rripscaling__rrip_modeling_results.csv,RY 19 Final % Revenue Adjustment,$ Better of Attainment or Improvement
2019,RRIP,58,REHAB & ORTHO,0.0022000001504888247,153926.0,ry2019__ry19rripscaling__rrip_modeling_results.csv,RY 19 Final % Revenue Adjustment,$ Better of Attainment or Improvement
2019,RRIP,60,FT. WASHINGTON,0.009999986113898698,195485.0,ry2019__ry19rripscaling__rrip_modeling_results.csv,RY 19 Final % Revenue Adjustment,$ Better of Attainment or Improvement
2019,RRIP,61,ATLANTIC GENERAL,0.0006999905382819815,26121.0,ry2019__ry19rripscaling__rrip_modeling_results.csv,RY 19 Final % Revenue Adjustment,$ Better of Attainment or Improvement
2019,RRIP,62,SOUTHERN MARYLAND,-0.00040000243517003986,-65538.0,ry2019__ry19rripscaling__rrip_modeling_results.csv,RY 19 Final % Revenue Adjustment,$ Better of Attainment or Improvement
2019,RRIP,63,UM ST. JOSEPH,0.0032000009282534135,761359.0,ry2019__ry19rripscaling__rrip_modeling_results.csv,RY 19 Final % Revenue Adjustment,$ Better of Attainment or Improvement
2019,RRIP,64,LEVINDALE,0.008499999685153269,476899.0,ry2019__ry19rripscaling__rrip_modeling_results.csv,RY 19 Final % Revenue Adjustment,$ Better of Attainment or Improvement
2019,RRIP,65,HOLY CROSS GERMANTOWN,-0.015600003251073323,-945862.0,ry2019__ry19rripscaling__rrip_modeling_results.csv,RY 19 Final % Revenue Adjustment,$ Better of Attainment or Improvement
2020,RRIP,1,MERITUS,-0.004099999199366308,-900162.0,ry2020__ry2020rripscaling__rrip_results.csv,RY20 Final % Revenue Adjustment,$ Better of Attainment or Improvement
2020,RRIP,2,UMMC,-0.0002999998697749994,-361102.0,ry2020__ry2020rripscaling__rrip_results.csv,RY20 Final % Revenue Adjustment,$ Better of Attainment or Improvement
2020,RRIP,3,UM-PG,-0.004699999353557012,-1329767.0,ry2020__ry2020rripscaling__rrip_results.csv,RY20 Final % Revenue Adjustment,$ Better of Attainment or Improvement
2020,RRIP,4,HOLY CROSS,-0.0117000008673213,-4160622.0,ry2020__ry2020rripscaling__rrip_results.csv,RY20 Final % Revenue Adjustment,$ Better of Attainment or Improvement
2020,RRIP,5,FREDERICK,0.009999998844665499,2326658.0,ry2020__ry2020rripscaling__rrip_results.csv,RY20 Final % Revenue Adjustment,$ Better of Attainment or Improvement
2020,RRIP,6,UM-HARFORD,-0.0013000084598600815,-70436.0,ry2020__ry2020rripscaling__rrip_results.csv,RY20 Final % Revenue Adjustment,$ Better of Attainment or Improvement
2020,RRIP,8,MERCY,0.006300001703013586,1426900.0,ry2020__ry2020rripscaling__rrip_results.csv,RY20 Final % Revenue Adjustment,$ Better of Attainment or Improvement
2020,RRIP,9,JOHNS HOPKINS,0.0006999998650053575,1019681.0,ry2020__ry2020rripscaling__rrip_results.csv,RY20 Final % Revenue Adjustment,$ Better of Attainment or Improvement
2020,RRIP,10,UM-DORCHESTER,0.00999998012207841,226538.0,ry2020__ry2020rripscaling__rrip_results.csv,RY20 Final % Revenue Adjustment,$ Better of Attainment or Improvement
2020,RRIP,11,ST. AGNES,0.0007999992289594519,191006.0,ry2020__ry2020rripscaling__rrip_results.csv,RY20 Final % Revenue Adjustment,$ Better of Attainment or Improvement
2020,RRIP,12,SINAI,0.01000000067923535,3998177.0,ry2020__ry2020rripscaling__rrip_results.csv,RY20 Final % Revenue Adjustment,$ Better of Attainment or Improvement
2020,RRIP,13,BON SECOURS,0.009999992361926825,643633.0,ry2020__ry2020rripscaling__rrip_results.csv,RY20 Final % Revenue Adjustment,$ Better of Attainment or Improvement
2020,RRIP,15,MS-FRANKLIN SQUARE,-0.007999999904484896,-2455188.0,ry2020__ry2020rripscaling__rrip_results.csv,RY20 Final % Revenue Adjustment,$ Better of Attainment or Improvement
2020,RRIP,16,WASHINGTON ADVENTIST,0.0016999976742891765,279135.0,ry2020__ry2020rripscaling__rrip_results.csv,RY20 Final % Revenue Adjustment,$ Better of Attainment or Improvement
2020,RRIP,17,GARRETT,-0.009099998401266945,-215801.0,ry2020__ry2020rripscaling__rrip_results.csv,RY20 Final % Revenue Adjustment,$ Better of Attainment or Improvement
2020,RRIP,18,MS-MONTGOMERY,0.0012000003020977681,101666.0,ry2020__ry2020rripscaling__rrip_results.csv,RY20 Final % Revenue Adjustment,$ Better of Attainment or Improvement
2020,RRIP,19,PRMC,-0.008599999728039662,-2143363.0,ry2020__ry2020rripscaling__rrip_results.csv,RY20 Final % Revenue Adjustment,$ Better of Attainment or Improvement
2020,RRIP,22,SUBURBAN,-0.004400001013774515,-919399.0,ry2020__ry2020rripscaling__rrip_results.csv,RY20 Final % Revenue Adjustment,$ Better of Attainment or Improvement
2020,RRIP,23,AAMC,-0.004200000260317381,-1237087.0,ry2020__ry2020rripscaling__rrip_results.csv,RY20 Final % Revenue Adjustment,$ Better of Attainment or Improvement
2020,RRIP,24,MS-UNION,0.006599999675794059,1604834.0,ry2020__ry2020rripscaling__rrip_results.csv,RY20 Final % Revenue Adjustment,$ Better of Attainment or Improvement
2020,RRIP,27,WESTERN MARYLAND,0.003699997640158236,627009.0,ry2020__ry2020rripscaling__rrip_results.csv,RY20 Final % Revenue Adjustment,$ Better of Attainment or Improvement
2020,RRIP,28,MS-ST. MARY,0.0028999995691720987,229509.0,ry2020__ry2020rripscaling__rrip_results.csv,RY20 Final % Revenue Adjustment,$ Better of Attainment or Improvement
2020,RRIP,29,HOPKINS BAYVIEW,-0.0010000010172975069,-366608.0,ry2020__ry2020rripscaling__rrip_results.csv,RY20 Final % Revenue Adjustment,$ Better of Attainment or Improvement
2020,RRIP,30,UM-CHESTERTOWN,0.009999976611852791,178599.0,ry2020__ry2020rripscaling__rrip_results.csv,RY20 Final % Revenue Adjustment,$ Better of Attainment or Improvement
2020,RRIP,32,UNION OF CECIL,-0.016400000842128174,-1073001.0,ry2020__ry2020rripscaling__rrip_results.csv,RY20 Final % Revenue Adjustment,$ Better of Attainment or Improvement
2020,RRIP,33,CARROLL,-0.004800000891247163,-673401.0,ry2020__ry2020rripscaling__rrip_results.csv,RY20 Final % Revenue Adjustment,$ Better of Attainment or Improvement
2020,RRIP,34,MS-HARBOR,-0.01689999561720233,-1865625.0,ry2020__ry2020rripscaling__rrip_results.csv,RY20 Final % Revenue Adjustment,$ Better of Attainment or Improvement
2020,RRIP,35,UM-CHARLES,0.004099994763430572,315413.0,ry2020__ry2020rripscaling__rrip_results.csv,RY20 Final % Revenue Adjustment,$ Better of Attainment or Improvement
2020,RRIP,37,UM-EASTON,0.01000000451913663,1034811.0,ry2020__ry2020rripscaling__rrip_results.csv,RY20 Final % Revenue Adjustment,$ Better of Attainment or Improvement
2020,RRIP,38,UMMC MIDTOWN,0.0019999999670776286,222282.0,ry2020__ry2020rripscaling__rrip_results.csv,RY20 Final % Revenue Adjustment,$ Better of Attainment or Improvement
2020,RRIP,39,CALVERT,-0.008000000436740538,-536896.0,ry2020__ry2020rripscaling__rrip_results.csv,RY20 Final % Revenue Adjustment,$ Better of Attainment or Improvement
2020,RRIP,40,NORTHWEST,0.009999998523099126,1387199.0,ry2020__ry2020rripscaling__rrip_results.csv,RY20 Final % Revenue Adjustment,$ Better of Attainment or Improvement
2020,RRIP,43,BWMC,0.008700000690445008,2176891.0,ry2020__ry2020rripscaling__rrip_results.csv,RY20 Final % Revenue Adjustment,$ Better of Attainment or Improvement
2020,RRIP,44,G.B.M.C.,0.004600001433501114,1093822.0,ry2020__ry2020rripscaling__rrip_results.csv,RY20 Final % Revenue Adjustment,$ Better of Attainment or Improvement
2020,RRIP,45,MCCREADY,-0.007499786678205025,-17024.0,ry2020__ry2020rripscaling__rrip_results.csv,RY20 Final % Revenue Adjustment,$ Better of Attainment or Improvement
2020,RRIP,48,HOWARD COUNTY,-0.003000000374642293,-548613.0,ry2020__ry2020rripscaling__rrip_results.csv,RY20 Final % Revenue Adjustment,$ Better of Attainment or Improvement
2020,RRIP,49,UM-UCH,-0.00609999880515827,-784985.0,ry2020__ry2020rripscaling__rrip_results.csv,RY20 Final % Revenue Adjustment,$ Better of Attainment or Improvement
2020,RRIP,51,DOCTORS,0.009999999218722015,1410943.0,ry2020__ry2020rripscaling__rrip_results.csv,RY20 Final % Revenue Adjustment,$ Better of Attainment or Improvement
2020,RRIP,56,MS-GOOD SAMARITAN,-0.0038999989290724275,-572916.0,ry2020__ry2020rripscaling__rrip_results.csv,RY20 Final % Revenue Adjustment,$ Better of Attainment or Improvement
2020,RRIP,57,SHADY GROVE,0.008999999588962158,2265734.0,ry2020__ry2020rripscaling__rrip_results.csv,RY20 Final % Revenue Adjustment,$ Better of Attainment or Improvement
2020,RRIP,58,UMROI,0.010000002012003718,723503.0,ry2020__ry2020rripscaling__rrip_results.csv,RY20 Final % Revenue Adjustment,$ Better of Attainment or Improvement
2020,RRIP,60,FT. WASHINGTON,0.010000008768470302,198904.0,ry2020__ry2020rripscaling__rrip_results.csv,RY20 Final % Revenue Adjustment,$ Better of Attainment or Improvement
2020,RRIP,61,ATLANTIC GENERAL,0.009999997338460163,369319.0,ry2020__ry2020rripscaling__rrip_results.csv,RY20 Final % Revenue Adjustment,$ Better of Attainment or Improvement
2020,RRIP,62,MS-SOUTHERN MD,0.007699996982638226,1248076.0,ry2020__ry2020rripscaling__rrip_results.csv,RY20 Final % Revenue Adjustment,$ Better of Attainment or Improvement
2020,RRIP,63,UM ST. JOSEPH,0.0006000002498720164,134040.0,ry2020__ry2020rripscaling__rrip_results.csv,RY20 Final % Revenue Adjustment,$ Better of Attainment or Improvement
2020,RRIP,64,LEVINDALE,0.009999996697344013,575107.0,ry2020__ry2020rripscaling__rrip_results.csv,RY20 Final % Revenue Adjustment,$ Better of Attainment or Improvement
2020,RRIP,65,HC GERMANTOWN,-0.008100004167472565,-478405.0,ry2020__ry2020rripscaling__rrip_results.csv,RY20 Final % Revenue Adjustment,$ Better of Attainment or Improvement
2021,RRIP,1,MERITUS,0.005200001731898228,1123448.0,ry2021__ry2021rripscaling07092020__rrip_modeling_results.csv,RY 21 Final % Revenue Adjustment,$ Better of Attainment or Improvement
2021,RRIP,2,UNIVERSITY OF MARYLAND,0.002399999861218241,2959983.0,ry2021__ry2021rripscaling07092020__rrip_modeling_results.csv,RY 21 Final % Revenue Adjustment,$ Better of Attainment or Improvement
2021,RRIP,3,PRINCE GEORGE,0.004799998122879313,1264139.0,ry2021__ry2021rripscaling07092020__rrip_modeling_results.csv,RY 21 Final % Revenue Adjustment,$ Better of Attainment or Improvement
2021,RRIP,4,HOLY CROSS,0.0018000013486770923,655513.0,ry2021__ry2021rripscaling07092020__rrip_modeling_results.csv,RY 21 Final % Revenue Adjustment,$ Better of Attainment or Improvement
2021,RRIP,5,FREDERICK MEMORIAL,0.0015000001452549164,352413.0,ry2021__ry2021rripscaling07092020__rrip_modeling_results.csv,RY 21 Final % Revenue Adjustment,$ Better of Attainment or Improvement
2021,RRIP,6,HARFORD,0.010000004864839488,546001.0,ry2021__ry2021rripscaling07092020__rrip_modeling_results.csv,RY 21 Final % Revenue Adjustment,$ Better of Attainment or Improvement
2021,RRIP,8,MERCY,0.0013999996210866791,343257.0,ry2021__ry2021rripscaling07092020__rrip_modeling_results.csv,RY 21 Final % Revenue Adjustment,$ Better of Attainment or Improvement
2021,RRIP,9,JOHNS HOPKINS,-0.0005999998643416473,-922209.0,ry2021__ry2021rripscaling07092020__rrip_modeling_results.csv,RY 21 Final % Revenue Adjustment,$ Better of Attainment or Improvement
2021,RRIP,10,DORCHESTER,0.009999989653897652,205174.0,ry2021__ry2021rripscaling07092020__rrip_modeling_results.csv,RY 21 Final % Revenue Adjustment,$ Better of Attainment or Improvement
2021,RRIP,11,ST. AGNES,0.0018000003286857292,448606.0,ry2021__ry2021rripscaling07092020__rrip_modeling_results.csv,RY 21 Final % Revenue Adjustment,$ Better of Attainment or Improvement
2021,RRIP,12,SINAI,0.010000000307111052,4437549.0,ry2021__ry2021rripscaling07092020__rrip_modeling_results.csv,RY 21 Final % Revenue Adjustment,$ Better of Attainment or Improvement
2021,RRIP,13,BON SECOURS,,0.0,ry2021__ry2021rripscaling07092020__rrip_modeling_results.csv,RY 21 Final % Revenue Adjustment,$ Better of Attainment or Improvement
2021,RRIP,15,FRANKLIN SQUARE,0.0021999998889817504,679476.0,ry2021__ry2021rripscaling07092020__rrip_modeling_results.csv,RY 21 Final % Revenue Adjustment,$ Better of Attainment or Improvement
2021,RRIP,16,WASHINGTON ADVENTIST,0.009999999155519974,1797487.0,ry2021__ry2021rripscaling07092020__rrip_modeling_results.csv,RY 21 Final % Revenue Adjustment,$ Better of Attainment or Improvement
2021,RRIP,17,GARRETT COUNTY,0.010000000363077403,230137.0,ry2021__ry2021rripscaling07092020__rrip_modeling_results.csv,RY 21 Final % Revenue Adjustment,$ Better of Attainment or Improvement
2021,RRIP,18,MONTGOMERY GENERAL,0.008599994936380955,728764.0,ry2021__ry2021rripscaling07092020__rrip_modeling_results.csv,RY 21 Final % Revenue Adjustment,$ Better of Attainment or Improvement
2021,RRIP,19,PENINSULA & McCready,0.008199999423060288,2142859.0,ry2021__ry2021rripscaling07092020__rrip_modeling_results.csv,RY 21 Final % Revenue Adjustment,$ Better of Attainment or Improvement
2021,RRIP,22,SUBURBAN,0.009499997869924334,2067218.0,ry2021__ry2021rripscaling07092020__rrip_modeling_results.csv,RY 21 Final % Revenue Adjustment,$ Better of Attainment or Improvement
2021,RRIP,23,ANNE ARUNDEL,-0.00279999947762533,-895139.0,ry2021__ry2021rripscaling07092020__rrip_modeling_results.csv,RY 21 Final % Revenue Adjustment,$ Better of Attainment or Improvement
2021,RRIP,24,UNION MEMORIAL,0.008200001533215292,2120184.0,ry2021__ry2021rripscaling07092020__rrip_modeling_results.csv,RY 21 Final % Revenue Adjustment,$ Better of Attainment or Improvement
2021,RRIP,27,WESTERN MARYLAND HEALTH SYSTEM,0.004300002108351414,755080.0,ry2021__ry2021rripscaling07092020__rrip_modeling_results.csv,RY 21 Final % Revenue Adjustment,$ Better of Attainment or Improvement
2021,RRIP,28,ST. MARY,0.0033999984176990316,269637.0,ry2021__ry2021rripscaling07092020__rrip_modeling_results.csv,RY 21 Final % Revenue Adjustment,$ Better of Attainment or Improvement
2021,RRIP,29,HOPKINS BAYVIEW MED CTR,0.007500001219328876,2909594.0,ry2021__ry2021rripscaling07092020__rrip_modeling_results.csv,RY 21 Final % Revenue Adjustment,$ Better of Attainment or Improvement
2021,RRIP,30,CHESTERTOWN,0.010000012438688614,127143.0,ry2021__ry2021rripscaling07092020__rrip_modeling_results.csv,RY 21 Final % Revenue Adjustment,$ Better of Attainment or Improvement
2021,RRIP,32,UNION HOSPITAL  OF CECIL COUNT,-0.003999996281223963,-272547.0,ry2021__ry2021rripscaling07092020__rrip_modeling_results.csv,RY 21 Final % Revenue Adjustment,$ Better of Attainment or Improvement
2021,RRIP,33,CARROLL COUNTY,-0.003400000466046714,-505921.0,ry2021__ry2021rripscaling07092020__rrip_modeling_results.csv,RY 21 Final % Revenue Adjustment,$ Better of Attainment or Improvement
2021,RRIP,34,HARBOR,-0.008999996302246197,-1099699.0,ry2021__ry2021rripscaling07092020__rrip_modeling_results.csv,RY 21 Final % Revenue Adjustment,$ Better of Attainment or Improvement
2021,RRIP,35,CHARLES REGIONAL,-0.0019999967940618527,-162177.0,ry2021__ry2021rripscaling07092020__rrip_modeling_results.csv,RY 21 Final % Revenue Adjustment,$ Better of Attainment or Improvement
2021,RRIP,37,EASTON,0.009999996076154483,1094827.0,ry2021__ry2021rripscaling07092020__rrip_modeling_results.csv,RY 21 Final % Revenue Adjustment,$ Better of Attainment or Improvement
2021,RRIP,38,UMMC MIDTOWN,0.003299997460827904,355423.0,ry2021__ry2021rripscaling07092020__rrip_modeling_results.csv,RY 21 Final % Revenue Adjustment,$ Better of Attainment or Improvement
2021,RRIP,39,CALVERT,-0.003100001249204004,-220080.0,ry2021__ry2021rripscaling07092020__rrip_modeling_results.csv,RY 21 Final % Revenue Adjustment,$ Better of Attainment or Improvement
2021,RRIP,40,NORTHWEST,0.009999996699774055,1405495.0,ry2021__ry2021rripscaling07092020__rrip_modeling_results.csv,RY 21 Final % Revenue Adjustment,$ Better of Attainment or Improvement
2021,RRIP,43,BWMC,0.009800001855828152,2610878.0,ry2021__ry2021rripscaling07092020__rrip_modeling_results.csv,RY 21 Final % Revenue Adjustment,$ Better of Attainment or Improvement
2021,RRIP,44,G.B.M.C.,0.001800000901462868,444958.0,ry2021__ry2021rripscaling07092020__rrip_modeling_results.csv,RY 21 Final % Revenue Adjustment,$ Better of Attainment or Improvement
2021,RRIP,48,HOWARD COUNTY,0.0023000025969851976,428059.0,ry2021__ry2021rripscaling07092020__rrip_modeling_results.csv,RY 21 Final % Revenue Adjustment,$ Better of Attainment or Improvement
2021,RRIP,49,UPPER CHESAPEAKE HEALTH,-0.0016000023415612104,-251633.0,ry2021__ry2021rripscaling07092020__rrip_modeling_results.csv,RY 21 Final % Revenue Adjustment,$ Better of Attainment or Improvement
2021,RRIP,51,DOCTORS COMMUNITY,0.009999997912804849,1488302.0,ry2021__ry2021rripscaling07092020__rrip_modeling_results.csv,RY 21 Final % Revenue Adjustment,$ Better of Attainment or Improvement
2021,RRIP,56,GOOD SAMARITAN,-0.006799999768326773,-1096416.0,ry2021__ry2021rripscaling07092020__rrip_modeling_results.csv,RY 21 Final % Revenue Adjustment,$ Better of Attainment or Improvement
2021,RRIP,57,SHADY GROVE,0.005899998969457791,1678581.0,ry2021__ry2021rripscaling07092020__rrip_modeling_results.csv,RY 21 Final % Revenue Adjustment,$ Better of Attainment or Improvement
2021,RRIP,58,REHAB & ORTHO,0.00033599947384046965,24392.8,ry2021__ry2021rripscaling07092020__rrip_modeling_results.csv,RY 21 Final % Revenue Adjustment,$ Better of Attainment or Improvement
2021,RRIP,60,FT. WASHINGTON,-0.0024000013028735528,-52072.0,ry2021__ry2021rripscaling07092020__rrip_modeling_results.csv,RY 21 Final % Revenue Adjustment,$ Better of Attainment or Improvement
2021,RRIP,61,ATLANTIC GENERAL,0.005000009152321636,203172.0,ry2021__ry2021rripscaling07092020__rrip_modeling_results.csv,RY 21 Final % Revenue Adjustment,$ Better of Attainment or Improvement
2021,RRIP,62,SOUTHERN MARYLAND,0.010000002579140417,1751949.0,ry2021__ry2021rripscaling07092020__rrip_modeling_results.csv,RY 21 Final % Revenue Adjustment,$ Better of Attainment or Improvement
2021,RRIP,63,UM ST. JOSEPH,0.0014000005148569062,352165.0,ry2021__ry2021rripscaling07092020__rrip_modeling_results.csv,RY 21 Final % Revenue Adjustment,$ Better of Attainment or Improvement
2021,RRIP,64,LEVINDALE,0.00440000422864645,262564.0,ry2021__ry2021rripscaling07092020__rrip_modeling_results.csv,RY 21 Final % Revenue Adjustment,$ Better of Attainment or Improvement
2021,RRIP,65,HOLY CROSS GERMANTOWN,0.0013999948379043278,99042.0,ry2021__ry2021rripscaling07092020__rrip_modeling_results.csv,RY 21 Final % Revenue Adjustment,$ Better of Attainment or Improvement
2022,RRIP,1,MERITUS,0.005200000444878671,1159300.0,ry2022__ry2022rrip__rrip_modeling_results.csv,RY 21 Final % Revenue Adjustment,$ Better of Attainment or Improvement
2022,RRIP,2,UNIVERSITY OF MARYLAND,0.0024000002140868513,3051783.0,ry2022__ry2022rrip__rrip_modeling_results.csv,RY 21 Final % Revenue Adjustment,$ Better of Attainment or Improvement
2022,RRIP,3,PRINCE GEORGE,0.004800000769210868,1293811.0,ry2022__ry2022rrip__rrip_modeling_results.csv,RY 21 Final % Revenue Adjustment,$ Better of Attainment or Improvement
2022,RRIP,4,HOLY CROSS,0.0018000001921472555,672351.0,ry2022__ry2022rrip__rrip_modeling_results.csv,RY 21 Final % Revenue Adjustment,$ Better of Attainment or Improvement
2022,RRIP,5,FREDERICK MEMORIAL,0.0014999995976689915,366356.0,ry2022__ry2022rrip__rrip_modeling_results.csv,RY 21 Final % Revenue Adjustment,$ Better of Attainment or Improvement
2022,RRIP,6,HARFORD,0.00999999327726262,558151.0,ry2022__ry2022rrip__rrip_modeling_results.csv,RY 21 Final % Revenue Adjustment,$ Better of Attainment or Improvement
2022,RRIP,8,MERCY,0.0014000018496573474,361220.0,ry2022__ry2022rrip__rrip_modeling_results.csv,RY 21 Final % Revenue Adjustment,$ Better of Attainment or Improvement
2022,RRIP,9,JOHNS HOPKINS,-0.0006000001025867907,-952226.0,ry2022__ry2022rrip__rrip_modeling_results.csv,RY 21 Final % Revenue Adjustment,$ Better of Attainment or Improvement
2022,RRIP,10,DORCHESTER,0.01000002021398844,207386.0,ry2022__ry2022rrip__rrip_modeling_results.csv,RY 21 Final % Revenue Adjustment,$ Better of Attainment or Improvement
2022,RRIP,11,ST. AGNES,0.0017999999723000196,461797.0,ry2022__ry2022rrip__rrip_modeling_results.csv,RY 21 Final % Revenue Adjustment,$ Better of Attainment or Improvement
2022,RRIP,12,SINAI,0.009999999275538756,4582346.0,ry2022__ry2022rrip__rrip_modeling_results.csv,RY 21 Final % Revenue Adjustment,$ Better of Attainment or Improvement
2022,RRIP,15,FRANKLIN SQUARE,0.002199999145968094,697094.0,ry2022__ry2022rrip__rrip_modeling_results.csv,RY 21 Final % Revenue Adjustment,$ Better of Attainment or Improvement
2022,RRIP,16,WASHINGTON ADVENTIST,0.00999999919971313,1854244.0,ry2022__ry2022rrip__rrip_modeling_results.csv,RY 21 Final % Revenue Adjustment,$ Better of Attainment or Improvement
2022,RRIP,17,GARRETT COUNTY,0.01000001056435049,239146.0,ry2022__ry2022rrip__rrip_modeling_results.csv,RY 21 Final % Revenue Adjustment,$ Better of Attainment or Improvement
2022,RRIP,18,MONTGOMERY GENERAL,0.008599996539750552,740921.0,ry2022__ry2022rrip__rrip_modeling_results.csv,RY 21 Final % Revenue Adjustment,$ Better of Attainment or Improvement
2022,RRIP,19,PENINSULA & McCready,0.0081999989224748,2205897.0,ry2022__ry2022rrip__rrip_modeling_results.csv,RY 21 Final % Revenue Adjustment,$ Better of Attainment or Improvement
2022,RRIP,22,SUBURBAN,0.009500001103128554,2181079.0,ry2022__ry2022rrip__rrip_modeling_results.csv,RY 21 Final % Revenue Adjustment,$ Better of Attainment or Improvement
2022,RRIP,23,ANNE ARUNDEL,-0.002799999955015638,-942044.0,ry2022__ry2022rrip__rrip_modeling_results.csv,RY 21 Final % Revenue Adjustment,$ Better of Attainment or Improvement
2022,RRIP,24,UNION MEMORIAL,0.008200001510547615,2171520.0,ry2022__ry2022rrip__rrip_modeling_results.csv,RY 21 Final % Revenue Adjustment,$ Better of Attainment or Improvement
2022,RRIP,27,WESTERN MARYLAND HEALTH SYSTEM,0.0043000022490038625,777536.0,ry2022__ry2022rrip__rrip_modeling_results.csv,RY 21 Final % Revenue Adjustment,$ Better of Attainment or Improvement
2022,RRIP,28,ST. MARY,0.003399995148594045,277189.0,ry2022__ry2022rrip__rrip_modeling_results.csv,RY 21 Final % Revenue Adjustment,$ Better of Attainment or Improvement
2022,RRIP,29,HOPKINS BAYVIEW MED CTR,0.0075000010915176555,2998668.0,ry2022__ry2022rrip__rrip_modeling_results.csv,RY 21 Final % Revenue Adjustment,$ Better of Attainment or Improvement
2022,RRIP,30,CHESTERTOWN,0.009999964280208516,129886.0,ry2022__ry2022rrip__rrip_modeling_results.csv,RY 21 Final % Revenue Adjustment,$ Better of Attainment or Improvement
2022,RRIP,32,UNION HOSPITAL  OF CECIL COUNT,-0.003999995957620396,-279677.0,ry2022__ry2022rrip__rrip_modeling_results.csv,RY 21 Final % Revenue Adjustment,$ Better of Attainment or Improvement
2022,RRIP,33,CARROLL COUNTY,-0.0033999995583826603,-519847.0,ry2022__ry2022rrip__rrip_modeling_results.csv,RY 21 Final % Revenue Adjustment,$ Better of Attainment or Improvement
2022,RRIP,34,HARBOR,-0.009000001256047187,-1117729.0,ry2022__ry2022rrip__rrip_modeling_results.csv,RY 21 Final % Revenue Adjustment,$ Better of Attainment or Improvement
2022,RRIP,35,CHARLES REGIONAL,-0.00199999947104505,-169293.0,ry2022__ry2022rrip__rrip_modeling_results.csv,RY 21 Final % Revenue Adjustment,$ Better of Attainment or Improvement
2022,RRIP,37,EASTON,0.009999999040401603,1134701.0,ry2022__ry2022rrip__rrip_modeling_results.csv,RY 21 Final % Revenue Adjustment,$ Better of Attainment or Improvement
2022,RRIP,38,UMMC MIDTOWN,0.00330000204677635,364038.0,ry2022__ry2022rrip__rrip_modeling_results.csv,RY 21 Final % Revenue Adjustment,$ Better of Attainment or Improvement
2022,RRIP,39,CALVERT,-0.0031000040421593606,-231535.0,ry2022__ry2022rrip__rrip_modeling_results.csv,RY 21 Final % Revenue Adjustment,$ Better of Attainment or Improvement
2022,RRIP,40,NORTHWEST,0.010000002518189683,1432284.0,ry2022__ry2022rrip__rrip_modeling_results.csv,RY 21 Final % Revenue Adjustment,$ Better of Attainment or Improvement
2022,RRIP,43,BWMC,0.009799998499903,2696987.0,ry2022__ry2022rrip__rrip_modeling_results.csv,RY 21 Final % Revenue Adjustment,$ Better of Attainment or Improvement
2022,RRIP,44,G.B.M.C.,0.0018000001698111646,460264.0,ry2022__ry2022rrip__rrip_modeling_results.csv,RY 21 Final % Revenue Adjustment,$ Better of Attainment or Improvement
2022,RRIP,48,HOWARD COUNTY,0.0023000018540997947,439535.0,ry2022__ry2022rrip__rrip_modeling_results.csv,RY 21 Final % Revenue Adjustment,$ Better of Attainment or Improvement
2022,RRIP,49,UPPER CHESAPEAKE HEALTH,-0.0015999980612274843,-263047.0,ry2022__ry2022rrip__rrip_modeling_results.csv,RY 21 Final % Revenue Adjustment,$ Better of Attainment or Improvement
2022,RRIP,51,DOCTORS COMMUNITY,0.010000002541142918,1553065.0,ry2022__ry2022rrip__rrip_modeling_results.csv,RY 21 Final % Revenue Adjustment,$ Better of Attainment or Improvement
2022,RRIP,56,GOOD SAMARITAN,-0.006799998073920422,-1127214.0,ry2022__ry2022rrip__rrip_modeling_results.csv,RY 21 Final % Revenue Adjustment,$ Better of Attainment or Improvement
2022,RRIP,57,SHADY GROVE,0.005899999892100141,1709013.0,ry2022__ry2022rrip__rrip_modeling_results.csv,RY 21 Final % Revenue Adjustment,$ Better of Attainment or Improvement
2022,RRIP,58,REHAB & ORTHO,0.0003360003446083443,25275.84,ry2022__ry2022rrip__rrip_modeling_results.csv,RY 21 Final % Revenue Adjustment,$ Better of Attainment or Improvement
2022,RRIP,60,FT. WASHINGTON,-0.0024000022329914833,-53191.0,ry2022__ry2022rrip__rrip_modeling_results.csv,RY 21 Final % Revenue Adjustment,$ Better of Attainment or Improvement
2022,RRIP,61,ATLANTIC GENERAL,0.0049999922412267955,209739.0,ry2022__ry2022rrip__rrip_modeling_results.csv,RY 21 Final % Revenue Adjustment,$ Better of Attainment or Improvement
2022,RRIP,62,SOUTHERN MARYLAND,0.010000000454298611,1801542.0,ry2022__ry2022rrip__rrip_modeling_results.csv,RY 21 Final % Revenue Adjustment,$ Better of Attainment or Improvement
2022,RRIP,63,UM ST. JOSEPH,0.001400001012834202,361589.0,ry2022__ry2022rrip__rrip_modeling_results.csv,RY 21 Final % Revenue Adjustment,$ Better of Attainment or Improvement
2022,RRIP,64,LEVINDALE,0.004400007390608232,269509.0,ry2022__ry2022rrip__rrip_modeling_results.csv,RY 21 Final % Revenue Adjustment,$ Better of Attainment or Improvement
2022,RRIP,65,HOLY CROSS GERMANTOWN,0.0013999934942292049,102413.0,ry2022__ry2022rrip__rrip_modeling_results.csv,RY 21 Final % Revenue Adjustment,$ Better of Attainment or Improvement
2023,RRIP,1,MERITUS,0.0,0.0,ry2023__rrip_pai_rev_adj_ry23_1__rrip_pai.csv,RY23 PAI % Adjustment,RY23 PAI $ Adjustment
2023,RRIP,2,UNIVERSITY OF MARYLAND,0.003468,4056788.0,ry2023__rrip_pai_rev_adj_ry23_1__rrip_pai.csv,RY23 PAI % Adjustment,RY23 PAI $ Adjustment
2023,RRIP,3,PRINCE GEORGE,0.0,0.0,ry2023__rrip_pai_rev_adj_ry23_1__rrip_pai.csv,RY23 PAI % Adjustment,RY23 PAI $ Adjustment
2023,RRIP,4,HOLY CROSS,0.0,0.0,ry2023__rrip_pai_rev_adj_ry23_1__rrip_pai.csv,RY23 PAI % Adjustment,RY23 PAI $ Adjustment
2023,RRIP,5,FREDERICK MEMORIAL,0.0,0.0,ry2023__rrip_pai_rev_adj_ry23_1__rrip_pai.csv,RY23 PAI % Adjustment,RY23 PAI $ Adjustment
2023,RRIP,6,HARFORD,0.0,0.0,ry2023__rrip_pai_rev_adj_ry23_1__rrip_pai.csv,RY23 PAI % Adjustment,RY23 PAI $ Adjustment
2023,RRIP,8,MERCY,0.0,0.0,ry2023__rrip_pai_rev_adj_ry23_1__rrip_pai.csv,RY23 PAI % Adjustment,RY23 PAI $ Adjustment
2023,RRIP,9,JOHNS HOPKINS,0.0,0.0,ry2023__rrip_pai_rev_adj_ry23_1__rrip_pai.csv,RY23 PAI % Adjustment,RY23 PAI $ Adjustment
2023,RRIP,11,ST. AGNES,0.0,0.0,ry2023__rrip_pai_rev_adj_ry23_1__rrip_pai.csv,RY23 PAI % Adjustment,RY23 PAI $ Adjustment
2023,RRIP,12,SINAI,0.0,0.0,ry2023__rrip_pai_rev_adj_ry23_1__rrip_pai.csv,RY23 PAI % Adjustment,RY23 PAI $ Adjustment
2023,RRIP,15,FRANKLIN SQUARE,0.005,1627223.0,ry2023__rrip_pai_rev_adj_ry23_1__rrip_pai.csv,RY23 PAI % Adjustment,RY23 PAI $ Adjustment
2023,RRIP,16,WASHINGTON ADVENTIST,0.0,0.0,ry2023__rrip_pai_rev_adj_ry23_1__rrip_pai.csv,RY23 PAI % Adjustment,RY23 PAI $ Adjustment
2023,RRIP,17,GARRETT COUNTY,0.0,0.0,ry2023__rrip_pai_rev_adj_ry23_1__rrip_pai.csv,RY23 PAI % Adjustment,RY23 PAI $ Adjustment
2023,RRIP,18,MONTGOMERY GENERAL,0.003409,296280.0,ry2023__rrip_pai_rev_adj_ry23_1__rrip_pai.csv,RY23 PAI % Adjustment,RY23 PAI $ Adjustment
2023,RRIP,19,PENINSULA & McCready,0.0,0.0,ry2023__rrip_pai_rev_adj_ry23_1__rrip_pai.csv,RY23 PAI % Adjustment,RY23 PAI $ Adjustment
2023,RRIP,22,SUBURBAN,0.003252,761909.0,ry2023__rrip_pai_rev_adj_ry23_1__rrip_pai.csv,RY23 PAI % Adjustment,RY23 PAI $ Adjustment
2023,RRIP,23,ANNE ARUNDEL,0.0,0.0,ry2023__rrip_pai_rev_adj_ry23_1__rrip_pai.csv,RY23 PAI % Adjustment,RY23 PAI $ Adjustment
2023,RRIP,24,UNION MEMORIAL,0.0,0.0,ry2023__rrip_pai_rev_adj_ry23_1__rrip_pai.csv,RY23 PAI % Adjustment,RY23 PAI $ Adjustment
2023,RRIP,27,WESTERN MARYLAND HEALTH SYSTEM,0.0,0.0,ry2023__rrip_pai_rev_adj_ry23_1__rrip_pai.csv,RY23 PAI % Adjustment,RY23 PAI $ Adjustment
2023,RRIP,28,ST. MARY,0.0,0.0,ry2023__rrip_pai_rev_adj_ry23_1__rrip_pai.csv,RY23 PAI % Adjustment,RY23 PAI $ Adjustment
2023,RRIP,29,HOPKINS BAYVIEW MED CTR,0.0,0.0,ry2023__rrip_pai_rev_adj_ry23_1__rrip_pai.csv,RY23 PAI % Adjustment,RY23 PAI $ Adjustment
2023,RRIP,30,CHESTERTOWN,0.0,0.0,ry2023__rrip_pai_rev_adj_ry23_1__rrip_pai.csv,RY23 PAI % Adjustment,RY23 PAI $ Adjustment
2023,RRIP,32,UNION HOSPITAL  OF CECIL COUNT,0.0,0.0,ry2023__rrip_pai_rev_adj_ry23_1__rrip_pai.csv,RY23 PAI % Adjustment,RY23 PAI $ Adjustment
2023,RRIP,33,CARROLL COUNTY,0.003568,522994.0,ry2023__rrip_pai_rev_adj_ry23_1__rrip_pai.csv,RY23 PAI % Adjustment,RY23 PAI $ Adjustment
2023,RRIP,34,HARBOR,0.0,0.0,ry2023__rrip_pai_rev_adj_ry23_1__rrip_pai.csv,RY23 PAI % Adjustment,RY23 PAI $ Adjustment
2023,RRIP,35,CHARLES REGIONAL,0.0,0.0,ry2023__rrip_pai_rev_adj_ry23_1__rrip_pai.csv,RY23 PAI % Adjustment,RY23 PAI $ Adjustment
2023,RRIP,37,EASTON,0.0,0.0,ry2023__rrip_pai_rev_adj_ry23_1__rrip_pai.csv,RY23 PAI % Adjustment,RY23 PAI $ Adjustment
2023,RRIP,38,UMMC MIDTOWN,0.0,0.0,ry2023__rrip_pai_rev_adj_ry23_1__rrip_pai.csv,RY23 PAI % Adjustment,RY23 PAI $ Adjustment
2023,RRIP,39,CALVERT,0.0,0.0,ry2023__rrip_pai_rev_adj_ry23_1__rrip_pai.csv,RY23 PAI % Adjustment,RY23 PAI $ Adjustment
2023,RRIP,40,NORTHWEST,0.005,755873.0,ry2023__rrip_pai_rev_adj_ry23_1__rrip_pai.csv,RY23 PAI % Adjustment,RY23 PAI $ Adjustment
2023,RRIP,43,BWMC,0.0,0.0,ry2023__rrip_pai_rev_adj_ry23_1__rrip_pai.csv,RY23 PAI % Adjustment,RY23 PAI $ Adjustment
2023,RRIP,44,G.B.M.C.,0.0,0.0,ry2023__rrip_pai_rev_adj_ry23_1__rrip_pai.csv,RY23 PAI % Adjustment,RY23 PAI $ Adjustment
2023,RRIP,48,HOWARD COUNTY,0.0,0.0,ry2023__rrip_pai_rev_adj_ry23_1__rrip_pai.csv,RY23 PAI % Adjustment,RY23 PAI $ Adjustment
2023,RRIP,49,UPPER CHESAPEAKE HEALTH,0.0,0.0,ry2023__rrip_pai_rev_adj_ry23_1__rrip_pai.csv,RY23 PAI % Adjustment,RY23 PAI $ Adjustment
2023,RRIP,51,DOCTORS COMMUNITY,0.0,0.0,ry2023__rrip_pai_rev_adj_ry23_1__rrip_pai.csv,RY23 PAI % Adjustment,RY23 PAI $ Adjustment
2023,RRIP,56,GOOD SAMARITAN,0.0,0.0,ry2023__rrip_pai_rev_adj_ry23_1__rrip_pai.csv,RY23 PAI % Adjustment,RY23 PAI $ Adjustment
2023,RRIP,57,SHADY GROVE,0.005,1587232.0,ry2023__rrip_pai_rev_adj_ry23_1__rrip_pai.csv,RY23 PAI % Adjustment,RY23 PAI $ Adjustment
2023,RRIP,58,REHAB & ORTHO,0.0,0.0,ry2023__rrip_pai_rev_adj_ry23_1__rrip_pai.csv,RY23 PAI % Adjustment,RY23 PAI $ Adjustment
2023,RRIP,60,FT. WASHINGTON,0.0,0.0,ry2023__rrip_pai_rev_adj_ry23_1__rrip_pai.csv,RY23 PAI % Adjustment,RY23 PAI $ Adjustment
2023,RRIP,61,ATLANTIC GENERAL,0.0,0.0,ry2023__rrip_pai_rev_adj_ry23_1__rrip_pai.csv,RY23 PAI % Adjustment,RY23 PAI $ Adjustment
2023,RRIP,62,SOUTHERN MARYLAND,0.0,0.0,ry2023__rrip_pai_rev_adj_ry23_1__rrip_pai.csv,RY23 PAI % Adjustment,RY23 PAI $ Adjustment
2023,RRIP,63,UM ST. JOSEPH,0.0,0.0,ry2023__rrip_pai_rev_adj_ry23_1__rrip_pai.csv,RY23 PAI % Adjustment,RY23 PAI $ Adjustment
2023,RRIP,64,LEVINDALE,0.002972,189147.0,ry2023__rrip_pai_rev_adj_ry23_1__rrip_pai.csv,RY23 PAI % Adjustment,RY23 PAI $ Adjustment
2023,RRIP,65,HOLY CROSS GERMANTOWN,0.003983,297882.0,ry2023__rrip_pai_rev_adj_ry23_1__rrip_pai.csv,RY23 PAI % Adjustment,RY23 PAI $ Adjustment
2024,RRIP,1,MERITUS,0.0,0.0,ry2024__ry24_rrip_and_disparity_gap_072823__pai_revenue_adjustments.csv,% Adjustment,$ Adjustment
2024,RRIP,2,UNIVERSITY OF MARYLAND,0.0,0.0,ry2024__ry24_rrip_and_disparity_gap_072823__pai_revenue_adjustments.csv,% Adjustment,$ Adjustment
2024,RRIP,3,PRINCE GEORGE,0.003167,893109.0,ry2024__ry24_rrip_and_disparity_gap_072823__pai_revenue_adjustments.csv,% Adjustment,$ Adjustment
2024,RRIP,4,HOLY CROSS,0.0,0.0,ry2024__ry24_rrip_and_disparity_gap_072823__pai_revenue_adjustments.csv,% Adjustment,$ Adjustment
2024,RRIP,5,FREDERICK MEMORIAL,0.0,0.0,ry2024__ry24_rrip_and_disparity_gap_072823__pai_revenue_adjustments.csv,% Adjustment,$ Adjustment
2024,RRIP,6,HARFORD,0.0,0.0,ry2024__ry24_rrip_and_disparity_gap_072823__pai_revenue_adjustments.csv,% Adjustment,$ Adjustment
2024,RRIP,8,MERCY,0.0,0.0,ry2024__ry24_rrip_and_disparity_gap_072823__pai_revenue_adjustments.csv,% Adjustment,$ Adjustment
2024,RRIP,9,JOHNS HOPKINS,0.0,0.0,ry2024__ry24_rrip_and_disparity_gap_072823__pai_revenue_adjustments.csv,% Adjustment,$ Adjustment
2024,RRIP,11,ST. AGNES,0.0,0.0,ry2024__ry24_rrip_and_disparity_gap_072823__pai_revenue_adjustments.csv,% Adjustment,$ Adjustment
2024,RRIP,12,SINAI,0.0,0.0,ry2024__ry24_rrip_and_disparity_gap_072823__pai_revenue_adjustments.csv,% Adjustment,$ Adjustment
2024,RRIP,15,FRANKLIN SQUARE,0.0,0.0,ry2024__ry24_rrip_and_disparity_gap_072823__pai_revenue_adjustments.csv,% Adjustment,$ Adjustment
2024,RRIP,16,WASHINGTON ADVENTIST,0.002638,595356.0,ry2024__ry24_rrip_and_disparity_gap_072823__pai_revenue_adjustments.csv,% Adjustment,$ Adjustment
2024,RRIP,17,GARRETT COUNTY,0.0,0.0,ry2024__ry24_rrip_and_disparity_gap_072823__pai_revenue_adjustments.csv,% Adjustment,$ Adjustment
2024,RRIP,18,MONTGOMERY GENERAL,0.00286,253988.0,ry2024__ry24_rrip_and_disparity_gap_072823__pai_revenue_adjustments.csv,% Adjustment,$ Adjustment
2024,RRIP,19,PENINSULA REGIONAL,0.0,0.0,ry2024__ry24_rrip_and_disparity_gap_072823__pai_revenue_adjustments.csv,% Adjustment,$ Adjustment
2024,RRIP,22,SUBURBAN,0.003152,716213.0,ry2024__ry24_rrip_and_disparity_gap_072823__pai_revenue_adjustments.csv,% Adjustment,$ Adjustment
2024,RRIP,23,ANNE ARUNDEL,0.0,0.0,ry2024__ry24_rrip_and_disparity_gap_072823__pai_revenue_adjustments.csv,% Adjustment,$ Adjustment
2024,RRIP,24,UNION MEMORIAL,0.0,0.0,ry2024__ry24_rrip_and_disparity_gap_072823__pai_revenue_adjustments.csv,% Adjustment,$ Adjustment
2024,RRIP,27,WESTERN MARYLAND HEALTH SYSTEM,0.0,0.0,ry2024__ry24_rrip_and_disparity_gap_072823__pai_revenue_adjustments.csv,% Adjustment,$ Adjustment
2024,RRIP,28,ST. MARY,0.0,0.0,ry2024__ry24_rrip_and_disparity_gap_072823__pai_revenue_adjustments.csv,% Adjustment,$ Adjustment
2024,RRIP,29,HOPKINS BAYVIEW MED CTR,0.002996,1363695.0,ry2024__ry24_rrip_and_disparity_gap_072823__pai_revenue_adjustments.csv,% Adjustment,$ Adjustment
2024,RRIP,30,CHESTERTOWN,0.0,0.0,ry2024__ry24_rrip_and_disparity_gap_072823__pai_revenue_adjustments.csv,% Adjustment,$ Adjustment
2024,RRIP,32,UNION HOSPITAL  OF CECIL COUNT,0.0,0.0,ry2024__ry24_rrip_and_disparity_gap_072823__pai_revenue_adjustments.csv,% Adjustment,$ Adjustment
2024,RRIP,33,CARROLL COUNTY,0.003964,623804.0,ry2024__ry24_rrip_and_disparity_gap_072823__pai_revenue_adjustments.csv,% Adjustment,$ Adjustment
2024,RRIP,34,HARBOR,0.004242,549021.0,ry2024__ry24_rrip_and_disparity_gap_072823__pai_revenue_adjustments.csv,% Adjustment,$ Adjustment
2024,RRIP,35,CHARLES REGIONAL,0.0,0.0,ry2024__ry24_rrip_and_disparity_gap_072823__pai_revenue_adjustments.csv,% Adjustment,$ Adjustment
2024,RRIP,37,EASTON,0.0,0.0,ry2024__ry24_rrip_and_disparity_gap_072823__pai_revenue_adjustments.csv,% Adjustment,$ Adjustment
2024,RRIP,38,UMMC MIDTOWN,0.0,0.0,ry2024__ry24_rrip_and_disparity_gap_072823__pai_revenue_adjustments.csv,% Adjustment,$ Adjustment
2024,RRIP,39,CALVERT,0.0,0.0,ry2024__ry24_rrip_and_disparity_gap_072823__pai_revenue_adjustments.csv,% Adjustment,$ Adjustment
2024,RRIP,40,NORTHWEST,0.0,0.0,ry2024__ry24_rrip_and_disparity_gap_072823__pai_revenue_adjustments.csv,% Adjustment,$ Adjustment
2024,RRIP,43,BALTIMORE WASHINGTON MEDICAL CENTER,0.0,0.0,ry2024__ry24_rrip_and_disparity_gap_072823__pai_revenue_adjustments.csv,% Adjustment,$ Adjustment
2024,RRIP,44,G.B.M.C.,0.002659,677766.0,ry2024__ry24_rrip_and_disparity_gap_072823__pai_revenue_adjustments.csv,% Adjustment,$ Adjustment
2024,RRIP,48,HOWARD COUNTY,0.0,0.0,ry2024__ry24_rrip_and_disparity_gap_072823__pai_revenue_adjustments.csv,% Adjustment,$ Adjustment
2024,RRIP,49,UPPER CHESAPEAKE HEALTH,0.0,0.0,ry2024__ry24_rrip_and_disparity_gap_072823__pai_revenue_adjustments.csv,% Adjustment,$ Adjustment
2024,RRIP,51,DOCTORS COMMUNITY,0.0,0.0,ry2024__ry24_rrip_and_disparity_gap_072823__pai_revenue_adjustments.csv,% Adjustment,$ Adjustment
2024,RRIP,56,GOOD SAMARITAN,0.0,0.0,ry2024__ry24_rrip_and_disparity_gap_072823__pai_revenue_adjustments.csv,% Adjustment,$ Adjustment
2024,RRIP,57,SHADY GROVE,0.005,1605222.0,ry2024__ry24_rrip_and_disparity_gap_072823__pai_revenue_adjustments.csv,% Adjustment,$ Adjustment
2024,RRIP,58,REHAB & ORTHO,0.0,0.0,ry2024__ry24_rrip_and_disparity_gap_072823__pai_revenue_adjustments.csv,% Adjustment,$ Adjustment
2024,RRIP,60,FT. WASHINGTON,0.0,0.0,ry2024__ry24_rrip_and_disparity_gap_072823__pai_revenue_adjustments.csv,% Adjustment,$ Adjustment
2024,RRIP,61,ATLANTIC GENERAL,0.0,0.0,ry2024__ry24_rrip_and_disparity_gap_072823__pai_revenue_adjustments.csv,% Adjustment,$ Adjustment
2024,RRIP,62,SOUTHERN MARYLAND,0.0,0.0,ry2024__ry24_rrip_and_disparity_gap_072823__pai_revenue_adjustments.csv,% Adjustment,$ Adjustment
2024,RRIP,63,UM ST. JOSEPH,0.0,0.0,ry2024__ry24_rrip_and_disparity_gap_072823__pai_revenue_adjustments.csv,% Adjustment,$ Adjustment
2024,RRIP,64,LEVINDALE,0.003471,229783.0,ry2024__ry24_rrip_and_disparity_gap_072823__pai_revenue_adjustments.csv,% Adjustment,$ Adjustment
2024,RRIP,65,HC-Germantown,0.003457,274528.0,ry2024__ry24_rrip_and_disparity_gap_072823__pai_revenue_adjustments.csv,% Adjustment,$ Adjustment
2025,RRIP,1,Meritus,-0.008800000329086295,-2217563.0,ry2025__ry25_final_rrip_disparity_gap_revenue_adjustments_xlsx__rrip_revenue_adjustments.csv,RY 25 Prelim % Revenue Adjustment,$ Better of Attainment or Improvement
2025,RRIP,2,UMMS- UMMC,0.012399999806079932,18266094.0,ry2025__ry25_final_rrip_disparity_gap_revenue_adjustments_xlsx__rrip_revenue_adjustments.csv,RY 25 Prelim % Revenue Adjustment,$ Better of Attainment or Improvement
2025,RRIP,3,UMMS- Capital Region,0.010800001361133474,3342523.0,ry2025__ry25_final_rrip_disparity_gap_revenue_adjustments_xlsx__rrip_revenue_adjustments.csv,RY 25 Prelim % Revenue Adjustment,$ Better of Attainment or Improvement
2025,RRIP,4,Trinity - Holy Cross,-0.0010000009899531022,-413941.0,ry2025__ry25_final_rrip_disparity_gap_revenue_adjustments_xlsx__rrip_revenue_adjustments.csv,RY 25 Prelim % Revenue Adjustment,$ Better of Attainment or Improvement
2025,RRIP,5,Frederick,-0.0020999987690552206,-534581.0,ry2025__ry25_final_rrip_disparity_gap_revenue_adjustments_xlsx__rrip_revenue_adjustments.csv,RY 25 Prelim % Revenue Adjustment,$ Better of Attainment or Improvement
2025,RRIP,6,UMMS- Harford,-0.016699992626953722,-314139.0,ry2025__ry25_final_rrip_disparity_gap_revenue_adjustments_xlsx__rrip_revenue_adjustments.csv,RY 25 Prelim % Revenue Adjustment,$ Better of Attainment or Improvement
2025,RRIP,8,Mercy,-0.015200001058688612,-3354101.0,ry2025__ry25_final_rrip_disparity_gap_revenue_adjustments_xlsx__rrip_revenue_adjustments.csv,RY 25 Prelim % Revenue Adjustment,$ Better of Attainment or Improvement
2025,RRIP,9,JHH- Johns Hopkins,0.0038000000552625376,6911833.0,ry2025__ry25_final_rrip_disparity_gap_revenue_adjustments_xlsx__rrip_revenue_adjustments.csv,RY 25 Prelim % Revenue Adjustment,$ Better of Attainment or Improvement
2025,RRIP,11,St. Agnes,-0.0015000010744997496,-382147.0,ry2025__ry25_final_rrip_disparity_gap_revenue_adjustments_xlsx__rrip_revenue_adjustments.csv,RY 25 Prelim % Revenue Adjustment,$ Better of Attainment or Improvement
2025,RRIP,12,Lifebridge- Sinai,-0.0038000000835384778,-1972249.0,ry2025__ry25_final_rrip_disparity_gap_revenue_adjustments_xlsx__rrip_revenue_adjustments.csv,RY 25 Prelim % Revenue Adjustment,$ Better of Attainment or Improvement
2025,RRIP,15,MedStar- Franklin Square,0.005399998847449664,2008056.0,ry2025__ry25_final_rrip_disparity_gap_revenue_adjustments_xlsx__rrip_revenue_adjustments.csv,RY 25 Prelim % Revenue Adjustment,$ Better of Attainment or Improvement
2025,RRIP,16,Adventist- White Oak,-0.008900000989773124,-2161729.0,ry2025__ry25_final_rrip_disparity_gap_revenue_adjustments_xlsx__rrip_revenue_adjustments.csv,RY 25 Prelim % Revenue Adjustment,$ Better of Attainment or Improvement
2025,RRIP,17,Garrett,-0.00149999022494787,-43482.0,ry2025__ry25_final_rrip_disparity_gap_revenue_adjustments_xlsx__rrip_revenue_adjustments.csv,RY 25 Prelim % Revenue Adjustment,$ Better of Attainment or Improvement
2025,RRIP,18,MedStar- Montgomery,0.010800001026628554,1037362.0,ry2025__ry25_final_rrip_disparity_gap_revenue_adjustments_xlsx__rrip_revenue_adjustments.csv,RY 25 Prelim % Revenue Adjustment,$ Better of Attainment or Improvement
2025,RRIP,19,Tidal- Peninsula,0.0003999994394243964,140150.0,ry2025__ry25_final_rrip_disparity_gap_revenue_adjustments_xlsx__rrip_revenue_adjustments.csv,RY 25 Prelim % Revenue Adjustment,$ Better of Attainment or Improvement
2025,RRIP,22,JHH- Suburban,-0.0009999998590745234,-249484.0,ry2025__ry25_final_rrip_disparity_gap_revenue_adjustments_xlsx__rrip_revenue_adjustments.csv,RY 25 Prelim % Revenue Adjustment,$ Better of Attainment or Improvement
2025,RRIP,23,Luminis- Anne Arundel,-0.007199999278416779,-2649099.0,ry2025__ry25_final_rrip_disparity_gap_revenue_adjustments_xlsx__rrip_revenue_adjustments.csv,RY 25 Prelim % Revenue Adjustment,$ Better of Attainment or Improvement
2025,RRIP,24,MedStar- Union Mem,-0.004600001851919433,-1232420.0,ry2025__ry25_final_rrip_disparity_gap_revenue_adjustments_xlsx__rrip_revenue_adjustments.csv,RY 25 Prelim % Revenue Adjustment,$ Better of Attainment or Improvement
2025,RRIP,27,Western Maryland,-0.0044999987469512325,-825209.0,ry2025__ry25_final_rrip_disparity_gap_revenue_adjustments_xlsx__rrip_revenue_adjustments.csv,RY 25 Prelim % Revenue Adjustment,$ Better of Attainment or Improvement
2025,RRIP,28,MedStar- St. Mary's,0.00810000173017213,813884.0,ry2025__ry25_final_rrip_disparity_gap_revenue_adjustments_xlsx__rrip_revenue_adjustments.csv,RY 25 Prelim % Revenue Adjustment,$ Better of Attainment or Improvement
2025,RRIP,29,JHH- Bayview,0.007700000264567901,3632754.0,ry2025__ry25_final_rrip_disparity_gap_revenue_adjustments_xlsx__rrip_revenue_adjustments.csv,RY 25 Prelim % Revenue Adjustment,$ Better of Attainment or Improvement
2025,RRIP,30,UMMS- Chestertown,0.004799934959841519,36299.0,ry2025__ry25_final_rrip_disparity_gap_revenue_adjustments_xlsx__rrip_revenue_adjustments.csv,RY 25 Prelim % Revenue Adjustment,$ Better of Attainment or Improvement
2025,RRIP,32,"ChristianaCare, Union",-0.00750000098752361,-636022.0,ry2025__ry25_final_rrip_disparity_gap_revenue_adjustments_xlsx__rrip_revenue_adjustments.csv,RY 25 Prelim % Revenue Adjustment,$ Better of Attainment or Improvement
2025,RRIP,33,Lifebridge- Carroll,-0.0038000009620921993,-618811.0,ry2025__ry25_final_rrip_disparity_gap_revenue_adjustments_xlsx__rrip_revenue_adjustments.csv,RY 25 Prelim % Revenue Adjustment,$ Better of Attainment or Improvement
2025,RRIP,34,MedStar- Harbor,0.002000000545537532,256469.0,ry2025__ry25_final_rrip_disparity_gap_revenue_adjustments_xlsx__rrip_revenue_adjustments.csv,RY 25 Prelim % Revenue Adjustment,$ Better of Attainment or Improvement
2025,RRIP,35,UMMS- Charles,0.006299997510124015,614793.0,ry2025__ry25_final_rrip_disparity_gap_revenue_adjustments_xlsx__rrip_revenue_adjustments.csv,RY 25 Prelim % Revenue Adjustment,$ Better of Attainment or Improvement
2025,RRIP,37,UMMS- Easton,0.00800000395224396,988940.0,ry2025__ry25_final_rrip_disparity_gap_revenue_adjustments_xlsx__rrip_revenue_adjustments.csv,RY 25 Prelim % Revenue Adjustment,$ Better of Attainment or Improvement
2025,RRIP,38,UMMS- Midtown,0.007899997299938472,1109307.0,ry2025__ry25_final_rrip_disparity_gap_revenue_adjustments_xlsx__rrip_revenue_adjustments.csv,RY 25 Prelim % Revenue Adjustment,$ Better of Attainment or Improvement
2025,RRIP,39,Calvert,0.00159999873669198,129480.0,ry2025__ry25_final_rrip_disparity_gap_revenue_adjustments_xlsx__rrip_revenue_adjustments.csv,RY 25 Prelim % Revenue Adjustment,$ Better of Attainment or Improvement
2025,RRIP,40,Lifebridge- Northwest,-0.010999998403030554,-1769475.0,ry2025__ry25_final_rrip_disparity_gap_revenue_adjustments_xlsx__rrip_revenue_adjustments.csv,RY 25 Prelim % Revenue Adjustment,$ Better of Attainment or Improvement
2025,RRIP,43,UMMS- BWMC,-0.006200000445110983,-2018621.0,ry2025__ry25_final_rrip_disparity_gap_revenue_adjustments_xlsx__rrip_revenue_adjustments.csv,RY 25 Prelim % Revenue Adjustment,$ Better of Attainment or Improvement
2025,RRIP,44,GBMC,0.004099999677413951,1081476.0,ry2025__ry25_final_rrip_disparity_gap_revenue_adjustments_xlsx__rrip_revenue_adjustments.csv,RY 25 Prelim % Revenue Adjustment,$ Better of Attainment or Improvement
2025,RRIP,48,JHH- Howard County,-0.011200001383905618,-2467221.0,ry2025__ry25_final_rrip_disparity_gap_revenue_adjustments_xlsx__rrip_revenue_adjustments.csv,RY 25 Prelim % Revenue Adjustment,$ Better of Attainment or Improvement
2025,RRIP,49,UMMS-Upper Chesapeake,-0.006699999313297191,-1586979.0,ry2025__ry25_final_rrip_disparity_gap_revenue_adjustments_xlsx__rrip_revenue_adjustments.csv,RY 25 Prelim % Revenue Adjustment,$ Better of Attainment or Improvement
2025,RRIP,51,Luminis- Doctors,0.00489999828147109,917437.0,ry2025__ry25_final_rrip_disparity_gap_revenue_adjustments_xlsx__rrip_revenue_adjustments.csv,RY 25 Prelim % Revenue Adjustment,$ Better of Attainment or Improvement
2025,RRIP,56,MedStar- Good Sam,0.0021000020333180815,391920.0,ry2025__ry25_final_rrip_disparity_gap_revenue_adjustments_xlsx__rrip_revenue_adjustments.csv,RY 25 Prelim % Revenue Adjustment,$ Better of Attainment or Improvement
2025,RRIP,57,Adventist- Shady Grove,0.0010999987718894589,367370.0,ry2025__ry25_final_rrip_disparity_gap_revenue_adjustments_xlsx__rrip_revenue_adjustments.csv,RY 25 Prelim % Revenue Adjustment,$ Better of Attainment or Improvement
2025,RRIP,58,UMMS- UMROI,0.003000000427425523,242904.3,ry2025__ry25_final_rrip_disparity_gap_revenue_adjustments_xlsx__rrip_revenue_adjustments.csv,RY 25 Prelim % Revenue Adjustment,$ Better of Attainment or Improvement
2025,RRIP,60,Adventist-Ft. Washington,-0.00949999426748475,-358938.0,ry2025__ry25_final_rrip_disparity_gap_revenue_adjustments_xlsx__rrip_revenue_adjustments.csv,RY 25 Prelim % Revenue Adjustment,$ Better of Attainment or Improvement
2025,RRIP,61,Atlantic General,-0.004999999305724124,-237170.0,ry2025__ry25_final_rrip_disparity_gap_revenue_adjustments_xlsx__rrip_revenue_adjustments.csv,RY 25 Prelim % Revenue Adjustment,$ Better of Attainment or Improvement
2025,RRIP,62,MedStar- Southern MD,-0.005899998451135539,-1244436.0,ry2025__ry25_final_rrip_disparity_gap_revenue_adjustments_xlsx__rrip_revenue_adjustments.csv,RY 25 Prelim % Revenue Adjustment,$ Better of Attainment or Improvement
2025,RRIP,63,UMMS- St. Joe,-0.001399999101491824,-409595.0,ry2025__ry25_final_rrip_disparity_gap_revenue_adjustments_xlsx__rrip_revenue_adjustments.csv,RY 25 Prelim % Revenue Adjustment,$ Better of Attainment or Improvement
2025,RRIP,64,Lifebridge- Levindale,-0.007600005885497791,-517924.0,ry2025__ry25_final_rrip_disparity_gap_revenue_adjustments_xlsx__rrip_revenue_adjustments.csv,RY 25 Prelim % Revenue Adjustment,$ Better of Attainment or Improvement
2025,RRIP,65,Trinity - Holy Cross Germantown,0.0002999976312225953,28413.0,ry2025__ry25_final_rrip_disparity_gap_revenue_adjustments_xlsx__rrip_revenue_adjustments.csv,RY 25 Prelim % Revenue Adjustment,$ Better of Attainment or Improvement
2026,RRIP,1,Meritus,-0.008700001649497338,-2346651.0,ry2026__final_ry26_blended_base_period_rrip_disparity_gap_revenue_ad__rrip_revenue_adjustments.csv,RY 26 Prelim % Revenue Adjustment,$ Better of Attainment or Improvement
2026,RRIP,2,UMMS- UMMC,-0.005900000057157404,-9277409.0,ry2026__final_ry26_blended_base_period_rrip_disparity_gap_revenue_ad__rrip_revenue_adjustments.csv,RY 26 Prelim % Revenue Adjustment,$ Better of Attainment or Improvement
2026,RRIP,3,UMMS- Capital Region,0.0032999985489533734,1073652.0,ry2026__final_ry26_blended_base_period_rrip_disparity_gap_revenue_ad__rrip_revenue_adjustments.csv,RY 26 Prelim % Revenue Adjustment,$ Better of Attainment or Improvement
2026,RRIP,4,Trinity - Holy Cross,-0.0061999989224616366,-2732693.0,ry2026__final_ry26_blended_base_period_rrip_disparity_gap_revenue_ad__rrip_revenue_adjustments.csv,RY 26 Prelim % Revenue Adjustment,$ Better of Attainment or Improvement
2026,RRIP,5,Frederick,0.0010999989340698313,281446.0,ry2026__final_ry26_blended_base_period_rrip_disparity_gap_revenue_ad__rrip_revenue_adjustments.csv,RY 26 Prelim % Revenue Adjustment,$ Better of Attainment or Improvement
2026,RRIP,8,Mercy,0.00020000052492650993,48819.0,ry2026__final_ry26_blended_base_period_rrip_disparity_gap_revenue_ad__rrip_revenue_adjustments.csv,RY 26 Prelim % Revenue Adjustment,$ Better of Attainment or Improvement
2026,RRIP,9,JHH- Johns Hopkins,-0.0002999999212704704,-574597.0,ry2026__final_ry26_blended_base_period_rrip_disparity_gap_revenue_ad__rrip_revenue_adjustments.csv,RY 26 Prelim % Revenue Adjustment,$ Better of Attainment or Improvement
2026,RRIP,11,St. Agnes,0.005199999169179351,1457101.0,ry2026__final_ry26_blended_base_period_rrip_disparity_gap_revenue_ad__rrip_revenue_adjustments.csv,RY 26 Prelim % Revenue Adjustment,$ Better of Attainment or Improvement
2026,RRIP,12,Lifebridge- Sinai,-0.0077999994238237905,-4111753.0,ry2026__final_ry26_blended_base_period_rrip_disparity_gap_revenue_ad__rrip_revenue_adjustments.csv,RY 26 Prelim % Revenue Adjustment,$ Better of Attainment or Improvement
2026,RRIP,15,MedStar- Franklin Square,-0.010999999701950458,-4482989.0,ry2026__final_ry26_blended_base_period_rrip_disparity_gap_revenue_ad__rrip_revenue_adjustments.csv,RY 26 Prelim % Revenue Adjustment,$ Better of Attainment or Improvement
2026,RRIP,16,Adventist- White Oak,-0.00010000174905304933,-26934.0,ry2026__final_ry26_blended_base_period_rrip_disparity_gap_revenue_ad__rrip_revenue_adjustments.csv,RY 26 Prelim % Revenue Adjustment,$ Better of Attainment or Improvement
2026,RRIP,17,Garrett,-0.0007000156344290735,-22236.0,ry2026__final_ry26_blended_base_period_rrip_disparity_gap_revenue_ad__rrip_revenue_adjustments.csv,RY 26 Prelim % Revenue Adjustment,$ Better of Attainment or Improvement
2026,RRIP,18,MedStar- Montgomery,-0.004499996146224112,-482409.0,ry2026__final_ry26_blended_base_period_rrip_disparity_gap_revenue_ad__rrip_revenue_adjustments.csv,RY 26 Prelim % Revenue Adjustment,$ Better of Attainment or Improvement
2026,RRIP,19,Tidal- Peninsula,0.007699999746609514,2744095.0,ry2026__final_ry26_blended_base_period_rrip_disparity_gap_revenue_ad__rrip_revenue_adjustments.csv,RY 26 Prelim % Revenue Adjustment,$ Better of Attainment or Improvement
2026,RRIP,22,JHH- Suburban,0.003500001538527594,968411.0,ry2026__final_ry26_blended_base_period_rrip_disparity_gap_revenue_ad__rrip_revenue_adjustments.csv,RY 26 Prelim % Revenue Adjustment,$ Better of Attainment or Improvement
2026,RRIP,23,Luminis- Anne Arundel,-0.0075999995858438505,-3190937.0,ry2026__final_ry26_blended_base_period_rrip_disparity_gap_revenue_ad__rrip_revenue_adjustments.csv,RY 26 Prelim % Revenue Adjustment,$ Better of Attainment or Improvement
2026,RRIP,24,MedStar- Union Mem,-0.0062999992075372085,-1931363.0,ry2026__final_ry26_blended_base_period_rrip_disparity_gap_revenue_ad__rrip_revenue_adjustments.csv,RY 26 Prelim % Revenue Adjustment,$ Better of Attainment or Improvement
2026,RRIP,27,Western Maryland,0.000900001161093012,185895.0,ry2026__final_ry26_blended_base_period_rrip_disparity_gap_revenue_ad__rrip_revenue_adjustments.csv,RY 26 Prelim % Revenue Adjustment,$ Better of Attainment or Improvement
2026,RRIP,28,MedStar- St. Mary's,0.012999999157885102,1295632.0,ry2026__final_ry26_blended_base_period_rrip_disparity_gap_revenue_ad__rrip_revenue_adjustments.csv,RY 26 Prelim % Revenue Adjustment,$ Better of Attainment or Improvement
2026,RRIP,29,JHH- Bayview,-0.007500000245339337,-3791985.0,ry2026__final_ry26_blended_base_period_rrip_disparity_gap_revenue_ad__rrip_revenue_adjustments.csv,RY 26 Prelim % Revenue Adjustment,$ Better of Attainment or Improvement
2026,RRIP,30,UMMS- Chestertown,0.01999998853433071,216606.0,ry2026__final_ry26_blended_base_period_rrip_disparity_gap_revenue_ad__rrip_revenue_adjustments.csv,RY 26 Prelim % Revenue Adjustment,$ Better of Attainment or Improvement
2026,RRIP,32,"ChristianaCare, Union",0.003599996788969918,400170.0,ry2026__final_ry26_blended_base_period_rrip_disparity_gap_revenue_ad__rrip_revenue_adjustments.csv,RY 26 Prelim % Revenue Adjustment,$ Better of Attainment or Improvement
2026,RRIP,33,Lifebridge- Carroll,0.0,0.0,ry2026__final_ry26_blended_base_period_rrip_disparity_gap_revenue_ad__rrip_revenue_adjustments.csv,RY 26 Prelim % Revenue Adjustment,$ Better of Attainment or Improvement
2026,RRIP,34,MedStar- Harbor,-0.005299998888038291,-726506.0,ry2026__final_ry26_blended_base_period_rrip_disparity_gap_revenue_ad__rrip_revenue_adjustments.csv,RY 26 Prelim % Revenue Adjustment,$ Better of Attainment or Improvement
2026,RRIP,35,UMMS- Charles,-0.0007999965173845482,-84173.0,ry2026__final_ry26_blended_base_period_rrip_disparity_gap_revenue_ad__rrip_revenue_adjustments.csv,RY 26 Prelim % Revenue Adjustment,$ Better of Attainment or Improvement
2026,RRIP,37,UMMS- Easton,0.01680000026629887,2324864.0,ry2026__final_ry26_blended_base_period_rrip_disparity_gap_revenue_ad__rrip_revenue_adjustments.csv,RY 26 Prelim % Revenue Adjustment,$ Better of Attainment or Improvement
2026,RRIP,38,UMMS- Midtown,-0.0030999993886483856,-437019.0,ry2026__final_ry26_blended_base_period_rrip_disparity_gap_revenue_ad__rrip_revenue_adjustments.csv,RY 26 Prelim % Revenue Adjustment,$ Better of Attainment or Improvement
2026,RRIP,39,Calvert,-0.007999995467964243,-679575.0,ry2026__final_ry26_blended_base_period_rrip_disparity_gap_revenue_ad__rrip_revenue_adjustments.csv,RY 26 Prelim % Revenue Adjustment,$ Better of Attainment or Improvement
2026,RRIP,40,Lifebridge- Northwest,-0.006600001138687573,-1145528.0,ry2026__final_ry26_blended_base_period_rrip_disparity_gap_revenue_ad__rrip_revenue_adjustments.csv,RY 26 Prelim % Revenue Adjustment,$ Better of Attainment or Improvement
2026,RRIP,43,UMMS- BWMC,-0.00729999991645408,-2406633.0,ry2026__final_ry26_blended_base_period_rrip_disparity_gap_revenue_ad__rrip_revenue_adjustments.csv,RY 26 Prelim % Revenue Adjustment,$ Better of Attainment or Improvement
2026,RRIP,44,GBMC,0.005099998604262568,1402356.0,ry2026__final_ry26_blended_base_period_rrip_disparity_gap_revenue_ad__rrip_revenue_adjustments.csv,RY 26 Prelim % Revenue Adjustment,$ Better of Attainment or Improvement
2026,RRIP,48,JHH- Howard County,0.000599999360775792,153684.0,ry2026__final_ry26_blended_base_period_rrip_disparity_gap_revenue_ad__rrip_revenue_adjustments.csv,RY 26 Prelim % Revenue Adjustment,$ Better of Attainment or Improvement
2026,RRIP,49,UMMS-Upper Chesapeake,-0.011500000190224523,-2993814.0,ry2026__final_ry26_blended_base_period_rrip_disparity_gap_revenue_ad__rrip_revenue_adjustments.csv,RY 26 Prelim % Revenue Adjustment,$ Better of Attainment or Improvement
2026,RRIP,51,Luminis- Doctors,0.003000002445916959,585123.0,ry2026__final_ry26_blended_base_period_rrip_disparity_gap_revenue_ad__rrip_revenue_adjustments.csv,RY 26 Prelim % Revenue Adjustment,$ Better of Attainment or Improvement
2026,RRIP,56,MedStar- Good Sam,0.005499999945571433,1098248.0,ry2026__final_ry26_blended_base_period_rrip_disparity_gap_revenue_ad__rrip_revenue_adjustments.csv,RY 26 Prelim % Revenue Adjustment,$ Better of Attainment or Improvement
2026,RRIP,57,Adventist- Shady Grove,-0.005599999989313252,-2022306.0,ry2026__final_ry26_blended_base_period_rrip_disparity_gap_revenue_ad__rrip_revenue_adjustments.csv,RY 26 Prelim % Revenue Adjustment,$ Better of Attainment or Improvement
2026,RRIP,58,UMMS- UMROI,-0.0022680003031450317,-202065.66,ry2026__final_ry26_blended_base_period_rrip_disparity_gap_revenue_ad__rrip_revenue_adjustments.csv,RY 26 Prelim % Revenue Adjustment,$ Better of Attainment or Improvement
2026,RRIP,60,Adventist-Ft. Washington,-0.0005999959464600623,-22395.0,ry2026__final_ry26_blended_base_period_rrip_disparity_gap_revenue_ad__rrip_revenue_adjustments.csv,RY 26 Prelim % Revenue Adjustment,$ Better of Attainment or Improvement
2026,RRIP,61,Atlantic General,0.00010000097299118907,4984.0,ry2026__final_ry26_blended_base_period_rrip_disparity_gap_revenue_ad__rrip_revenue_adjustments.csv,RY 26 Prelim % Revenue Adjustment,$ Better of Attainment or Improvement
2026,RRIP,62,MedStar- Southern MD,0.00729999763145686,1538713.0,ry2026__final_ry26_blended_base_period_rrip_disparity_gap_revenue_ad__rrip_revenue_adjustments.csv,RY 26 Prelim % Revenue Adjustment,$ Better of Attainment or Improvement
2026,RRIP,63,UMMS- St. Joe,-0.0031999993255598697,-977144.0,ry2026__final_ry26_blended_base_period_rrip_disparity_gap_revenue_ad__rrip_revenue_adjustments.csv,RY 26 Prelim % Revenue Adjustment,$ Better of Attainment or Improvement
2026,RRIP,64,Lifebridge- Levindale,0.020000003002261516,1420513.0,ry2026__final_ry26_blended_base_period_rrip_disparity_gap_revenue_ad__rrip_revenue_adjustments.csv,RY 26 Prelim % Revenue Adjustment,$ Better of Attainment or Improvement
2026,RRIP,65,Trinity - Holy Cross Germantown,-0.004400000328974216,-469575.0,ry2026__final_ry26_blended_base_period_rrip_disparity_gap_revenue_ad__rrip_revenue_adjustments.csv,RY 26 Prelim % Revenue Adjustment,$ Better of Attainment or Improvement
2027,RRIP,1,Meritus,-0.0007000012168436686,-215274.0,ry2027__ry27_rrip_final_revenue_adjustments_2_1__rrip_revenue_adjustments.csv,RY 27 % Revenue Adjustment,$ Better of Attainment or Improvement
2027,RRIP,2,UMMS- UMMC,-0.0008999998940074536,-1513533.0,ry2027__ry27_rrip_final_revenue_adjustments_2_1__rrip_revenue_adjustments.csv,RY 27 % Revenue Adjustment,$ Better of Attainment or Improvement
2027,RRIP,3,UMMS- Capital Region,-0.0007000004159723476,-245858.0,ry2027__ry27_rrip_final_revenue_adjustments_2_1__rrip_revenue_adjustments.csv,RY 27 % Revenue Adjustment,$ Better of Attainment or Improvement
2027,RRIP,4,Trinity - Holy Cross,-0.0014999993288631313,-722255.0,ry2027__ry27_rrip_final_revenue_adjustments_2_1__rrip_revenue_adjustments.csv,RY 27 % Revenue Adjustment,$ Better of Attainment or Improvement
2027,RRIP,5,Frederick,-0.011400000258786142,-3262000.0,ry2027__ry27_rrip_final_revenue_adjustments_2_1__rrip_revenue_adjustments.csv,RY 27 % Revenue Adjustment,$ Better of Attainment or Improvement
2027,RRIP,8,Mercy,0.006000000588121232,1497093.0,ry2027__ry27_rrip_final_revenue_adjustments_2_1__rrip_revenue_adjustments.csv,RY 27 % Revenue Adjustment,$ Better of Attainment or Improvement
2027,RRIP,9,JHH- Johns Hopkins,-0.009800000185754273,-19550491.0,ry2027__ry27_rrip_final_revenue_adjustments_2_1__rrip_revenue_adjustments.csv,RY 27 % Revenue Adjustment,$ Better of Attainment or Improvement
2027,RRIP,11,St. Agnes,0.0006999995331584112,188960.0,ry2027__ry27_rrip_final_revenue_adjustments_2_1__rrip_revenue_adjustments.csv,RY 27 % Revenue Adjustment,$ Better of Attainment or Improvement
2027,RRIP,12,Lifebridge- Sinai,-0.0071999995299560915,-4153789.0,ry2027__ry27_rrip_final_revenue_adjustments_2_1__rrip_revenue_adjustments.csv,RY 27 % Revenue Adjustment,$ Better of Attainment or Improvement
2027,RRIP,15,MedStar- Franklin Square,-0.014100000407004792,-6162236.0,ry2027__ry27_rrip_final_revenue_adjustments_2_1__rrip_revenue_adjustments.csv,RY 27 % Revenue Adjustment,$ Better of Attainment or Improvement
2027,RRIP,16,Adventist- White Oak,-0.006300001134791071,-1931885.0,ry2027__ry27_rrip_final_revenue_adjustments_2_1__rrip_revenue_adjustments.csv,RY 27 % Revenue Adjustment,$ Better of Attainment or Improvement
2027,RRIP,17,Garrett,0.017100002498995362,517885.0,ry2027__ry27_rrip_final_revenue_adjustments_2_1__rrip_revenue_adjustments.csv,RY 27 % Revenue Adjustment,$ Better of Attainment or Improvement
2027,RRIP,18,MedStar- Montgomery,0.0004000012670433431,44327.0,ry2027__ry27_rrip_final_revenue_adjustments_2_1__rrip_revenue_adjustments.csv,RY 27 % Revenue Adjustment,$ Better of Attainment or Improvement
2027,RRIP,19,Tidal- Peninsula,0.0010000000535916606,394777.0,ry2027__ry27_rrip_final_revenue_adjustments_2_1__rrip_revenue_adjustments.csv,RY 27 % Revenue Adjustment,$ Better of Attainment or Improvement
2027,RRIP,22,JHH- Suburban,0.0016999996855557274,490170.0,ry2027__ry27_rrip_final_revenue_adjustments_2_1__rrip_revenue_adjustments.csv,RY 27 % Revenue Adjustment,$ Better of Attainment or Improvement
2027,RRIP,23,Luminis- Anne Arundel,-0.013400000315450397,-6320488.0,ry2027__ry27_rrip_final_revenue_adjustments_2_1__rrip_revenue_adjustments.csv,RY 27 % Revenue Adjustment,$ Better of Attainment or Improvement
2027,RRIP,24,MedStar- Union Mem,-0.006699999151562395,-2123034.0,ry2027__ry27_rrip_final_revenue_adjustments_2_1__rrip_revenue_adjustments.csv,RY 27 % Revenue Adjustment,$ Better of Attainment or Improvement
2027,RRIP,27,Western Maryland,-0.0025000020398627397,-506237.0,ry2027__ry27_rrip_final_revenue_adjustments_2_1__rrip_revenue_adjustments.csv,RY 27 % Revenue Adjustment,$ Better of Attainment or Improvement
2027,RRIP,28,MedStar- St. Mary's,-0.003999999201164953,-394078.0,ry2027__ry27_rrip_final_revenue_adjustments_2_1__rrip_revenue_adjustments.csv,RY 27 % Revenue Adjustment,$ Better of Attainment or Improvement
2027,RRIP,29,JHH- Bayview,-0.015300000839731933,-7987451.0,ry2027__ry27_rrip_final_revenue_adjustments_2_1__rrip_revenue_adjustments.csv,RY 27 % Revenue Adjustment,$ Better of Attainment or Improvement
2027,RRIP,30,UMMS- Chestertown,0.012000017161926824,155524.0,ry2027__ry27_rrip_final_revenue_adjustments_2_1__rrip_revenue_adjustments.csv,RY 27 % Revenue Adjustment,$ Better of Attainment or Improvement
2027,RRIP,32,"ChristianaCare, Union",0.0029999994143463625,340101.0,ry2027__ry27_rrip_final_revenue_adjustments_2_1__rrip_revenue_adjustments.csv,RY 27 % Revenue Adjustment,$ Better of Attainment or Improvement
2027,RRIP,33,Lifebridge- Carroll,0.0018999985229898213,338341.0,ry2027__ry27_rrip_final_revenue_adjustments_2_1__rrip_revenue_adjustments.csv,RY 27 % Revenue Adjustment,$ Better of Attainment or Improvement
2027,RRIP,34,MedStar- Harbor,0.002999999871222859,447662.0,ry2027__ry27_rrip_final_revenue_adjustments_2_1__rrip_revenue_adjustments.csv,RY 27 % Revenue Adjustment,$ Better of Attainment or Improvement
2027,RRIP,35,UMMS- Charles,0.003599999029532023,401689.0,ry2027__ry27_rrip_final_revenue_adjustments_2_1__rrip_revenue_adjustments.csv,RY 27 % Revenue Adjustment,$ Better of Attainment or Improvement
2027,RRIP,37,UMMS- Easton,0.010300000047145633,1678432.0,ry2027__ry27_rrip_final_revenue_adjustments_2_1__rrip_revenue_adjustments.csv,RY 27 % Revenue Adjustment,$ Better of Attainment or Improvement
2027,RRIP,38,UMMS- Midtown,-0.01209999702918024,-1881595.0,ry2027__ry27_rrip_final_revenue_adjustments_2_1__rrip_revenue_adjustments.csv,RY 27 % Revenue Adjustment,$ Better of Attainment or Improvement
2027,RRIP,39,Calvert,-0.005599999422840886,-500932.0,ry2027__ry27_rrip_final_revenue_adjustments_2_1__rrip_revenue_adjustments.csv,RY 27 % Revenue Adjustment,$ Better of Attainment or Improvement
2027,RRIP,40,Lifebridge- Northwest,-0.009499998129399773,-1757707.0,ry2027__ry27_rrip_final_revenue_adjustments_2_1__rrip_revenue_adjustments.csv,RY 27 % Revenue Adjustment,$ Better of Attainment or Improvement
2027,RRIP,43,UMMS- BWMC,-0.00030000130433882106,-106302.0,ry2027__ry27_rrip_final_revenue_adjustments_2_1__rrip_revenue_adjustments.csv,RY 27 % Revenue Adjustment,$ Better of Attainment or Improvement
2027,RRIP,44,GBMC,0.0034999989953131915,1000409.0,ry2027__ry27_rrip_final_revenue_adjustments_2_1__rrip_revenue_adjustments.csv,RY 27 % Revenue Adjustment,$ Better of Attainment or Improvement
2027,RRIP,48,JHH- Howard County,-0.0012999986610889675,-339153.0,ry2027__ry27_rrip_final_revenue_adjustments_2_1__rrip_revenue_adjustments.csv,RY 27 % Revenue Adjustment,$ Better of Attainment or Improvement
2027,RRIP,49,UMMS-Upper Chesapeake,-0.004400000038531238,-1230854.0,ry2027__ry27_rrip_final_revenue_adjustments_2_1__rrip_revenue_adjustments.csv,RY 27 % Revenue Adjustment,$ Better of Attainment or Improvement
2027,RRIP,51,Luminis- Doctors,-0.0056000011429474875,-1118365.0,ry2027__ry27_rrip_final_revenue_adjustments_2_1__rrip_revenue_adjustments.csv,RY 27 % Revenue Adjustment,$ Better of Attainment or Improvement
2027,RRIP,56,MedStar- Good Sam,0.008000001044994187,1571312.0,ry2027__ry27_rrip_final_revenue_adjustments_2_1__rrip_revenue_adjustments.csv,RY 27 % Revenue Adjustment,$ Better of Attainment or Improvement
2027,RRIP,57,Adventist- Shady Grove,-0.0001999997356041016,-72867.0,ry2027__ry27_rrip_final_revenue_adjustments_2_1__rrip_revenue_adjustments.csv,RY 27 % Revenue Adjustment,$ Better of Attainment or Improvement
2027,RRIP,58,UMMS- UMROI,-0.0028000002112378267,-269074.4,ry2027__ry27_rrip_final_revenue_adjustments_2_1__rrip_revenue_adjustments.csv,RY 27 % Revenue Adjustment,$ Better of Attainment or Improvement
2027,RRIP,60,Adventist-Ft. Washington,0.015300006807391157,598707.0,ry2027__ry27_rrip_final_revenue_adjustments_2_1__rrip_revenue_adjustments.csv,RY 27 % Revenue Adjustment,$ Better of Attainment or Improvement
2027,RRIP,61,Atlantic General,0.015899991629271117,785175.0,ry2027__ry27_rrip_final_revenue_adjustments_2_1__rrip_revenue_adjustments.csv,RY 27 % Revenue Adjustment,$ Better of Attainment or Improvement
2027,RRIP,62,MedStar- Southern MD,0.015399998594242872,3266372.0,ry2027__ry27_rrip_final_revenue_adjustments_2_1__rrip_revenue_adjustments.csv,RY 27 % Revenue Adjustment,$ Better of Attainment or Improvement
2027,RRIP,63,UMMS- St. Joe,-0.00030000101025239744,-98619.0,ry2027__ry27_rrip_final_revenue_adjustments_2_1__rrip_revenue_adjustments.csv,RY 27 % Revenue Adjustment,$ Better of Attainment or Improvement
2027,RRIP,64,Lifebridge- Levindale,0.01799999975512873,1343672.0,ry2027__ry27_rrip_final_revenue_adjustments_2_1__rrip_revenue_adjustments.csv,RY 27 % Revenue Adjustment,$ Better of Attainment or Improvement
2027,RRIP,65,Trinity - Holy Cross Germantown,-0.0047999985893658025,-542029.0,ry2027__ry27_rrip_final_revenue_adjustments_2_1__rrip_revenue_adjustments.csv,RY 27 % Revenue Adjustment,$ Better of Attainment or Improvement
