hosp_num,fiscal_year,fy_end_month,hospital_key,match_score,match_basis,equivalent_inpatient_adms_eipa_regulated_services,equivalent_inpatient_adms_eipa_total,gross_patient_revenue_regulated_services,gross_patient_revenue_total,gross_patient_revenue_unregulated_services,inpatient_readmission_charges,net_operating_profit_loss_regulated_services,net_operating_profit_loss_total,net_operating_profit_loss_unregulated_services,net_patient_revenue_npr_regulated_services,net_patient_revenue_npr_total,net_patient_revenue_npr_unregulated_services,nor_per_eipa_regulated_services,nor_per_eipa_total,npr_per_eipa_regulated_services,npr_per_eipa_total,operating_expenses_per_eipa_regulated_services,operating_expenses_per_eipa_total,other_operating_revenue_regulated_services,other_operating_revenue_total,other_operating_revenue_unregulated_services,potentially_avoidable_utilization_costs,risk_adjusted_ppc_rate,risk_adjusted_readmission_percent,total_direct_graduate_medical_education,total_direct_medical_education,total_excess_profit_loss,total_excess_profit_loss_net_operating_profit_of_regulated_nor,total_excess_profit_loss_net_total_operating_profit_of_total_nor,total_excess_profit_loss_total_excess_profit_of_total_revenue,total_non_operating_profit_loss,total_non_operating_profit_loss_change_in_net_operating_profit_regulated,total_non_operating_profit_loss_change_in_net_operating_profit_total,total_non_operating_profit_loss_change_in_nor_per_eipa_regulated,total_non_operating_profit_loss_change_in_npr_per_eipa_regulated,total_non_operating_profit_loss_change_in_oper_expense_per_eipa_regulated,total_non_operating_profit_loss_change_in_total_excess_profit,total_non_operating_profit_loss_net_operating_profit_of_regulated_nor,total_non_operating_profit_loss_net_total_operating_profit_of_total_nor,total_non_operating_profit_loss_non_operating_expenses,total_non_operating_profit_loss_non_operating_revenue,total_non_operating_profit_loss_total_excess_profit,total_non_operating_profit_loss_total_excess_profit_of_total_revenue,total_operating_expenses_regulated_services,total_operating_expenses_total,total_regulated_inpatient_admissions,total_regulated_outpatient_visits,net_operating_profit_of_regulated_nor,net_total_operating_profit_of_total_nor,total_excess_profit_of_total_revenue
1,2009,June,MERITUS MEDICAL CENTER,1.0,cms_name,24851.0,29102.0,243018300.0,284584700.0,41566400.0,,4634953.0,3773700.0,-861253.0,203634400.0,230865600.0,27231200.0,8273.02,8077.77,8194.1,7932.99,8086.52,7948.1,205595800.0,235079200.0,29483400.0,,,,,,,,,,-4587500.0,-50.72,-50.65,2.18,1.65,4.93,-109.44,2.25,1.61,147500.0,-4440000.0,-813800.0,-0.35,200960847.0,231305500.0,,,2.25,1.61,-0.35
1,2010,June,MERITUS MEDICAL CENTER,1.0,cms_name,24861.0,29535.0,250295900.0,297358400.0,47062500.0,,2271165.0,-166300.0,-2437465.0,209148200.0,237455700.0,28307500.0,8578.96,8246.77,8412.85,8039.79,8487.61,8252.4,4129800.0,243568700.0,1983200.0,,,,,,,,,,3183300.0,-51.0,-104.41,3.7,2.67,4.96,470.73,1.06,-0.07,170600.0,3353900.0,3017000.0,1.22,211006835.0,243735000.0,,,1.06,-0.07,1.22
1,2011,June,MERITUS MEDICAL CENTER,1.0,cms_name,25377.0,29796.0,275699700.0,323727900.0,48028200.0,,8970292.0,7133900.0,-1836392.0,232040400.0,260918600.0,28878200.0,9351.14,9026.48,9143.74,8756.81,8997.66,8787.06,5263297.0,268953800.0,2771903.0,,,,,,,,,,5176800.0,294.96,4389.78,9.0,8.69,6.01,308.04,3.78,2.65,77500.0,5254300.0,12310700.0,4.49,228333405.0,261819900.0,,,3.78,2.65,4.49
1,2012,June,MERITUS MEDICAL CENTER,1.0,cms_name,25130.0,29975.0,295465200.0,352429600.0,56964400.0,,3860038.0,2158500.0,-1701538.0,244455300.0,276163500.0,31708200.0,10008.22,9545.02,9727.62,9213.13,9854.62,9473.01,251506800.0,9948400.0,34605100.0,,,,,,4712400.0,,,,2553900.0,-56.97,-69.74,7.03,6.39,9.52,-61.72,1.53,0.75,0.0,2553900.0,4712400.0,1.63,247646762.0,283953400.0,15558.0,111239.0,1.53,0.75,1.63
1,2013,June,MERITUS MEDICAL CENTER,1.0,cms_name,25234.0,29900.0,301350700.0,357561600.0,56210900.0,27005043.0,10308554.0,11064428.0,755874.0,247469100.0,281423500.0,33954400.0,10117.21,9931.34,9806.89,9412.04,9708.7,9561.3,255299800.0,296950800.0,41651000.0,44766008.0,1.38,11.64,0.0,,9116228.0,4.04,3.73,2.98,-1948200.0,167.06,412.6,1.09,0.81,-1.48,93.45,4.04,3.73,11291100.0,9342900.0,9116228.0,2.98,244991246.0,285886372.0,15846.0,107718.0,4.04,3.73,2.98
1,2014,June,MERITUS MEDICAL CENTER,1.0,cms_name,,,305141600.0,364612200.0,59470600.0,23314759.0,4717300.0,4496900.0,-220400.0,247293500.0,283797700.0,36504200.0,,,,,,,251471700.0,13046300.0,8868100.0,40276326.0,1.04,11.89,0.0,0.0,18982900.0,1.88,1.51,6.1,14486000.0,,,,,,,,,0.0,14486000.0,,,246754400.0,292347100.0,16542.0,106662.0,1.88,1.51,6.1
1,2015,June,MERITUS MEDICAL CENTER,1.0,cms_name,,,312302400.0,376337000.0,64034600.0,23116032.0,12342463.0,16259882.0,3917419.0,256037471.0,299284598.0,43247127.0,,,,,,,6200021.0,15809813.0,9609792.0,40497213.0,0.96,12.06,0.0,0.0,18328621.0,4.71,5.16,5.78,2068739.0,,,,,,,,,0.0,2068739.0,,,249895029.0,298834529.0,,,4.71,5.16,5.78
1,2016,June,MERITUS MEDICAL CENTER,1.0,cms_name,,,321748760.0,391525472.0,69776712.0,22522659.0,12719580.0,13258370.0,538790.0,261006413.0,305095532.0,44089120.0,,,,,,,260540781.0,312389083.0,51848303.0,39503580.0,0.7,11.4,,0.0,-20927920.0,4.88,4.24,-6.7,-34186290.0,,,,,,,,,34186290.0,0.0,,,247821201.0,299130713.0,,,4.88,4.24,-6.7
1,2017,June,MERITUS MEDICAL CENTER,1.0,cms_name,,,325953100.0,396562100.0,70609000.0,22992932.0,32709205.0,24187689.0,-8521516.0,279636188.0,319198689.0,39562501.0,,,,,,,285454191.0,333351689.0,47897498.0,41457269.0,0.61,11.37,,0.0,38261089.0,11.46,7.26,11.48,14073400.0,,,,,,,,,-14073400.0,0.0,,,252744986.0,309164000.0,,,11.46,7.26,11.48
1,2018,June,MERITUS MEDICAL CENTER,1.0,cms_name,,,334316871.0,409274971.0,74958100.0,27623311.0,32690830.0,22194700.0,-10496130.0,278234830.0,323835900.0,45601070.0,,,,,,,7558200.0,336929900.0,51136870.0,47618055.0,0.62,11.1,,0.0,29390800.0,11.44,6.59,8.54,7196100.0,,,,,,,,,197900.0,7394000.0,,,253102200.0,314735200.0,,,11.44,6.59,8.54
2,2007,June,UNIVERSITY OF MARYLAND MEDICAL CENTER,1.0,cms_name,34164.0,34651.0,850019727.0,862138262.0,12118535.0,,42206648.0,29927423.0,-12279225.0,732145727.0,743235662.0,11089935.0,21931.82,22603.47,21430.54,21449.35,20696.39,21739.78,749271206.0,783226661.0,33955455.0,,,,,,,,,,9060000.0,-19.27,-16.23,9.15,9.72,11.75,18.58,5.63,3.82,0.0,9060000.0,38987423.0,4.92,707064558.0,753299238.0,,,5.63,3.82,4.92
2,2008,June,UNIVERSITY OF MARYLAND MEDICAL CENTER,1.0,cms_name,33724.0,34156.0,877294500.0,888541670.0,11247170.0,,13118941.0,3113578.0,-10005363.0,765351210.0,776598380.0,11247170.0,23369.4,24073.63,22694.5,22736.52,22980.39,23982.47,788111505.0,822269179.0,34157674.0,,,,,,,,,,-59345000.0,-68.92,-89.6,6.55,5.9,11.04,-244.23,1.66,0.38,0.0,-59345000.0,-56231422.0,-7.37,774992564.0,819155601.0,,,1.66,0.38,-7.37
2,2009,June,UNIVERSITY OF MARYLAND MEDICAL CENTER,1.0,cms_name,35291.0,35803.0,940100100.0,953752912.0,13652812.0,,78252327.0,63562452.0,-14689875.0,819239930.0,831876742.0,12636812.0,23757.79,24505.05,23213.99,23234.64,21540.43,22729.73,838431058.0,877361852.0,38930794.0,,,,,,,,,,-55439000.0,496.48,1941.46,1.66,2.29,-6.27,114.45,9.33,7.24,0.0,-55439000.0,8123452.0,0.99,760178731.0,813799400.0,,,9.33,7.24,0.99
2,2010,June,UNIVERSITY OF MARYLAND MEDICAL CENTER,1.0,cms_name,37747.0,38201.0,1013735200.0,1025919843.0,12184643.0,,90181648.0,72187993.0,-17993655.0,873940200.0,886124843.0,12184643.0,23553.37,24412.18,23152.48,23196.47,21164.27,22522.48,889072548.0,932566000.0,43493452.0,,,,,,,,,,-23281000.0,15.24,13.57,-0.86,-0.26,-1.75,502.05,10.14,7.74,0.0,-23281000.0,48906993.0,5.38,798890900.0,860378007.0,,,10.14,7.74,5.38
2,2011,June,UNIVERSITY OF MARYLAND MEDICAL CENTER,1.0,cms_name,39823.0,40204.0,1113137000.0,1123800168.0,10663168.0,,91927290.0,75214313.0,-16712977.0,961486655.0,971498213.0,10011558.0,24491.13,25424.23,24144.0,24163.92,22182.73,23553.43,13823963.0,50670000.0,36846037.0,,,,,,,,,,61751700.0,1.94,4.19,3.98,4.28,4.81,180.05,9.43,7.36,-2894700.0,58857000.0,136966013.0,12.67,883383327.0,946953900.0,,,9.43,7.36,12.67
2,2012,June,UNIVERSITY OF MARYLAND MEDICAL CENTER,1.0,cms_name,37591.0,37942.0,1179258000.0,1190260797.0,11002797.0,,91181886.0,59019347.0,-32162539.0,1016430615.0,1027144847.0,10714232.0,27387.61,28426.41,27039.07,27071.5,24962.0,26870.9,13102329.0,1078552847.0,38305671.0,,,,,,-55550450.0,,,,-114569797.0,-0.81,-21.53,11.83,11.99,12.53,-140.56,8.86,5.47,114569797.0,0.0,-55550450.0,-5.15,938351058.0,1019533500.0,27143.0,195504.0,8.86,5.47,-5.15
2,2013,June,UNIVERSITY OF MARYLAND MEDICAL CENTER,1.0,cms_name,38517.0,38861.0,1241601500.0,1252675500.0,11074000.0,114406022.0,50109078.0,34526000.0,-15583078.0,1068680949.0,1079170000.0,10489051.0,28682.64,29807.37,27745.59,27770.22,27381.69,28918.92,1104773709.0,1158335000.0,53561291.0,129927209.0,1.3,14.62,77874970.0,,124816000.0,4.54,2.98,10.0,90290000.0,-45.04,-41.5,4.73,2.61,9.69,324.69,4.54,2.98,0.0,90290000.0,124816000.0,10.0,1054664631.0,1123809000.0,26586.0,204962.0,4.54,2.98,10.0
2,2014,June,UNIVERSITY OF MARYLAND MEDICAL CENTER,1.0,cms_name,,,1296211400.0,1306731286.0,10519886.0,101973000.0,45419769.0,24323036.0,-21096733.0,1086670121.0,1097078037.0,10407916.0,,,,,,,18824460.0,69358990.0,50534530.0,125818563.0,1.14,14.63,81820610.0,81820610.0,173762036.0,4.11,2.09,13.21,149439000.0,,,,,,,,,0.0,149439000.0,,,1060074815.0,1142114001.0,26874.0,247851.0,4.11,2.09,13.21
2,2015,June,UNIVERSITY OF MARYLAND MEDICAL CENTER,1.0,cms_name,,,1313670900.0,1325362129.0,11691229.0,97442359.0,48799170.0,35723003.0,-13076167.0,1124828668.0,1135996003.0,11167335.0,,,,,,,24332274.0,101428000.0,77095726.0,123712476.0,0.86,13.44,82832410.0,82832410.0,-6223997.0,4.25,2.89,-0.52,-41947000.0,,,,,,,,,0.0,-41947000.0,,,1100361772.0,1201701000.0,,,4.25,2.89,-0.52
2,2016,June,UNIVERSITY OF MARYLAND MEDICAL CENTER,1.0,cms_name,,,1345458400.0,1357280041.0,11821641.0,94735753.0,31915307.0,20365000.0,-11550307.0,1173234222.0,1184688000.0,11453778.0,,,,,,,1190933659.0,119019000.0,101319563.0,118480456.0,0.66,12.84,,104524509.0,-51452000.0,2.68,1.56,-4.18,-71817000.0,,,,,,,,,0.0,-71817000.0,,,1159018353.0,1283342000.0,,,2.68,1.56,-4.18
2,2017,June,UNIVERSITY OF MARYLAND MEDICAL CENTER,1.0,cms_name,,,1389993000.0,1405853726.0,15860726.0,93784992.0,30367608.0,11804000.0,-18563608.0,1185195229.0,1200776000.0,15580771.0,,,,,,,1219141811.0,117963000.0,99597189.0,122685843.0,0.55,13.25,,108662521.0,76260000.0,2.49,0.9,5.51,64456000.0,,,,,,,,,0.0,64456000.0,,,1188774203.0,1306935000.0,,,2.49,0.9,5.51
2,2018,June,UNIVERSITY OF MARYLAND MEDICAL CENTER,1.0,cms_name,,,1478505421.0,1495454428.0,16949007.0,112326686.0,28423566.0,19772000.0,-8651566.0,1265042071.0,1281667000.0,16624929.0,,,,,,,1274408715.0,96384000.0,103642285.0,145286001.0,0.46,13.12,,105607955.0,23998000.0,2.23,1.43,1.74,4226000.0,,,,,,,,,0.0,4226000.0,,,1245985149.0,1358279000.0,,,2.23,1.43,1.74
4,2007,June,HOLY CROSS HOSPITAL,1.0,cms_name,36092.0,39034.0,351996600.0,380689221.0,28692621.0,,14026600.0,16102333.0,2075732.0,291978698.0,319303202.0,27324504.0,8170.86,8396.45,8089.81,8180.1,7782.23,7983.93,294903783.0,327748164.0,32844380.0,,,,,,,,,,10864291.0,-45.4,-15.35,2.04,2.06,6.71,2.95,4.76,4.91,0.0,10864291.0,26966624.0,7.96,280877183.0,311645831.0,,,4.76,4.91,7.96
4,2008,June,HOLY CROSS HOSPITAL,1.0,cms_name,35896.0,38234.0,383143400.0,412552587.0,29409187.0,,35003468.0,23552240.0,-11451228.0,326703070.0,344466120.0,17763050.0,9152.71,9233.25,9101.29,9009.41,8177.58,8617.25,328548714.0,353024499.0,24475785.0,,,,,,,,,,-2961225.0,149.55,46.27,12.02,12.5,5.08,-23.64,10.65,6.67,-1885000.0,-4846225.0,20591015.0,5.91,293545246.0,329472259.0,,,10.65,6.67,5.91
4,2009,June,HOLY CROSS HOSPITAL,1.0,cms_name,38000.0,41216.0,394466500.0,428456300.0,33989800.0,,25703268.0,19001184.0,-6702084.0,332740684.0,354270184.0,21529500.0,8819.94,8929.03,8756.24,8595.4,8143.55,8468.02,335161284.0,368021084.0,32859800.0,,,,,,,,,,-18839400.0,-26.57,-19.32,-3.64,-3.79,-0.42,-99.21,7.67,5.16,0.0,-18839400.0,161784.0,0.05,309458016.0,349019900.0,,,7.67,5.16,0.05
4,2010,June,HOLY CROSS HOSPITAL,1.0,cms_name,38770.0,42070.0,411325700.0,446330700.0,35005000.0,,31605101.0,21985583.0,-9619518.0,341997483.0,363220783.0,21223300.0,8857.1,8932.28,8821.08,8633.78,8041.92,8409.68,1396700.0,12558000.0,11161300.0,,,,,,,,,,9766800.0,22.96,15.71,0.42,0.74,-1.25,19526.4,9.2,5.85,0.0,9766800.0,31752383.0,8.24,311789082.0,353793200.0,,,9.2,5.85,8.24
4,2011,June,HOLY CROSS HOSPITAL,1.0,cms_name,39880.0,42836.0,437749300.0,470193500.0,32444200.0,,38660100.0,26334800.0,-12325300.0,361064200.0,381016100.0,19951900.0,9150.42,9251.08,9053.69,8894.74,8181.02,8636.3,3857791.0,15264200.0,11406409.0,,,,,,,,,,17357300.0,22.32,19.78,3.31,2.64,1.73,37.6,10.59,6.65,0.0,17357300.0,43692100.0,10.56,326261891.0,369945500.0,,,10.59,6.65,10.56
4,2012,June,HOLY CROSS HOSPITAL,1.0,cms_name,39200.0,41485.0,453731600.0,480175600.0,26444000.0,,42291998.0,26657900.0,-15634098.0,362831800.0,375084400.0,12252600.0,9373.08,9436.73,9255.9,9041.52,8294.2,8794.14,4593400.0,16395500.0,11802100.0,,,,,,26077900.0,,,,-580000.0,9.39,1.23,2.43,2.23,1.38,-40.31,11.51,6.81,0.0,-580000.0,26077900.0,6.67,325133202.0,364822000.0,27918.0,122355.0,11.51,6.81,6.67
4,2013,June,HOLY CROSS HOSPITAL,1.0,cms_name,39841.0,42295.0,461351200.0,489771255.0,28420055.0,37282649.0,42986566.0,24150046.0,-18836520.0,373367100.0,386790046.0,13422946.0,9525.03,9552.98,9371.45,9145.01,8446.08,8981.99,6119000.0,17255000.0,11136000.0,54972608.0,1.17,12.16,2370070.0,,37428046.0,11.33,5.98,8.97,13278000.0,1.64,-9.41,1.62,1.25,1.83,43.52,11.33,5.98,0.0,13278000.0,37428046.0,8.97,336499534.0,379895000.0,27676.0,121384.0,11.33,5.98,8.97
4,2014,June,HOLY CROSS HOSPITAL,1.0,cms_name,,,468876700.0,497855200.0,28978500.0,34270651.0,41046525.0,23295000.0,-17751525.0,382981000.0,397194000.0,14213000.0,,,,,,,389253300.0,414197990.0,24944690.0,53242560.0,1.27,11.63,2757760.0,2757760.0,46558000.0,10.54,5.62,10.64,23263000.0,,,,,,,,,0.0,23263000.0,,,348206775.0,390903000.0,27507.0,114641.0,10.54,5.62,10.64
4,2015,June,HOLY CROSS HOSPITAL,1.0,cms_name,,,480562300.0,509712090.0,29149790.0,38364441.0,50987078.0,31608866.0,-19378211.0,400831157.0,414713225.0,13882068.0,,,,,,,405444002.0,15340945.0,24610168.0,57503822.0,0.84,11.83,2658000.0,2658000.0,37702162.0,12.58,7.35,8.64,6093296.0,,,,,,,,,0.0,6093296.0,,,354456924.0,398445304.0,,,12.58,7.35,8.64
4,2016,June,HOLY CROSS HOSPITAL,1.0,cms_name,,,505712400.0,539756025.0,34043625.0,40508976.0,58855012.0,34921667.0,-23933345.0,418354058.0,434346008.0,15991950.0,,,,,,,3375639.0,448159813.0,26430116.0,61669789.0,0.59,11.49,,2708039.0,28838267.0,13.96,7.79,6.52,-6083400.0,,,,,,,,,0.0,-6083400.0,,,362874686.0,413238146.0,,,13.96,7.79,6.52
4,2017,June,HOLY CROSS HOSPITAL,1.0,cms_name,,,504632600.0,546745266.0,42112666.0,36395000.0,50852356.0,31231628.0,-19620727.0,423016922.0,439284590.0,16267668.0,,,,,,,9645000.0,461972628.0,13043038.0,55474801.0,0.46,11.38,,2634917.0,45230600.0,11.75,6.76,9.5,13999000.0,,,,,,,,,0.0,13999000.0,,,381809567.0,430741000.0,,,11.75,6.76,9.5
4,2018,June,HOLY CROSS HOSPITAL,1.0,cms_name,,,515354700.0,556205070.0,40850370.0,38427667.0,67190696.0,45253357.0,-21937339.0,443927941.0,461039826.0,17111885.0,,,,,,,2104136.0,477178357.0,14034395.0,55444851.0,0.28,11.63,,2663635.0,53286357.0,15.06,9.48,10.98,8033000.0,,,,,,,,,0.0,8033000.0,,,378841380.0,431925000.0,,,15.06,9.48,10.98
5,2007,June,FREDERICK MEMORIAL HOSPITAL,0.975,hscrc_name,25543.0,34660.0,221930300.0,302627061.0,80696761.0,,8424634.0,5272744.0,-3151890.0,192131819.0,234883119.0,42751300.0,7644.64,7077.12,7521.89,6776.77,7314.82,6924.99,195267213.0,245293175.0,50025962.0,,,,,,,,,,8997421.0,330.81,945.93,7.49,6.12,0.72,2116.72,4.31,2.15,0.0,8997421.0,14270165.0,5.61,186842579.0,240020431.0,,,4.31,2.15,5.61
5,2008,June,FREDERICK MEMORIAL HOSPITAL,0.975,hscrc_name,26773.0,35851.0,244818200.0,327834355.0,83016155.0,,10435545.0,1705357.0,-8730188.0,212190095.0,258428819.0,46238724.0,8051.79,7554.64,7925.58,7208.35,7662.01,7507.07,215569301.0,270843838.0,55274537.0,,,,,,,,,,-9360789.0,23.87,-67.66,5.33,5.37,4.75,-153.65,4.84,0.63,14270292.0,4909503.0,-7655432.0,-2.78,205133756.0,269138481.0,,,4.84,0.63,-2.78
5,2009,June,FREDERICK MEMORIAL HOSPITAL,0.975,hscrc_name,27652.0,37979.0,266844200.0,354041116.0,87196916.0,,12333922.0,1943092.0,-10390830.0,228268395.0,276112767.0,47844372.0,8461.24,7580.17,8255.02,7270.11,8015.2,7529.0,233970884.0,287888368.0,53917484.0,,,,,,,,,,-14517624.0,18.19,13.94,5.09,4.16,4.61,-64.26,5.27,0.67,0.0,-14517624.0,-12574532.0,-4.6,221636962.0,285945276.0,,,5.27,0.67,-4.6
5,2010,June,FREDERICK MEMORIAL HOSPITAL,0.975,hscrc_name,29886.0,40713.0,282475300.0,372710457.0,90235157.0,,16242542.0,4555165.0,-11687377.0,243069472.0,291965076.0,48895604.0,8316.13,7442.82,8133.35,7171.36,7772.63,7330.94,5462472.0,11052051.0,5589579.0,,,,,,,,,,3699000.0,31.69,134.43,-1.72,-1.47,-3.03,165.64,6.54,1.5,0.0,3699000.0,8254165.0,2.69,232289402.0,298461962.0,,,6.54,1.5,2.69
5,2011,June,FREDERICK MEMORIAL HOSPITAL,0.975,hscrc_name,31149.0,40414.0,323934900.0,420284670.0,96349770.0,,30198403.0,14467845.0,-15730558.0,272142214.0,327783897.0,55641683.0,8981.36,8419.74,8736.71,8110.61,8011.89,8061.75,279762961.0,340276897.0,60513936.0,,,,,,,,,,11282000.0,85.92,217.61,8.0,7.42,3.08,211.96,10.79,4.25,0.0,11282000.0,25749845.0,7.32,249564558.0,325809052.0,,,10.79,4.25,7.32
5,2012,June,FREDERICK MEMORIAL HOSPITAL,0.975,hscrc_name,31289.0,40050.0,334410300.0,428047980.0,93637680.0,,9272039.0,589466.0,-8682574.0,267942036.0,327782227.0,59840190.0,8715.72,8418.68,8563.41,8184.25,8419.39,8403.96,4765628.0,337171466.0,4623611.0,,,,,,-2998773.0,,,,-3588239.0,-69.3,-95.93,-2.96,-1.98,5.09,-111.65,3.4,0.17,7810000.0,4221761.0,-2998773.0,-0.88,263435625.0,336582000.0,19107.0,100619.0,3.4,0.17,-0.88
5,2013,June,FREDERICK MEMORIAL HOSPITAL,0.975,hscrc_name,31256.0,40423.0,337093700.0,435950974.0,98857274.0,26180572.0,17216148.0,-603048.0,-17819196.0,276164675.0,330644933.0,54480258.0,8996.7,8420.09,8835.47,8179.68,8445.9,8435.01,5039603.0,340362826.0,4678290.0,44076833.0,1.13,11.4,0.0,,10738933.0,6.12,-0.18,3.03,11341981.0,85.68,-202.3,3.22,3.18,0.31,458.11,6.12,-0.18,3193127.0,14535107.0,10738933.0,3.03,263988130.0,340965873.0,17954.0,103642.0,6.12,-0.18,3.03
5,2014,June,FREDERICK MEMORIAL HOSPITAL,0.975,hscrc_name,,,339660800.0,409657855.0,69997055.0,22598572.0,16325142.0,3130038.0,-13195104.0,274540716.0,313434038.0,38893323.0,,,,,,,281086054.0,10228999.0,3683661.0,40249248.0,1.02,10.41,0.0,0.0,16993038.0,5.81,0.97,5.0,13863000.0,,,,,,,,,2660000.0,16523000.0,,,264760912.0,320533000.0,16383.0,118058.0,5.81,0.97,5.0
5,2015,June,FREDERICK MEMORIAL HOSPITAL,0.975,hscrc_name,,,346609902.0,403696350.0,57086448.0,23544839.0,24767220.0,11105045.0,-13662174.0,293871610.0,327251045.0,33379435.0,,,,,,,299001523.0,335505464.0,36503941.0,41457493.0,0.89,10.6,0.0,0.0,11684445.0,8.28,3.31,3.41,579400.0,,,,,,,,,6869000.0,7448400.0,,,274234304.0,324400419.0,,,8.28,3.31,3.41
5,2016,June,FREDERICK MEMORIAL HOSPITAL,0.975,hscrc_name,,,363795700.0,421090370.0,57294670.0,21056369.0,34613957.0,18706017.0,-15907940.0,307860058.0,341943017.0,34082959.0,,,,,,,4929135.0,8318000.0,3388865.0,37619625.0,0.73,9.39,,0.0,12241017.0,11.07,5.34,3.45,-6465000.0,,,,,,,,,11063000.0,4598000.0,,,278175236.0,331555000.0,,,11.07,5.34,3.45
5,2017,June,FREDERICK MEMORIAL HOSPITAL,0.975,hscrc_name,,,346113400.0,453561842.0,107448442.0,23677402.0,42213568.0,17978227.0,-24235341.0,291537409.0,356893227.0,65355818.0,,,,,,,4003779.0,7292000.0,3288221.0,45154153.0,0.57,10.08,,0.0,31062227.0,14.28,4.94,8.23,13084000.0,,,,,,,,,0.0,13084000.0,,,253327620.0,346207000.0,,,14.28,4.94,8.23
5,2018,June,FREDERICK MEMORIAL HOSPITAL,0.975,hscrc_name,,,355845200.0,440127920.0,84282720.0,27405380.0,53435977.0,26672103.0,-26763874.0,302004573.0,357250103.0,55245531.0,,,,,,,5348698.0,9458000.0,4109302.0,51399806.0,0.41,10.45,,0.0,42505103.0,17.39,7.27,10.93,15833000.0,,,,,,,,,6451000.0,22284000.0,,,253917293.0,340036000.0,,,17.39,7.27,10.93
6,2011,December,UM HARFORD MEMORIAL HOSPITAL,0.975,name_history,10041.0,10063.0,100465500.0,100687100.0,221600.0,,3498273.0,1725589.0,-1772684.0,80367789.0,80519589.0,151800.0,8112.42,8158.2,8003.72,8001.19,7764.04,7986.73,1091500.0,82099589.0,640300.0,,,,,,,,,,-621000.0,-36.92,-47.63,10.75,10.28,13.63,-86.98,4.29,2.1,621000.0,0.0,1104589.0,1.35,77961016.0,80374000.0,,,4.29,2.1,1.35
6,2012,December,UM HARFORD MEMORIAL HOSPITAL,0.975,name_history,10561.0,10577.0,104451400.0,104614700.0,163300.0,10967334.0,3539177.0,2971054.0,-568123.0,82984005.0,83088005.0,104000.0,7957.12,8177.79,7857.65,7855.22,7622.0,7896.91,1050423.0,3412000.0,2361577.0,17742365.0,1.4,12.25,0.0,,8268054.0,4.21,3.43,9.01,5297000.0,1.17,72.18,-1.91,-1.83,-1.83,648.52,4.21,3.43,0.0,5297000.0,8268054.0,9.01,80495251.0,83528951.0,,,4.21,3.43,9.01
6,2013,December,UM HARFORD MEMORIAL HOSPITAL,0.975,name_history,10519.0,10532.0,103499300.0,103630000.0,130700.0,9505802.0,6070368.0,4184339.0,-1886029.0,80749039.0,80810339.0,61300.0,7909.88,7951.25,7676.72,7672.86,7332.78,7553.95,2452600.0,83742339.0,479400.0,17064455.0,1.23,11.79,0.0,0.0,11524339.0,7.3,5.0,12.65,7340000.0,71.52,40.84,-0.59,-2.3,-3.79,39.38,7.3,5.0,0.0,7340000.0,11524339.0,12.65,77131271.0,79558000.0,,,7.3,5.0,12.65
6,2014,June,UM HARFORD MEMORIAL HOSPITAL,0.975,name_history,,,53719100.0,53779400.0,60300.0,,6252500.0,4789400.0,-1463100.0,44777400.0,44822100.0,44700.0,,,,,,,45433800.0,831500.0,175100.0,,,,,,6704700.0,,,,1915300.0,,,,,,,,,0.0,1915300.0,,,39181300.0,40864200.0,2351.0,44589.0,,,
6,2015,June,UM HARFORD MEMORIAL HOSPITAL,0.975,name_history,,,104703700.0,104859700.0,156000.0,9729882.0,10380504.0,8904600.0,-1475904.0,86689400.0,86781000.0,91600.0,,,,,,,1453800.0,88896700.0,753500.0,17804194.0,0.9,10.46,0.0,0.0,9405600.0,11.78,10.02,10.04,501000.0,,,,,,,,,4299000.0,4800000.0,,,77762696.0,79992100.0,,,11.78,10.02,10.04
6,2016,June,UM HARFORD MEMORIAL HOSPITAL,0.975,name_history,,,104106100.0,104326100.0,220000.0,10475620.0,9405767.0,7510958.0,-1894809.0,89067100.0,89287100.0,220000.0,,,,,,,89700767.0,90233958.0,533191.0,18280596.0,0.63,11.29,,0.0,8000958.0,10.49,8.32,8.82,490000.0,,,,,,,,,0.0,490000.0,,,80295000.0,82723000.0,,,10.49,8.32,8.82
6,2017,June,UM HARFORD MEMORIAL HOSPITAL,0.975,name_history,,,105314800.0,105485800.0,171000.0,10976965.0,9100100.0,5356958.0,-3743142.0,88949958.0,89120958.0,171000.0,,,,,,,89797200.0,90282958.0,485758.0,18429905.0,0.49,11.83,,0.0,13498958.0,10.13,5.93,13.71,8142000.0,,,,,,,,,0.0,8142000.0,,,80697100.0,84926000.0,,,10.13,5.93,13.71
6,2018,June,UM HARFORD MEMORIAL HOSPITAL,0.975,name_history,,,105943546.0,106111546.0,168000.0,11350250.0,5771423.0,1868000.0,-3903423.0,88285000.0,88453000.0,168000.0,,,,,,,89109523.0,89587000.0,477477.0,19009003.0,0.42,10.86,,0.0,6828000.0,6.48,2.09,7.22,4960000.0,,,,,,,,,0.0,4960000.0,,,83338100.0,87719000.0,,,6.48,2.09,7.22
8,2007,June,MERCY MEDICAL CENTER,0.975,hscrc_name,30010.0,30412.0,325029000.0,329388128.0,4359128.0,,28964794.0,26214338.0,-2750456.0,285178259.0,289537387.0,4359128.0,9746.74,10032.62,9502.79,9520.37,8781.57,9170.66,292499159.0,305116338.0,12617179.0,,,,,,,,,,5046000.0,47.26,35.88,11.44,10.03,8.61,42.2,9.9,8.59,4751000.0,9797000.0,31260338.0,9.93,263534365.0,278902000.0,,,9.9,8.59,9.93
8,2008,June,MERCY MEDICAL CENTER,0.975,hscrc_name,32666.0,33214.0,353240000.0,359162547.0,5922547.0,,28738877.0,26974054.0,-1764823.0,310781321.0,316703868.0,5922547.0,9657.12,10039.73,9513.81,9535.25,8777.35,9227.6,315462821.0,333459788.0,17996967.0,,,,,,,,,,-6891000.0,-0.78,2.9,-0.92,0.12,-0.05,-35.76,9.11,8.09,19001000.0,12110000.0,20083054.0,5.81,286723944.0,306485734.0,,,9.11,8.09,5.81
8,2009,June,MERCY MEDICAL CENTER,0.975,hscrc_name,33604.0,34093.0,382169900.0,387730403.0,5560503.0,,33930600.0,31326480.0,-2604120.0,334232485.0,339792988.0,5560503.0,10058.02,10429.83,9946.08,9966.54,9048.31,9510.99,337994222.0,355588388.0,17594166.0,,,,,,,,,,-34349064.0,18.07,16.14,4.15,4.54,3.09,-115.05,10.04,8.81,35316888.0,967824.0,-3022584.0,-0.85,304063622.0,324261908.0,,,10.04,8.81,-0.85
8,2010,June,MERCY MEDICAL CENTER,0.975,hscrc_name,33527.0,33941.0,388727200.0,393528323.0,4801123.0,,31580844.0,25231960.0,-6348884.0,335374561.0,340175684.0,4801123.0,10118.26,10468.71,10003.21,10022.63,9176.3,9725.3,339231791.0,15140574.0,11283344.0,,,,,,,,,,6014865.0,-6.93,-19.45,0.6,0.57,1.41,1133.78,9.31,7.1,629252.0,6644117.0,31246825.0,8.63,307650947.0,330084298.0,,,9.31,7.1,8.63
8,2011,June,MERCY MEDICAL CENTER,0.975,hscrc_name,33407.0,33776.0,420066700.0,424714683.0,4647983.0,,20663459.0,12861638.0,-7801821.0,356258595.0,360906578.0,4647983.0,10847.66,11222.41,10664.29,10685.19,10229.12,10841.62,6126028.0,18145224.0,12019196.0,,,,,,,,,,22557807.0,-34.57,-49.03,7.21,6.61,11.47,13.35,5.7,3.39,-19254559.0,3303248.0,35419445.0,9.26,341721164.0,366190164.0,,,5.7,3.39,9.26
8,2012,June,MERCY MEDICAL CENTER,0.975,hscrc_name,32987.0,33036.0,459265700.0,459949668.0,683968.0,,21797330.0,8670893.0,-13126437.0,385649759.0,386333727.0,683968.0,11954.26,12360.48,11691.06,11694.38,11293.47,12098.01,8682300.0,22005287.0,13322987.0,,,,,,-14315107.0,,,,-22986000.0,5.49,-32.58,10.2,9.63,10.41,-140.42,5.53,2.12,23249000.0,263000.0,-14315107.0,-3.5,372534729.0,399668121.0,16740.0,201117.0,5.53,2.12,-3.5
8,2013,June,MERCY MEDICAL CENTER,0.975,hscrc_name,33615.0,35110.0,470759600.0,471386739.0,627139.0,24068778.0,15429893.0,3064576.0,-12365317.0,398432064.0,399059203.0,627139.0,11954.22,11871.25,11852.93,11365.91,11495.2,11783.97,3404900.0,17742543.0,14337643.0,35990411.0,1.03,14.74,4655550.0,,31020207.0,3.84,0.74,7.11,27955631.0,-29.21,-64.66,-0.0,1.38,1.79,316.7,3.84,0.74,-8497548.0,19458083.0,31020207.0,7.11,386407071.0,413737170.0,16473.0,189379.0,3.84,0.74,7.11
8,2014,June,MERCY MEDICAL CENTER,0.975,hscrc_name,,,489187300.0,489937199.0,749899.0,20559455.0,14111314.0,6307013.0,-7804301.0,408619365.0,409369264.0,749899.0,,,,,,,417579265.0,433214594.0,15635329.0,31378616.0,1.05,14.47,4675330.0,4675330.0,16016399.0,3.38,1.46,3.62,9709384.0,,,,,,,,,-985216.0,8724168.0,,,403467951.0,426907582.0,15231.0,185353.0,3.38,1.46,3.62
8,2015,June,MERCY MEDICAL CENTER,0.975,hscrc_name,,,495805900.0,496533840.0,727940.0,19146143.0,19910918.0,10621411.0,-9289507.0,422084601.0,422812541.0,727940.0,,,,,,,13387504.0,28444918.0,15057414.0,29127215.0,0.85,12.67,4874380.0,4874380.0,16544255.0,4.57,2.35,3.62,5922844.0,,,,,,,,,43982.0,5966826.0,,,415561187.0,440636048.0,,,4.57,2.35,3.62
8,2016,June,MERCY MEDICAL CENTER,0.975,hscrc_name,,,513599600.0,514328998.0,729398.0,17975410.0,19356956.0,9507587.0,-9849369.0,442251408.0,442980806.0,729398.0,,,,,,,455037446.0,28191567.0,15405529.0,27888904.0,0.65,11.85,,4707423.0,7945460.0,4.25,2.02,1.65,-1562127.0,,,,,,,,,10933543.0,9371416.0,,,435680490.0,461664786.0,,,4.25,2.02,1.65
8,2017,June,MERCY MEDICAL CENTER,0.975,hscrc_name,,,524091400.0,524919011.0,827611.0,18234801.0,28035925.0,16261540.0,-11774385.0,453324647.0,454152258.0,827611.0,,,,,,,463362151.0,26140814.0,16103310.0,27492966.0,0.51,12.53,,4838569.0,40081012.0,6.05,3.39,7.95,23823750.0,,,,,,,,,-2139.0,23821611.0,,,435326226.0,464031532.0,,,6.05,3.39,7.95
8,2018,June,MERCY MEDICAL CENTER,0.975,hscrc_name,,,539029100.0,544261241.0,5232141.0,19440723.0,29998239.0,18822695.0,-11175544.0,466732046.0,471964187.0,5232141.0,,,,,,,480633946.0,30675701.0,22005942.0,31075780.0,0.46,12.1,,5047339.0,29329295.0,6.24,3.74,5.72,10506600.0,,,,,,,,,0.0,10506600.0,,,450635707.0,483817193.0,,,6.24,3.74,5.72
9,2007,June,JOHNS HOPKINS HOSPITAL,0.975,cms_name,66077.0,67090.0,1422728400.0,1438552089.0,15823689.0,,28123088.0,35167112.0,7044024.0,1230640715.0,1242056753.0,11416038.0,18794.88,19802.91,18624.24,18513.29,18369.27,19278.73,1241915775.0,1328577840.0,86662065.0,,,,,,,,,,25451583.0,-10.15,15.76,6.29,6.33,6.77,13.84,2.26,2.65,0.0,25451583.0,60618695.0,4.48,1213792687.0,1293410728.0,,,2.26,2.65,4.48
9,2008,June,JOHNS HOPKINS HOSPITAL,0.975,cms_name,67513.0,69409.0,1532521600.0,1564356991.0,31835391.0,,38339960.0,42295610.0,3955650.0,1324205233.0,1355193298.0,30988065.0,19798.33,20678.01,19614.16,19524.77,19230.44,20068.65,1336639058.0,1435238937.0,98599879.0,,,,,,,,,,27352276.0,36.33,20.27,5.34,5.32,4.69,14.9,2.87,2.95,0.0,27352276.0,69647886.0,4.76,1298299098.0,1392943327.0,,,2.87,2.95,4.76
9,2009,June,JOHNS HOPKINS HOSPITAL,0.975,cms_name,69843.0,70526.0,1620280400.0,1625720320.0,5439920.0,,65770670.0,62135326.0,-3635344.0,1412843376.0,1418085533.0,5242157.0,20409.36,21733.02,20228.93,20107.21,19467.66,20852.0,1425445076.0,1532747407.0,107302331.0,,,,,,,,,,21156737.0,71.55,46.91,3.09,3.13,1.23,19.59,4.61,4.05,0.0,21156737.0,83292063.0,5.36,1359674406.0,1470612081.0,,,4.61,4.05,5.36
9,2010,June,JOHNS HOPKINS HOSPITAL,0.975,cms_name,70234.0,70947.0,1709103100.0,1714754144.0,5651044.0,,67456691.0,59666923.0,-7789768.0,1480465000.0,1485245844.0,4780844.0,21263.68,22703.37,21078.89,20934.49,20303.23,21862.37,1493443862.0,1610743523.0,117299661.0,,,,,,,,,,20587163.0,2.56,-3.97,4.19,4.2,4.29,1057.39,4.52,3.7,0.0,20587163.0,80254086.0,4.92,1425987171.0,1551076600.0,,,4.52,3.7,4.92
9,2011,June,JOHNS HOPKINS HOSPITAL,0.975,cms_name,70010.0,70607.0,1772066300.0,1780010957.0,7944657.0,,62816319.0,58156255.0,-4660064.0,1526449134.0,1533421424.0,6972290.0,21995.74,23630.85,21803.16,21717.55,21098.5,22807.2,13482919.0,135093260.0,128582631.0,,,,,,,,,,23520276.0,-6.88,-2.53,3.44,3.44,3.92,1.77,4.08,3.49,0.0,23520276.0,81676531.0,4.83,1477115734.0,1610358429.0,,,4.08,3.49,4.83
9,2012,June,JOHNS HOPKINS HOSPITAL,0.975,cms_name,72575.0,73281.0,1851351500.0,1859191214.0,7839714.0,,32726234.0,33393001.0,666767.0,1578655727.0,1585242258.0,6586531.0,21946.37,23529.22,21752.12,21632.26,21495.44,23073.54,14097472.0,139012083.0,124914611.0,,,,,,66111683.0,,,,32718682.0,-47.9,-42.58,-0.22,-0.23,1.88,-19.06,2.05,1.94,0.0,32718682.0,66111683.0,3.76,1560026965.0,1690861340.0,47047.0,499124.0,2.05,1.94,3.76
9,2013,June,JOHNS HOPKINS HOSPITAL,0.975,cms_name,77249.0,77552.0,2132419000.0,2140338391.0,7919391.0,173985259.0,17927223.0,15968199.0,-1959024.0,1760717473.0,1766832964.0,6115491.0,22981.31,24669.05,22792.69,22782.63,22749.24,24463.15,14570644.0,146295052.0,131724408.0,205069453.0,1.5,14.99,102860000.0,,51063077.0,1.01,0.83,2.62,35094878.0,-45.22,-52.18,4.72,4.78,5.83,-22.76,1.01,0.83,0.0,35094878.0,51063077.0,2.62,1757360894.0,1897159817.0,48261.0,536188.0,1.01,0.83,2.62
9,2014,June,JOHNS HOPKINS HOSPITAL,0.975,cms_name,,,2172517900.0,2184869227.0,12351327.0,164047904.0,24951117.0,31428478.0,6477361.0,1778796357.0,1789305472.0,10509115.0,,,,,,,1793452537.0,170399080.0,166252015.0,202679689.0,1.04,14.86,103050920.0,103050920.0,66850174.0,1.39,1.6,3.35,35421690.0,,,,,,,,,0.0,35421690.0,,,1768501426.0,1928276090.0,48466.0,548274.0,1.39,1.6,3.35
9,2015,June,JOHNS HOPKINS HOSPITAL,0.975,cms_name,,,2209868500.0,2216978516.0,7110016.0,163691593.0,12411383.0,9690699.0,-2720684.0,1839752921.0,1845197825.0,5444904.0,,,,,,,1854705447.0,211940529.0,196988003.0,205056596.0,0.91,14.23,110114790.0,110114790.0,49280467.0,0.67,0.47,2.35,39589768.0,,,,,,,,,0.0,39589768.0,,,1842294064.0,2047447655.0,,,0.67,0.47,2.35
9,2016,June,JOHNS HOPKINS HOSPITAL,0.975,cms_name,,,2282683400.0,2292324676.0,9641276.0,162188114.0,26921908.0,25502459.0,-1419449.0,1916625561.0,1926266837.0,9641276.0,,,,,,,15291999.0,2198851811.0,266934251.0,204089665.0,0.77,13.12,,108442934.0,62300768.0,1.39,1.16,2.79,36798309.0,,,,,,,,,0.0,36798309.0,,,1904995652.0,2173349352.0,,,1.39,1.16,2.79
9,2017,June,JOHNS HOPKINS HOSPITAL,0.975,cms_name,,,2352718900.0,2364485717.0,11766817.0,156690104.0,-32264835.0,-3209952.0,29054883.0,1974827162.0,1986593979.0,11766817.0,,,,,,,15747204.0,2303995549.0,313421183.0,201317290.0,0.66,13.06,,115867630.0,118547952.0,-1.62,-0.14,4.84,121757904.0,,,,,,,,,24832000.0,146589904.0,,,2022839201.0,2307205501.0,,,-1.62,-0.14,4.84
9,2018,June,JOHNS HOPKINS HOSPITAL,0.975,cms_name,,,2409765550.0,2423681950.0,13916400.0,168223432.0,-4666150.0,11108250.0,15774400.0,2011390550.0,2025306950.0,13916400.0,,,,,,,29236300.0,2407430250.0,352887000.0,218154534.0,0.39,13.2,,115134967.0,85439950.0,-0.23,0.46,3.43,74331700.0,,,,,,,,,10311000.0,84642700.0,,,2045293000.0,2396322000.0,,,-0.23,0.46,3.43
10,2007,June,DORCHESTER GENERAL HOSPITAL,0.685,name_history,6133.0,6356.0,43008008.0,45147359.0,2139351.0,,3919793.0,2531386.0,-1388407.0,36917306.0,38268409.0,1351103.0,6154.32,6204.63,6019.29,6021.01,5515.2,5806.35,37745469.0,39435450.0,1689981.0,,,,,,,,,,379872.0,85.53,237.88,15.43,13.66,10.3,227.44,10.38,6.42,0.0,379872.0,2911258.0,7.31,33825676.0,36904064.0,,,10.38,6.42,7.31
10,2008,June,DORCHESTER GENERAL HOSPITAL,0.685,name_history,6220.0,6485.0,47996300.0,50036482.0,2040182.0,,1963896.0,708902.0,-1254994.0,41070915.0,42317969.0,1247054.0,6697.24,6665.04,6602.83,6525.92,6381.51,6555.72,41658157.0,43220090.0,1561933.0,,,,,,,,,,157.0,-49.9,-72.0,8.82,9.69,15.71,-75.64,4.71,1.64,0.0,157.0,709059.0,1.64,39694261.0,42511188.0,,,4.71,1.64,1.64
10,2009,June,DORCHESTER GENERAL HOSPITAL,0.685,name_history,6344.0,6555.0,52734300.0,54491585.0,1757285.0,,1974709.0,901718.0,-1072990.0,44424176.0,45756733.0,1332557.0,7104.6,7126.66,7002.74,6980.19,6793.32,6989.11,45070325.0,46716865.0,1646540.0,,,,,,,,,,11709.0,0.55,27.2,6.08,6.06,6.45,28.82,4.38,1.93,0.0,11709.0,913427.0,1.95,43095616.0,45815146.0,,,4.38,1.93,1.95
10,2010,June,DORCHESTER GENERAL HOSPITAL,0.685,name_history,6229.0,6418.0,51961600.0,53538249.0,1576649.0,,3327627.0,1629033.0,-1698594.0,44769075.0,45374958.0,605883.0,7299.85,7226.74,7187.21,7069.96,6765.63,6972.91,701585.0,46381149.0,304606.0,,,,,,,,,,52994.0,68.51,80.66,2.75,2.63,-0.41,84.14,7.32,3.51,0.0,52994.0,1682027.0,3.62,42143033.0,44752116.0,,,7.32,3.51,3.62
10,2011,June,UM SHORE MEDICAL DORCHESTER,0.731,name_history,6169.0,6344.0,56094100.0,57681478.0,1587378.0,,5872745.0,4681044.0,-1191701.0,47446616.0,48060082.0,613466.0,7751.22,7682.09,7691.07,7576.12,6799.25,6944.17,47817692.0,48732303.0,914611.0,,,,,,,,,,671304.0,76.48,187.35,6.18,7.01,0.5,218.21,12.28,9.61,0.0,671304.0,5352348.0,10.83,41944947.0,44051259.0,,,12.28,9.61,10.83
10,2012,June,UM SHORE MEDICAL DORCHESTER,0.731,name_history,5903.0,6149.0,59359900.0,61832767.0,2472867.0,,7396857.0,5763053.0,-1633805.0,47614371.0,48348709.0,734338.0,8104.01,7942.03,8066.34,7863.18,6850.91,7004.76,222340.0,484865.0,262525.0,,,,,,5576088.0,,,,-186965.0,25.95,23.11,4.55,4.88,0.76,4.18,15.46,11.8,0.0,-186965.0,5576088.0,11.46,40439854.0,43070521.0,2844.0,24509.0,15.46,11.8,11.46
10,2013,June,UM SHORE MEDICAL DORCHESTER,0.731,name_history,5867.0,6186.0,59897900.0,63148813.0,3250913.0,4524465.0,8347091.0,6253874.0,-2093218.0,46893694.0,48190528.0,1296834.0,8011.99,7854.36,7992.59,7790.79,6589.31,6843.32,47007498.0,48583761.0,1576264.0,10089111.0,0.82,11.81,0.0,,6630853.0,17.76,12.87,13.54,376979.0,12.85,8.52,-1.14,-0.91,-3.82,18.92,17.76,12.87,0.0,376979.0,6630853.0,13.54,38660406.0,42329887.0,2611.0,26416.0,17.76,12.87,13.54
10,2014,June,UM SHORE MEDICAL DORCHESTER,0.731,name_history,,,58994300.0,62343201.0,3348901.0,4965106.0,8281878.0,6436401.0,-1845477.0,44745961.0,45695987.0,950026.0,,,,,,,44890664.0,46110269.0,1219605.0,11639918.0,1.44,12.2,0.0,,6224482.0,18.45,13.96,13.56,-211918.0,,,,,,,,,0.0,-211918.0,,,36608786.0,39673868.0,2408.0,23248.0,18.45,13.96,13.56
10,2015,June,UM SHORE MEDICAL DORCHESTER,0.731,name_history,,,56007200.0,59208367.0,3201167.0,6662779.0,8291243.0,6497644.0,-1793599.0,43898251.0,45005618.0,1107367.0,,,,,,,43941853.0,45312398.0,1370545.0,12846683.0,0.77,13.04,0.0,,6542898.0,18.87,14.34,14.43,45254.0,,,,,,,,,0.0,45254.0,,,35650610.0,38814754.0,,,18.87,14.34,14.43
10,2016,June,UM SHORE REGIONAL HEALTH AT DORCHESTER,0.661,name_history,,,51452800.0,54323872.0,2871072.0,4542914.0,5973138.0,4902052.0,-1071086.0,42352628.0,43954300.0,1601672.0,,,,,,,42401061.0,327266.0,1880505.0,9950566.0,0.68,11.05,,0.0,4579237.0,14.09,11.07,10.42,-322815.0,,,,,,,,,0.0,-322815.0,,,36427923.0,39379514.0,,,14.09,11.07,10.42
10,2017,June,UM SHORE REGIONAL HEALTH AT DORCHESTER,0.661,name_history,,,49851200.0,52640771.0,2789571.0,5072662.0,1784904.0,736454.0,-1048450.0,42072925.0,43310094.0,1237169.0,,,,,,,42147750.0,335238.0,1497582.0,9767967.0,0.48,12.42,,0.0,-14546.0,4.23,1.69,-0.03,-751000.0,,,,,,,,,0.0,-751000.0,,,40362846.0,42908878.0,,,4.23,1.69,-0.03
10,2018,June,UM SHORE REGIONAL HEALTH AT DORCHESTER,0.661,name_history,,,51060002.0,53538343.0,2478341.0,4023700.0,4902312.0,4322104.0,-580208.0,42857327.0,44129413.0,1272086.0,,,,,,,42933336.0,287634.0,1483712.0,7129280.0,0.4,9.94,,0.0,4175014.0,11.42,9.73,9.43,-147090.0,,,,,,,,,0.0,-147090.0,,,38031023.0,40094943.0,,,11.42,9.73,9.43
11,2007,June,SAINT AGNES HOSPITAL,1.0,cms_name,29434.0,33346.0,323356800.0,384496085.0,61139285.0,,26111668.0,18129697.0,-7981970.0,277220735.0,312955171.0,35734436.0,9580.21,9585.06,9418.52,9385.21,8693.07,9041.37,281979902.0,319619437.0,37639534.0,,,,,,,,,,30808612.0,9.72,24.69,9.54,9.29,9.01,71.98,9.26,5.67,0.0,30808612.0,48938310.0,13.97,255868235.0,301489739.0,,,9.26,5.67,13.97
11,2008,June,SAINT AGNES HOSPITAL,1.0,cms_name,28454.0,33668.0,333555200.0,424164098.0,90608898.0,,26787532.0,11347570.0,-15439962.0,284136736.0,322790204.0,38653468.0,10089.97,9781.22,9985.76,9587.44,9148.54,9444.18,287101949.0,329314387.0,42212438.0,,,,,,,,,,1280447.0,2.59,-37.41,5.32,6.02,5.24,-74.2,9.33,3.45,0.0,1280447.0,12628017.0,3.82,260314417.0,317966817.0,,,9.33,3.45,3.82
11,2009,June,SAINT AGNES HOSPITAL,1.0,cms_name,30686.0,37473.0,358890700.0,471361203.0,112470503.0,,35157607.0,17684747.0,-17472860.0,307252556.0,354254207.0,47001651.0,10129.69,9636.43,10012.7,9453.59,8983.98,9164.5,310842634.0,361105844.0,50263210.0,,,,,,,,,,-37124996.0,31.25,55.85,0.39,0.27,-1.8,-253.95,11.31,4.9,0.0,-37124996.0,-19440249.0,-6.0,275685027.0,343421097.0,,,11.31,4.9,-6.0
11,2010,June,SAINT AGNES HOSPITAL,1.0,cms_name,30735.0,38014.0,357504800.0,482969323.0,125464523.0,,34277885.0,15448785.0,-18829100.0,307715930.0,359485295.0,51769365.0,10075.39,9608.26,10011.87,9456.66,8960.12,9201.86,309668125.0,365248162.0,55580037.0,,,,,,,,,,27374372.0,-2.5,-12.64,-0.54,-0.01,-0.27,320.28,11.07,4.23,-2405908.0,24968464.0,42823157.0,10.97,275390240.0,349799377.0,,,11.07,4.23,10.97
11,2011,June,SAINT AGNES HOSPITAL,1.0,cms_name,28884.0,35929.0,376582900.0,516485612.0,139902712.0,,42372882.0,19137874.0,-23235008.0,318111245.0,375293496.0,57182251.0,11111.87,10643.1,11013.44,10445.46,9644.86,10110.44,320954265.0,7100935.0,61440166.0,,,,,,,,,,34402050.0,23.62,23.88,10.29,10.0,7.64,25.03,13.2,5.0,0.0,34402050.0,53539924.0,12.85,278581383.0,363256557.0,,,13.2,5.0,12.85
11,2012,June,SAINT AGNES HOSPITAL,1.0,cms_name,29848.0,37319.0,401564200.0,560016893.0,158452693.0,,48403847.0,21488655.0,-26915191.0,330910826.0,400095125.0,69184299.0,11236.66,10986.59,11086.68,10721.05,9614.96,10410.77,4476674.0,9909340.0,5432666.0,,,,,,43515023.0,,,,22026368.0,14.23,12.28,1.12,0.67,-0.31,-18.72,14.43,5.24,-21547482.0,478886.0,43515023.0,10.6,286983653.0,388515810.0,19122.0,138372.0,14.43,5.24,10.6
11,2013,June,SAINT AGNES HOSPITAL,1.0,cms_name,30052.0,42441.0,404669900.0,571492213.0,166822313.0,39433776.0,55452969.0,26226345.0,-29226624.0,331731681.0,401403655.0,69671974.0,11258.74,9742.65,11038.49,9457.9,9413.52,9124.7,6619006.0,12084878.0,5465872.0,63522213.0,1.29,14.28,7101460.0,,41883345.0,16.39,6.34,9.76,15657000.0,14.56,22.05,0.2,-0.43,-2.1,-3.75,16.39,6.34,-38000.0,15619000.0,41883345.0,9.76,282897718.0,387262188.0,17907.0,142392.0,16.39,6.34,9.76
11,2014,June,SAINT AGNES HOSPITAL,1.0,cms_name,,,410191100.0,574955975.0,164764875.0,41789204.0,53398364.0,23935933.0,-29462430.0,336783777.0,405983504.0,69199726.0,,,,,,,5698599.0,10972282.0,5273683.0,66272977.0,0.94,14.63,6888070.0,,44871382.0,15.59,5.74,10.22,20935447.0,,,,,,,,,1198093.0,22133540.0,,,289084013.0,393019853.0,17541.0,147167.0,15.59,5.74,10.22
11,2015,June,SAINT AGNES HOSPITAL,1.0,cms_name,,,418876800.0,591150143.0,172273343.0,39663695.0,53691443.0,17390536.0,-36300907.0,353198398.0,427716710.0,74518312.0,,,,,,,4998484.0,10604497.0,5606012.0,64974645.0,0.72,13.2,6863970.0,,18700440.0,14.99,3.97,4.25,1309904.0,,,,,,,,,0.0,1309904.0,,,304505439.0,420930671.0,,,14.99,3.97,4.25
11,2016,June,ST AGNES HOSPITAL,0.975,name_history,,,432204400.0,611008537.0,178804137.0,35191932.0,52409602.0,10381782.0,-42027820.0,359834307.0,438315176.0,78480869.0,,,,,,,364948769.0,449426783.0,84478014.0,60244282.0,0.62,12.42,,7229390.0,3177083.0,14.36,2.31,0.72,-7204699.0,,,,,,,,,0.0,-7204699.0,,,312539167.0,439045002.0,,,14.36,2.31,0.72
11,2017,June,ST AGNES HOSPITAL,0.975,name_history,,,431097200.0,606264353.0,175167153.0,34040792.0,76638111.0,31053217.0,-45584893.0,382173878.0,458940703.0,76766825.0,,,,,,,386715423.0,470007106.0,83291684.0,63553430.0,0.35,12.0,,7476728.0,38529217.0,19.82,6.61,8.07,7476000.0,,,,,,,,,0.0,7476000.0,,,310077312.0,438953889.0,,,19.82,6.61,8.07
11,2018,June,ST AGNES HOSPITAL,0.975,name_history,,,438695900.0,616914844.0,178218944.0,35514362.0,60705031.0,13835561.0,-46869471.0,377449830.0,457032113.0,79582283.0,,,,,,,379431130.0,466411369.0,86980239.0,65344805.0,0.32,11.74,,8121090.0,13293561.0,16.0,2.97,2.84,-542000.0,,,,,,,,,2422000.0,1880000.0,,,318726099.0,452575808.0,,,16.0,2.97,2.84
12,2007,June,SINAI HOSPITAL OF BALTIMORE,1.0,cms_name,37638.0,39159.0,567654000.0,662982813.0,95328813.0,,49067117.0,16926013.0,-32141103.0,483991284.0,519209493.0,35218209.0,13144.97,13861.33,12859.14,13258.94,11841.31,13429.09,494749284.0,542798414.0,48049130.0,,,,,,,,,,33683000.0,6.94,-15.84,6.97,7.14,7.38,110.43,9.92,3.12,0.0,33683000.0,50609013.0,8.78,445682167.0,525872401.0,,,9.92,3.12,8.78
12,2008,June,SINAI HOSPITAL OF BALTIMORE,1.0,cms_name,40344.0,41629.0,602337500.0,707215017.0,104877517.0,,44196220.0,5329960.0,-38866260.0,512803742.0,551466537.0,38662795.0,13125.01,13904.68,12710.71,13247.26,12029.54,13776.64,529518483.0,578833960.0,49315477.0,,,,,,,,,,-20242000.0,-9.93,-68.51,-0.15,-1.15,1.59,-129.47,8.35,0.92,0.0,-20242000.0,-14912040.0,-2.67,485322263.0,573504000.0,,,8.35,0.92,-2.67
12,2009,June,SINAI HOSPITAL OF BALTIMORE,1.0,cms_name,39792.0,41063.0,627278200.0,737059589.0,109781389.0,,46631815.0,11973364.0,-34658451.0,536920130.0,577357862.0,40437732.0,13750.04,14685.33,13493.11,14060.3,12578.16,14393.74,547144141.0,603023620.0,55879479.0,,,,,,,,,,-15055000.0,5.51,124.64,4.76,6.16,4.56,79.33,8.52,1.99,0.0,-15055000.0,-3081636.0,-0.52,500512326.0,591050256.0,,,8.52,1.99,-0.52
12,2010,June,SINAI HOSPITAL OF BALTIMORE,1.0,cms_name,39398.0,49472.0,619723100.0,778191100.0,158468000.0,,45973648.0,9439000.0,-36534648.0,534915500.0,598053900.0,63138400.0,13792.63,12802.62,13577.23,12088.65,12625.73,12611.83,543402000.0,633376000.0,89974000.0,,,,,,,,,,9624000.0,-1.41,-21.17,0.31,0.62,0.38,718.6,8.46,1.49,-1420000.0,8204000.0,19063000.0,2.97,497428352.0,623937000.0,,,8.46,1.49,2.97
12,2011,June,SINAI HOSPITAL OF BALTIMORE,1.0,cms_name,39610.0,48731.0,636490900.0,783041800.0,146550900.0,,62659770.0,23642100.0,-39017670.0,549875500.0,616173000.0,66297500.0,14164.14,13431.18,13882.08,12644.46,12582.24,12946.02,561048000.0,38337776.0,27165276.0,,,,,,,,,,20566000.0,36.29,150.47,2.69,2.25,-0.34,131.91,11.17,3.61,0.0,20566000.0,44208100.0,6.55,498388230.0,630868676.0,,,11.17,3.61,6.55
12,2012,June,SINAI HOSPITAL OF BALTIMORE,1.0,cms_name,42045.0,51600.0,676602700.0,830363769.0,153761069.0,,46055756.0,14163363.0,-31892393.0,565251457.0,638062417.0,72810960.0,13598.54,13231.81,13443.91,12365.52,12503.16,12957.33,6501576.0,44700726.0,38199150.0,,,,,,23129417.0,,,,8966054.0,-26.5,-40.09,-3.99,-3.16,-0.63,-47.68,8.06,2.07,0.0,8966054.0,23129417.0,3.34,525697277.0,668599780.0,27229.0,165707.0,8.06,2.07,3.34
12,2013,June,SINAI HOSPITAL OF BALTIMORE,1.0,cms_name,41325.0,51553.0,684516800.0,853938734.0,169421934.0,58040514.0,50470369.0,15299918.0,-35170451.0,564285587.0,645636828.0,81351241.0,14047.65,13499.58,13654.83,12523.72,12826.34,13202.8,16233000.0,50308711.0,34075711.0,77230782.0,1.35,14.49,17342840.0,,34266918.0,8.69,2.2,4.79,18967000.0,9.59,8.02,3.3,1.57,2.58,48.15,8.69,2.2,0.0,18967000.0,34266918.0,4.79,530048218.0,680645621.0,25871.0,168467.0,8.69,2.2,4.79
12,2014,June,SINAI HOSPITAL OF BALTIMORE,1.0,cms_name,,,699430000.0,892512993.0,193082993.0,58362102.0,60556006.0,27940993.0,-32615013.0,565895246.0,649651873.0,83756627.0,,,,,,,11819850.0,53380350.0,41560500.0,78907836.0,0.9,15.09,15265590.0,,57740993.0,10.48,3.97,7.88,29800000.0,,,,,,,,,0.0,29800000.0,,,517159092.0,675091241.0,24549.0,183290.0,10.48,3.97,7.88
12,2015,June,SINAI HOSPITAL OF BALTIMORE,1.0,cms_name,,,717312400.0,909321900.0,192009500.0,55400324.0,74136800.0,37473800.0,-36663000.0,592096200.0,676044100.0,83947900.0,,,,,,,10212300.0,59810300.0,49598000.0,77813964.0,0.64,13.72,15453348.0,,45201800.0,12.31,5.09,6.08,7728000.0,,,,,,,,,0.0,7728000.0,,,528171600.0,698380500.0,,,12.31,5.09,6.08
12,2016,June,SINAI HOSPITAL,0.975,short_name,,,732671600.0,919376061.0,186704461.0,45655055.0,74544243.0,30895161.0,-43649082.0,615507214.0,689589161.0,74081947.0,,,,,,,10332455.0,66357986.0,56025531.0,69984928.0,0.75,12.2,,14784200.0,26647161.0,11.91,4.09,3.53,-4248000.0,,,,,,,,,4248000.0,0.0,,,551295426.0,725051986.0,,,11.91,4.09,3.53
12,2017,June,SINAI HOSPITAL,0.975,short_name,,,769856900.0,957570387.0,187713487.0,45278963.0,69360825.0,35390068.0,-33970757.0,644901523.0,740871849.0,95970326.0,,,,,,,11547126.0,36366644.0,24819518.0,70227348.0,0.64,11.42,,15229309.0,57180068.0,10.57,4.55,7.16,21790000.0,,,,,,,,,0.0,21790000.0,,,587087824.0,741848425.0,,,10.57,4.55,7.16
12,2018,June,SINAI HOSPITAL,0.975,short_name,,,783533500.0,980381516.0,196848016.0,44048669.0,86685794.0,34552043.0,-52133751.0,661090300.0,755055043.0,93964743.0,,,,,,,21927704.0,44457267.0,22529563.0,70037646.0,0.52,11.29,,15700811.0,58545043.0,12.69,4.32,7.11,23993000.0,,,,,,,,,0.0,23993000.0,,,596332210.0,764960267.0,,,12.69,4.32,7.11
13,2007,August,BON SECOURS HOSPITAL,0.975,name_history,10039.0,12525.0,100364100.0,127704196.0,27340096.0,,-2147061.0,-15352173.0,-13205112.0,77777341.0,87629190.0,9851849.0,7808.98,7483.13,7747.18,6996.24,8022.85,8708.83,78397788.0,93727574.0,15329787.0,,,,,,,,,,408211.0,-247.6,-760.02,-1.43,-2.47,3.21,-1856.02,-2.74,-16.38,0.0,408211.0,-14943962.0,-15.87,80544848.0,109079748.0,,,-2.74,-16.38,-15.87
13,2008,August,BON SECOURS HOSPITAL,0.975,name_history,9539.0,12021.0,102178500.0,128958731.0,26780231.0,,-3621073.0,-21081220.0,-17460147.0,79785576.0,87813745.0,8028169.0,8387.37,7799.18,8364.19,7305.19,8766.98,9552.92,80006668.0,93751849.0,13745181.0,,,,,,,,,,-1096779.0,-68.65,-37.32,7.41,7.96,9.28,-48.41,-4.53,-22.49,273911.0,-822868.0,-22177999.0,-23.87,83627741.0,114833069.0,,,-4.53,-22.49,-23.87
13,2009,August,BON SECOURS HOSPITAL,0.975,name_history,10932.0,10319.0,122144200.0,138681973.0,16537773.0,,6478252.0,-9888063.0,-16366315.0,93446808.0,101668594.0,8221786.0,8580.85,10762.07,8548.15,9852.69,7988.24,11720.32,93804271.0,111052349.0,17248078.0,,,,,,,,,,-1379146.0,278.9,53.1,2.31,2.2,-8.88,49.2,6.91,-8.9,44865.0,-1334281.0,-11267209.0,-10.27,87326019.0,120940412.0,,,6.91,-8.9,-10.27
13,2010,August,BON SECOURS HOSPITAL,0.975,name_history,10732.0,12744.0,121320200.0,144057855.0,22737655.0,,14425947.0,1317402.0,-13108545.0,97905389.0,110866209.0,12960820.0,9568.07,9517.15,9122.63,8699.79,8223.89,9413.78,102685956.0,121282314.0,18596358.0,,,,,,,,,,548184.0,122.68,113.32,11.5,6.72,2.95,116.56,14.05,1.09,136748.0,684932.0,1865586.0,1.53,88260009.0,119964912.0,,,14.05,1.09,1.53
13,2011,August,BON SECOURS HOSPITAL,0.975,name_history,10810.0,12949.0,128847200.0,154339296.0,25492096.0,,13756615.0,-842457.0,-14599072.0,106009629.0,120594859.0,14585230.0,9849.75,9640.44,9806.23,9312.88,8577.22,9705.5,470471.0,4241640.0,3771169.0,,,,,,,,,,1072053.0,-4.64,-163.95,2.94,7.49,4.3,-87.69,12.92,-0.67,149475.0,1221528.0,229596.0,0.18,92723485.0,125678956.0,,,12.92,-0.67,0.18
13,2012,June,BON SECOURS HOSPITAL,0.975,name_history,,,130651800.0,160007313.0,29355513.0,,14520888.0,1220765.0,-13300123.0,105446308.0,120744306.0,15297999.0,,,,,,,-311199.0,3041184.0,3352382.0,,,,,,1603802.0,,,,383037.0,,,,,,,,,4072.0,387108.0,,,90614221.0,122564724.0,6579.0,40473.0,,,
13,2013,June,BON SECOURS HOSPITAL,0.975,name_history,,,,,,,,,,,,,,,,,,,,,,,,,,,,,,,,,,,,,,,,,,,,,,5894.0,41340.0,,,
13,2014,August,BON SECOURS HOSPITAL,0.975,name_history,,,129714300.0,156055650.0,26341350.0,22179359.0,15956273.0,2003755.0,-13952517.0,99985454.0,115064392.0,15078939.0,,,,,,,1585024.0,5830362.0,4245338.0,31238308.0,0.65,17.97,0.0,0.0,3569505.0,15.71,1.66,2.91,1565750.0,,,,,,,,,0.0,1565750.0,,,85614206.0,118891000.0,4660.0,37681.0,15.71,1.66,2.91
13,2015,August,BON SECOURS HOSPITAL,0.975,name_history,,,117217800.0,153662470.0,36444670.0,18324617.0,19910902.0,9045231.0,-10865671.0,98069566.0,114827031.0,16757466.0,,,,,,,800398.0,4613375.0,3812977.0,25353720.0,0.8,15.33,0.0,0.0,9344231.0,20.14,7.57,7.8,299000.0,,,,,,,,,0.0,299000.0,,,78959061.0,110395175.0,,,20.14,7.57,7.8
13,2016,August,BON SECOURS HOSPITAL,0.975,name_history,,,106732300.0,163206322.0,56474022.0,13691898.0,13549646.0,-3429524.0,-16979170.0,90580150.0,105945434.0,15365284.0,,,,,,,92125450.0,5132384.0,18952368.0,20073056.0,1.13,14.63,,0.0,-3177386.0,14.71,-3.09,-2.85,252138.0,,,,,,,,,212429.0,464567.0,,,78575804.0,114507342.0,,,14.71,-3.09,-2.85
13,2017,August,BON SECOURS HOSPITAL,0.975,name_history,,,109889834.0,169023946.0,59134112.0,14374288.0,16704617.0,-2060045.0,-18764662.0,91183374.0,107188171.0,16004797.0,,,,,,,92457889.0,3819904.0,18550186.0,21242159.0,0.73,15.46,,0.0,-2411115.0,18.07,-1.86,-2.15,-351070.0,,,,,,,,,1562300.0,1211230.0,,,75753272.0,113068120.0,,,18.07,-1.86,-2.15
13,2018,August,BON SECOURS HOSPITAL,0.975,name_history,,,110087997.0,168238430.0,58150432.0,14755404.0,18875503.0,-525673.0,-19401175.0,91522740.0,108072099.0,16549359.0,,,,,,,92235609.0,110525527.0,18289918.0,21324359.0,0.68,14.98,,0.0,-469532.0,20.46,-0.48,-0.42,56141.0,,,,,,,,,946466.0,1002607.0,,,73360106.0,111051199.0,,,20.46,-0.48,-0.42
15,2007,June,FRANKLIN SQUARE HOSPITAL CENTER,0.975,short_name,36098.0,39835.0,367165100.0,447212132.0,80047032.0,,22662844.0,10757277.0,-11905567.0,310773359.0,343249738.0,32476379.0,8689.73,8803.33,8609.16,8616.82,8061.92,8533.29,313681759.0,350679383.0,36997624.0,,,,,,,,,,181760.0,56.48,31.54,5.47,5.64,3.02,27.01,7.22,3.07,0.0,181760.0,10939037.0,3.12,291018915.0,339922106.0,,,7.22,3.07,3.12
15,2008,June,FRANKLIN SQUARE HOSPITAL CENTER,0.975,short_name,38639.0,42577.0,401669900.0,490804677.0,89134777.0,,34883003.0,20517029.0,-14365974.0,338447374.0,374229392.0,35782018.0,8824.76,8953.37,8759.27,8789.47,7921.97,8471.49,340977840.0,381207892.0,40230052.0,,,,,,,,,,306813.0,53.92,90.73,1.55,1.74,-1.74,90.36,10.23,5.38,0.0,306813.0,20823842.0,5.46,306094837.0,360690863.0,,,10.23,5.38,5.46
15,2009,June,FRANKLIN SQUARE HOSPITAL CENTER,0.975,short_name,39391.0,43667.0,414987900.0,512486539.0,97498639.0,,35529662.0,17728555.0,-17801107.0,355664346.0,393333898.0,37669552.0,9085.73,9174.56,9029.09,9007.55,8183.76,8768.56,357895394.0,400626501.0,42731107.0,,,,,,,,,,240780.0,1.85,-13.59,2.96,3.08,3.3,-13.71,9.93,4.43,0.0,240780.0,17969335.0,4.48,322365732.0,382897946.0,,,9.93,4.43,4.48
15,2010,June,FRANKLIN SQUARE HOSPITAL CENTER,0.975,short_name,40072.0,44476.0,422965000.0,525315792.0,102350792.0,,45021159.0,26666389.0,-18354770.0,363651606.0,403217818.0,39566212.0,9134.82,9231.77,9074.89,9066.06,8011.33,8632.2,366053438.0,7370008.0,44534388.0,,,,,,,,,,393168.0,26.71,50.41,0.54,0.51,-2.11,50.59,12.3,6.49,54312.0,447480.0,27059557.0,6.58,321032279.0,383921437.0,,,12.3,6.49,6.58
15,2011,June,MEDSTAR FRANKLIN SQUARE,1.0,hscrc_name,34758.0,31080.0,439004200.0,550706758.0,111702558.0,,39025143.0,17067447.0,-21957696.0,376513275.0,419695142.0,43181867.0,10923.81,13749.45,10832.3,13503.79,9801.06,13200.3,379693940.0,427330042.0,47636102.0,,,,,,,,,,376560.0,-13.32,-36.0,19.58,19.37,22.34,-35.53,10.28,3.99,0.0,376560.0,17444007.0,4.08,340668797.0,410262595.0,,,10.28,3.99,4.08
15,2012,June,MEDSTAR FRANKLIN SQUARE,1.0,hscrc_name,36473.0,32085.0,477082000.0,604950522.0,127868522.0,,31496894.0,12982547.0,-18514347.0,391379153.0,441706112.0,50326959.0,10822.87,14013.46,10730.66,13766.71,9959.3,13608.83,3363126.0,7916894.0,4553768.0,,,,,,13287500.0,,,,304953.0,-19.29,-23.93,-0.92,-0.94,1.61,-23.83,7.98,2.89,0.0,304953.0,13287500.0,2.95,363245385.0,436640459.0,22145.0,172628.0,7.98,2.89,2.95
15,2013,June,MEDSTAR FRANKLIN SQUARE,1.0,hscrc_name,36413.0,31443.0,469792200.0,619113725.0,149321525.0,47337666.0,26574956.0,60164.0,-26514792.0,385021682.0,440292883.0,55271201.0,10703.39,14324.92,10573.71,14002.87,9973.57,14323.0,4721924.0,10126107.0,5404183.0,77076949.0,0.99,13.77,7580480.0,,425534.0,6.82,0.01,0.09,365370.0,-15.63,-99.54,-1.1,-1.46,0.14,-96.8,6.82,0.01,0.0,365370.0,425534.0,0.09,363168650.0,450358826.0,21997.0,170528.0,6.82,0.01,0.09
15,2014,June,MEDSTAR FRANKLIN SQUARE,1.0,hscrc_name,,,486467000.0,678642314.0,192175314.0,47308423.0,40797801.0,21317494.0,-19480307.0,407447444.0,477448097.0,70000653.0,,,,,,,414241924.0,490558707.0,76316783.0,75140771.0,0.99,12.83,7574040.0,7574040.0,21563555.0,9.85,4.35,4.39,246061.0,,,,,,,,,0.0,246061.0,,,373444124.0,469241214.0,21804.0,168073.0,9.85,4.35,4.39
15,2015,June,MEDSTAR FRANKLIN SQUARE,1.0,hscrc_name,,,491172800.0,666456539.0,175283739.0,45189281.0,39840710.0,17142750.0,-22697960.0,418234842.0,493606230.0,75371387.0,,,,,,,3724142.0,504132430.0,6802058.0,74675188.0,0.88,12.18,8467280.0,8467280.0,17341909.0,9.44,3.4,3.44,199160.0,,,,,,,,,0.0,199160.0,,,382118274.0,486989680.0,,,9.44,3.4,3.44
15,2016,June,MEDSTAR FRANKLIN SQUARE,1.0,hscrc_name,,,505736100.0,692034788.0,186298688.0,48863124.0,45326578.0,10608760.0,-34717818.0,427619940.0,507091510.0,79471571.0,,,,,,,3235505.0,11581681.0,8346177.0,79684474.0,0.68,12.29,,9890754.0,10758078.0,10.52,2.05,2.07,149318.0,,,,,,,,,0.0,149318.0,,,385528867.0,508064432.0,,,10.52,2.05,2.07
15,2017,June,MEDSTAR FRANKLIN SQUARE,1.0,hscrc_name,,,518001600.0,697127756.0,179126156.0,48123661.0,51753875.0,21166079.0,-30587795.0,439663152.0,517220667.0,77557515.0,,,,,,,4779116.0,12485301.0,7706185.0,79039752.0,0.58,13.03,,11655216.0,21627501.0,11.64,4.0,4.08,461421.0,,,,,,,,,0.0,461421.0,,,392688393.0,508539888.0,,,11.64,4.0,4.08
15,2018,June,MEDSTAR FRANKLIN SQUARE,1.0,hscrc_name,,,535571836.0,723465243.0,187893407.0,42502641.0,64501319.0,31821104.0,-32680215.0,458024651.0,541401229.0,83376578.0,,,,,,,461110729.0,9307971.0,6221893.0,75469580.0,0.59,12.97,,8972942.0,32396976.0,13.99,5.78,5.88,575873.0,,,,,,,,,0.0,575873.0,,,396609410.0,518888097.0,,,13.99,5.78,5.88
16,2007,December,WASHINGTON ADVENTIST HOSPITAL,0.975,name_history,22718.0,22711.0,259383175.0,259816226.0,433051.0,,-5211713.0,-6812697.0,-1600983.0,218752469.0,219181454.0,428985.0,9709.55,9899.31,9629.08,9650.69,9938.96,10199.28,220580634.0,224828070.0,4247436.0,,,,,,,,,,2336023.0,-241.6,-387.39,-1.03,-1.15,3.06,-229.05,-2.36,-3.03,0.0,2336023.0,-4476674.0,-1.97,225792348.0,231640767.0,,,-2.36,-3.03,-1.97
16,2008,December,WASHINGTON ADVENTIST HOSPITAL,0.975,name_history,22570.0,22573.0,279418776.0,279972324.0,553548.0,,-299213.0,-904176.0,-604963.0,227431160.0,227980960.0,549800.0,10172.5,10342.95,10076.55,10099.55,10185.76,10383.01,229596810.0,233475314.0,3878504.0,,,,,,,,,,-1526529.0,94.26,86.73,4.77,4.65,2.48,45.7,-0.13,-0.39,0.0,-1526529.0,-2430705.0,-1.05,229896023.0,234379490.0,,,-0.13,-0.39,-1.05
16,2009,December,WASHINGTON ADVENTIST HOSPITAL,0.975,name_history,23034.0,23040.0,284247984.0,284778125.0,530141.0,,-589166.0,-1588733.0,-999567.0,233793878.0,234320523.0,526645.0,10261.38,10397.85,10149.91,10169.95,10286.96,10466.8,236361478.0,239571410.0,3209932.0,,,,,,,,,,-71203.0,-96.9,-75.71,0.87,0.73,0.99,31.71,-0.25,-0.66,0.0,-71203.0,-1659936.0,-0.69,236950644.0,241160143.0,,,-0.25,-0.66,-0.69
16,2010,December,WASHINGTON ADVENTIST HOSPITAL,0.975,name_history,20602.0,20628.0,265356838.0,266064689.0,707851.0,,5562192.0,4057509.0,-1504684.0,225153003.0,225857400.0,704397.0,11057.21,11183.88,10928.84,10949.24,10787.22,10987.18,227797617.0,4840221.0,2195607.0,,,,,,,,,,485679.0,1044.08,355.39,7.76,7.67,4.86,373.7,2.44,1.76,0.0,485679.0,4543188.0,1.97,222235425.0,226640112.0,,,2.44,1.76,1.97
16,2011,December,WASHINGTON ADVENTIST HOSPITAL,0.975,name_history,19309.0,19321.0,270695934.0,271270030.0,574096.0,,3438917.0,2486641.0,-952276.0,219464572.0,220034135.0,569563.0,11502.87,11645.48,11365.7,11388.47,11324.77,11516.78,222113273.0,4965535.0,2886397.0,,,,,,,,,,-427994.0,-38.17,-38.72,4.03,4.0,4.98,-54.69,1.55,1.11,0.0,-427994.0,2058647.0,0.92,218674356.0,222513029.0,,,1.55,1.11,0.92
16,2012,June,WASHINGTON ADVENTIST HOSPITAL,0.975,name_history,,,,,,,,,,,,,,,,,,,,,,,,,,,,,,,,,,,,,,,,,,,,,,13111.0,61504.0,,,
16,2013,December,WASHINGTON ADVENTIST HOSPITAL,0.975,name_history,18392.0,18394.0,245900400.0,245924351.0,23951.0,20954891.0,969949.0,-10720966.0,-11690915.0,196111014.0,196134413.0,23399.0,10874.01,11018.42,10662.57,10662.84,10821.27,11601.27,199999849.0,202675038.0,2675189.0,36649317.0,1.09,11.47,0.0,0.0,-12230677.0,0.48,-5.29,-6.08,-1509711.0,-70.7,-67.95,0.71,0.01,1.86,-65.38,0.48,-5.29,0.0,-1509711.0,-12230677.0,-6.08,199029900.0,213396004.0,,,0.48,-5.29,-6.08
16,2014,December,WASHINGTON ADVENTIST HOSPITAL,0.975,name_history,,,260306100.0,260309891.0,3791.0,22000761.0,16639663.0,4126670.0,-12512993.0,209906016.0,209909807.0,3791.0,,,,,,,211284922.0,214836404.0,3551482.0,35194145.0,1.1,11.99,0.0,0.0,2625923.0,7.88,1.92,1.23,-1500747.0,,,,,,,,,0.0,-1500747.0,,,194645259.0,210709734.0,11472.0,56831.0,7.88,1.92,1.23
16,2015,December,WASHINGTON ADVENTIST HOSPITAL,0.975,name_history,,,260621900.0,260621900.0,0.0,20595615.0,21907859.0,9649174.0,-12258685.0,222422118.0,222422118.0,0.0,,,,,,,224047912.0,227604820.0,3556908.0,33200029.0,1.0,10.61,,0.0,8433093.0,9.78,4.24,3.73,-1216081.0,,,,,,,,,0.0,-1216081.0,,,202140053.0,217955646.0,,,9.78,4.24,3.73
16,2016,December,WASHINGTON ADVENTIST HOSPITAL,0.975,name_history,,,263177900.0,263191450.0,13550.0,20523980.0,23818906.0,12649702.0,-11169204.0,227111427.0,227124977.0,13550.0,,,,,,,941652.0,231769747.0,3716668.0,34633717.0,0.65,9.73,,0.0,12283273.0,10.44,5.46,5.31,-366429.0,,,,,,,,,0.0,-366429.0,,,204234173.0,219120045.0,,,10.44,5.46,5.31
16,2017,December,WASHINGTON ADVENTIST HOSPITAL,0.975,name_history,,,271147900.0,309883540.0,38735640.0,20987141.0,27571440.0,8025619.0,-19545821.0,233023360.0,247978619.0,14955259.0,,,,,,,-56552.0,251734386.0,18767578.0,36795591.0,0.51,9.78,,0.0,5820123.0,11.83,3.19,2.33,-2205496.0,,,,,,,,,0.0,-2205496.0,,,205395368.0,243708767.0,,,11.83,3.19,2.33
17,2007,June,GARRETT COUNTY MEMORIAL HOSPITAL,0.808,hscrc_name,4746.0,5721.0,32568200.0,40331130.0,7762930.0,,897911.0,496106.0,-401805.0,27456999.0,32618117.0,5161118.0,5886.01,5786.97,5785.45,5701.38,5696.81,5700.25,27934210.0,33107783.0,5173573.0,,,,,,,,,,394549.0,-40.93,-67.31,-3.08,-0.76,-0.61,-41.31,3.21,1.5,0.0,394549.0,890655.0,2.66,27036299.0,32611677.0,,,3.21,1.5,2.66
17,2008,June,GARRETT COUNTY MEMORIAL HOSPITAL,0.808,hscrc_name,4830.0,5956.0,32853800.0,40703788.0,7849988.0,,-383618.0,-523235.0,-139617.0,27513600.0,32756441.0,5242841.0,5796.51,5619.55,5696.44,5499.85,5875.94,5707.4,27996929.0,33469334.0,5472405.0,,,,,,,,,,1096760.0,-142.72,-205.47,-1.52,-1.54,3.14,-35.61,-1.37,-1.56,0.0,1096760.0,573525.0,1.66,28380547.0,33992569.0,,,-1.37,-1.56,1.66
17,2009,June,GARRETT COUNTY MEMORIAL HOSPITAL,0.808,hscrc_name,4936.0,6009.0,36812400.0,45283255.0,8470855.0,,1581406.0,1911618.0,330212.0,31258085.0,37046414.0,5788328.0,6355.15,6247.5,6332.68,6165.51,6034.77,5929.35,31369000.0,37539024.0,6170023.0,,,,,,,,,,-268839.0,512.23,465.35,9.64,11.17,2.7,186.44,5.04,5.09,409501.0,140662.0,1642779.0,4.36,29787595.0,35627406.0,,,5.04,5.09,4.36
17,2010,June,GARRETT COUNTY MEMORIAL HOSPITAL,0.808,hscrc_name,4882.0,5835.0,39731000.0,48094635.0,8363635.0,,3800143.0,4474553.0,674411.0,32709321.0,38491648.0,5782327.0,6743.67,6698.8,6700.27,6597.16,5965.24,5931.89,211887.0,593021.0,381134.0,,,,,,,,,,498404.0,140.3,134.07,6.11,5.8,-1.15,202.72,11.54,11.45,115100.0,613504.0,4972957.0,12.53,29121065.0,34610116.0,,,11.54,11.45,12.53
17,2011,June,GARRETT COUNTY MEMORIAL HOSPITAL,0.808,hscrc_name,4705.0,5610.0,40536700.0,48216948.0,7680248.0,,2237587.0,1892131.0,-345456.0,32414248.0,37206636.0,4792388.0,6914.0,6763.99,6889.14,6632.23,6438.43,6426.71,32531219.0,739180.0,5414597.0,,,,,,,,,,923010.0,-41.12,-57.71,2.53,2.82,7.93,-43.39,6.88,4.99,-36904.0,886106.0,2815141.0,7.25,30293633.0,36053685.0,,,6.88,4.99,7.25
17,2012,June,GARRETT COUNTY MEMORIAL HOSPITAL,0.808,hscrc_name,4440.0,5299.0,42709900.0,50641486.0,7931586.0,,1755437.0,1196682.0,-558755.0,33399378.0,38280868.0,4881490.0,7598.21,7343.98,7522.95,7223.86,7202.81,7118.16,33733514.0,636554.0,302418.0,,,,,,1621925.0,,,,425243.0,-21.55,-36.75,9.9,9.2,11.87,-42.39,5.2,3.07,176148.0,601391.0,1621925.0,4.1,31978077.0,37720740.0,2177.0,24428.0,5.2,3.07,4.1
17,2013,June,GARRETT COUNTY MEMORIAL HOSPITAL,0.808,hscrc_name,4423.0,4768.0,42302400.0,50920407.0,8618007.0,1557272.0,2570135.0,1286131.0,-1284004.0,34358738.0,39453506.0,5094768.0,7933.15,8482.52,7768.58,8273.8,7352.04,8212.8,727876.0,995289.0,267413.0,4164488.0,0.91,8.54,0.0,,2041070.0,7.33,3.18,4.95,754939.0,46.41,7.47,4.41,3.27,2.07,25.84,7.33,3.18,0.0,754939.0,2041070.0,4.95,32516478.0,39162664.0,2009.0,26559.0,7.33,3.18,4.95
17,2014,June,GARRETT COUNTY MEMORIAL HOSPITAL,0.808,hscrc_name,,,45202600.0,52216110.0,7013510.0,1292752.0,4171544.0,3361223.0,-810322.0,36914781.0,41166947.0,4252165.0,,,,,,,38833359.0,2218241.0,4551828.0,4217539.0,1.32,7.23,0.0,0.0,4238955.0,10.74,7.75,9.58,877732.0,,,,,,,,,0.0,877732.0,,,34661815.0,40023965.0,1865.0,23401.0,10.74,7.75,9.58
17,2015,June,GARRETT COUNTY MEMORIAL HOSPITAL,0.808,hscrc_name,,,44693600.0,57550575.0,12856975.0,1359438.0,3864889.0,4073341.0,208452.0,37569611.0,43617791.0,6048180.0,,,,,,,1722986.0,45670416.0,329639.0,4160808.0,0.75,6.43,0.0,0.0,4805317.0,9.84,8.92,10.36,731976.0,,,,,,,,,0.0,731976.0,,,35427708.0,41597075.0,,,9.84,8.92,10.36
17,2016,June,GARRETT COUNTY MEMORIAL HOSPITAL,0.808,hscrc_name,,,48479700.0,61550236.0,13070536.0,1107848.0,2734279.0,-68209.0,-2802488.0,41011099.0,46070516.0,5059417.0,,,,,,,41981533.0,1521868.0,5610851.0,3920966.0,0.69,6.16,,0.0,266348.0,6.51,-0.14,0.56,334557.0,,,,,,,,,0.0,334557.0,,,39247254.0,47660593.0,,,6.51,-0.14,0.56
17,2017,June,GARRETT COUNTY MEMORIAL HOSPITAL,0.808,hscrc_name,,,55258400.0,69351170.0,14092770.0,1496307.0,4042208.0,761033.0,-3281175.0,46518046.0,51933745.0,5415699.0,,,,,,,47469934.0,1482855.0,5946666.0,4675366.0,0.4,6.37,,0.0,1812604.0,8.52,1.42,3.33,1051571.0,,,,,,,,,0.0,1051571.0,,,43427726.0,52655567.0,,,8.52,1.42,3.33
17,2018,June,GARRETT COUNTY MEMORIAL HOSPITAL,0.808,hscrc_name,,,57720023.0,72353402.0,14633379.0,1500280.0,1808052.0,-3084338.0,-4892390.0,48638353.0,54651145.0,6012792.0,,,,,,,49138062.0,1005543.0,6518626.0,4791293.0,0.52,6.19,,0.0,-2307805.0,3.68,-5.54,-4.09,776533.0,,,,,,,,,0.0,776533.0,,,47330010.0,58741026.0,,,3.68,-5.54,-4.09
18,2007,June,MONTGOMERY GENERAL HOSPITAL,0.975,short_name,13182.0,13292.0,121270200.0,122288000.0,1017800.0,,7533344.0,4936000.0,-2597344.0,105525100.0,106357900.0,832800.0,8062.82,8093.98,8005.05,8001.72,7491.34,7722.63,106286600.0,107584200.0,1297600.0,,,,,,,,,,2332400.0,609.82,506.12,9.72,9.86,3.11,433.03,7.09,4.59,0.0,2332400.0,7268400.0,6.61,98753256.0,102648200.0,,,7.09,4.59,6.61
18,2008,June,MONTGOMERY GENERAL HOSPITAL,0.975,short_name,14058.0,14129.0,135140700.0,135821900.0,681200.0,,8069133.0,4489500.0,-3579633.0,116767100.0,117444400.0,677300.0,8406.11,8433.27,8305.86,8312.14,7832.14,8115.52,118176400.0,119155800.0,979400.0,,,,,,,,,,-4141400.0,7.11,-9.05,4.26,3.76,4.55,-95.21,6.83,3.77,7082600.0,2941200.0,348100.0,0.29,110107267.0,114666300.0,,,6.83,3.77,0.29
18,2009,June,MONTGOMERY GENERAL HOSPITAL,0.975,short_name,14591.0,14803.0,140619400.0,144729400.0,4110000.0,,7398642.0,3138900.0,-4259742.0,121977000.0,124318200.0,2341200.0,8439.03,8505.8,8359.68,8397.91,7931.97,8293.76,123134800.0,125915300.0,2780500.0,,,,,,,,,,-2837200.0,-8.31,-30.08,0.39,0.65,1.27,-13.33,6.01,2.49,0.0,-2837200.0,301700.0,0.25,115736158.0,122776400.0,,,6.01,2.49,0.25
18,2010,June,MONTGOMERY GENERAL HOSPITAL,0.975,short_name,14228.0,14855.0,149773600.0,156373091.0,6599491.0,,9773235.0,4336159.0,-5437076.0,124219621.0,127723478.0,3503857.0,8837.23,8742.16,8730.61,8598.02,8150.33,8450.26,125736633.0,2141253.0,624241.0,,,,,,,,,,2791019.0,32.09,38.14,4.72,4.44,2.75,2262.34,7.77,3.34,0.0,2791019.0,7127178.0,5.37,115963398.0,125528572.0,,,7.77,3.34,5.37
18,2011,June,MEDSTAR MONTGOMERY GENERAL,0.975,hscrc_name,15450.0,15061.0,156795100.0,164471400.0,7676300.0,,17350936.0,8437627.0,-8913309.0,135596229.0,139379122.0,3782893.0,8860.73,9391.7,8776.38,9254.38,7737.7,8831.47,136899529.0,2068200.0,4547793.0,,,,,,,,,,988687.0,77.54,94.59,0.27,0.52,-5.06,32.26,12.67,5.97,0.0,988687.0,9426314.0,6.62,119548593.0,133009716.0,,,12.67,5.97,6.62
18,2012,June,MEDSTAR MONTGOMERY GENERAL,0.975,hscrc_name,15804.0,16534.0,165915000.0,173580307.0,7665307.0,,17737440.0,8825276.0,-8912163.0,139632555.0,142918959.0,3286403.0,9004.73,8859.95,8835.11,8643.71,7882.42,8326.2,2680765.0,3575416.0,894651.0,,,,,,9004630.0,,,,179353.0,2.23,4.59,1.63,0.67,1.87,-4.47,12.46,6.02,0.0,179353.0,9004630.0,6.14,124575881.0,137669098.0,9247.0,67026.0,12.46,6.02,6.14
18,2013,June,MEDSTAR MONTGOMERY GENERAL,0.975,hscrc_name,16059.0,16872.0,166869100.0,175325800.0,8456700.0,13337996.0,16850341.0,7086631.0,-9763710.0,140038336.0,144395405.0,4357068.0,9055.92,8920.8,8720.47,8558.08,8006.62,8500.78,5386913.0,6119951.0,733038.0,21700966.0,1.48,12.93,0.0,,7262526.0,11.59,4.71,4.82,175895.0,-5.0,-19.7,0.57,-1.3,1.58,-19.35,11.59,4.71,0.0,175895.0,7262526.0,4.82,128574908.0,143428725.0,8615.0,72298.0,11.59,4.71,4.82
18,2014,June,MEDSTAR MONTGOMERY MEDICAL CENTER,1.0,cms_name,,,167893100.0,176386878.0,8493778.0,11304931.0,14950082.0,7060476.0,-7889606.0,141046268.0,145636603.0,4590335.0,,,,,,,143843190.0,3079504.0,4872917.0,19600380.0,1.32,11.66,,0.0,7075846.0,10.39,4.75,4.76,15370.0,,,,,,,,,0.0,15370.0,,,128893109.0,141655632.0,,,10.39,4.75,4.76
18,2015,June,MEDSTAR MONTGOMERY MEDICAL CENTER,1.0,cms_name,,,174302200.0,182754527.0,8452327.0,11283494.0,14377892.0,6611324.0,-7766568.0,147518393.0,151815179.0,4296785.0,,,,,,,150605645.0,3259963.0,172711.0,20054655.0,1.01,11.5,,0.0,6619082.0,9.55,4.26,4.27,7758.0,,,,,,,,,0.0,7758.0,,,136227753.0,148463817.0,,,9.55,4.26,4.27
18,2016,June,MEDSTAR MONTGOMERY MEDICAL CENTER,1.0,cms_name,,,175827977.0,185551046.0,9723069.0,12669878.0,18166147.0,8149209.0,-10016939.0,150844829.0,155903480.0,5058651.0,,,,,,,3968813.0,160025943.0,5212301.0,20970842.0,0.79,10.32,,0.0,8150360.0,11.73,5.09,5.09,1152.0,,,,,,,,,0.0,1152.0,,,136647495.0,151876735.0,,,11.73,5.09,5.09
18,2017,June,MEDSTAR MONTGOMERY MEDICAL CENTER,1.0,cms_name,,,178461400.0,192599219.0,14137819.0,13468057.0,12680708.0,1181786.0,-11498922.0,152299994.0,159890384.0,7590390.0,,,,,,,1565430.0,161907073.0,8041649.0,21693276.0,0.45,11.51,,0.0,2277511.0,8.24,0.73,1.4,1095725.0,,,,,,,,,0.0,1095725.0,,,141184715.0,160725287.0,,,8.24,0.73,1.4
18,2018,June,MEDSTAR MONTGOMERY MEDICAL CENTER,1.0,cms_name,,,182928948.0,207137276.0,24208328.0,12753667.0,23716788.0,7032933.0,-16683855.0,156545750.0,168598242.0,12052491.0,,,,,,,2683750.0,172483305.0,13253805.0,21902467.0,0.4,11.17,,0.0,7139442.0,14.89,4.08,4.14,106508.0,,,,,,,,,0.0,106508.0,,,135512712.0,165450371.0,,,14.89,4.08,4.14
19,2007,June,PENINSULA REGIONAL MEDICAL CENTER,0.975,short_name,28923.0,31388.0,335381200.0,361937500.0,26556300.0,,27888687.0,21554000.0,-6334687.0,291084100.0,305012900.0,13928800.0,10071.2,9762.46,10064.0,9717.6,9106.97,9075.75,291292300.0,306420900.0,15128600.0,,,,,,,,,,11363000.0,67.66,63.98,6.98,7.27,3.1,58.99,9.57,7.03,0.0,11363000.0,32917000.0,10.36,263403613.0,284866900.0,,,9.57,7.03,10.36
19,2008,June,PENINSULA REGIONAL MEDICAL CENTER,0.975,short_name,30094.0,33058.0,366969200.0,399948600.0,32979400.0,,39011998.0,28200000.0,-10811998.0,318253000.0,336981400.0,18728400.0,10574.41,10226.83,10575.36,10193.6,9278.07,9373.79,318224500.0,338080100.0,19855600.0,,,,,,,,,,10106000.0,39.88,30.83,5.0,5.08,1.88,16.37,12.26,8.34,0.0,10106000.0,38306000.0,11.0,279212502.0,309880100.0,,,12.26,8.34,11.0
19,2009,June,PENINSULA REGIONAL MEDICAL CENTER,0.975,short_name,31193.0,34206.0,385277000.0,418478200.0,33201200.0,,29458447.0,12036000.0,-17422447.0,331729600.0,350515000.0,18785400.0,10662.89,10305.62,10634.91,10247.26,9718.48,9953.75,332602500.0,352511200.0,19908700.0,,,,,,,,,,-17877000.0,-24.49,-57.32,0.84,0.56,4.75,-115.25,8.86,3.41,0.0,-17877000.0,-5841000.0,-1.75,303144053.0,340475200.0,,,8.86,3.41,-1.75
19,2010,June,PENINSULA REGIONAL MEDICAL CENTER,0.975,short_name,31730.0,34641.0,394310100.0,426582000.0,32271900.0,,29058847.0,7030000.0,-22028847.0,332910100.0,350432000.0,17521900.0,10520.67,10176.28,10492.03,10116.2,9604.85,9973.34,908800.0,2081300.0,1172500.0,,,,,,,,,,12057000.0,-1.36,-41.59,-1.33,-1.34,-1.17,426.78,8.7,1.99,0.0,12057000.0,19087000.0,5.24,304760053.0,345483300.0,,,8.7,1.99,5.24
19,2011,June,PENINSULA REGIONAL MEDICAL CENTER,0.975,short_name,31681.0,36028.0,406379600.0,457035000.0,50655400.0,,36614419.0,17532900.0,-19081519.0,339681900.0,362641000.0,22959100.0,10757.59,10131.83,10721.88,10065.65,9601.88,9645.18,1131600.0,365025500.0,24212000.0,,,,,,,,,,13306100.0,26.0,149.4,2.25,2.19,-0.03,61.57,10.74,4.8,1985900.0,15292000.0,30839000.0,8.11,304199081.0,347492600.0,,,10.74,4.8,8.11
19,2012,June,PENINSULA REGIONAL MEDICAL CENTER,0.975,short_name,31130.0,36135.0,414765500.0,476776900.0,62011400.0,,28632947.0,6286000.0,-22346947.0,336910100.0,361418500.0,24508400.0,10862.59,10067.94,10822.8,10001.81,9942.79,9893.98,1238700.0,2389800.0,1151100.0,,,,,,15837000.0,,,,9551000.0,-21.8,-64.15,0.98,0.94,3.55,-48.65,8.47,1.73,52000.0,9603000.0,15837000.0,4.24,309515853.0,357522300.0,19139.0,118097.0,8.47,1.73,4.24
19,2013,June,PENINSULA REGIONAL MEDICAL CENTER,0.975,short_name,31095.0,36247.0,412641500.0,478086000.0,65444500.0,29455076.0,25869524.0,-3135000.0,-29004524.0,335753200.0,359679500.0,23926300.0,10971.53,10101.24,10797.82,9922.88,10139.56,10187.73,5401400.0,6465100.0,1063700.0,47994104.0,1.3,11.32,0.0,,10719000.0,7.58,-0.86,2.82,13854000.0,-9.65,-149.87,1.0,-0.23,1.98,-32.32,7.58,-0.86,0.0,13854000.0,10719000.0,2.82,315285076.0,369279600.0,17915.0,118568.0,7.58,-0.86,2.82
19,2014,June,PENINSULA REGIONAL MEDICAL CENTER,0.975,short_name,,,416388900.0,481649700.0,65260800.0,27511796.0,36419854.0,7691000.0,-28728854.0,344224200.0,368536000.0,24311800.0,,,,,,,349032900.0,7351500.0,26854600.0,45451953.0,1.34,11.34,0.0,0.0,29420000.0,10.43,2.05,7.4,21729000.0,,,,,,,,,0.0,21729000.0,,,312613046.0,368196500.0,17344.0,120004.0,10.43,2.05,7.4
19,2015,June,PENINSULA REGIONAL MEDICAL CENTER,0.975,short_name,,,422383500.0,490555400.0,68171900.0,29539994.0,48494630.0,15444000.0,-33050630.0,359583600.0,386078500.0,26494900.0,,,,,,,362058400.0,393784200.0,31725800.0,52206856.0,0.69,10.92,0.0,0.0,24068000.0,13.39,3.92,5.87,8624000.0,,,,,,,,,7309000.0,15933000.0,,,313563770.0,378340200.0,,,13.39,3.92,5.87
19,2016,June,PENINSULA REGIONAL MEDICAL CENTER,0.975,short_name,,,430070800.0,503070500.0,72999700.0,26577653.0,38429325.0,-817800.0,-39247125.0,366877800.0,396784700.0,29906900.0,,,,,,,1314600.0,404821900.0,6722600.0,48764687.0,0.78,9.99,,0.0,6837000.0,10.44,-0.2,1.66,7654800.0,,,,,,,,,0.0,7654800.0,,,329763075.0,405639700.0,,,10.44,-0.2,1.66
19,2017,June,PENINSULA REGIONAL MEDICAL CENTER,0.975,short_name,,,437069300.0,515240700.0,78171400.0,28847730.0,20072433.0,-20506000.0,-40578433.0,369748400.0,403365300.0,33616900.0,,,,,,,947000.0,411636100.0,7323800.0,49700544.0,0.59,11.2,,0.0,-5688000.0,5.41,-4.98,-1.33,14818000.0,,,,,,,,,0.0,14818000.0,,,350622967.0,432142100.0,,,5.41,-4.98,-1.33
19,2018,June,PENINSULA REGIONAL MEDICAL CENTER,0.975,short_name,,,450336518.0,542330918.0,91994400.0,29957475.0,47316771.0,6897418.0,-40419353.0,382238418.0,425253618.0,43015200.0,,,,,,,1205700.0,9005400.0,7799700.0,48110481.0,0.64,10.94,,0.0,45104018.0,12.34,1.59,9.55,38206600.0,,,,,,,,,0.0,38206600.0,,,336127347.0,427361600.0,,,12.34,1.59,9.55
22,2007,June,SUBURBAN HOSPITAL,1.0,cms_name,18797.0,20985.0,198515100.0,221625700.0,23110600.0,,5551019.0,6756500.0,1205481.0,175366300.0,193008700.0,17642400.0,9609.69,9761.33,9329.49,9197.33,9314.38,9439.36,180633300.0,204844200.0,24210900.0,,,,,,,,,,936000.0,-12.67,-21.97,10.74,9.75,11.75,-37.66,3.07,3.3,0.0,936000.0,7692500.0,3.74,175082281.0,198087700.0,,,3.07,3.3,3.74
22,2008,June,SUBURBAN HOSPITAL,1.0,cms_name,19822.0,21799.0,220977300.0,243008100.0,22030800.0,,12731259.0,14088100.0,1356841.0,192441500.0,210676800.0,18235300.0,10056.76,10271.02,9708.32,9664.72,9414.49,9624.74,199348300.0,223893400.0,24545100.0,,,,,,,,,,263900.0,129.35,108.51,4.65,4.06,1.07,86.57,6.39,6.29,0.0,263900.0,14352000.0,6.4,186617041.0,209805300.0,,,6.39,6.29,6.4
22,2009,June,SUBURBAN HOSPITAL,1.0,cms_name,19929.0,22088.0,228243300.0,252973700.0,24730400.0,,8837807.0,7772000.0,-1065807.0,199185500.0,216444600.0,17259100.0,10248.67,10361.03,9994.98,9799.33,9805.19,10009.16,204241200.0,228851100.0,24609900.0,,,,,,,,,,-3531300.0,-30.58,-44.83,1.91,2.95,4.15,-70.45,4.33,3.4,0.0,-3531300.0,4240700.0,1.88,195403393.0,221079100.0,,,4.33,3.4,1.88
22,2010,June,SUBURBAN HOSPITAL,1.0,cms_name,19302.0,21076.0,234114100.0,255632872.0,21518772.0,,9660770.0,9120142.0,-540627.0,201587614.0,217593940.0,16006327.0,10778.99,10967.38,10443.99,10324.29,10278.48,10534.65,6466197.0,13553700.0,7087503.0,,,,,,,,,,-211160.0,9.31,17.35,5.17,4.49,4.83,110.08,4.64,3.95,-40.0,-211200.0,8908982.0,3.86,198393041.0,222027498.0,,,4.64,3.95,3.86
22,2011,June,SUBURBAN HOSPITAL,1.0,cms_name,20516.0,21921.0,253166900.0,270496454.0,17329554.0,,14067291.0,15726007.0,1658716.0,217988385.0,232253327.0,14264942.0,10848.81,11222.42,10625.2,10595.24,10163.14,10505.01,4587637.0,13748051.0,9160414.0,,,,,,,,,,5903537.0,45.61,72.43,0.65,1.74,-1.12,142.78,6.32,6.39,0.0,5903537.0,21629544.0,8.59,208508731.0,230275371.0,,,6.32,6.39,8.59
22,2012,June,SUBURBAN HOSPITAL,1.0,cms_name,20973.0,21768.0,272892400.0,283241592.0,10349192.0,,17181785.0,14046723.0,-3135062.0,229323220.0,236686293.0,7363073.0,11160.23,11631.34,10934.19,10872.92,10341.0,10986.06,4740818.0,16509687.0,11768869.0,,,,,,11442898.0,,,,-2603825.0,22.14,-10.68,2.87,2.91,1.75,-47.1,7.34,5.55,0.0,-2603825.0,11442898.0,4.57,216882253.0,239149257.0,14172.0,78221.0,7.34,5.55,4.57
22,2013,June,SUBURBAN HOSPITAL,1.0,cms_name,20337.0,20568.0,280578500.0,290725616.0,10147116.0,21275564.0,20495552.0,33772370.0,13276817.0,232362800.0,235455816.0,3093016.0,11769.8,13849.24,11425.41,11447.56,10762.02,12207.27,7003940.0,49398200.0,42394260.0,31661241.0,1.48,11.62,298050.0,,38134858.0,8.56,11.86,13.19,4362488.0,19.29,140.43,5.46,4.49,4.07,233.26,8.56,11.86,0.0,4362488.0,38134858.0,13.19,218871188.0,251081646.0,13210.0,79694.0,8.56,11.86,13.19
22,2014,June,SUBURBAN HOSPITAL,1.0,cms_name,,,289286600.0,298919410.0,9632810.0,19789070.0,17164544.0,2625753.0,-14538791.0,239648239.0,243272753.0,3624514.0,,,,,,,2720835.0,21369795.0,18648960.0,29130088.0,1.38,10.81,314920.0,314920.0,16401687.0,7.08,0.99,5.87,13775934.0,,,,,,,,,951186.0,14727120.0,,,225204531.0,262016800.0,13183.0,76845.0,7.08,0.99,5.87
22,2015,June,SUBURBAN HOSPITAL,1.0,cms_name,,,295844600.0,298270700.0,2426100.0,20017113.0,36471122.0,12224980.0,-24246141.0,248692415.0,250847980.0,2155565.0,,,,,,,14154340.0,24257000.0,10102660.0,30125408.0,1.01,11.04,339710.0,339710.0,9813980.0,13.88,4.44,3.56,-2411000.0,,,,,,,,,3026000.0,615000.0,,,226375634.0,262880000.0,,,13.88,4.44,3.56
22,2016,June,SUBURBAN HOSPITAL,1.0,cms_name,,,301899200.0,304167718.0,2268518.0,21177628.0,26700494.0,16928562.0,-9771932.0,260794287.0,263034992.0,2240705.0,,,,,,,263371152.0,24353000.0,24016840.0,32260580.0,0.73,10.58,,331245.0,10231562.0,10.14,5.89,3.55,-6697000.0,,,,,,,,,7154000.0,457000.0,,,236670658.0,270459430.0,,,10.14,5.89,3.55
22,2017,June,SUBURBAN HOSPITAL,1.0,cms_name,,,310897100.0,313271786.0,2374686.0,20045557.0,23003900.0,11613001.0,-11390898.0,265507832.0,267818001.0,2310170.0,,,,,,,273220227.0,27142000.0,21739774.0,31759083.0,0.58,11.15,,458561.0,35570001.0,8.42,3.94,11.15,23957000.0,,,,,,,,,0.0,23957000.0,,,250216327.0,283347000.0,,,8.42,3.94,11.15
22,2018,June,SUBURBAN HOSPITAL,1.0,cms_name,,,329368123.0,331146751.0,1778628.0,20938047.0,20601204.0,8402041.0,-12199162.0,279840920.0,281560800.0,1719879.0,,,,,,,282592080.0,22152000.0,21120720.0,32847597.0,0.41,10.77,,498336.0,29230041.0,7.29,2.77,9.01,20828000.0,,,,,,,,,0.0,20828000.0,,,261990876.0,295310758.0,,,7.29,2.77,9.01
23,2007,June,ANNE ARUNDEL MEDICAL CENTER,0.975,short_name,34558.0,34803.0,325941900.0,344441413.0,18499513.0,,27908229.0,19200908.0,-8707321.0,291589361.0,300623348.0,9033987.0,8690.87,9283.31,8437.68,8637.78,7883.3,8731.61,300339151.0,323089948.0,22750797.0,,,,,,,,,,21557000.0,24.56,47.91,8.86,7.62,7.7,64.64,9.29,5.94,0.0,21557000.0,40757908.0,11.83,272430922.0,303889040.0,,,9.29,5.94,11.83
23,2008,June,ANNE ARUNDEL MEDICAL CENTER,0.975,short_name,35227.0,35910.0,361340400.0,384455309.0,23114909.0,,32064792.0,21977965.0,-10086827.0,322026051.0,331653167.0,9627116.0,9353.49,9847.88,9141.39,9235.55,8443.26,9235.86,329497859.0,353641965.0,24144106.0,,,,,,,,,,-8954000.0,14.89,14.46,7.62,8.34,7.1,-68.05,9.73,6.21,0.0,-8954000.0,13023965.0,3.78,297433067.0,331664000.0,,,9.73,6.21,3.78
23,2009,June,ANNE ARUNDEL MEDICAL CENTER,0.975,short_name,37124.0,37466.0,392507100.0,419911987.0,27404887.0,,25642864.0,16934538.0,-8708326.0,344010185.0,356024056.0,12013871.0,9404.18,10063.63,9266.41,9502.58,8713.45,9611.63,349124785.0,377044538.0,27919753.0,,,,,,,,,,-38573000.0,-20.03,-22.95,0.54,1.37,3.2,-266.14,7.34,4.49,0.0,-38573000.0,-21638462.0,-6.39,323481921.0,360110000.0,,,7.34,4.49,-6.39
23,2010,June,ANNE ARUNDEL MEDICAL CENTER,0.975,short_name,38222.0,38942.0,415890500.0,448638767.0,32748267.0,,22777855.0,17428569.0,-5349286.0,358018187.0,372855046.0,14836859.0,9440.38,10053.54,9366.81,9574.7,8844.44,9605.98,360830187.0,18646823.0,15834823.0,,,,,,,,,,17237000.0,-11.17,2.92,0.38,1.08,1.5,260.2,6.31,4.45,0.0,17237000.0,34665569.0,8.48,338052332.0,374073300.0,,,6.31,4.45,8.48
23,2011,June,ANNE ARUNDEL MEDICAL CENTER,0.975,short_name,41134.0,41651.0,461358800.0,471728313.0,10369513.0,,27309866.0,20014188.0,-7295678.0,395773822.0,404630292.0,8856470.0,9704.41,10191.61,9621.57,9714.83,9040.48,9711.08,3407524.0,19858199.0,16450675.0,,,,,,,,,,41077000.0,19.9,14.84,2.8,2.72,2.22,76.23,6.84,4.71,0.0,41077000.0,61091188.0,13.12,371871480.0,404474303.0,,,6.84,4.71,13.12
23,2012,June,ANNE ARUNDEL MEDICAL CENTER,0.975,short_name,46016.0,47048.0,523717000.0,535464200.0,11747200.0,,22997137.0,9048130.0,-13949007.0,435998560.0,444956660.0,8958100.0,9667.03,10003.44,9474.9,9457.44,9167.26,9811.13,444839660.0,470645415.0,25805755.0,,,,,,-31996892.0,,,,-41045021.0,-15.79,-54.79,-0.39,-1.52,1.4,-152.38,5.17,1.92,0.0,-41045021.0,-31996892.0,-7.45,421842523.0,461597285.0,28014.0,172099.0,5.17,1.92,-7.45
23,2013,June,ANNE ARUNDEL MEDICAL CENTER,0.975,short_name,49059.0,49817.0,541867800.0,550245000.0,8377200.0,32678081.0,16002451.0,1114600.0,-14887851.0,444013900.0,451478400.0,7464500.0,9217.56,9585.32,9050.64,9062.69,8891.37,9562.95,452202600.0,477514600.0,25312000.0,53413474.0,1.1,12.7,0.0,,45341200.0,3.54,0.23,8.69,44226600.0,-30.42,-87.68,-4.65,-4.48,-3.01,241.71,3.54,0.23,0.0,44226600.0,45341200.0,8.69,436200149.0,476400000.0,28142.0,180461.0,3.54,0.23,8.69
23,2014,June,ANNE ARUNDEL MEDICAL CENTER,0.975,short_name,,,554132400.0,561001000.0,6868600.0,26732221.0,25326003.0,12112100.0,-13213903.0,451481300.0,458034700.0,6553400.0,,,,,,,7047500.0,25994990.0,18947490.0,46056292.0,1.13,11.91,0.0,0.0,39203200.0,5.52,2.5,7.67,27091100.0,,,,,,,,,0.0,27091100.0,,,433202797.0,471917600.0,26816.0,185132.0,5.52,2.5,7.67
23,2015,June,ANNE ARUNDEL MEDICAL CENTER,0.975,short_name,,,562952500.0,569757900.0,6805400.0,28655859.0,47093161.0,24806209.0,-22286951.0,477344509.0,483955809.0,6611300.0,,,,,,,484515009.0,26952900.0,26393700.0,51761487.0,0.99,11.48,0.0,0.0,-16185791.0,9.72,4.86,-3.44,-40992000.0,,,,,,,,,0.0,-40992000.0,,,437421849.0,486102500.0,,,9.72,4.86,-3.44
23,2016,June,ANNE ARUNDEL MEDICAL CENTER,0.975,short_name,,,576313300.0,583255200.0,6941900.0,28636602.0,52222307.0,25488344.0,-26733963.0,497838744.0,504205444.0,6366700.0,,,,,,,5914800.0,516508144.0,6387900.0,51929798.0,0.73,10.96,,0.0,-12410456.0,10.37,4.93,-2.59,-37898800.0,,,,,,,,,0.0,-37898800.0,,,451531237.0,491019800.0,,,10.37,4.93,-2.59
23,2017,June,ANNE ARUNDEL MEDICAL CENTER,0.975,short_name,,,601774600.0,609966134.0,8191534.0,29107555.0,41118933.0,15442974.0,-25675959.0,515360553.0,523006941.0,7646388.0,,,,,,,3477500.0,11845000.0,8367500.0,52888654.0,0.48,11.13,,0.0,79451967.0,7.93,2.89,13.27,64008993.0,,,,,,,,,0.0,64008993.0,,,477719120.0,519408967.0,,,7.93,2.89,13.27
23,2018,June,ANNE ARUNDEL MEDICAL CENTER,0.975,short_name,,,632980900.0,642944490.0,9963590.0,28632967.0,57567128.0,29237958.0,-28329170.0,545511252.0,549206942.0,3695690.0,,,,,,,2847116.0,11000016.0,8152900.0,53348107.0,0.34,10.75,,581746.0,57575958.0,10.5,5.22,9.78,28338000.0,,,,,,,,,0.0,28338000.0,,,490791240.0,530969000.0,,,10.5,5.22,9.78
24,2007,June,UNION MEMORIAL HOSPITAL,0.832,short_name,26196.0,27961.0,368210000.0,414889549.0,46679549.0,,19220341.0,9726290.0,-9494052.0,311376653.0,332564261.0,21187608.0,12027.51,12302.02,11886.44,11893.94,11293.8,11954.16,315072253.0,343974598.0,28902345.0,,,,,,,,,,14290723.0,29.75,17.7,8.7,8.57,7.73,61.32,6.1,2.83,0.0,14290723.0,24017013.0,6.7,295851912.0,334248308.0,,,6.1,2.83,6.7
24,2008,June,UNION MEMORIAL HOSPITAL,0.832,short_name,27433.0,29556.0,413393800.0,472741731.0,59347931.0,,38836906.0,23191774.0,-15645132.0,352995022.0,380520214.0,27525192.0,13003.82,13290.26,12867.51,12874.51,11588.12,12505.6,356734422.0,392808272.0,36073850.0,,,,,,,,,,-1424699.0,102.06,138.44,8.12,8.25,2.61,-9.37,10.89,5.9,0.0,-1424699.0,21767075.0,5.56,317897600.0,369616498.0,,,10.89,5.9,5.56
24,2009,June,UNION MEMORIAL HOSPITAL,0.832,short_name,27166.0,30615.0,413847100.0,510095980.0,96248880.0,,31084855.0,10324864.0,-20759991.0,353456109.0,389727831.0,36271722.0,13155.34,13144.36,13011.09,12730.1,12011.07,12807.11,357374722.0,402410378.0,45035656.0,,,,,,,,,,-3504021.0,-19.96,-55.48,1.17,1.12,3.65,-68.66,8.7,2.57,0.0,-3504021.0,6820843.0,1.71,326289867.0,392085514.0,,,8.7,2.57,1.71
24,2010,June,UNION MEMORIAL HOSPITAL,0.832,short_name,26044.0,29813.0,399909200.0,516736666.0,116827466.0,,29401895.0,8076961.0,-21324934.0,336918166.0,379735165.0,42816999.0,13083.43,13157.03,12936.47,12737.19,11954.5,12886.11,340745526.0,392251859.0,51506333.0,,,,,,,,,,6635897.0,-5.41,-21.77,-0.55,-0.57,-0.47,115.7,8.63,2.06,0.0,6635897.0,14712858.0,3.69,311343631.0,384174898.0,,,8.63,2.06,3.69
24,2011,June,MEDSTAR UNION MEMORIAL,0.975,cms_name,23625.0,26942.0,400597100.0,532224647.0,131627547.0,,38836897.0,12947521.0,-25889376.0,337555155.0,384611999.0,47056844.0,14450.25,14736.57,14287.85,14275.36,12806.38,14256.01,3836700.0,12426052.0,8589352.0,,,,,,,,,,8426792.0,32.09,60.3,10.45,10.45,7.13,45.28,11.38,3.26,0.0,8426792.0,21374313.0,5.27,302554958.0,384090530.0,,,11.38,3.26,5.27
24,2012,June,MEDSTAR UNION MEMORIAL,0.975,cms_name,23916.0,27496.0,422530700.0,564853369.0,142322669.0,,31416756.0,3053549.0,-28363207.0,339127630.0,387588875.0,48461245.0,14352.56,14558.55,14179.75,14096.28,13038.95,14447.49,4132978.0,400299345.0,8577492.0,,,,,,4084294.0,,,,1030745.0,-19.11,-76.42,-0.68,-0.76,1.82,-80.89,9.15,0.76,0.0,1030745.0,4084294.0,1.02,311843852.0,397245796.0,14914.0,100138.0,9.15,0.76,1.02
24,2013,June,MEDSTAR UNION MEMORIAL,0.975,cms_name,23497.0,26977.0,406581900.0,548450789.0,141868889.0,32215404.0,20335376.0,-6223738.0,-26559115.0,325853133.0,377533429.0,51680296.0,14128.0,14518.68,13867.62,13994.59,13262.57,14749.39,6118228.0,14138449.0,8020221.0,48151353.0,1.34,15.0,11912410.0,,-1472759.0,6.13,-1.59,-0.37,4750979.0,-35.27,-303.82,-1.56,-2.2,1.72,-136.06,6.13,-1.59,0.0,4750979.0,-1472759.0,-0.37,311635984.0,397895616.0,14044.0,110887.0,6.13,-1.59,-0.37
24,2014,June,MEDSTAR UNION MEMORIAL HOSPITAL,1.0,cms_name,,,415164300.0,568828482.0,153664182.0,29090790.0,46312220.0,14537178.0,-31775042.0,343104896.0,395467034.0,52362138.0,,,,,,,4836762.0,409206476.0,8902680.0,44071594.0,1.17,13.64,,11238490.0,20389661.0,13.31,3.55,4.91,5852483.0,,,,,,,,,0.0,5852483.0,,,301629439.0,394669299.0,,,13.31,3.55,4.91
24,2015,June,MEDSTAR UNION MEMORIAL HOSPITAL,1.0,cms_name,,,419374600.0,557030761.0,137656161.0,28779775.0,42313734.0,8186700.0,-34127034.0,361044332.0,414368343.0,53324011.0,,,,,,,366279654.0,428918786.0,62639133.0,46989581.0,0.99,12.43,,11093490.0,9579971.0,11.55,1.91,2.23,1393271.0,,,,,,,,,0.0,1393271.0,,,323965920.0,420732087.0,,,11.55,1.91,2.23
24,2016,June,MEDSTAR UNION MEMORIAL HOSPITAL,1.0,cms_name,,,426343800.0,556443659.0,130099859.0,28479473.0,44444733.0,4832611.0,-39612122.0,361444621.0,417273738.0,55829116.0,,,,,,,364510768.0,429225238.0,64714470.0,44335589.0,0.77,12.26,,14052897.0,4215211.0,12.19,1.13,0.98,-617400.0,,,,,,,,,0.0,-617400.0,,,320066035.0,424392626.0,,,12.19,1.13,0.98
24,2017,June,MEDSTAR UNION MEMORIAL HOSPITAL,1.0,cms_name,,,434442400.0,613983891.0,179541491.0,28241229.0,55078306.0,10817431.0,-44260875.0,371471942.0,444138147.0,72666205.0,,,,,,,373219507.0,454299962.0,81080456.0,47714791.0,0.58,12.32,,9752671.0,17108271.0,14.76,2.38,3.71,6290841.0,,,,,,,,,0.0,6290841.0,,,318141201.0,443482532.0,,,14.76,2.38,3.71
24,2018,June,MEDSTAR UNION MEMORIAL HOSPITAL,1.0,cms_name,,,440415067.0,580022801.0,139607734.0,31260715.0,39862489.0,8012276.0,-31850213.0,375131688.0,440305298.0,65173610.0,,,,,,,382512921.0,457194342.0,74681422.0,53540439.0,0.67,12.38,,13391966.0,12324708.0,10.42,1.75,2.67,4312432.0,,,,,,,,,0.0,4312432.0,,,342650432.0,449182066.0,,,10.42,1.75,2.67
27,2010,June,WESTERN MARYLAND REGIONAL M C,0.919,hscrc_name,26550.0,29499.0,278853100.0,322886200.0,44033100.0,,2867123.0,-5010200.0,-7877323.0,234206000.0,265762000.0,31556000.0,8877.56,9162.79,8821.26,9009.28,8769.57,9332.64,1494700.0,270290400.0,3033700.0,,,,,,,,,,6751000.0,,,,,,,1.22,-1.85,0.0,6751000.0,1740800.0,0.63,232833577.0,275300600.0,,,1.22,-1.85,0.63
27,2011,June,WESTERN MARYLAND REGIONAL M C,0.919,hscrc_name,25965.0,29329.0,304982500.0,356893400.0,51910900.0,,15396281.0,2829900.0,-12566381.0,247155600.0,285425300.0,38269700.0,9606.65,9898.84,9518.94,9731.76,9013.68,9802.36,2277300.0,290325700.0,2623100.0,,,,,,,,,,8160100.0,436.99,156.48,8.21,7.91,2.78,531.32,6.17,0.97,0.0,8160100.0,10990000.0,3.68,234036619.0,287495800.0,,,6.17,0.97,3.68
27,2012,June,WESTERN MARYLAND REGIONAL M C,0.919,hscrc_name,24458.0,28015.0,308555800.0,366166600.0,57610800.0,,1659092.0,-9867700.0,-11526792.0,239944900.0,283516200.0,43571300.0,9919.64,10300.38,9810.36,10120.15,9851.81,10652.61,2672900.0,5049000.0,2376100.0,,,,,,-1723700.0,,,,8144000.0,-89.22,-448.69,3.26,3.06,9.3,-115.68,0.68,-3.42,0.0,8144000.0,-1723700.0,-0.58,240958708.0,298432900.0,13814.0,101271.0,0.68,-3.42,-0.58
27,2013,June,WESTERN MARYLAND REGIONAL M C,0.919,hscrc_name,21991.0,25498.0,314237400.0,374794000.0,60556600.0,25299218.0,30004025.0,10869400.0,-19134625.0,253404700.0,291258100.0,37853400.0,11823.5,11794.66,11523.11,11422.59,10459.12,11368.38,6605700.0,300745100.0,40734700.0,39798436.0,1.24,13.73,0.0,,15201700.0,11.54,3.61,4.98,4332300.0,1708.45,210.15,19.19,17.46,6.16,981.92,11.54,3.61,0.0,4332300.0,15201700.0,4.98,230006375.0,289875700.0,13029.0,96697.0,11.54,3.61,4.98
27,2014,June,WESTERN MARYLAND REGIONAL MEDICAL CENTER,1.0,cms_name,,,317898800.0,380730300.0,62831500.0,18787465.0,38761001.0,19746900.0,-19014101.0,255447200.0,293355000.0,37907800.0,,,,,,,260760899.0,7986799.0,40580900.0,32532068.0,0.94,11.86,,0.0,25261700.0,14.86,6.55,8.23,5514799.0,,,,,,,,,0.0,5514799.0,,,221999899.0,281594900.0,,,14.86,6.55,8.23
27,2015,June,WESTERN MARYLAND REGIONAL MEDICAL CENTER,1.0,cms_name,,,322958900.0,391843100.0,68884200.0,21068604.0,40968696.0,21637200.0,-19331496.0,262636400.0,305112200.0,42475800.0,,,,,,,266603000.0,6478900.0,2512300.0,36728584.0,1.0,12.23,,0.0,21186600.0,15.37,6.94,6.81,-450600.0,,,,,,,,,0.0,-450600.0,,,225634304.0,289953900.0,,,15.37,6.94,6.81
27,2016,June,WESTERN MARYLAND REGIONAL MEDICAL CENTER,1.0,cms_name,,,325608000.0,399221400.0,73613400.0,19950071.0,36063679.0,5983800.0,-30079879.0,268769800.0,312546600.0,43776800.0,,,,,,,273142400.0,319167000.0,46024600.0,33756020.0,0.87,10.8,,0.0,7960700.0,13.2,1.87,2.48,1976900.0,,,,,,,,,0.0,1976900.0,,,237078721.0,313183200.0,,,13.2,1.87,2.48
27,2017,June,WESTERN MARYLAND REGIONAL MEDICAL CENTER,1.0,cms_name,,,329028900.0,408214900.0,79186000.0,22121815.0,30876780.0,7157100.0,-23719680.0,270829300.0,323334700.0,52505400.0,,,,,,,274587500.0,328707700.0,54120200.0,37628038.0,0.7,11.23,,0.0,20451600.0,11.24,2.18,5.98,13294500.0,,,,,,,,,0.0,13294500.0,,,243710720.0,321550600.0,,,11.24,2.18,5.98
27,2018,June,WESTERN MARYLAND REGIONAL MEDICAL CENTER,1.0,cms_name,,,332245500.0,411803600.0,79558100.0,21346670.0,35223621.0,10644897.0,-24578724.0,275121700.0,327223997.0,52102297.0,,,,,,,278459600.0,332631797.0,54172197.0,36653941.0,0.66,10.39,,0.0,21785897.0,12.65,3.2,6.34,11141000.0,,,,,,,,,0.0,11141000.0,,,243235979.0,321986900.0,,,12.65,3.2,6.34
28,2007,June,SAINT MARY S HOSPITAL,0.795,cms_name,16036.0,16590.0,106160000.0,112758238.0,6598238.0,,6803498.0,7319609.0,516111.0,92658716.0,96911217.0,4252501.0,5591.47,5926.11,5778.21,5841.45,5167.2,5484.92,89664116.0,98315817.0,8651701.0,,,,,,,,,,1777402.0,-37.3,-31.93,1.74,6.46,8.08,-22.16,7.59,7.44,0.0,1777402.0,9097011.0,9.09,82860617.0,90996208.0,,,7.59,7.44,9.09
28,2008,June,SAINT MARY S HOSPITAL,0.795,cms_name,16309.0,16887.0,114652300.0,121864317.0,7212017.0,,9062391.0,6704465.0,-2357926.0,96521141.0,103261881.0,6740740.0,5989.62,6224.1,5918.24,6114.85,5433.96,5827.08,97685347.0,105106807.0,7421460.0,,,,,,,,,,896484.0,33.2,-8.4,7.12,2.42,5.16,-16.45,9.28,6.38,296215.0,1192699.0,7600949.0,7.15,88622956.0,98402342.0,,,9.28,6.38,7.15
28,2009,June,SAINT MARY S HOSPITAL,0.795,cms_name,17592.0,18509.0,124100600.0,132079516.0,7978916.0,,9437955.0,1801101.0,-7636854.0,105768160.0,108797343.0,3029183.0,6094.25,5955.93,6012.37,5878.11,5557.75,5858.62,107208560.0,110237743.0,3029183.0,,,,,,,,,,-1402542.0,4.14,-73.14,1.75,1.59,2.28,-94.76,8.8,1.63,2029442.0,626900.0,398559.0,0.36,97770605.0,108436642.0,,,8.8,1.63,0.36
28,2010,June,SAINT MARY S HOSPITAL,0.795,cms_name,17586.0,18361.0,125978346.0,133939462.0,7961116.0,,10771624.0,4284259.0,-6487365.0,102454852.0,109069471.0,6614620.0,5954.47,6088.16,5826.0,5940.2,5341.95,5854.83,2259219.0,2716663.0,457444.0,,,,,,,,,,-1876534.0,14.13,137.87,-2.29,-3.1,-3.88,48.76,10.29,3.83,2009710.0,133176.0,2407725.0,2.15,93942446.0,107501875.0,,,10.29,3.83,2.15
28,2011,June,MEDSTAR SAINT MARY S HOSPITAL,1.0,cms_name,16151.0,15119.0,134162900.0,143441203.0,9278303.0,,14105743.0,6013183.0,-8092560.0,110583185.0,116389545.0,5806361.0,6863.77,7808.91,6846.82,7698.38,5990.4,7411.18,110856885.0,1671044.0,1397344.0,,,,,,,,,,1437820.0,30.95,40.36,15.27,17.52,12.14,209.46,12.72,5.09,0.0,1437820.0,7451003.0,6.24,96751142.0,112047407.0,,,12.72,5.09,6.24
28,2012,June,MEDSTAR SAINT MARY S HOSPITAL,1.0,cms_name,16444.0,17327.0,151897000.0,161983460.0,10086460.0,,14168767.0,9641843.0,-4526924.0,115905184.0,125323478.0,9418294.0,7339.03,7576.79,7048.41,7232.88,6477.4,7020.33,120684064.0,131282445.0,10598382.0,,,,,,9640308.0,,,,-1535.0,0.45,60.35,6.92,2.94,8.13,29.38,11.74,7.34,278628.0,277093.0,9640308.0,7.33,106515296.0,121640602.0,7581.0,66876.0,11.74,7.34,7.33
28,2013,June,MEDSTAR SAINT MARY S HOSPITAL,1.0,cms_name,16783.0,17135.0,154603000.0,166187466.0,11584466.0,10019402.0,16308891.0,10245118.0,-6063773.0,122725928.0,130862627.0,8136699.0,7327.67,7769.95,7312.63,7636.99,6355.91,7172.06,252484.0,2278437.0,2025953.0,19538456.0,0.87,13.5,0.0,,12348616.0,13.26,7.69,9.24,2103498.0,15.1,6.26,-0.15,3.75,-1.88,28.09,13.26,7.69,-1659387.0,444111.0,12348616.0,9.24,106669520.0,122895946.0,7477.0,68692.0,13.26,7.69,9.24
28,2014,June,MEDSTAR SAINT MARY S HOSPITAL,1.0,cms_name,,,157936000.0,170379429.0,12443429.0,9849040.0,20257153.0,11501757.0,-8755396.0,131499627.0,138299296.0,6799669.0,,,,,,,2960851.0,4705918.0,1745067.0,18962134.0,0.74,12.56,0.0,,12271586.0,15.07,8.04,8.54,769829.0,,,,,,,,,0.0,769829.0,,,114203324.0,131503457.0,6681.0,67665.0,15.07,8.04,8.54
28,2015,June,MEDSTAR SAINT MARY S HOSPITAL,1.0,cms_name,,,166124100.0,178739982.0,12615882.0,9037725.0,22494526.0,13266600.0,-9227927.0,140075188.0,147788648.0,7713460.0,,,,,,,3241480.0,152662680.0,1632552.0,18362831.0,0.62,11.25,0.0,,13257796.0,15.7,8.69,8.68,-8804.0,,,,,,,,,0.0,-8804.0,,,120822142.0,139396080.0,,,15.7,8.69,8.68
28,2016,June,MEDSTAR ST MARY S HOSPITAL,0.975,hscrc_name,,,178043900.0,189597094.0,11553194.0,10811081.0,15810526.0,7986905.0,-7823621.0,145761191.0,154657111.0,8895921.0,,,,,,,905975.0,3328691.0,2422716.0,21073236.0,0.5,10.72,,0.0,7987366.0,10.78,5.06,5.06,460.0,,,,,,,,,0.0,460.0,,,130856640.0,149998897.0,,,10.78,5.06,5.06
28,2017,June,MEDSTAR ST MARY S HOSPITAL,0.975,hscrc_name,,,190011200.0,201478440.0,11467240.0,10830503.0,12194026.0,4152029.0,-8041997.0,160955162.0,169288567.0,8333405.0,,,,,,,1631543.0,3620978.0,1989435.0,22702349.0,0.4,11.02,,0.0,4364894.0,7.5,2.4,2.52,212865.0,,,,,,,,,0.0,212865.0,,,150392679.0,168757516.0,,,7.5,2.4,2.52
28,2018,June,MEDSTAR ST MARY S HOSPITAL,0.975,hscrc_name,,,196820500.0,210145645.0,13325145.0,11401402.0,26913998.0,16948097.0,-9965901.0,168001259.0,176837894.0,8836635.0,,,,,,,1291349.0,2328879.0,1037530.0,24667161.0,0.38,10.78,,0.0,17194914.0,15.9,9.46,9.58,246817.0,,,,,,,,,0.0,246817.0,,,142378610.0,162218677.0,,,15.9,9.46,9.58
29,2007,June,JOHNS HOPKINS BAYVIEW MEDICAL CENTER,1.0,cms_name,33468.0,34238.0,443763600.0,459324800.0,15561200.0,,7498111.0,5194400.0,-2303711.0,374135300.0,388806500.0,14671200.0,11452.83,12926.02,11178.8,11355.89,11228.79,12774.31,383306300.0,442565400.0,59259100.0,,,,,,,,,,2041000.0,152.62,325.63,7.2,8.33,6.02,-31.83,1.96,1.17,0.0,2041000.0,7235400.0,1.63,375808189.0,437371000.0,,,1.96,1.17,1.63
29,2008,June,JOHNS HOPKINS BAYVIEW MEDICAL CENTER,1.0,cms_name,32999.0,33631.0,492861500.0,507556300.0,14694800.0,,9663237.0,4620400.0,-5042837.0,414509200.0,428430000.0,13920800.0,12815.95,14293.82,12561.12,12739.09,12523.12,14156.44,422918500.0,480717400.0,57798900.0,,,,,,,,,,-3196000.0,28.88,-11.05,11.9,12.37,11.53,-80.31,2.28,0.96,0.0,-3196000.0,1424400.0,0.3,413255263.0,476097000.0,,,2.28,0.96,0.3
29,2009,June,JOHNS HOPKINS BAYVIEW MEDICAL CENTER,1.0,cms_name,33167.0,33623.0,513495600.0,523211300.0,9715700.0,,13855885.0,1570434.0,-12285451.0,431873500.0,440902200.0,9028700.0,13301.35,14622.03,13021.25,13112.95,12883.58,14575.32,441163400.0,491642400.0,50479000.0,,,,,,,,,,1761200.0,43.39,-66.01,3.79,3.66,2.88,133.9,3.14,0.32,0.0,1761200.0,3331634.0,0.68,427307515.0,490071966.0,,,3.14,0.32,0.68
29,2010,June,JOHNS HOPKINS BAYVIEW MEDICAL CENTER,1.0,cms_name,33626.0,34271.0,518108900.0,527906200.0,9797300.0,,10271332.0,920400.0,-9350932.0,430968800.0,440350100.0,9381300.0,13025.69,14160.9,12816.61,12849.16,12720.23,14134.04,7030600.0,485304200.0,47304800.0,,,,,,,,,,1424600.0,-25.87,-41.39,-2.07,-1.57,-1.27,144.04,2.35,0.19,0.0,1424600.0,2345000.0,0.48,427728068.0,484383800.0,,,2.35,0.19,0.48
29,2011,June,JOHNS HOPKINS BAYVIEW MEDICAL CENTER,1.0,cms_name,34562.0,35274.0,530152100.0,539233900.0,9081800.0,,16686571.0,4766800.0,-11919771.0,436873400.0,445400200.0,8526800.0,12866.5,14016.98,12640.17,12626.75,12383.71,13881.85,7822600.0,494439800.0,41217000.0,,,,,,,,,,1430200.0,62.46,417.91,-1.22,-1.38,-2.65,164.26,3.75,0.96,0.0,1430200.0,6197000.0,1.25,428009429.0,489673000.0,,,3.75,0.96,1.25
29,2012,June,JOHNS HOPKINS BAYVIEW MEDICAL CENTER,1.0,cms_name,35261.0,36333.0,584860100.0,594152500.0,9292400.0,,21925036.0,9142200.0,-12782836.0,464656600.0,473312000.0,8655400.0,13479.41,14436.94,13177.64,13026.94,12857.62,14185.32,475297200.0,524542200.0,49245000.0,,,,,,10625700.0,,,,1483500.0,31.39,91.79,4.76,4.25,3.83,71.47,4.61,1.74,0.0,1483500.0,10625700.0,2.02,453372164.0,515400000.0,21903.0,458827.0,4.61,1.74,2.02
29,2013,June,JOHNS HOPKINS BAYVIEW MEDICAL CENTER,1.0,cms_name,35676.0,37030.0,596807300.0,605381200.0,8573900.0,54097223.0,5832881.0,-8054000.0,-13886881.0,476903000.0,484909900.0,8006900.0,13643.28,14400.91,13367.67,13095.22,13479.78,14618.41,9832500.0,48349100.0,38516600.0,76755203.0,1.45,15.74,21604600.0,,-6796000.0,1.2,-1.51,-1.27,1258000.0,-73.4,-188.1,1.22,1.44,4.84,-163.96,1.2,-1.51,0.0,1258000.0,-6796000.0,-1.27,480902619.0,541313000.0,21497.0,434814.0,1.2,-1.51,-1.27
29,2014,June,JOHNS HOPKINS BAYVIEW MEDICAL CENTER,1.0,cms_name,,,605106300.0,609513200.0,4406900.0,50358227.0,21241512.0,9418500.0,-11823012.0,484348000.0,488011900.0,3663900.0,,,,,,,493397099.0,52009599.0,42960500.0,73151486.0,0.84,15.27,21979800.0,21979800.0,11105000.0,4.31,1.74,2.05,1686500.0,,,,,,,,,0.0,1686500.0,,,472155588.0,530603000.0,20529.0,440573.0,4.31,1.74,2.05
29,2015,June,JOHNS HOPKINS BAYVIEW MEDICAL CENTER,1.0,cms_name,,,618220800.0,622443300.0,4222500.0,48732506.0,16998565.0,11999800.0,-4998765.0,507487100.0,511337600.0,3850500.0,,,,,,,515585200.0,575028800.0,59443600.0,72866555.0,0.79,14.35,22227000.0,22227000.0,13875000.0,3.3,2.09,2.41,1875200.0,,,,,,,,,0.0,1875200.0,,,498586635.0,563029000.0,,,3.3,2.09,2.41
29,2016,June,JOHNS HOPKINS BAYVIEW MEDICAL CENTER,1.0,cms_name,,,643455400.0,648211000.0,4755600.0,50700507.0,12162463.0,6981000.0,-5181463.0,535127100.0,539395700.0,4268600.0,,,,,,,7814000.0,64147300.0,56333300.0,76893516.0,0.49,13.78,,22135500.0,9114900.0,2.24,1.16,1.5,2133900.0,,,,,,,,,0.0,2133900.0,,,530778637.0,596562000.0,,,2.24,1.16,1.5
29,2017,June,JOHNS HOPKINS BAYVIEW MEDICAL CENTER,1.0,cms_name,,,645219500.0,650295100.0,5075600.0,48789547.0,2798206.0,-5633000.0,-8431206.0,545302200.0,549917800.0,4615600.0,,,,,,,6607400.0,58283200.0,51675800.0,75591998.0,0.55,14.35,,23453200.0,3276000.0,0.51,-0.93,0.53,8909000.0,,,,,,,,,0.0,8909000.0,,,549111394.0,613834000.0,,,0.51,-0.93,0.53
29,2018,June,JOHNS HOPKINS BAYVIEW MEDICAL CENTER,1.0,cms_name,,,670224185.0,675481985.0,5257800.0,49519400.0,2021881.0,-6566212.0,-8588094.0,560053114.0,564910914.0,4857800.0,,,,,,,7851427.0,61070874.0,53219447.0,79496891.0,0.42,14.19,,22133583.0,811033.0,0.36,-1.05,0.13,7377245.0,,,,,,,,,0.0,7377245.0,,,565882659.0,632548000.0,,,0.36,-1.05,0.13
30,2011,June,UM SHORE MEDICAL CHESTERTOWN,0.758,hscrc_name,5495.0,5631.0,62310300.0,65187668.0,2877368.0,,1662317.0,531033.0,-1131284.0,51340374.0,53045123.0,1704749.0,9381.84,9508.92,9343.83,9420.48,9079.3,9414.61,208861.0,498014.0,289153.0,,,,,,,,,,1561894.0,973.0,131.72,16.85,17.0,13.42,303.59,3.22,0.99,56896.0,1618790.0,2092927.0,3.79,49886918.0,53012104.0,,,3.22,0.99,3.79
30,2012,June,UM SHORE MEDICAL CHESTERTOWN,0.758,hscrc_name,5527.0,5703.0,65051700.0,68631069.0,3579369.0,,-585613.0,-2151852.0,-1566239.0,49528431.0,51685740.0,2157309.0,8997.38,9143.2,8960.38,9063.17,9103.32,9520.53,204497.0,456364.0,251867.0,,,,,,-1947852.0,,,,204000.0,-135.23,-505.22,-4.1,-4.1,0.26,-193.07,-1.18,-4.13,398016.0,602016.0,-1947852.0,-3.69,50318541.0,54293956.0,2666.0,20719.0,-1.18,-4.13,-3.69
30,2013,June,UM SHORE MEDICAL CHESTERTOWN,0.758,hscrc_name,4695.0,4841.0,62791800.0,66382797.0,3590997.0,5992004.0,1403716.0,-185817.0,-1589533.0,48143539.0,51375536.0,3231997.0,10271.7,10675.42,10254.5,10612.59,9972.71,10713.8,48224262.0,51679691.0,3455429.0,11291653.0,1.16,15.13,0.0,,1065985.0,2.91,-0.36,2.01,1251802.0,339.7,91.36,14.16,14.44,9.55,154.73,2.91,-0.36,0.0,1251802.0,1065985.0,2.01,46820546.0,51865507.0,2217.0,21256.0,2.91,-0.36,2.01
30,2014,June,UM SHORE MEDICAL CHESTERTOWN,0.758,hscrc_name,,,64508977.0,68064801.0,3555824.0,5365199.0,8334074.0,5580293.0,-2753782.0,49270622.0,52650446.0,3379824.0,,,,,,,49324288.0,52934190.0,3609902.0,10362569.0,0.46,13.76,0.0,,6550008.0,16.9,10.54,12.14,969715.0,,,,,,,,,71690.0,1041405.0,,,40990213.0,47353897.0,1886.0,20771.0,16.9,10.54,12.14
30,2015,June,UM SHORE MEDICAL CHESTERTOWN,0.758,hscrc_name,,,64477400.0,68233875.0,3756475.0,3816284.0,3879516.0,1341164.0,-2538352.0,46873264.0,50444404.0,3571140.0,,,,,,,46905538.0,50703512.0,3797974.0,9025276.0,0.9,12.34,0.0,,1174180.0,8.27,2.65,2.32,-166984.0,,,,,,,,,4691.0,-162293.0,,,43026022.0,49362348.0,,,8.27,2.65,2.32
30,2016,June,UM SHORE REGIONAL HEALTH AT CHESTERTOWN,0.705,cms_name,,,60065200.0,64105468.0,4040268.0,3603074.0,6928604.0,4949900.0,-1978704.0,49733012.0,53581368.0,3848356.0,,,,,,,-236735.0,-19468.0,217267.0,8062886.0,0.96,13.1,,0.0,4546900.0,14.0,9.24,8.43,-403000.0,,,,,,,,,793000.0,390000.0,,,42567673.0,48612000.0,,,14.0,9.24,8.43
30,2017,June,UM SHORE REGIONAL HEALTH AT CHESTERTOWN,0.705,cms_name,,,59206500.0,63054639.0,3848139.0,3377301.0,7163216.0,6165589.0,-997626.0,48155807.0,51810589.0,3654782.0,,,,,,,48164878.0,403000.0,393929.0,7196289.0,0.77,12.3,,0.0,7849589.0,14.87,11.81,14.54,1684000.0,,,,,,,,,72000.0,1756000.0,,,41001663.0,46048000.0,,,14.87,11.81,14.54
30,2018,June,UM SHORE REGIONAL HEALTH AT CHESTERTOWN,0.705,cms_name,,,59412493.0,63724181.0,4311688.0,2999239.0,10412434.0,7494300.0,-2918134.0,50803189.0,53243600.0,2440411.0,,,,,,,50884130.0,510000.0,429060.0,5182302.0,0.79,8.88,,0.0,8135300.0,20.46,13.94,14.84,641000.0,,,,,,,,,443000.0,1084000.0,,,40471696.0,46259300.0,,,20.46,13.94,14.84
32,2007,June,UNION HOSPITAL OF CECIL COUNTY,1.0,cms_name,13534.0,14489.0,102995100.0,110293000.0,7297900.0,,706200.0,-612500.0,-1318700.0,87294100.0,90803300.0,3509200.0,6494.98,6432.77,6450.1,6267.24,6442.8,6475.04,87901600.0,93201500.0,5299900.0,,,,,,,,,,4878400.0,-63.09,-171.94,12.76,12.31,14.6,-26.63,0.8,-0.66,441200.0,5319600.0,4265900.0,4.33,87195400.0,93814000.0,,,0.8,-0.66,4.33
32,2008,June,UNION HOSPITAL OF CECIL COUNTY,1.0,cms_name,15891.0,17639.0,116438100.0,129274900.0,12836800.0,,6818400.0,4464100.0,-2354300.0,98597600.0,104540500.0,5942900.0,6322.27,6145.43,6204.7,5926.74,5893.19,5892.35,100465900.0,108397900.0,7932000.0,,,,,,,,,,7314600.0,865.51,828.83,-2.66,-3.8,-8.53,176.11,6.79,4.12,158000.0,7472600.0,11778700.0,10.17,93647500.0,103933800.0,,,6.79,4.12,10.17
32,2009,June,UNION HOSPITAL OF CECIL COUNTY,1.0,cms_name,15761.0,17769.0,126780200.0,142961800.0,16181600.0,,6895100.0,2448400.0,-4446700.0,105285300.0,112987400.0,7702100.0,6756.83,6531.4,6680.09,6358.53,6319.36,6393.61,106494800.0,116059200.0,9564400.0,,,,,,,,,,-7965700.0,1.12,-45.15,6.87,7.66,7.23,-146.84,6.47,2.11,326000.0,-7639700.0,-5517300.0,-5.09,99599700.0,113610800.0,,,6.47,2.11,-5.09
32,2010,June,UNION HOSPITAL OF CECIL COUNTY,1.0,cms_name,15251.0,18659.0,126899200.0,155273400.0,28374200.0,,3588900.0,-1994700.0,-5583600.0,104653300.0,116451100.0,11797800.0,6955.97,6419.16,6862.04,6241.05,6720.65,6526.07,1432600.0,119774400.0,13688500.0,,,,,,,,,,5193800.0,-47.95,-181.47,2.95,2.72,6.35,157.98,3.38,-1.67,315900.0,5509700.0,3199100.0,2.55,102497000.0,121769100.0,,,3.38,-1.67,2.55
32,2011,June,UNION HOSPITAL OF CECIL COUNTY,1.0,cms_name,13899.0,17267.0,137717900.0,171110300.0,33392400.0,,11852200.0,4430100.0,-7422100.0,113936800.0,127859500.0,13922700.0,8257.01,7561.73,8197.34,7404.65,7404.29,7305.17,114766200.0,130571800.0,15805600.0,,,,,,,,,,6581100.0,230.25,322.09,18.7,19.46,10.17,244.2,10.33,3.39,185600.0,6766700.0,11011200.0,8.02,102914000.0,126141700.0,,,10.33,3.39,8.02
32,2012,June,UNION HOSPITAL OF CECIL COUNTY,1.0,cms_name,13309.0,16616.0,148428400.0,185326700.0,36898300.0,,14953500.0,4988700.0,-9964800.0,121323300.0,136827500.0,15504200.0,9162.11,8387.42,9115.61,8234.81,8038.58,8087.18,618900.0,139363300.0,1916900.0,,,,,,4256400.0,,,,-732300.0,26.17,12.61,10.96,11.2,8.57,-61.34,12.26,3.58,387800.0,-344500.0,4256400.0,3.06,106988700.0,134374600.0,6347.0,50709.0,12.26,3.58,3.06
32,2013,June,UNION HOSPITAL OF CECIL COUNTY,1.0,cms_name,12828.0,15834.0,153372900.0,189329600.0,35956700.0,9416702.0,15753700.0,5112000.0,-10641700.0,125947900.0,141178600.0,15230700.0,10035.8,9223.98,9818.47,8916.11,8807.7,8901.14,128735700.0,146053500.0,17317800.0,15525727.0,1.37,11.3,0.0,,9281500.0,12.24,3.5,6.15,4169500.0,5.35,2.47,9.54,7.71,9.57,118.06,12.24,3.5,602400.0,4771900.0,9281500.0,6.15,112982000.0,140941500.0,5750.0,47563.0,12.24,3.5,6.15
32,2014,June,UNION HOSPITAL OF CECIL COUNTY,1.0,cms_name,,,157913800.0,189850700.0,31936900.0,9233707.0,14909300.0,3372300.0,-11537000.0,130347100.0,145150300.0,14803200.0,,,,,,,132904600.0,149788499.0,16883899.0,16863250.0,1.04,9.77,0.0,0.0,10810500.0,11.22,2.25,6.86,7438200.0,,,,,,,,,287100.0,7725300.0,,,117995300.0,146416200.0,5045.0,44457.0,11.22,2.25,6.86
32,2015,June,UNION HOSPITAL OF CECIL COUNTY,1.0,cms_name,,,157025000.0,193187400.0,36162400.0,10520633.0,14652783.0,2629283.0,-12023500.0,132874783.0,149448883.0,16574100.0,,,,,,,134801783.0,153379283.0,18577500.0,21091433.0,0.83,11.07,0.0,0.0,2163183.0,10.87,1.71,1.4,-466100.0,,,,,,,,,1062800.0,596700.0,,,120149000.0,150750000.0,,,10.87,1.71,1.4
32,2016,June,UNION HOSPITAL OF CECIL COUNTY,1.0,cms_name,,,160304000.0,197689100.0,37385100.0,9229685.0,16286669.0,3117769.0,-13168900.0,136329669.0,152147469.0,15817800.0,,,,,,,1469400.0,3614200.0,2144800.0,19925805.0,0.6,10.71,,0.0,2859969.0,11.82,2.0,1.84,-257800.0,,,,,,,,,292800.0,35000.0,,,121512400.0,152643900.0,,,11.82,2.0,1.84
32,2017,June,UNION HOSPITAL OF CECIL COUNTY,1.0,cms_name,,,160871300.0,196999200.0,36127900.0,8676003.0,17485243.0,956043.0,-16529200.0,137576843.0,152778743.0,15201900.0,,,,,,,140903543.0,5260300.0,1933600.0,19921624.0,0.65,9.96,,0.0,5978843.0,12.41,0.6,3.66,5022800.0,,,,,,,,,263800.0,5286600.0,,,123418300.0,157083000.0,,,12.41,0.6,3.66
32,2018,June,UNION HOSPITAL OF CECIL COUNTY,1.0,cms_name,,,166233700.0,201359900.0,35126200.0,9624707.0,8625180.0,-12668020.0,-21293200.0,138794480.0,152005780.0,13211300.0,,,,,,,136410380.0,-431000.0,1953100.0,20086127.0,0.53,10.68,,0.0,-9659220.0,6.32,-8.36,-6.22,3008800.0,,,,,,,,,618500.0,3627300.0,,,127785200.0,164242800.0,,,6.32,-8.36,-6.22
33,2007,June,CARROLL HOSPITAL CENTER,1.0,cms_name,21047.0,29669.0,169471500.0,238897100.0,69425600.0,,13441101.0,10192292.0,-3248809.0,149708066.0,189053887.0,39345821.0,7172.13,6886.82,7113.09,6372.13,6533.5,6543.28,150950546.0,204323968.0,53373422.0,,,,,,,,,,7761863.0,27.31,47.84,3.92,3.86,2.6,40.06,8.9,4.99,4226000.0,11987863.0,17954155.0,8.3,137509445.0,194131676.0,,,8.9,4.99,8.3
33,2008,June,CARROLL HOSPITAL CENTER,1.0,cms_name,21413.0,27369.0,186262700.0,238070789.0,51808089.0,,16057126.0,10545271.0,-5511855.0,163557665.0,206617720.0,43060055.0,7713.21,8133.84,7638.22,7549.33,6963.34,7748.54,165163581.0,222615025.0,57451444.0,,,,,,,,,,1095000.0,19.46,3.46,7.54,7.38,6.58,-35.17,9.72,4.74,5374800.0,6469800.0,11640271.0,5.08,149106455.0,212069754.0,,,9.72,4.74,5.08
33,2009,June,CARROLL HOSPITAL CENTER,1.0,cms_name,21787.0,27830.0,196154700.0,250565106.0,54410406.0,,12053197.0,4129112.0,-7924085.0,172583312.0,218294716.0,45711404.0,7975.36,8445.79,7921.56,7843.92,7422.12,8297.42,173755553.0,235044615.0,61289062.0,,,,,,,,,,-6689757.0,-24.94,-60.84,3.4,3.71,6.59,-122.0,6.94,1.76,8749631.0,2059874.0,-2560645.0,-1.08,161702356.0,230915503.0,,,6.94,1.76,-1.08
33,2010,June,CARROLL HOSPITAL CENTER,1.0,cms_name,22366.0,27981.0,202238000.0,253002598.0,50764598.0,,9970747.0,-1295873.0,-11266620.0,176005258.0,220040638.0,44035380.0,7927.9,8469.65,7869.19,7864.03,7482.11,8515.96,177318406.0,16945467.0,59667699.0,,,,,,,,,,-2445034.0,-17.28,-131.38,-0.6,-0.66,0.81,-46.09,5.62,-0.55,9777977.0,7332943.0,-3740907.0,-1.53,167347659.0,238281978.0,,,5.62,-0.55,-1.53
33,2011,June,CARROLL COUNTY GENERAL HOSPITAL,0.808,short_name,20643.0,30183.0,214427800.0,313522332.0,99094532.0,,21451372.0,9431303.0,-12020069.0,182174860.0,226707479.0,44532619.0,8878.76,8110.89,8824.85,7510.99,7839.62,7798.43,1112911.0,244814489.0,61526718.0,,,,,,,,,,10693197.0,115.14,827.8,11.99,12.14,4.78,637.96,11.7,3.85,471339.0,11164536.0,20124500.0,7.86,161836399.0,235383186.0,,,11.7,3.85,7.86
33,2012,June,CARROLL COUNTY GENERAL HOSPITAL,0.808,short_name,21220.0,27510.0,243424400.0,318109011.0,74684611.0,,21765581.0,16846195.0,-4919386.0,203507315.0,238454868.0,34947553.0,9635.72,8734.56,9590.48,8667.88,8609.99,8122.19,959950.0,1834196.0,874246.0,,,,,,4870116.0,,,,-11976079.0,1.46,78.62,8.53,8.68,9.83,-75.8,10.65,7.01,13789821.0,1813742.0,4870116.0,2.01,182701684.0,223442869.0,12276.0,87911.0,10.65,7.01,2.01
33,2013,June,CARROLL COUNTY GENERAL HOSPITAL,0.808,short_name,20590.0,26773.0,249075200.0,326821743.0,77746543.0,19311861.0,25286993.0,20249287.0,-5037706.0,208787942.0,245178479.0,36390537.0,10312.98,9323.99,10140.48,9157.52,9084.84,8567.67,3551806.0,4456858.0,905052.0,33506514.0,1.11,12.52,0.0,,30673703.0,11.91,8.11,11.75,10424416.0,16.18,20.2,7.03,5.73,5.51,529.84,11.91,8.11,1056253.0,11480669.0,30673703.0,11.75,187052755.0,229386050.0,11585.0,89538.0,11.91,8.11,11.75
33,2014,June,CARROLL HOSPITAL CENTER,1.0,cms_name,,,251985400.0,326598037.0,74612637.0,19803411.0,26236823.0,20801058.0,-5435765.0,211421290.0,245148151.0,33726861.0,,,,,,,4639865.0,250749472.0,961456.0,33718360.0,1.23,12.54,,0.0,27155986.0,12.14,8.3,10.43,6354928.0,,,,,,,,,3239779.0,9594707.0,,,189824332.0,229948414.0,,,12.14,8.3,10.43
33,2015,June,CARROLL HOSPITAL CENTER,1.0,cms_name,,,254037700.0,327635456.0,73597756.0,19212722.0,20563115.0,15920466.0,-4642649.0,217722362.0,250816235.0,33093873.0,,,,,,,220319442.0,254653393.0,34333951.0,35943138.0,1.01,11.3,,0.0,11992597.0,9.33,6.25,4.69,-3927869.0,,,,,,,,,5151553.0,1223684.0,,,199756327.0,238732927.0,,,9.33,6.25,4.69
33,2016,June,CARROLL HOSPITAL CENTER,1.0,cms_name,,,254064500.0,328756623.0,74692123.0,17853592.0,20996996.0,16332334.0,-4664662.0,217990560.0,250093683.0,32103123.0,,,,,,,2468694.0,5359294.0,2890600.0,33568326.0,0.8,11.29,,0.0,16640634.0,9.52,6.39,6.32,308300.0,,,,,,,,,7722000.0,8030300.0,,,199462258.0,239120643.0,,,9.52,6.39,6.32
33,2017,June,CARROLL HOSPITAL CENTER,1.0,cms_name,,,235036100.0,314123956.0,79087856.0,17891537.0,29702414.0,25002752.0,-4699662.0,203593415.0,237403519.0,33810104.0,,,,,,,6456700.0,10420910.0,3964210.0,35968557.0,0.72,11.1,,0.0,39726752.0,14.14,10.09,15.13,14724000.0,,,,,,,,,0.0,14724000.0,,,180347701.0,222821677.0,,,14.14,10.09,15.13
33,2018,June,CARROLL HOSPITAL CENTER,1.0,cms_name,,,234993744.0,376380113.0,141386369.0,21279816.0,35048664.0,16575419.0,-18473245.0,203614042.0,263461709.0,59847667.0,,,,,,,11322281.0,17019999.0,5697718.0,41981836.0,0.66,11.43,,0.0,30384078.0,16.31,5.91,10.32,13808659.0,,,,,,,,,0.0,13808659.0,,,179887659.0,263906289.0,,,16.31,5.91,10.32
34,2007,June,HARBOR HOSPITAL,0.975,short_name,17288.0,18462.0,180144800.0,216003422.0,35858622.0,,2545440.0,4343959.0,1798519.0,147519196.0,163269476.0,15750280.0,8621.65,9289.18,8532.89,8843.71,8474.42,9053.88,149053833.0,171493558.0,22439725.0,,,,,,,,,,651861.0,72.51,146.83,6.1,6.34,5.43,68.17,1.71,2.53,0.0,651861.0,4995820.0,2.9,146508393.0,167149599.0,,,1.71,2.53,2.9
34,2008,June,HARBOR HOSPITAL,0.975,short_name,18190.0,19419.0,194020200.0,231198768.0,37178568.0,,5832846.0,6658858.0,826012.0,161116541.0,177447967.0,16331426.0,8947.98,9596.32,8857.48,9137.91,8627.32,9253.41,162762700.0,186349738.0,23587038.0,,,,,,,,,,370628.0,129.15,53.29,3.78,3.8,1.8,40.71,3.58,3.57,0.0,370628.0,7029486.0,3.76,156929854.0,179690880.0,,,3.58,3.57,3.76
34,2009,June,HARBOR HOSPITAL,0.975,short_name,18443.0,19382.0,200915200.0,237505938.0,36590738.0,,7291012.0,5815185.0,-1475827.0,169691122.0,184502799.0,14811677.0,9345.81,10024.53,9200.93,9519.5,8950.48,9724.5,172363135.0,194291208.0,21928073.0,,,,,,,,,,174456.0,25.0,-12.67,4.45,3.88,3.75,-14.79,4.23,2.99,0.0,174456.0,5989641.0,3.08,165072123.0,188476023.0,,,4.23,2.99,3.08
34,2010,June,HARBOR HOSPITAL CENTER,0.975,short_name,17511.0,18358.0,197161200.0,234865196.0,37703996.0,,10112345.0,6261817.0,-3850528.0,164310074.0,179685647.0,15375573.0,9509.44,10348.68,9383.37,9787.72,8931.94,10007.59,2207599.0,10298168.0,8090569.0,,,,,,,,,,121052.0,38.7,7.68,1.75,1.98,-0.21,6.57,6.07,3.3,0.0,121052.0,6382869.0,3.36,156405328.0,183721998.0,,,6.07,3.3,3.36
34,2011,June,MEDSTAR HARBOR HOSPITAL,1.0,cms_name,15536.0,16210.0,200717500.0,237503390.0,36785890.0,,12583896.0,7655964.0,-4927932.0,165509687.0,180755181.0,15245494.0,10865.19,11813.26,10653.05,11150.63,10055.22,11340.97,168805482.0,10741295.0,22690994.0,,,,,,,,,,157915.0,24.44,22.26,14.26,13.53,12.58,22.42,7.45,4.0,0.0,157915.0,7813879.0,4.08,156221586.0,183840512.0,,,7.45,4.0,4.08
34,2012,June,MEDSTAR HARBOR HOSPITAL,1.0,cms_name,14942.0,16948.0,209694300.0,276497407.0,66803107.0,,2534277.0,-2709768.0,-5244045.0,166004244.0,187468729.0,21464485.0,11343.52,11761.09,11109.59,11061.13,11173.92,11920.97,3495467.0,199331859.0,8367663.0,,,,,,-2489549.0,,,,220219.0,-79.86,-135.39,4.4,4.29,11.13,-131.86,1.5,-1.36,0.0,220219.0,-2489549.0,-1.25,166965434.0,202041627.0,10096.0,62867.0,1.5,-1.36,-1.25
34,2013,June,MEDSTAR HARBOR HOSPITAL,1.0,cms_name,13861.0,16059.0,201141000.0,274086343.0,72945343.0,18663197.0,12288534.0,5783805.0,-6504729.0,165007143.0,190605494.0,25598351.0,12276.81,12739.5,11904.52,11869.01,11390.25,12379.34,170167330.0,204584682.0,34417352.0,30261929.0,0.92,14.41,4596520.0,,6061104.0,7.22,2.83,2.96,277299.0,384.89,313.44,8.23,7.16,1.94,343.46,7.22,2.83,-78576.0,198723.0,6061104.0,2.96,157878796.0,198800877.0,8581.0,67279.0,7.22,2.83,2.96
34,2014,June,MEDSTAR HARBOR HOSPITAL,1.0,cms_name,,,205146300.0,283651362.0,78505062.0,16918085.0,29901331.0,20232843.0,-9668488.0,171046194.0,196365264.0,25319070.0,,,,,,,176417913.0,209932957.0,33515044.0,27743826.0,1.01,13.78,4402330.0,,20739733.0,16.95,9.64,9.86,506890.0,,,,,,,,,0.0,506890.0,,,146516583.0,189700114.0,7624.0,66579.0,16.95,9.64,9.86
34,2015,June,MEDSTAR HARBOR HOSPITAL,1.0,cms_name,,,207452600.0,270015025.0,62562425.0,18026886.0,23482119.0,11083384.0,-12398735.0,164442500.0,190072147.0,25629647.0,,,,,,,168456379.0,202664365.0,34207986.0,28242626.0,0.7,13.09,4637050.0,,11457920.0,13.94,5.47,5.64,374536.0,,,,,,,,,0.0,374536.0,,,144974260.0,191580981.0,,,13.94,5.47,5.64
34,2016,June,MEDSTAR HARBOR HOSPITAL CENTER,0.975,hscrc_name,,,194368900.0,254858687.0,60489787.0,16417485.0,26909765.0,14871259.0,-12038506.0,167091643.0,193640304.0,26548660.0,,,,,,,170477083.0,11607519.0,34770740.0,27407482.0,0.55,13.06,,4696418.0,14195125.0,15.78,7.25,6.91,-676135.0,,,,,,,,,992439.0,316304.0,,,143567318.0,190376563.0,,,15.78,7.25,6.91
34,2017,June,MEDSTAR HARBOR HOSPITAL CENTER,0.975,hscrc_name,,,193637500.0,245335448.0,51697948.0,17086065.0,31203452.0,18318128.0,-12885324.0,164274809.0,187141780.0,22866971.0,,,,,,,10391341.0,18178650.0,30654280.0,29886931.0,0.65,12.69,,5343651.0,18852067.0,17.86,8.92,9.16,533939.0,,,,,,,,,0.0,533939.0,,,143462698.0,187002302.0,,,17.86,8.92,9.16
34,2018,June,MEDSTAR HARBOR HOSPITAL CENTER,0.975,hscrc_name,,,194521777.0,243324429.0,48802652.0,17945439.0,27199630.0,17187530.0,-10012101.0,165264021.0,187827004.0,22562984.0,,,,,,,4277651.0,200696010.0,31154338.0,29821185.0,0.61,13.8,,5191474.0,17715591.0,16.04,8.56,8.8,528062.0,,,,,,,,,0.0,528062.0,,,142342041.0,183508480.0,,,16.04,8.56,8.8
35,2011,June,UM CHARLES REGIONAL MEDICAL CENTER,0.975,name_history,12619.0,12679.0,115504200.0,116264200.0,760000.0,,2881182.0,2934013.0,52831.0,95590668.0,95875468.0,284800.0,7586.68,7611.56,7574.99,7561.51,7358.36,7380.16,147457.0,96509983.0,487058.0,,,,,,,,,,1659487.0,43.06,74.39,-0.71,-0.81,-1.61,146.82,3.01,3.04,0.0,1659487.0,4593499.0,4.68,92856943.0,93575970.0,,,3.01,3.04,4.68
35,2012,June,UM CHARLES REGIONAL MEDICAL CENTER,0.975,name_history,12406.0,12448.0,126393900.0,126819047.0,425147.0,,8657595.0,8227962.0,-429633.0,103830122.0,104045927.0,215805.0,8346.45,8373.9,8369.2,8358.48,7648.61,7712.92,-282149.0,192054.0,474202.0,,,,,,-656038.0,,,,-8884000.0,200.49,180.43,10.01,10.48,3.94,-114.28,8.36,7.89,0.0,-8884000.0,-656038.0,-0.69,94890378.0,96010018.0,7083.0,56821.0,8.36,7.89,-0.69
35,2013,June,UM CHARLES REGIONAL MEDICAL CENTER,0.975,name_history,14264.0,14368.0,137003900.0,138003243.0,999343.0,13057534.0,11700484.0,10000172.0,-1700312.0,112746501.0,113589247.0,842746.0,7893.33,7928.46,7904.32,7905.74,7073.05,7232.45,-156758.0,326462.0,483220.0,23352158.0,1.1,13.02,0.0,,4734172.0,10.39,8.78,4.36,-5266000.0,35.15,21.54,-5.43,-5.55,-7.53,821.63,10.39,8.78,0.0,-5266000.0,4734172.0,4.36,100889258.0,103915537.0,7717.0,55414.0,10.39,8.78,4.36
35,2014,June,UM CHARLES REGIONAL MEDICAL CENTER,0.975,name_history,,,144785724.0,145576213.0,790489.0,11779052.0,12894884.0,10997022.0,-1897862.0,118662627.0,119241694.0,579067.0,,,,,,,118691590.0,510252.0,1060356.0,23174274.0,0.83,11.7,0.0,0.0,10169022.0,10.86,9.18,8.56,-828000.0,,,,,,,,,-181000.0,-1009000.0,,,105796706.0,108754924.0,7554.0,71016.0,10.86,9.18,8.56
35,2015,June,UM CHARLES REGIONAL MEDICAL CENTER,0.975,name_history,,,148386400.0,149456173.0,1069773.0,11854863.0,17413251.0,15288818.0,-2124433.0,123706426.0,124428818.0,722392.0,,,,,,,123759953.0,544000.0,1212865.0,22975561.0,0.77,11.95,0.0,0.0,14283818.0,14.07,12.23,11.52,-1005000.0,,,,,,,,,0.0,-1005000.0,,,106346702.0,109684000.0,,,14.07,12.23,11.52
35,2016,June,UM CHARLES REGIONAL MEDICAL CENTER,0.975,name_history,,,148692700.0,150144171.0,1451471.0,10706616.0,18012966.0,14747023.0,-3265943.0,126752451.0,127601183.0,848732.0,,,,,,,288272.0,128310023.0,420568.0,21422142.0,0.79,9.96,,0.0,13560023.0,14.18,11.49,10.53,-1187000.0,,,,,,,,,1595000.0,408000.0,,,109027757.0,113563000.0,,,14.18,11.49,10.53
35,2017,June,UM CHARLES REGIONAL MEDICAL CENTER,0.975,name_history,,,148862300.0,150714359.0,1852059.0,10252954.0,17390005.0,13589044.0,-3800961.0,128909182.0,129861044.0,951862.0,,,,,,,65517.0,507000.0,441483.0,20280491.0,0.42,9.58,,0.0,16373044.0,13.48,10.42,12.26,2784000.0,,,,,,,,,434000.0,3218000.0,,,111584695.0,116779000.0,,,13.48,10.42,12.26
35,2018,June,UM CHARLES REGIONAL MEDICAL CENTER,0.975,name_history,,,156420846.0,158495781.0,2074935.0,11236787.0,18331170.0,13931935.0,-4399234.0,132146931.0,133241935.0,1095004.0,,,,,,,117312.0,550000.0,432688.0,19946032.0,0.38,9.98,,0.0,15312935.0,13.86,10.41,11.26,1381000.0,,,,,,,,,831000.0,2212000.0,,,113933074.0,119860000.0,,,13.86,10.41,11.26
37,2007,June,MEMORIAL HOSPITAL AT EASTON,0.682,short_name,14682.0,18067.0,127272636.0,155966895.0,28694259.0,,5015152.0,3596035.0,-1419118.0,112740414.0,124891948.0,12151534.0,7803.82,7094.0,7679.02,6912.54,7462.22,6894.97,114572706.0,128170528.0,13597822.0,,,,,,,,,,4611126.0,-12.0,27.27,6.34,5.98,7.53,64.59,4.38,2.81,-62542.0,4548584.0,8207172.0,6.18,109557554.0,124574494.0,,,4.38,2.81,6.18
37,2008,June,MEMORIAL HOSPITAL AT EASTON,0.682,short_name,16140.0,19539.0,144112600.0,174463692.0,30351092.0,,1886991.0,3065460.0,1178469.0,125016601.0,137205850.0,12189249.0,7889.51,7218.08,7745.65,7021.98,7772.6,7061.2,127338515.0,141037544.0,13699029.0,,,,,,,,,,-609827.0,-62.37,-14.75,1.1,0.87,4.16,-70.08,1.48,2.17,0.0,-609827.0,2455633.0,1.75,125451524.0,137972084.0,,,1.48,2.17,1.75
37,2009,June,MEMORIAL HOSPITAL AT EASTON,0.682,short_name,16349.0,19715.0,160032300.0,192981071.0,32948771.0,,6908669.0,8085103.0,1176434.0,139245218.0,152557641.0,13312423.0,8625.55,7901.73,8517.27,7738.32,8202.96,7491.62,141015514.0,155779125.0,14763611.0,,,,,,,,,,-6152200.0,266.12,163.75,9.33,9.96,5.54,-21.29,4.9,5.19,0.0,-6152200.0,1932904.0,1.29,134106845.0,147694022.0,,,4.9,5.19,1.29
37,2010,June,MEMORIAL HOSPITAL AT EASTON,0.682,short_name,16433.0,19668.0,160769200.0,192417839.0,31648639.0,,6032927.0,5371887.0,-661040.0,137414364.0,149791234.0,12376870.0,8471.95,7782.63,8362.0,7615.91,8104.83,7509.51,1806811.0,3279020.0,1472209.0,,,,,,,,,,4540080.0,-12.68,-33.56,-1.78,-1.82,-1.2,412.8,4.33,3.51,0.0,4540080.0,9911967.0,6.29,133188248.0,147698367.0,,,4.33,3.51,6.29
37,2011,June,UM SHORE MEDICAL EASTON,0.694,cms_name,16228.0,19366.0,173171500.0,206661144.0,33489644.0,,9048607.0,9241189.0,192582.0,145233736.0,158344695.0,13110959.0,9198.51,8458.3,8949.77,8176.46,8640.91,7981.11,4036480.0,163802666.0,1421491.0,,,,,,,,,,9777820.0,49.99,72.03,8.58,7.03,6.61,91.88,6.06,5.64,0.0,9777820.0,19019010.0,10.96,140221608.0,154561476.0,,,6.06,5.64,10.96
37,2012,June,UM SHORE MEDICAL EASTON,0.694,cms_name,16087.0,19316.0,184647500.0,221718171.0,37070671.0,,15184237.0,15013761.0,-170476.0,152889603.0,166216458.0,13326855.0,9731.15,8842.45,9504.11,8604.98,8787.25,8065.19,156541896.0,170803429.0,14261533.0,,,,,,13061338.0,,,,-1952423.0,67.81,62.47,5.79,6.19,1.69,-31.32,9.7,8.79,0.0,-1952423.0,13061338.0,7.74,141357659.0,155789668.0,8313.0,51873.0,9.7,8.79,7.74
37,2013,June,UM SHORE MEDICAL EASTON,0.694,cms_name,15530.0,18854.0,186358600.0,226239474.0,39880874.0,11906417.0,13099182.0,10368850.0,-2730332.0,149505473.0,163817692.0,14312219.0,9685.93,8825.2,9626.79,8688.92,8842.46,8275.23,918482.0,166386967.0,15963011.0,22416794.0,1.06,11.37,0.0,,14371024.0,8.71,6.23,8.43,4002174.0,-13.73,-30.94,-0.46,1.29,0.63,10.03,8.71,6.23,0.0,4002174.0,14371024.0,8.43,137324774.0,156018117.0,8074.0,48025.0,8.71,6.23,8.43
37,2014,June,UM SHORE MEDICAL EASTON,0.694,cms_name,,,187483400.0,231055953.0,43572553.0,12673851.0,13445938.0,9298864.0,-4147074.0,152823340.0,167472165.0,14648824.0,,,,,,,814178.0,170127691.0,16490172.0,23528859.0,0.99,12.76,0.0,,17180916.0,8.75,5.47,9.65,7882051.0,,,,,,,,,0.0,7882051.0,,,140191581.0,160828827.0,7920.0,42620.0,8.75,5.47,9.65
37,2015,June,UM SHORE MEDICAL EASTON,0.694,cms_name,,,192831500.0,238263100.0,45431600.0,12780486.0,23367326.0,19799144.0,-3568182.0,163132861.0,178826076.0,15693215.0,,,,,,,691214.0,181758590.0,2241300.0,24798339.0,0.96,12.55,0.0,,19502785.0,14.26,10.89,10.75,-296359.0,,,,,,,,,0.0,-296359.0,,,140456749.0,161959446.0,,,14.26,10.89,10.75
37,2016,June,UM SHORE REGIONAL HEALTH AT EASTON,0.687,cms_name,,,199614100.0,245089382.0,45475282.0,11098830.0,25878671.0,23062807.0,-2815864.0,172262074.0,189616236.0,17354162.0,,,,,,,172632016.0,192040827.0,19408811.0,23349070.0,0.67,11.12,,0.0,19341807.0,14.99,12.01,9.88,-3721000.0,,,,,,,,,7508000.0,3787000.0,,,146753345.0,168978020.0,,,14.99,12.01,9.88
37,2017,June,UM SHORE REGIONAL HEALTH AT EASTON,0.687,cms_name,,,203067800.0,250069898.0,47002098.0,11848480.0,16638706.0,13431327.0,-3207379.0,174176326.0,192705291.0,18528965.0,,,,,,,174708312.0,196935222.0,22226910.0,21816726.0,0.64,10.61,,0.0,21764327.0,9.52,6.82,10.6,8333000.0,,,,,,,,,0.0,8333000.0,,,158069606.0,183503895.0,,,9.52,6.82,10.6
37,2018,June,UM SHORE REGIONAL HEALTH AT EASTON,0.687,cms_name,,,210980106.0,257607002.0,46626896.0,11082531.0,22233786.0,22173512.0,-60274.0,178488454.0,198427146.0,19938692.0,,,,,,,178958567.0,202774801.0,23816234.0,17114255.0,0.4,10.29,,0.0,29714746.0,12.42,10.94,14.13,7541234.0,,,,,,,,,0.0,7541234.0,,,156724781.0,180601289.0,,,12.42,10.94,14.13
38,2011,June,UM MIDTOWN,0.909,hscrc_name,13553.0,14175.0,183154500.0,191566568.0,8412068.0,,18489775.0,4267138.0,-14222636.0,155116834.0,163456583.0,8339749.0,11455.23,11625.43,11445.47,11531.21,10090.94,11324.4,132329.0,164792138.0,9542975.0,,,,,,,,,,-108000.0,5.68,45.8,6.28,6.38,5.63,10.77,11.91,2.59,0.0,-108000.0,4159138.0,2.53,136759389.0,160525000.0,,,11.91,2.59,2.53
38,2012,June,UM MIDTOWN,0.909,hscrc_name,13404.0,13986.0,185438390.0,193492549.0,8054159.0,,10568126.0,-4135010.0,-14703136.0,154041944.0,162050715.0,8008771.0,11556.93,11731.26,11492.34,11586.59,10768.5,12026.91,154907773.0,2023301.0,1157473.0,,,,,,-4813010.0,,,,-678000.0,-42.84,-196.9,0.89,0.41,6.71,-215.72,6.82,-2.52,778000.0,100000.0,-4813010.0,-2.93,144339647.0,168209026.0,8870.0,52874.0,6.82,-2.52,-2.93
38,2013,June,UM MIDTOWN,0.909,hscrc_name,11991.0,13046.0,216173800.0,235203150.0,19029350.0,29990391.0,17952942.0,-3252386.0,-21205328.0,177185337.0,183353590.0,6168253.0,14799.15,14167.52,14776.59,14053.87,13301.95,14416.81,270527.0,184836341.0,7380478.0,38241796.0,1.26,16.9,4653320.0,,-3684386.0,10.12,-1.76,-2.0,-432000.0,69.88,21.35,28.05,28.58,23.53,23.45,10.12,-1.76,0.0,-432000.0,-3684386.0,-2.0,159502922.0,188088728.0,7527.0,66762.0,10.12,-1.76,-2.0
38,2014,June,UMMC MIDTOWN CAMPUS,0.975,name_history,,,222427600.0,238235826.0,15808226.0,26651282.0,22996711.0,3677202.0,-19319509.0,174389612.0,180384509.0,5994896.0,,,,,,,1163270.0,182546280.0,998502.0,33953129.0,0.88,16.42,,4245770.0,3078202.0,13.1,2.01,1.69,-599000.0,,,,,,,,,0.0,-599000.0,,,152556172.0,178869079.0,,,13.1,2.01,1.69
38,2015,June,UMMC MIDTOWN CAMPUS,0.975,name_history,,,228795700.0,244584305.0,15788605.0,26330021.0,23478530.0,1452613.0,-22025917.0,185184700.0,191995664.0,6810964.0,,,,,,,471695.0,193533638.0,7877242.0,34725098.0,1.05,15.49,,4028360.0,943613.0,12.65,0.75,0.49,-509000.0,,,,,,,,,0.0,-509000.0,,,162177865.0,192081025.0,,,12.65,0.75,0.49
38,2016,June,UMMC MIDTOWN CAMPUS,0.975,name_history,,,226817000.0,232421180.0,5604180.0,21266580.0,23977188.0,1722500.0,-22254688.0,187121556.0,192160180.0,5038625.0,,,,,,,-281532.0,826820.0,1108352.0,29644853.0,0.3,15.12,,3073957.0,1178500.0,12.83,0.89,0.61,-544000.0,,,,,,,,,0.0,-544000.0,,,162862836.0,191264500.0,,,12.83,0.89,0.61
38,2017,June,UMMC MIDTOWN CAMPUS,0.975,name_history,,,239136400.0,242942028.0,3805628.0,21782779.0,31587664.0,11146000.0,-20441664.0,201669034.0,205151000.0,3481966.0,,,,,,,239193.0,10221000.0,9981807.0,32792357.0,0.38,14.31,,3978733.0,10684000.0,15.64,5.18,4.97,-462000.0,,,,,,,,,0.0,-462000.0,,,170320562.0,204226000.0,,,15.64,5.18,4.97
38,2018,June,UMMC MIDTOWN CAMPUS,0.975,name_history,,,236967134.0,243321115.0,6353981.0,22513908.0,30917722.0,6041000.0,-24876722.0,204450456.0,210524000.0,6073544.0,,,,,,,149678.0,18610000.0,18460322.0,34708270.0,0.37,15.03,,4365083.0,2578000.0,15.11,2.64,1.14,-3463000.0,,,,,,,,,0.0,-3463000.0,,,173682412.0,223093000.0,,,15.11,2.64,1.14
39,2007,June,CALVERT MEMORIAL HOSPITAL,0.975,hscrc_name,12994.0,15263.0,94108300.0,111688775.0,17580475.0,,6792870.0,3605056.0,-3187814.0,81903286.0,94055053.0,12151767.0,6454.28,6391.3,6303.13,6162.22,5931.51,6155.11,83867245.0,97551565.0,13684320.0,,,,,,,,,,1690971.0,9.25,-25.25,4.51,3.58,4.36,-0.0,8.1,3.7,261100.0,1952071.0,5296027.0,5.32,77074375.0,93946509.0,,,8.1,3.7,5.32
39,2008,June,CALVERT MEMORIAL HOSPITAL,0.975,hscrc_name,13562.0,15652.0,102346100.0,119768525.0,17422425.0,,6023578.0,1147925.0,-4875653.0,89356335.0,100849850.0,11493515.0,6735.08,6688.75,6588.93,6443.16,6290.91,6615.41,91338385.0,104693804.0,13355419.0,,,,,,,,,,2146991.0,-11.32,-68.16,4.35,4.53,6.06,-37.79,6.59,1.1,0.0,2146991.0,3294916.0,3.08,85314807.0,103545879.0,,,6.59,1.1,3.08
39,2009,June,CALVERT MEMORIAL HOSPITAL,0.975,hscrc_name,14749.0,16908.0,111417900.0,128980982.0,17563082.0,,8070510.0,1487126.0,-6583384.0,97651503.0,108775927.0,11124424.0,6706.36,6635.29,6620.81,6433.23,6159.18,6547.34,98913228.0,112192455.0,13279227.0,,,,,,,,,,706857.0,33.98,29.55,-0.43,0.48,-2.09,-33.41,8.16,1.33,15009.0,721866.0,2193983.0,1.94,90842718.0,110705329.0,,,8.16,1.33,1.94
39,2010,June,CALVERT MEMORIAL HOSPITAL,0.975,hscrc_name,15490.0,17305.0,120112700.0,134348828.0,14236128.0,,7047263.0,-2731479.0,-9778742.0,102380283.0,110687922.0,8307640.0,6759.83,6620.82,6609.59,6396.25,6304.87,6778.66,2327176.0,3886201.0,1559025.0,,,,,,,,,,465701.0,-12.68,-283.68,0.8,-0.17,2.37,-203.27,6.73,-2.38,146827.0,612528.0,-2265778.0,-1.97,97660195.0,117305602.0,,,6.73,-2.38,-1.97
39,2011,June,CALVERT MEMORIAL HOSPITAL,0.975,hscrc_name,14469.0,16231.0,129181700.0,145485297.0,16303597.0,,10340397.0,651563.0,-9688834.0,107446910.0,119546616.0,12099706.0,7740.71,7709.24,7426.11,7365.24,7026.04,7669.1,4551830.0,5583488.0,1031658.0,,,,,,,,,,606246.0,46.73,123.85,14.51,12.35,11.44,155.51,9.23,0.52,-420271.0,185975.0,1257809.0,1.0,101658343.0,124478541.0,,,9.23,0.52,1.0
39,2012,June,CALVERT MEMORIAL HOSPITAL,0.975,hscrc_name,14608.0,16464.0,135740500.0,152846238.0,17105738.0,,10272886.0,-289812.0,-10562698.0,112025692.0,125301775.0,13276082.0,7922.05,7925.19,7668.87,7610.64,7218.8,7942.8,115724005.0,5178786.0,14756556.0,,,,,,2773506.0,,,,3063317.0,-0.65,-144.48,2.34,3.27,2.74,120.5,8.88,-0.22,0.0,3063317.0,2773506.0,2.08,105451118.0,130770372.0,7405.0,67610.0,8.88,-0.22,2.08
39,2013,June,CALVERT MEMORIAL HOSPITAL,0.975,hscrc_name,14027.0,14222.0,138862900.0,148025832.0,9162932.0,7286346.0,14541508.0,6910215.0,-7631293.0,116275170.0,120837325.0,4562155.0,8596.09,8845.82,8289.13,8496.38,7559.44,8359.94,120581023.0,4969793.0,5226095.0,16164060.0,1.13,10.33,0.0,,6916629.0,12.06,5.49,5.48,6414.0,41.55,2484.38,8.51,8.09,4.72,149.38,12.06,5.49,498204.0,504618.0,6916629.0,5.48,106039515.0,118896903.0,6835.0,30762.0,12.06,5.49,5.48
39,2014,June,CALVERT MEMORIAL HOSPITAL,0.975,hscrc_name,,,141935300.0,152176160.0,10240860.0,5854547.0,16797976.0,8457833.0,-8340143.0,117478592.0,122154108.0,4675516.0,,,,,,,122627280.0,6101030.0,5627858.0,14512556.0,0.85,8.42,0.0,0.0,6802728.0,13.7,6.59,5.28,-1655105.0,,,,,,,,,2169713.0,514608.0,,,105829305.0,119797306.0,5756.0,65430.0,13.7,6.59,5.28
39,2015,June,CALVERT HEALTH MEDICAL CENTER,0.975,hscrc_name,,,144499900.0,155843300.0,11343400.0,6651086.0,19265015.0,9773212.0,-9491803.0,124641770.0,129732712.0,5090942.0,,,,,,,3869985.0,4954730.0,1084745.0,15926766.0,0.68,8.68,,0.0,7641171.0,14.99,7.26,5.66,-2132041.0,,,,,,,,,2413410.0,281369.0,,,109246740.0,124914230.0,,,14.99,7.26,5.66
39,2016,June,CALVERT HEALTH MEDICAL CENTER,0.975,hscrc_name,,,146698600.0,158407820.0,11709220.0,7791517.0,18720121.0,7761059.0,-10959061.0,127343293.0,132553556.0,5210263.0,,,,,,,130507174.0,136815315.0,6308142.0,17071844.0,0.48,9.13,,0.0,8763974.0,14.34,5.67,6.36,1002915.0,,,,,,,,,0.0,1002915.0,,,111787053.0,129054256.0,,,14.34,5.67,6.36
39,2017,June,CALVERT HEALTH MEDICAL CENTER,0.975,hscrc_name,,,149192000.0,165370800.0,16178800.0,7571956.0,13403646.0,1782991.0,-11620655.0,126166246.0,133487991.0,7321746.0,,,,,,,128846787.0,137262991.0,8416204.0,17057220.0,0.43,8.41,,0.0,3946991.0,10.4,1.3,2.83,2164000.0,,,,,,,,,0.0,2164000.0,,,115443141.0,135480000.0,,,10.4,1.3,2.83
39,2018,June,CALVERT HEALTH MEDICAL CENTER,0.975,hscrc_name,,,149987800.0,164784370.0,14796570.0,7665440.0,15622491.0,5819787.0,-9802703.0,128276045.0,134553570.0,6277525.0,,,,,,,130824515.0,138531158.0,7706644.0,15999946.0,0.49,9.2,,0.0,3591333.0,11.94,4.2,2.58,-2228454.0,,,,,,,,,2948558.0,720104.0,,,115202024.0,132711371.0,,,11.94,4.2,2.58
40,2007,June,NORTHWEST HOSPITAL CENTER,1.0,cms_name,20866.0,21711.0,191845500.0,209812059.0,17966559.0,,17048691.0,10752949.0,-6295742.0,163196500.0,170081949.0,6885449.0,7900.81,7910.54,7821.16,7833.98,7083.75,7415.25,164858500.0,171743949.0,6885449.0,,,,,,,,,,15626000.0,3.05,-9.53,7.61,7.5,8.39,56.98,10.34,6.26,0.0,15626000.0,26378949.0,14.08,147809809.0,160991000.0,,,10.34,6.26,14.08
40,2008,June,NORTHWEST HOSPITAL CENTER,1.0,cms_name,21496.0,22547.0,201205800.0,220716059.0,19510259.0,,18817728.0,12523196.0,-6294532.0,170962500.0,179069196.0,8106696.0,8043.99,8028.3,7953.41,7941.95,7168.56,7472.88,172909500.0,181016196.0,8106696.0,,,,,,,,,,-5975000.0,10.38,16.46,1.81,1.69,1.2,-75.18,10.88,6.92,0.0,-5975000.0,6548196.0,3.74,154091772.0,168493000.0,,,10.88,6.92,3.74
40,2009,June,NORTHWEST HOSPITAL CENTER,1.0,cms_name,20971.0,22427.0,211714700.0,233976176.0,22261476.0,,20229457.0,12434389.0,-7795068.0,178142957.0,187087508.0,8944551.0,8552.98,8445.57,8494.63,8342.18,7588.35,7891.13,179366557.0,189406389.0,10039832.0,,,,,,,,,,-8766031.0,7.5,-0.71,6.33,6.8,5.86,-43.98,11.28,6.56,0.0,-8766031.0,3668358.0,2.03,159137100.0,176972000.0,,,11.28,6.56,2.03
40,2010,June,NORTHWEST HOSPITAL CENTER,1.0,cms_name,21733.0,23180.0,214481500.0,237775926.0,23294426.0,,17886067.0,9579381.0,-8306686.0,178377100.0,188104778.0,9727678.0,8254.9,8212.02,8207.81,8114.99,7431.89,7798.76,179400280.0,2249116.0,10953614.0,,,,,,,,,,7322217.0,-11.58,-22.96,-3.49,-3.38,-2.06,360.74,9.97,5.03,0.0,7322217.0,16901598.0,8.55,161514213.0,180774513.0,,,9.97,5.03,8.55
40,2011,June,NORTHWEST HOSPITAL CENTER,1.0,cms_name,21539.0,21538.0,227677300.0,255104734.0,27427434.0,,18903134.0,11088468.0,-7814666.0,187938400.0,199346649.0,11408249.0,8778.47,9373.36,8725.59,9255.67,7900.84,8858.52,1139100.0,201881434.0,1395685.0,,,,,,,,,,12763168.0,5.69,15.75,6.34,6.31,6.31,41.12,10.0,5.49,0.0,12763168.0,23851636.0,11.11,170174366.0,190792966.0,,,10.0,5.49,11.11
40,2012,June,NORTHWEST HOSPITAL CENTER,1.0,cms_name,22557.0,22195.0,238730100.0,270071908.0,31341808.0,,18829012.0,10380115.0,-8448897.0,193159085.0,205514471.0,12355386.0,8736.19,9624.66,8563.11,9259.41,7901.46,9156.99,197063249.0,213621425.0,16558176.0,,,,,,11695796.0,,,,1315681.0,-0.39,-6.39,-0.48,-1.86,0.01,-50.96,9.55,4.86,0.0,1315681.0,11695796.0,5.44,178234237.0,203241310.0,13666.0,83313.0,9.55,4.86,5.44
40,2013,June,NORTHWEST HOSPITAL CENTER,1.0,cms_name,24043.0,23277.0,248252700.0,284326939.0,36074239.0,29320093.0,19846980.0,13283090.0,-6563890.0,197370392.0,213558990.0,16188598.0,8301.79,9501.7,8209.22,9174.56,7476.3,8931.05,2225751.0,7615000.0,5389249.0,47578097.0,1.63,15.7,0.0,,23613990.0,9.94,6.01,10.25,10330900.0,5.41,27.97,-4.97,-4.13,-5.38,101.9,9.94,6.01,-1192900.0,9138000.0,23613990.0,10.25,179749164.0,207890900.0,14013.0,85347.0,9.94,6.01,10.25
40,2014,June,NORTHWEST HOSPITAL CENTER,1.0,cms_name,,,249134500.0,289423693.0,40289193.0,26371296.0,23464469.0,9456304.0,-14008165.0,198880687.0,215203372.0,16322685.0,,,,,,,200963933.0,223358548.0,22394615.0,44102483.0,0.99,14.61,0.0,0.0,25618214.0,11.68,4.23,10.7,16161910.0,,,,,,,,,0.0,16161910.0,,,177499465.0,213902245.0,12403.0,85655.0,11.68,4.23,10.7
40,2015,June,NORTHWEST HOSPITAL CENTER,1.0,cms_name,,,254115900.0,299990910.0,45875010.0,24468009.0,33516631.0,16453498.0,-17063133.0,208102926.0,226388075.0,18285149.0,,,,,,,1254036.0,9391855.0,8137819.0,43374091.0,0.72,12.82,0.0,0.0,18792218.0,16.01,6.98,7.89,2338720.0,,,,,,,,,0.0,2338720.0,,,175840331.0,219326432.0,,,16.01,6.98,7.89
40,2016,June,NORTHWEST HOSPITAL CENTER,1.0,cms_name,,,257944700.0,302015149.0,44070449.0,22886819.0,35182401.0,13911387.0,-21271014.0,213970769.0,230358090.0,16387321.0,,,,,,,216353578.0,249951267.0,33597689.0,42173628.0,0.8,13.0,,0.0,9135910.0,16.26,5.57,3.73,-4775477.0,,,,,,,,,0.0,-4775477.0,,,181171177.0,236039880.0,,,16.26,5.57,3.73
40,2017,June,NORTHWEST HOSPITAL CENTER,1.0,cms_name,,,258801000.0,304068404.0,45267404.0,21860049.0,36710315.0,14558024.0,-22152291.0,217101689.0,233720720.0,16619031.0,,,,,,,219275228.0,258711572.0,39436344.0,42506545.0,0.44,11.6,,0.0,27676796.0,16.74,5.63,10.18,13118772.0,,,,,,,,,0.0,13118772.0,,,182564913.0,244153548.0,,,16.74,5.63,10.18
40,2018,June,NORTHWEST HOSPITAL CENTER,1.0,cms_name,,,266927631.0,330603372.0,63675741.0,22164683.0,42700615.0,21684409.0,-21016207.0,227262073.0,262501636.0,35239563.0,,,,,,,231298472.0,269874856.0,38576384.0,43823289.0,0.44,11.55,,0.0,28307116.0,18.46,8.03,10.24,6622707.0,,,,,,,,,0.0,6622707.0,,,188597856.0,248190447.0,,,18.46,8.03,10.24
43,2007,June,BALTIMORE WASHINGTON MEDICAL CENTER,0.773,cms_name,27740.0,28419.0,265318900.0,271819778.0,6500878.0,,10950685.0,8032578.0,-2918107.0,226959100.0,233459978.0,6500878.0,8220.51,8309.09,8181.71,8214.79,7825.75,8026.45,228035286.0,236139978.0,8104692.0,,,,,,,,,,3133000.0,-10.44,-14.29,6.2,6.14,7.38,16.05,4.8,3.4,0.0,3133000.0,11165578.0,4.67,217084601.0,228107400.0,,,4.8,3.4,4.67
43,2008,June,BALTIMORE WASHINGTON MEDICAL CENTER,0.773,cms_name,29258.0,31755.0,284240600.0,308500077.0,24259477.0,,9933321.0,7882152.0,-2051168.0,241660282.0,250023374.0,8363092.0,8282.63,7945.26,8259.61,7873.46,7943.12,7697.04,242333905.0,252303408.0,9969503.0,,,,,,,,,,924000.0,-9.29,-1.87,0.76,0.95,1.5,-21.13,4.1,3.12,0.0,924000.0,8806152.0,3.48,232400584.0,244421256.0,,,4.1,3.12,3.48
43,2009,June,BALTIMORE WASHINGTON MEDICAL CENTER,0.773,cms_name,29941.0,30979.0,309341800.0,320074709.0,10732909.0,,-182268.0,-1854562.0,-1672295.0,262470466.0,273203375.0,10732909.0,8794.13,8892.98,8766.37,8818.86,8800.22,8952.85,263301691.0,275499679.0,12197989.0,,,,,,,,,,-9233500.0,-101.83,-123.53,6.18,6.14,10.79,-225.91,-0.07,-0.67,0.0,-9233500.0,-11088062.0,-4.16,263483958.0,277354241.0,,,-0.07,-0.67,-4.16
43,2010,June,BALTIMORE WASHINGTON MEDICAL CENTER,0.773,cms_name,31830.0,31830.0,332045200.0,332045200.0,0.0,,7693337.0,6993493.0,-699844.0,281900262.0,281900262.0,0.0,8902.88,9211.06,8856.55,8856.55,8661.18,8991.34,283374875.0,293184021.0,9809146.0,,,,,,,,,,1598400.0,4320.9,477.1,1.24,1.03,-1.58,212.02,2.71,2.39,0.0,1598400.0,8591893.0,2.91,275681538.0,286190528.0,,,2.71,2.39,2.91
43,2011,June,BALTIMORE WASHINGTON MEDICAL CENTER,0.773,cms_name,29727.0,30496.0,353767500.0,362924667.0,9157167.0,,15854364.0,14904099.0,-950265.0,295750514.0,304907681.0,9157167.0,10001.71,10101.67,9949.04,9998.28,9468.37,9612.95,1565762.0,308060634.0,10744357.0,,,,,,,,,,4246000.0,106.08,113.11,12.34,12.34,9.32,122.89,5.33,4.84,0.0,4246000.0,19150099.0,6.13,281461913.0,293156534.0,,,5.33,4.84,6.13
43,2012,June,BALTIMORE WASHINGTON MEDICAL CENTER,0.773,cms_name,30546.0,31434.0,381065300.0,392143253.0,11077953.0,,14066959.0,14540222.0,473264.0,312825359.0,323903313.0,11077953.0,10325.25,10435.55,10241.12,10304.23,9864.73,9972.98,2569890.0,328031225.0,12635976.0,,,,,,,,,,-3288000.0,-11.27,-2.44,3.23,2.94,4.19,-41.24,4.46,4.43,4865000.0,1577000.0,11252222.0,3.41,301328290.0,313491003.0,,,4.46,4.43,3.41
43,2013,June,UM BALTIMORE WASHINGTON,0.71,cms_name,32625.0,33573.0,376812800.0,387757261.0,10944461.0,37565616.0,2919627.0,-4405272.0,-7324899.0,308070323.0,319014784.0,10944461.0,9501.09,9608.65,9442.71,9502.18,9411.6,9739.87,1904465.0,322589317.0,12614529.0,60342988.0,1.15,15.05,,491620.0,-4380643.0,0.94,-1.37,-1.34,24629.0,-79.24,-130.3,-7.98,-7.8,-4.59,-138.93,0.94,-1.37,4399602.0,4424231.0,-4380643.0,-1.34,307055161.0,326994589.0,18921.0,134995.0,0.94,-1.37,-1.34
43,2014,June,UM BALTIMORE WASHINGTON MEDICAL CENTER,0.826,cms_name,,,393181900.0,422145124.0,28963224.0,37547664.0,26085945.0,16370685.0,-9715260.0,320033920.0,331401319.0,11367399.0,,,,,,,322338160.0,3999176.0,1694936.0,60570144.0,1.06,13.92,,421820.0,19474047.0,8.09,4.88,5.7,3103363.0,,,,,,,,,3327617.0,6430980.0,,,296252216.0,319029811.0,,,8.09,4.88,5.7
43,2015,June,UM BALTIMORE WASHINGTON MEDICAL CENTER,0.826,cms_name,,,402010800.0,434859800.0,32849000.0,38020824.0,38372589.0,30194436.0,-8178153.0,340775694.0,355431436.0,14655742.0,,,,,,,342072687.0,358380436.0,16307749.0,62995214.0,0.84,13.62,,422730.0,26587436.0,11.22,8.43,7.42,-3607000.0,,,,,,,,,3607000.0,0.0,,,303700098.0,328186000.0,,,11.22,8.43,7.42
43,2016,June,UM BALTIMORE WASHINGTON MEDICAL CENTER,0.826,cms_name,,,413064200.0,417391200.0,4327000.0,37277981.0,34976908.0,30407967.0,-4568941.0,355972969.0,357634967.0,1661998.0,,,,,,,1717392.0,361230967.0,3540607.0,63396648.0,0.65,12.43,,628161.0,24916967.0,9.78,8.42,6.9,-5491000.0,,,,,,,,,5491000.0,0.0,,,322713452.0,330823000.0,,,9.78,8.42,6.9
43,2017,June,UM BALTIMORE WASHINGTON MEDICAL CENTER,0.826,cms_name,,,416534000.0,421565000.0,5031000.0,36195264.0,36928779.0,32657000.0,-4271779.0,361101590.0,363186000.0,2084410.0,,,,,,,1857045.0,366867000.0,3908365.0,61850233.0,0.52,11.99,,580333.0,44328000.0,10.17,8.9,12.08,11671000.0,,,,,,,,,-11671000.0,0.0,,,326029856.0,334210000.0,,,10.17,8.9,12.08
43,2018,June,UM BALTIMORE WASHINGTON MEDICAL CENTER,0.826,cms_name,,,428075148.0,433025148.0,4950000.0,36212628.0,30665244.0,27973000.0,-2692244.0,364177501.0,367990000.0,3812499.0,,,,,,,3006441.0,372970000.0,5786059.0,60718816.0,0.46,11.14,,631517.0,32049000.0,8.35,7.5,8.39,4076000.0,,,,,,,,,4957000.0,9033000.0,,,336518698.0,344997000.0,,,8.35,7.5,8.39
44,2007,June,GREATER BALTIMORE MEDICAL CENTER,1.0,cms_name,38288.0,41001.0,345318800.0,423904000.0,78585200.0,,27922647.0,12140600.0,-15782047.0,315742533.0,355625300.0,39882767.0,8364.96,9075.4,8246.49,8673.64,7635.68,8779.3,320278533.0,372098100.0,51819567.0,,,,,,,,,,4912900.0,49.43,207.76,6.21,5.36,3.33,58.7,8.72,3.26,0.0,4912900.0,17053500.0,4.52,292355886.0,359957500.0,,,8.72,3.26,4.52
44,2008,June,GREATER BALTIMORE MEDICAL CENTER,1.0,cms_name,37150.0,43623.0,359118800.0,425313512.0,66194712.0,,15580843.0,2658038.0,-12922805.0,327568381.0,362305732.0,34737351.0,8930.62,8612.98,8817.53,8305.38,8511.22,8552.05,331769778.0,375724535.0,43954757.0,,,,,,,,,,1691333.0,-44.2,-78.11,6.76,6.92,11.47,-74.5,4.7,0.71,2123043.0,3814376.0,4349371.0,1.15,316188935.0,373066497.0,,,4.7,0.71,1.15
44,2009,June,GREATER BALTIMORE MEDICAL CENTER,1.0,cms_name,36623.0,36990.0,393162100.0,421384251.0,28222151.0,,29780518.0,18456064.0,-11324454.0,351006608.0,367610084.0,16603476.0,9708.57,10266.88,9584.44,9938.11,8895.4,9767.93,355552503.0,379771486.0,24218983.0,,,,,,,,,,-1831394.0,91.14,594.35,8.71,8.7,4.51,282.23,8.38,4.86,2779171.0,947777.0,16624670.0,4.37,325771985.0,361315422.0,,,8.38,4.86,4.37
44,2010,June,GREATER BALTIMORE MEDICAL CENTER,1.0,cms_name,36297.0,36439.0,412551300.0,445740906.0,33189606.0,,27691014.0,14714185.0,-12976829.0,359160116.0,376782482.0,17622366.0,9987.35,10637.88,9895.04,10340.2,9224.45,10234.08,362510833.0,10847377.0,7496660.0,,,,,,,,,,9037.0,-7.02,-20.27,2.87,3.24,3.7,-11.44,7.64,3.8,2429789.0,2438826.0,14723222.0,3.77,334819819.0,372915674.0,,,7.64,3.8,3.77
44,2011,June,GREATER BALTIMORE MEDICAL CENTER,1.0,cms_name,35457.0,36232.0,427052500.0,468907497.0,41854997.0,,34384108.0,18731661.0,-15652447.0,366631415.0,388302336.0,21670921.0,10467.92,11112.95,10340.03,10717.01,9498.19,10595.96,4534388.0,14345832.0,9811444.0,,,,,,,,,,6204084.0,24.17,27.3,4.81,4.5,2.97,69.36,9.26,4.65,896729.0,7100813.0,24935745.0,6.09,336781695.0,383916507.0,,,9.26,4.65,6.09
44,2012,June,GREATER BALTIMORE MEDICAL CENTER,1.0,cms_name,34455.0,34705.0,426432400.0,469937200.0,43504800.0,,26622953.0,13274463.0,-13348490.0,357119673.0,378716719.0,21597046.0,10612.45,11469.51,10364.73,10912.51,9839.77,11087.02,8535246.0,398047365.0,32392446.0,,,,,,18376336.0,,,,5101873.0,-22.57,-29.13,1.38,0.24,3.6,-26.31,7.28,3.33,1715093.0,6816966.0,18376336.0,4.54,339031966.0,384772902.0,18386.0,103539.0,7.28,3.33,4.54
44,2013,June,GREATER BALTIMORE MEDICAL CENTER,1.0,cms_name,35580.0,35400.0,421137700.0,466048425.0,44910725.0,25920951.0,29521863.0,14934677.0,-14587186.0,352971792.0,374788748.0,21816956.0,10118.96,11129.73,9920.46,10587.14,9289.23,10707.85,7062683.0,19208094.0,12145411.0,41138131.0,1.43,11.63,5080120.0,,33230610.0,8.2,3.79,8.05,18295933.0,10.89,12.51,-4.65,-4.29,-5.6,80.83,8.2,3.79,496571.0,18792504.0,33230610.0,8.05,330512612.0,379062165.0,17180.0,101310.0,8.2,3.79,8.05
44,2014,June,GREATER BALTIMORE MEDICAL CENTER,1.0,cms_name,,,426965000.0,473308000.0,46343000.0,22000741.0,30962700.0,20844700.0,-10118000.0,357329000.0,379065100.0,21736100.0,,,,,,,8765799.0,23476999.0,14711200.0,37088737.0,1.2,10.71,5078600.0,5078600.0,40539700.0,8.46,5.18,9.59,19695000.0,,,,,,,,,587900.0,20282900.0,,,335132100.0,381697400.0,16896.0,104016.0,8.46,5.18,9.59
44,2015,June,GREATER BALTIMORE MEDICAL CENTER,1.0,cms_name,,,432707700.0,478985396.0,46277696.0,21114686.0,40807589.0,19687520.0,-21120069.0,369026601.0,391703973.0,22677372.0,,,,,,,377879011.0,20441567.0,11589157.0,35935033.0,1.18,10.75,4976560.0,4976560.0,22310520.0,10.8,4.78,5.35,2623000.0,,,,,,,,,2477000.0,5100000.0,,,337071422.0,392458020.0,,,10.8,4.78,5.35
44,2016,June,GREATER BALTIMORE MEDICAL CENTER,1.0,cms_name,,,439684200.0,486066296.0,46382096.0,21744108.0,45141607.0,18609142.0,-26532465.0,378187463.0,401178688.0,22991225.0,,,,,,,8314668.0,420656456.0,34154325.0,37332325.0,1.0,9.95,,5237160.0,13662336.0,11.68,4.42,3.26,-4946806.0,,,,,,,,,3192506.0,-1754300.0,,,341360524.0,402047314.0,,,11.68,4.42,3.26
44,2017,June,GREATER BALTIMORE MEDICAL CENTER,1.0,cms_name,,,462643278.0,511583701.0,48940423.0,22996936.0,48874270.0,19083237.0,-29791033.0,397123978.0,419844237.0,22720259.0,,,,,,,9200733.0,438048237.0,31723526.0,39529259.0,0.72,10.7,,4194880.0,31834086.0,12.03,4.36,7.04,12750849.0,,,,,,,,,1605151.0,14356000.0,,,357450441.0,418965000.0,,,12.03,4.36,7.04
44,2018,June,GREATER BALTIMORE MEDICAL CENTER,1.0,cms_name,,,463552941.0,626182319.0,162629378.0,21639581.0,29113483.0,-9111798.0,-38225281.0,394577377.0,476907146.0,82329769.0,,,,,,,6910651.0,495234720.0,93746692.0,35271889.0,0.74,10.0,,8348758.0,9124709.0,7.25,-1.84,1.77,18236507.0,,,,,,,,,3364399.0,21600906.0,,,372374545.0,504346518.0,,,7.25,-1.84,1.77
45,2009,June,MCCREADY HOSPITAL,0.975,short_name,1801.0,1992.0,16819985.0,19547903.0,2727918.0,,3797366.0,1516165.0,-2281201.0,13674977.0,15142256.0,1467279.0,7599.87,7615.29,7592.14,7602.77,5491.63,6854.04,13688901.0,15167179.0,1478278.0,,,,,,,,,,202998.0,60.98,-12.58,27.58,27.78,11.17,-12.09,27.74,10.0,0.0,202998.0,1719163.0,11.19,9891535.0,13651014.0,,,27.74,10.0,11.19
45,2010,June,MCCREADY HOSPITAL,0.975,short_name,1736.0,2009.0,18681464.0,21361859.0,2680395.0,,2973812.0,1340065.0,-1633747.0,14374135.0,16091496.0,1717361.0,8285.46,8017.96,8278.0,8011.51,6572.86,7350.78,12958.0,16104454.0,1717361.0,,,,,,,,,,176915.0,-21.69,-11.61,9.02,9.03,19.69,-11.76,20.67,8.32,0.0,176915.0,1516980.0,9.32,11413281.0,14764389.0,,,20.67,8.32,9.32
45,2011,June,MCCREADY HOSPITAL,0.975,short_name,1542.0,1733.0,18235900.0,20462730.0,2226830.0,,1067343.0,-532220.0,-1599563.0,13751431.0,14860668.0,1109237.0,9022.48,8665.17,8919.72,8573.76,8330.16,8972.23,158425.0,158425.0,0.0,,,,,,,,,,116254.0,-64.11,-139.72,8.9,7.75,26.74,-127.42,7.67,-3.54,0.0,116254.0,-415966.0,-2.75,12842513.0,15551313.0,,,7.67,-3.54,-2.75
45,2012,June,MCCREADY HOSPITAL,0.975,short_name,1355.0,1504.0,17710400.0,19675259.0,1964859.0,,506240.0,1380250.0,874010.0,14280227.0,15331407.0,1051180.0,10573.34,10222.55,10541.96,10190.64,10199.63,9305.11,14322738.0,48001.0,5490.0,,,,,,3260935.0,,,,1880685.0,-52.57,359.34,17.19,18.19,22.44,883.94,3.53,8.97,0.0,1880685.0,3260935.0,18.89,13816498.0,13999158.0,399.0,14361.0,3.53,8.97,18.89
45,2013,June,MCCREADY HOSPITAL,0.975,short_name,1207.0,1317.0,17976486.0,19614759.0,1638273.0,948776.0,-275476.0,465143.0,740619.0,13937410.0,14838165.0,900755.0,11599.0,11338.27,11523.68,11262.67,11846.02,10985.21,14028361.0,14937767.0,909406.0,2426194.0,0.0,13.87,0.0,,429845.0,-1.96,3.11,2.86,-35298.0,-158.92,-66.3,9.7,9.31,16.14,-86.82,-2.13,3.11,139046.0,103748.0,429845.0,2.86,14303837.0,14472624.0,297.0,13299.0,-1.96,3.11,2.86
45,2014,June,MCCREADY MEMORIAL HOSPITAL,0.975,short_name,,,16638000.0,18035602.0,1397602.0,546719.0,3063038.0,2479588.0,-583451.0,14019441.0,14882928.0,863487.0,,,,,,,1301193.0,1385037.0,83844.0,1717750.0,2.33,10.08,,0.0,2587106.0,19.99,15.24,15.8,107518.0,,,,,,,,,0.0,107518.0,,,12257596.0,13788378.0,,,19.99,15.24,15.8
45,2015,June,MCCREADY MEMORIAL HOSPITAL,0.975,short_name,,,15059800.0,16315744.0,1255944.0,359884.0,-556651.0,-509807.0,46844.0,11880053.0,12651347.0,771294.0,,,,,,,12664103.0,13483505.0,819402.0,1354570.0,2.51,7.02,,0.0,-425502.0,-4.4,-3.78,-3.14,84305.0,,,,,,,,,0.0,84305.0,,,13220754.0,13993311.0,,,-4.4,-3.78,-3.14
45,2016,June,MCCREADY MEMORIAL HOSPITAL,0.975,short_name,,,16309200.0,18255341.0,1946141.0,381511.0,-1419392.0,-773177.0,646215.0,12659083.0,14264514.0,1605431.0,,,,,,,13247037.0,14854988.0,1607951.0,1088458.0,0.76,10.35,,0.0,-699147.0,-10.71,-5.2,-4.68,74030.0,,,,,,,,,0.0,74030.0,,,14666429.0,15628165.0,,,-10.71,-5.2,-4.68
45,2017,June,MCCREADY MEMORIAL HOSPITAL,0.975,short_name,,,16897400.0,19394134.0,2496734.0,304410.0,-1198714.0,-717376.0,481338.0,13334047.0,14929681.0,1595634.0,,,,,,,13603194.0,15201753.0,1598559.0,1238097.0,0.0,13.75,,0.0,-631681.0,-8.81,-4.72,-4.13,85695.0,,,,,,,,,0.0,85695.0,,,14801908.0,15919129.0,,,-8.81,-4.72,-4.13
45,2018,June,MCCREADY MEMORIAL HOSPITAL,0.975,short_name,,,17147300.0,20177078.0,3029778.0,276248.0,-1695120.0,-753643.0,941477.0,13913545.0,16011756.0,2098212.0,,,,,,,14096434.0,16202219.0,2105785.0,974370.0,0.25,7.26,,0.0,-690028.0,-12.03,-4.65,-4.24,63615.0,,,,,,,,,0.0,63615.0,,,15791553.0,16955862.0,,,-12.03,-4.65,-4.24
48,2007,June,HOWARD COUNTY GENERAL HOSPITAL,0.975,short_name,21339.0,21573.0,190324800.0,204612654.0,14287854.0,,6240739.0,4512105.0,-1728634.0,168689270.0,176914237.0,8224967.0,7910.56,8311.6,7905.34,8200.69,7618.1,8102.44,168800685.0,179306748.0,10506063.0,,,,,,,,,,2307062.0,85.59,20.12,14.65,14.64,12.91,47.43,3.7,2.52,0.0,2307062.0,6819167.0,3.75,162559946.0,174794643.0,,,3.7,2.52,3.75
48,2008,June,HOWARD COUNTY GENERAL HOSPITAL,0.975,short_name,20922.0,20198.0,212299000.0,228822387.0,16523387.0,,9392505.0,5120845.0,-4271660.0,188616540.0,197403944.0,8787404.0,9018.36,9905.81,9015.1,9773.47,8569.43,9652.27,188684571.0,200076910.0,11392339.0,,,,,,,,,,-1620842.0,50.5,13.49,14.0,14.04,12.49,-48.67,4.98,2.56,0.0,-1620842.0,3500003.0,1.76,179292066.0,194956065.0,,,4.98,2.56,1.76
48,2009,June,HOWARD COUNTY GENERAL HOSPITAL,0.975,short_name,22589.0,21689.0,230685500.0,249801258.0,19115758.0,,15200066.0,8466043.0,-6734024.0,202845676.0,213211469.0,10365793.0,8982.08,9943.92,8979.76,9830.21,8309.19,9553.59,202898123.0,215677870.0,12779747.0,,,,,,,,,,-3464586.0,61.83,65.33,-0.4,-0.39,-3.04,42.9,7.49,3.93,4932000.0,1467414.0,5001457.0,2.3,187698057.0,207211827.0,,,7.49,3.93,2.3
48,2010,June,HOWARD COUNTY GENERAL HOSPITAL,0.975,short_name,23760.0,22852.0,244838400.0,265419965.0,20581565.0,,9460229.0,1967604.0,-7492625.0,211253743.0,222914776.0,11661033.0,8892.8,9876.25,8890.97,9754.61,8494.65,9790.15,211297428.0,2779943.0,14397291.0,,,,,,,,,,-6200840.0,-37.76,-76.76,-0.99,-0.99,2.23,-184.64,4.48,0.87,7010348.0,809508.0,-4233236.0,-1.87,201837199.0,223727115.0,,,4.48,0.87,-1.87
48,2011,June,HOWARD COUNTY GENERAL HOSPITAL,0.975,short_name,24924.0,24924.0,255470400.0,255470400.0,0.0,,13813145.0,5351382.0,-8461763.0,219286242.0,219286242.0,0.0,8800.52,8890.31,8798.34,8798.34,8246.3,8675.6,54362.0,221578401.0,2237797.0,,,,,,,,,,3847185.0,46.01,171.97,-1.04,-1.04,-2.92,317.29,6.3,2.42,-3178021.0,669164.0,9198567.0,4.14,205527459.0,216227019.0,,,6.3,2.42,4.14
48,2012,June,HOWARD COUNTY GENERAL HOSPITAL,0.975,short_name,25220.0,25220.0,275201900.0,275201900.0,0.0,,18344798.0,9635506.0,-8709292.0,228528424.0,228528424.0,0.0,9064.51,9140.69,9061.49,9061.49,8337.11,8758.63,75986.0,1997276.0,1921290.0,,,,,,-1270363.0,,,,-10905869.0,32.81,80.06,3.0,2.99,1.1,-113.81,8.02,4.18,13507345.0,2601476.0,-1270363.0,-0.54,210259612.0,220890194.0,15680.0,106272.0,8.02,4.18,-0.54
48,2013,June,HOWARD COUNTY GENERAL HOSPITAL,0.975,short_name,26183.0,26183.0,278901600.0,278901600.0,0.0,24682662.0,18538282.0,10697140.0,-7841142.0,232449101.0,232449101.0,0.0,8881.71,8945.93,8877.9,8877.9,8173.68,8537.38,232548840.0,234230268.0,1681428.0,39837255.0,1.46,12.4,0.0,,19389706.0,7.97,4.57,8.22,8692566.0,1.05,11.02,-2.02,-2.03,-1.96,1626.31,7.97,4.57,-6929179.0,1763387.0,19389706.0,8.22,214010558.0,223533128.0,16001.0,102700.0,7.97,4.57,8.22
48,2014,June,HOWARD COUNTY GENERAL HOSPITAL,0.975,short_name,,,281805600.0,281805600.0,0.0,24538782.0,10395296.0,3576890.0,-6818406.0,232598600.0,232598600.0,0.0,,,,,,,232660849.0,234656523.0,1995674.0,38297145.0,1.36,12.39,0.0,0.0,9886601.0,4.47,1.52,4.14,6309706.0,,,,,,,,,-2176630.0,4133076.0,,,222265553.0,231079634.0,16270.0,104460.0,4.47,1.52,4.14
48,2015,June,HOWARD COUNTY GENERAL HOSPITAL,0.975,short_name,,,286302800.0,286302800.0,0.0,21347026.0,17047896.0,10437791.0,-6610105.0,242889800.0,242889800.0,0.0,,,,,,,2048754.0,247447303.0,2508749.0,35601902.0,0.88,11.34,0.0,0.0,9198800.0,6.96,4.22,3.69,-1238991.0,,,,,,,,,3376488.0,2137497.0,,,227890658.0,237009512.0,,,6.96,4.22,3.69
48,2016,June,HOWARD COUNTY GENERAL HOSPITAL,0.975,short_name,,,297946200.0,297946200.0,0.0,21713198.0,17176172.0,9521602.0,-7654570.0,257850200.0,257850200.0,0.0,,,,,,,259229622.0,3765569.0,2386147.0,36879089.0,0.76,11.43,,0.0,4610200.0,6.63,3.64,1.74,-4911402.0,,,,,,,,,8426833.0,3515431.0,,,242053450.0,252094167.0,,,6.63,3.64,1.74
48,2017,June,HOWARD COUNTY GENERAL HOSPITAL,0.975,short_name,,,303036500.0,303036500.0,0.0,23411561.0,13401745.0,4870517.0,-8531228.0,259837500.0,259837500.0,0.0,,,,,,,260691590.0,265283208.0,4591618.0,40263558.0,0.59,11.14,,0.0,24778500.0,5.14,1.84,8.68,19907983.0,,,,,,,,,175309.0,20083292.0,,,247289845.0,260412691.0,,,5.14,1.84,8.68
48,2018,June,HOWARD COUNTY GENERAL HOSPITAL,0.975,short_name,,,313005000.0,313005000.0,0.0,22909222.0,18397351.0,7806803.0,-10590548.0,268126000.0,268126000.0,0.0,,,,,,,268128176.0,273199803.0,5071627.0,38962028.0,0.51,10.64,,0.0,17993000.0,6.86,2.86,6.35,10186197.0,,,,,,,,,54000.0,10240197.0,,,249730825.0,265393000.0,,,6.86,2.86,6.35
49,2007,December,UPPER CHESAPEAKE MEDICAL CENTER,0.975,short_name,20240.0,20252.0,169024300.0,169120300.0,96000.0,,3767499.0,4501610.0,734111.0,146891259.0,146964059.0,72800.0,7267.66,7383.14,7257.31,7256.78,7081.52,7160.86,147100687.0,149522987.0,2422300.0,,,,,,,,,,-6315000.0,-57.03,-52.41,1.3,3.35,5.34,-114.72,2.56,3.01,6101000.0,-214000.0,-1813390.0,-1.21,143333188.0,145021377.0,,,2.56,3.01,-1.21
49,2008,December,UPPER CHESAPEAKE MEDICAL CENTER,0.975,short_name,23768.0,23780.0,196899000.0,196996400.0,97400.0,,5791118.0,3538805.0,-2252313.0,170264950.0,170350350.0,85400.0,7177.39,7284.1,7163.54,7163.59,6933.74,7135.28,170594201.0,173216036.0,2621835.0,,,,,,,,,,-49736000.0,53.71,-21.39,-1.24,-1.29,-2.09,-2447.56,3.39,2.04,50772000.0,1036000.0,-46197195.0,-26.51,164803083.0,169677231.0,,,3.39,2.04,-26.51
49,2009,December,UPPER CHESAPEAKE MEDICAL CENTER,0.975,short_name,24221.0,24234.0,219562700.0,219681500.0,118800.0,,16700301.0,13123600.0,-3576701.0,187017300.0,187124300.0,107000.0,7757.86,7855.8,7721.19,7721.43,7068.37,7314.27,187905400.0,190380600.0,2475200.0,,,,,,,,,,23477000.0,188.38,270.85,8.09,7.78,1.94,179.23,8.89,6.89,0.0,23477000.0,36600600.0,17.11,171205099.0,177257000.0,,,8.89,6.89,17.11
49,2010,December,UPPER CHESAPEAKE MEDICAL CENTER,0.975,short_name,23493.0,24537.0,226352700.0,226535100.0,182400.0,,15586237.0,10836050.0,-4750187.0,188744950.0,188878050.0,133100.0,8073.43,7831.44,8034.16,7697.8,7409.98,7389.81,922400.0,3279000.0,2356600.0,,,,,,,,,,25000.0,-6.67,-17.43,4.07,4.05,4.83,-70.33,8.22,5.64,55000.0,80000.0,10861050.0,5.65,174081113.0,181321000.0,,,8.22,5.64,5.65
49,2011,December,UM UPPER CHESAPEAKE,1.0,name_history,23305.0,23330.0,259833100.0,260107000.0,273900.0,,26568653.0,20892246.0,-5676407.0,215725606.0,215908506.0,182900.0,9313.93,9414.96,9256.6,9254.69,8173.89,8519.44,217061606.0,219647506.0,2585900.0,,,,,,,,,,-11775000.0,70.46,92.8,15.37,15.22,10.31,-16.06,12.24,9.51,11775000.0,0.0,9117246.0,4.15,190492953.0,198755260.0,,,12.24,9.51,4.15
49,2012,June,UM UPPER CHESAPEAKE,1.0,name_history,,,,,,,,,,,,,,,,,,,,,,,,,,,,,,,,,,,,,,,,,,,,,,12968.0,123564.0,,,
49,2013,December,UM UPPER CHESAPEAKE,1.0,name_history,26153.0,26174.0,290000800.0,290227400.0,226600.0,24058636.0,24437959.0,18278000.0,-6159959.0,241546300.0,241667300.0,121000.0,9348.17,9446.46,9235.81,9233.23,8413.75,8748.12,2938400.0,5581000.0,2642600.0,39249310.0,0.92,12.77,0.0,,22400000.0,10.0,7.39,8.91,4122000.0,13.72,-4.54,0.28,-0.36,-0.81,44.1,10.0,7.39,0.0,4122000.0,22400000.0,8.91,220046741.0,228970300.0,,,10.0,7.39,8.91
49,2014,June,UM UPPER CHESAPEAKE,1.0,name_history,,,157472100.0,157589600.0,117500.0,,23598700.0,19358900.0,-4239800.0,138670800.0,138755700.0,84900.0,,,,,,,1337000.0,2612599.0,1275599.0,,,,,,19546400.0,,,,187500.0,,,,,,,,,0.0,187500.0,,,116409100.0,122009400.0,5940.0,67110.0,,,
49,2015,June,UM UPPER CHESAPEAKE,1.0,name_history,,,320267600.0,321357334.0,1089734.0,23829133.0,43118575.0,34030566.0,-9088009.0,268193832.0,269283566.0,1089734.0,,,,,,,274551832.0,6358000.0,0.0,39598899.0,0.65,12.72,0.0,,23343566.0,15.71,12.35,8.46,-10687000.0,,,,,,,,,11016000.0,329000.0,,,231433257.0,241611000.0,,,15.71,12.35,8.46
49,2016,June,UM UPPER CHESAPEAKE MEDICAL CENTER,0.98,cms_name,,,330967000.0,331953000.0,986000.0,20683243.0,40076933.0,29345972.0,-10730960.0,284816000.0,285802000.0,986000.0,,,,,,,288265774.0,290421972.0,2156199.0,36235421.0,0.67,11.01,,0.0,30135972.0,13.9,10.1,10.22,790000.0,,,,,,,,,3736000.0,4526000.0,,,248188841.0,261076000.0,,,13.9,10.1,10.22
49,2017,June,UM UPPER CHESAPEAKE MEDICAL CENTER,0.98,cms_name,,,341416000.0,342511000.0,1095000.0,21482900.0,26887108.0,16551952.0,-10335156.0,296121934.0,296833952.0,712018.0,,,,,,,298629666.0,300770952.0,2141287.0,37303104.0,0.47,10.33,,0.0,24210952.0,9.0,5.5,7.79,7659000.0,,,,,,,,,2225000.0,9884000.0,,,271742558.0,284219000.0,,,9.0,5.5,7.79
49,2018,June,UM UPPER CHESAPEAKE MEDICAL CENTER,0.98,cms_name,,,343214125.0,344417125.0,1203000.0,21834251.0,48984070.0,38984000.0,-10000070.0,297072704.0,297870000.0,797296.0,,,,,,,299699201.0,301850000.0,2150799.0,40328636.0,0.42,9.54,,0.0,42761000.0,16.34,12.92,13.87,3777000.0,,,,,,,,,2702000.0,6479000.0,,,250715131.0,262866000.0,,,16.34,12.92,13.87
51,2007,June,DOCTORS COMMUNITY HOSPITAL,0.975,short_name,17568.0,17653.0,169628900.0,170457000.0,828100.0,,7707601.0,7640211.0,-67390.0,141992378.0,142684878.0,692500.0,8331.53,8535.15,8082.65,8082.62,7892.79,8102.35,146364589.0,150673544.0,4308955.0,,,,,,,,,,-2805401.0,90.43,111.14,13.3,12.87,10.75,-34.51,5.27,5.07,4362315.0,1556914.0,4834810.0,3.18,138656988.0,143033333.0,,,5.27,5.07,3.18
51,2008,June,DOCTORS COMMUNITY HOSPITAL,0.975,short_name,19267.0,19951.0,174473200.0,182408867.0,7935667.0,,5036473.0,6086292.0,1049818.0,144755979.0,152461910.0,7705931.0,7731.22,7971.61,7513.08,7641.98,7469.82,7666.55,148958890.0,159038267.0,10079377.0,,,,,,,,,,-10789776.0,-34.66,-20.34,-7.21,-7.05,-5.36,-197.28,3.38,3.83,7397262.0,-3392514.0,-4703484.0,-3.02,143922416.0,152951975.0,,,3.38,3.83,-3.02
51,2009,June,DOCTORS COMMUNITY HOSPITAL,0.975,short_name,19714.0,20295.0,188720500.0,194288440.0,5567940.0,,4357201.0,5217652.0,860450.0,156598647.0,161997573.0,5398926.0,8013.48,8368.11,7943.69,7982.06,7792.45,8111.02,157974419.0,169832613.0,11858194.0,,,,,,,,,,-17579863.0,-13.49,-14.27,3.65,5.73,4.32,-162.83,2.76,3.07,0.0,-17579863.0,-12362211.0,-8.12,153617218.0,164614961.0,,,2.76,3.07,-8.12
51,2010,June,DOCTORS COMMUNITY HOSPITAL,0.975,short_name,19629.0,20467.0,196074400.0,204441642.0,8367242.0,,4702299.0,3457996.0,-1244303.0,167544370.0,175673347.0,8128977.0,8543.04,8987.5,8535.37,8583.21,8303.49,8818.55,150612.0,8274619.0,8124007.0,,,,,,,,,,-6968443.0,7.92,-33.73,6.61,7.45,6.56,71.6,2.8,1.88,1872492.0,-5095951.0,-3510447.0,-1.96,162992683.0,180489970.0,,,2.8,1.88,-1.96
51,2011,June,DOCTORS COMMUNITY HOSPITAL,0.975,short_name,20349.0,21487.0,213054400.0,224972025.0,11917625.0,,8036051.0,4051112.0,-3984940.0,181899812.0,193772203.0,11872391.0,8956.38,9280.37,8939.06,9018.06,8561.47,9091.83,352448.0,5636233.0,5283785.0,,,,,,,,,,13148798.0,70.9,17.15,4.84,4.73,3.11,589.96,4.41,2.03,18712916.0,31861714.0,17199910.0,7.44,174216209.0,195357324.0,,,4.41,2.03,7.44
51,2012,June,DOCTORS COMMUNITY HOSPITAL,0.975,short_name,18526.0,19761.0,214285300.0,228573265.0,14287965.0,,6541312.0,462156.0,-6079156.0,176759733.0,190970282.0,14210549.0,9547.5,10000.9,9541.1,9663.8,9194.41,9977.52,176878150.0,6661589.0,20753721.0,,,,,,305804.0,,,,-156352.0,-18.6,-88.59,6.6,6.73,7.39,-98.22,3.7,0.23,597184.0,440832.0,305804.0,0.15,170336837.0,197169715.0,12052.0,97540.0,3.7,0.23,0.15
51,2013,June,DOCTORS COMMUNITY HOSPITAL,0.975,short_name,17279.0,18512.0,216854500.0,232326576.0,15472076.0,24364088.0,4422646.0,-2717478.0,-7140124.0,171977743.0,187408037.0,15430295.0,10291.01,10619.24,9952.89,10123.6,10035.06,10766.04,5842396.0,9175403.0,3333007.0,39948367.0,1.43,12.95,0.0,,-1415078.0,2.49,-1.38,-0.72,1302400.0,-32.39,-688.0,7.79,4.32,9.14,-562.74,2.49,-1.38,0.0,1302400.0,-1415078.0,-0.72,173397492.0,199300918.0,10857.0,62700.0,2.49,-1.38,-0.72
51,2014,June,DOCTORS COMMUNITY HOSPITAL,0.975,short_name,,,222145400.0,243642524.0,21497124.0,19742079.0,10251378.0,895012.0,-9356366.0,178102639.0,199604892.0,21502253.0,,,,,,,2232490.0,205079724.0,24744595.0,36131902.0,1.17,11.88,0.0,0.0,651801.0,5.68,0.44,0.32,-243211.0,,,,,,,,,0.0,-243211.0,,,170083752.0,204184713.0,9709.0,68199.0,5.68,0.44,0.32
51,2015,June,DOCTORS COMMUNITY HOSPITAL,0.975,short_name,,,226462500.0,247537027.0,21074527.0,21254010.0,18130257.0,6119382.0,-12010875.0,186906068.0,207691111.0,20785043.0,,,,,,,188884148.0,6939951.0,4961871.0,36172611.0,1.29,11.66,0.0,0.0,5096695.0,9.6,2.85,2.39,-1022687.0,,,,,,,,,0.0,-1022687.0,,,170753892.0,208511680.0,,,9.6,2.85,2.39
51,2016,June,DOCTORS COMMUNITY HOSPITAL,0.975,short_name,,,234045500.0,257909893.0,23864393.0,23499610.0,16518507.0,5319391.0,-11199116.0,196748065.0,220500975.0,23752910.0,,,,,,,-749478.0,226202764.0,30204177.0,40993929.0,0.67,11.75,,0.0,1397774.0,8.43,2.35,0.62,-3921617.0,,,,,,,,,4629885.0,708268.0,,,179480079.0,220883373.0,,,8.43,2.35,0.62
51,2017,June,DOCTORS COMMUNITY HOSPITAL,0.975,short_name,,,232581700.0,284662055.0,52080355.0,22723147.0,15061591.0,1519075.0,-13542516.0,201446395.0,229571348.0,28124953.0,,,,,,,-378275.0,239082899.0,38014779.0,40646171.0,0.46,11.35,,0.0,-9335418.0,7.49,0.64,-3.9,-10854493.0,,,,,,,,,11430716.0,576223.0,,,186006529.0,237563824.0,,,7.49,0.64,-3.9
51,2018,June,DOCTORS COMMUNITY HOSPITAL,0.975,short_name,,,247708141.0,331062019.0,83353878.0,22025222.0,28162961.0,4010462.0,-24152499.0,212055111.0,239717587.0,27662476.0,,,,,,,2089521.0,246027710.0,4220602.0,41526770.0,0.34,10.24,,0.0,3597711.0,13.15,1.63,1.46,-412751.0,,,,,,,,,634727.0,221976.0,,,185981671.0,242017248.0,,,13.15,1.63,1.46
55,2007,June,LAUREL REGIONAL MEDICAL CENTER,0.975,short_name,9478.0,9932.0,85721400.0,89819980.0,4098580.0,,-3327509.0,-6847455.0,-3519946.0,71133998.0,72504991.0,1370993.0,7596.12,7390.13,7504.89,7300.48,7947.19,8079.59,71998722.0,73395315.0,1396593.0,,,,,,,,,,985719.0,50.27,20.42,12.97,11.61,7.27,19.82,-4.62,-9.33,0.0,985719.0,-5861736.0,-7.88,75326230.0,80242769.0,,,-4.62,-9.33,-7.88
55,2008,June,LAUREL REGIONAL MEDICAL CENTER,0.975,short_name,9766.0,10218.0,93150500.0,97456362.0,4305862.0,,-1913281.0,-6969263.0,-5055983.0,77436743.0,78664005.0,1227262.0,7979.27,7746.84,7929.15,7698.94,8175.18,8428.93,77926214.0,79153476.0,1227262.0,,,,,,,,,,267261.0,42.5,-1.78,5.04,5.65,2.87,-14.33,-2.46,-8.8,0.0,267261.0,-6702002.0,-8.44,79839494.0,86122739.0,,,-2.46,-8.8,-8.44
55,2009,June,LAUREL REGIONAL HOSPITAL,0.975,short_name,10045.0,9825.0,91640000.0,96180332.0,4540332.0,,-6056718.0,-11754319.0,-5697601.0,76473729.0,77768988.0,1295259.0,7687.53,7991.54,7612.76,7915.1,8290.46,9187.86,77224783.0,78520042.0,1295259.0,,,,,,,,,,63350.0,-216.56,-68.66,-3.66,-3.99,1.41,-74.44,-7.84,-14.97,0.0,63350.0,-11690969.0,-14.88,83281501.0,90274361.0,,,-7.84,-14.97,-14.88
55,2010,June,LAUREL REGIONAL HOSPITAL,0.975,short_name,9669.0,9459.0,102846900.0,107096325.0,4249425.0,,-57471.0,-5575596.0,-5518125.0,85075631.0,86307965.0,1232334.0,8843.34,9170.22,8798.81,9124.7,8849.29,9759.69,430579.0,430579.0,0.0,,,,,,,,,,6056896.0,99.05,52.57,15.03,15.58,6.74,104.12,-0.07,-6.43,0.0,6056896.0,481300.0,0.52,85563681.0,92314140.0,,,-0.07,-6.43,0.52
55,2011,June,LAUREL REGIONAL HOSPITAL,0.975,short_name,9477.0,9847.0,103068600.0,107101788.0,4033188.0,,-2325411.0,-7683200.0,-5357789.0,84354149.0,85678636.0,1324486.0,8967.33,8783.6,8901.3,8700.6,9212.72,9563.82,625721.0,86495939.0,1516069.0,,,,,,,,,,8601136.0,-3946.23,-37.8,1.4,1.16,4.11,90.72,-2.74,-8.88,0.0,8601136.0,917936.0,0.97,87305281.0,94179139.0,,,-2.74,-8.88,0.97
55,2012,June,LAUREL REGIONAL HOSPITAL,0.975,short_name,8850.0,9145.0,118724400.0,122686130.0,3961730.0,,-3108868.0,-9052368.0,-5943501.0,93954841.0,95228087.0,1273246.0,10595.14,10419.49,10616.51,10412.91,10946.43,11409.34,-189126.0,60227.0,249353.0,,,,,,97632.0,,,,9150000.0,-33.69,-17.82,18.15,19.27,18.82,-89.36,-3.32,-9.5,0.0,9150000.0,97632.0,0.09,96874582.0,104340682.0,5630.0,49270.0,-3.32,-9.5,0.09
55,2013,June,LAUREL REGIONAL HOSPITAL,0.975,short_name,9241.0,9528.0,121542100.0,125308880.0,3766780.0,8880825.0,-2910849.0,-10270163.0,-7359314.0,98649934.0,100127755.0,1477821.0,10687.62,10551.18,10674.81,10509.03,11002.6,11629.1,118373.0,100529393.0,1761086.0,13734806.0,0.84,13.98,0.0,,-1570163.0,-2.95,-10.22,-1.44,8700000.0,6.37,-13.45,0.87,0.55,0.51,-1708.25,-2.95,-10.22,0.0,8700000.0,-1570163.0,-1.44,101679156.0,110799556.0,5989.0,51767.0,-2.95,-10.22,-1.44
55,2014,June,LAUREL REGIONAL HOSPITAL,0.975,short_name,,,118865000.0,124054156.0,5189156.0,7478142.0,-3598137.0,-9235989.0,-5637852.0,97912231.0,99413352.0,1501121.0,,,,,,,2735242.0,3041278.0,1807157.0,12772626.0,1.07,13.52,0.0,0.0,-685989.0,-3.57,-9.01,-0.62,8550000.0,,,,,,,,,0.0,8550000.0,,,104245610.0,111690619.0,5494.0,47120.0,-3.57,-9.01,-0.62
55,2015,June,LAUREL REGIONAL HOSPITAL,0.975,short_name,,,106467900.0,107985891.0,1517991.0,7679937.0,-4423106.0,-16505829.0,-12082723.0,90359092.0,90482885.0,123792.0,,,,,,,1509271.0,92268492.0,400129.0,12793751.0,1.14,13.15,0.0,0.0,-9114741.0,-4.81,-17.89,-9.15,7391088.0,,,,,,,,,0.0,7391088.0,,,96291469.0,108774321.0,,,-4.81,-17.89,-9.15
55,2016,June,LAUREL REGIONAL HOSPITAL,0.975,short_name,,,106117500.0,108103172.0,1985672.0,7778186.0,6569757.0,-4065891.0,-10635648.0,90443295.0,91863143.0,1419848.0,,,,,,,1193454.0,93306101.0,1669352.0,12699645.0,0.99,12.13,,0.0,-1232453.0,7.17,-4.36,-1.28,2833438.0,,,,,,,,,0.0,2833438.0,,,85066992.0,97371992.0,,,7.17,-4.36,-1.28
55,2017,June,UM LAUREL REGIONAL HOSPITAL,0.975,name_history,,,100491800.0,102582170.0,2090370.0,6934840.0,-21658.0,-11879823.0,-11858165.0,81678189.0,82500149.0,821960.0,,,,,,,120760.0,346935.0,226175.0,11640040.0,0.59,12.83,,0.0,-5522040.0,-0.03,-14.34,-6.19,6357783.0,,,,,,,,,0.0,6357783.0,,,81820607.0,94726907.0,,,-0.03,-14.34,-6.19
55,2018,June,UM LAUREL REGIONAL HOSPITAL,0.975,name_history,,,102996000.0,102996000.0,0.0,7021109.0,16954600.0,8507000.0,-8447600.0,90095000.0,90095000.0,0.0,,,,,,,99696000.0,9601000.0,0.0,12043309.0,0.48,11.36,,0.0,9083000.0,17.01,8.53,9.06,576000.0,,,,,,,,,0.0,576000.0,,,82741400.0,91189000.0,,,17.01,8.53,9.06
60,2007,December,FORT WASHINGTON MEDICAL CENTER,0.767,short_name,5566.0,5525.0,43852242.0,44490201.0,637959.0,,1153232.0,738068.0,-415164.0,35940940.0,36578899.0,637959.0,6534.16,6706.02,6457.43,6620.09,6326.96,6572.45,36368033.0,37053739.0,685706.0,,,,,,,,,,16219.0,177.14,148.87,11.67,12.36,3.28,150.53,3.17,1.99,0.0,16219.0,754287.0,2.03,35214801.0,36315671.0,,,3.17,1.99,2.03
60,2008,December,FORT WASHINGTON MEDICAL CENTER,0.767,short_name,5928.0,5883.0,47584845.0,48299478.0,714633.0,,1519535.0,1366545.0,-152990.0,38076625.0,38791258.0,714633.0,6481.8,6659.58,6423.3,6593.9,6225.47,6427.29,38423441.0,39177654.0,754213.0,,,,,,,,,,10355.0,31.76,85.15,-0.8,-0.53,-1.6,82.54,3.95,3.49,0.0,10355.0,1376900.0,3.51,36903906.0,37811109.0,,,3.95,3.49,3.51
60,2009,December,FORT WASHINGTON MEDICAL CENTER,0.767,short_name,6295.0,6243.0,47242143.0,48000150.0,758007.0,,1762620.0,1359038.0,-403582.0,38272727.0,39030734.0,758007.0,6145.82,6323.95,6079.89,6251.6,5865.82,6106.27,38687792.0,39482414.0,794622.0,,,,,,,,,,5716.0,16.0,-0.55,-5.18,-5.35,-5.78,-0.88,4.56,3.44,0.0,5716.0,1364754.0,3.46,36925172.0,38123376.0,,,4.56,3.44,3.46
60,2010,December,FORT WASHINGTON MEDICAL CENTER,0.767,short_name,5963.0,6023.0,44747960.0,45499474.0,751514.0,,801660.0,396557.0,-405102.0,36812178.0,37563692.0,751514.0,6259.88,6326.78,6173.78,6236.27,6125.43,6260.94,513382.0,545165.0,31783.0,,,,,,,,,,5495.0,-54.52,-70.82,1.86,1.54,4.43,-70.54,2.15,1.04,0.0,5495.0,402052.0,1.05,36523900.0,37712300.0,,,2.15,1.04,1.05
60,2011,December,FORT WASHINGTON MEDICAL CENTER,0.767,short_name,5298.0,5338.0,47165008.0,47946347.0,781339.0,,1384387.0,970774.0,-413612.0,38192640.0,38973979.0,781339.0,7294.36,7391.03,7209.27,7300.74,7033.04,7209.18,38643400.0,39455983.0,812583.0,,,,,,,,,,4260.0,72.69,144.8,16.53,16.77,14.82,142.51,3.58,2.46,0.0,4260.0,975034.0,2.47,37259013.0,38485209.0,,,3.58,2.46,2.47
60,2012,December,FORT WASHINGTON MEDICAL CENTER,0.767,short_name,5727.0,5737.0,46176442.0,46741626.0,565184.0,3500783.0,1702136.0,1101202.0,-600935.0,37540675.0,38105859.0,565184.0,6863.21,6956.58,6555.57,6642.53,6565.97,6764.62,39302376.0,1801611.0,605094.0,7576258.0,1.22,14.7,0.0,,1102010.0,4.33,2.76,2.76,808.0,22.95,13.44,-5.91,-9.07,-6.64,13.02,4.33,2.76,0.0,808.0,1102010.0,2.76,37600240.0,38806268.0,,,4.33,2.76,2.76
60,2013,June,FORT WASHINGTON MEDICAL CENTER,0.767,short_name,,,,,,,,,,,,,,,,,,,,,,,,,,,,,,,,,,,,,,,,,,,,,,2306.0,42300.0,,,
60,2014,December,FORT WASHINGTON MEDICAL CENTER,0.767,short_name,,,48565970.0,48970645.0,404675.0,3593267.0,2028867.0,1380145.0,-648722.0,40450576.0,40855251.0,404675.0,,,,,,,41795667.0,1384179.0,443763.0,7974754.0,0.33,11.57,0.0,0.0,1380752.0,4.85,3.27,3.27,607.0,,,,,,,,,0.0,607.0,,,39766800.0,40859285.0,2177.0,43635.0,4.85,3.27,3.27
60,2015,December,FORT WASHINGTON MEDICAL CENTER,0.767,short_name,,,48291192.0,48502334.0,211142.0,2842794.0,564782.0,13967.0,-550815.0,41353146.0,41564288.0,211142.0,,,,,,,802900.0,42419166.0,51978.0,7601516.0,0.11,9.83,,0.0,14629.0,1.34,0.03,0.03,662.0,,,,,,,,,0.0,662.0,,,41591264.0,42405199.0,,,1.34,0.03,0.03
60,2016,December,FORT WASHINGTON MEDICAL CENTER,0.767,short_name,,,48727769.0,49511696.0,783927.0,2884303.0,191131.0,-175091.0,-366223.0,41576357.0,42360284.0,783927.0,,,,,,,287472.0,42708285.0,60529.0,7229482.0,0.39,8.95,,0.0,-1027286.0,0.46,-0.41,-2.41,-852195.0,,,,,,,,,858000.0,5805.0,,,41672698.0,42883376.0,,,0.46,-0.41,-2.41
60,2017,December,FORT WASHINGTON MEDICAL CENTER,0.767,short_name,,,49044647.0,49620538.0,575891.0,2729166.0,1127659.0,484251.0,-643408.0,41467988.0,42043879.0,575891.0,,,,,,,42085727.0,42721698.0,60080.0,7431136.0,0.1,8.24,,0.0,429529.0,2.68,1.13,1.01,-54722.0,,,,,,,,,65990.0,11268.0,,,40958068.0,42237447.0,,,2.68,1.13,1.01
61,2007,June,ATLANTIC GENERAL HOSPITAL,1.0,cms_name,7390.0,8657.0,63648000.0,74559875.0,10911875.0,,6709842.0,1475796.0,-5234045.0,55389500.0,62201175.0,6811675.0,7498.47,7225.07,7494.87,7184.8,6590.55,7054.6,55416100.0,62549775.0,7133675.0,,,,,,,,,,1270702.0,108.53,264.88,4.15,4.16,-1.83,174.46,12.11,2.36,61275.0,1331977.0,2746498.0,4.3,48706258.0,61073979.0,,,12.11,2.36,4.3
61,2008,June,ATLANTIC GENERAL HOSPITAL,1.0,cms_name,7259.0,8385.0,73435000.0,84826230.0,11391230.0,,9705883.0,4089280.0,-5616604.0,64089800.0,71470830.0,7381030.0,8839.3,8578.28,8829.01,8523.64,7502.22,8090.59,64164500.0,71929030.0,7764530.0,,,,,,,,,,1204760.0,44.65,177.09,17.88,17.8,13.83,92.76,15.13,5.69,65154.0,1269914.0,5294040.0,7.23,54458617.0,67839750.0,,,15.13,5.69,7.23
61,2009,June,ATLANTIC GENERAL HOSPITAL,1.0,cms_name,7631.0,8826.0,76484900.0,88464555.0,11979655.0,,6827139.0,243296.0,-6583843.0,66120200.0,73937455.0,7817255.0,8671.07,8427.43,8665.1,8377.42,7776.37,8399.86,66165700.0,74378755.0,8213055.0,,,,,,,,,,1019098.0,-29.66,-94.05,-1.9,-1.86,3.65,-76.15,10.32,0.33,167547.0,1186645.0,1262394.0,1.67,59338561.0,74135459.0,,,10.32,0.33,1.67
61,2010,June,ATLANTIC GENERAL HOSPITAL,1.0,cms_name,8251.0,9664.0,84190900.0,98601325.0,14410425.0,,7546082.0,864298.0,-6681784.0,70677900.0,79609225.0,8931325.0,8603.82,8335.69,8565.63,8237.99,7689.29,8246.25,315091.0,80553320.0,629004.0,,,,,,,,,,1262244.0,10.53,255.25,-0.78,-1.15,-1.12,68.45,10.63,1.07,0.0,1262244.0,2126542.0,2.6,63446909.0,79689022.0,,,10.63,1.07,2.6
61,2011,June,ATLANTIC GENERAL HOSPITAL,1.0,cms_name,8602.0,10161.0,88149000.0,104118652.0,15969652.0,,7884487.0,254548.0,-7629939.0,73273700.0,82354552.0,9080852.0,8537.64,8190.99,8517.96,8105.21,7621.08,8165.93,169279.0,871572.0,702293.0,,,,,,,,,,1532896.0,4.48,-70.55,-0.77,-0.56,-0.89,-15.95,10.74,0.31,0.0,1532896.0,1787444.0,2.11,65558492.0,82971576.0,,,10.74,0.31,2.11
61,2012,June,ATLANTIC GENERAL HOSPITAL,1.0,cms_name,7616.0,8906.0,95474200.0,111639528.0,16165328.0,,7834927.0,556609.0,-7278318.0,77261700.0,86680928.0,9419228.0,10170.77,9850.1,10144.01,9732.78,9142.09,9787.6,77465536.0,87725781.0,10260245.0,,,,,,1456040.0,,,,899431.0,-0.63,118.67,19.13,19.09,19.96,-18.54,10.11,0.63,0.0,899431.0,1456040.0,1.64,69630609.0,87169172.0,3054.0,57546.0,10.11,0.63,1.64
61,2013,June,ATLANTIC GENERAL HOSPITAL,1.0,cms_name,7929.0,9532.0,99487100.0,119611752.0,20124652.0,6013450.0,9222349.0,1226727.0,-7995621.0,81125900.0,92207352.0,11081452.0,10474.05,10013.27,10232.18,9673.13,9310.86,9884.58,1917695.0,3242301.0,1324606.0,11336777.0,0.65,11.8,0.0,,2725952.0,11.11,1.29,2.81,1499225.0,17.71,120.39,2.98,0.87,1.85,87.22,11.11,1.29,0.0,1499225.0,2725952.0,2.81,73821246.0,94222926.0,3086.0,57507.0,11.11,1.29,2.81
61,2014,June,ATLANTIC GENERAL HOSPITAL,1.0,cms_name,,,102693200.0,128107208.0,25414008.0,5486337.0,13899332.0,3812719.0,-10086613.0,89143246.0,102923654.0,13780408.0,,,,,,,1310947.0,2524069.0,1213122.0,11055167.0,0.88,11.68,0.0,0.0,6274080.0,15.37,3.62,5.81,2461360.0,,,,,,,,,0.0,2461360.0,,,76554862.0,101635006.0,3342.0,57024.0,15.37,3.62,5.81
61,2015,June,ATLANTIC GENERAL HOSPITAL,1.0,cms_name,,,102371000.0,144927300.0,42556300.0,4908066.0,14536600.0,882000.0,-13654600.0,88616700.0,106120000.0,17503300.0,,,,,,,1315700.0,109202800.0,19270400.0,10631879.0,0.86,10.32,0.0,0.0,2442300.0,16.16,0.81,2.2,1560200.0,,,,,,,,,0.0,1560200.0,,,75395800.0,108320800.0,,,16.16,0.81,2.2
61,2016,June,ATLANTIC GENERAL HOSPITAL,1.0,cms_name,,,105461500.0,156123826.0,50662326.0,3487090.0,14960419.0,2160346.0,-12800074.0,90081400.0,111487826.0,21406426.0,,,,,,,90875724.0,3577131.0,2782807.0,8453276.0,0.57,8.72,,0.0,2423915.0,16.46,1.88,2.1,263569.0,,,,,,,,,0.0,263569.0,,,75915305.0,112904611.0,,,16.46,1.88,2.1
61,2017,June,ATLANTIC GENERAL HOSPITAL,1.0,cms_name,,,107265100.0,162112261.0,54847161.0,4156652.0,13774863.0,586704.0,-13188159.0,91131000.0,114461161.0,23330161.0,,,,,,,91492039.0,3393892.0,3032853.0,9809551.0,0.35,8.75,,0.0,3193344.0,15.06,0.5,2.65,2606640.0,,,,,,,,,0.0,2606640.0,,,77717176.0,117268349.0,,,15.06,0.5,2.65
61,2018,June,ATLANTIC GENERAL HOSPITAL,1.0,cms_name,,,110418500.0,174118885.0,63700385.0,4511419.0,14896606.0,-2350429.0,-17247035.0,94882400.0,121263885.0,26381485.0,,,,,,,95234413.0,3843813.0,29873284.0,9144998.0,0.32,10.49,,0.0,1101154.0,15.64,-1.88,0.86,3451583.0,,,,,,,,,0.0,3451583.0,,,80337807.0,127458126.0,,,15.64,-1.88,0.86
62,2007,December,SOUTHERN MARYLAND HOSPITAL CENTER,0.851,cms_name,23670.0,28431.0,216279800.0,260511705.0,44231905.0,,11233526.0,6936065.0,-4297461.0,176487362.0,193941438.0,17454076.0,7471.79,6852.14,7456.07,6821.45,6997.2,6608.18,176859506.0,194814077.0,17954571.0,,,,,,,,,,1146376.0,98.27,342.01,9.58,9.7,6.29,210.12,6.35,3.56,0.0,1146376.0,8082441.0,4.12,165625980.0,187878012.0,,,6.35,3.56,4.12
62,2008,December,SOUTHERN MARYLAND HOSPITAL CENTER,0.851,cms_name,25911.0,28727.0,226574600.0,272969544.0,46394944.0,,13227591.0,4127123.0,-9100468.0,183726110.0,188489867.0,4763757.0,7104.6,7054.11,7090.76,6561.32,6594.1,6910.44,184084845.0,202646381.0,18561536.0,,,,,,,,,,648952.0,17.75,-40.5,-4.91,-4.9,-5.76,-40.91,7.19,2.04,0.0,648952.0,4776075.0,2.35,170857254.0,198519258.0,,,7.19,2.04,2.35
62,2009,December,SOUTHERN MARYLAND HOSPITAL CENTER,0.851,cms_name,23928.0,28637.0,224831800.0,271393767.0,46561967.0,,8919935.0,2668939.0,-6250996.0,188617307.0,206819072.0,18201765.0,7892.18,7247.28,7882.67,7222.21,7519.4,7154.08,188844854.0,207537058.0,18692204.0,,,,,,,,,,50554.0,-32.57,-35.33,11.09,11.17,14.03,-43.06,4.72,1.29,0.0,50554.0,2719464.0,1.31,179924919.0,204868119.0,,,4.72,1.29,1.31
62,2010,December,SOUTHERN MARYLAND HOSPITAL CENTER,0.851,cms_name,23770.0,28739.0,223251200.0,272220065.0,48968865.0,,8709816.0,3270705.0,-5439111.0,186636112.0,206429497.0,19793385.0,7871.25,7215.72,7851.91,7182.91,7504.82,7101.92,187095816.0,943108.0,20276789.0,,,,,,,,,,121913.0,-2.36,22.55,-0.27,-0.39,-0.2,24.75,4.66,1.58,0.0,121913.0,3392618.0,1.64,178386000.0,204101900.0,,,4.66,1.58,1.64
62,2011,December,MEDSTAR SOUTHERN MARYLAND,0.975,cms_name,24068.0,27310.0,249258400.0,284150973.0,34892573.0,,10459521.0,5780922.0,-4678599.0,208612308.0,222050781.0,13438473.0,8684.94,8164.32,8667.45,8130.86,8250.37,7952.64,421075.0,913803.0,492728.0,,,,,,,,,,27600.0,20.09,76.75,10.34,10.39,9.93,71.21,5.0,2.59,0.0,27600.0,5808522.0,2.6,198573862.0,217183662.0,,,5.0,2.59,2.6
62,2012,December,MEDSTAR SOUTHERN MARYLAND,0.975,cms_name,23657.0,26575.0,,,,,,,,,,,8436.36,8030.29,8424.99,7996.51,8199.71,8200.71,,,,,,,,,,,,,,-46.48,-178.34,-2.86,-2.8,-0.61,-180.63,2.81,-2.12,,,-4683446.0,-2.2,,,,,2.81,-2.12,-2.2
62,2013,June,MEDSTAR SOUTHERN MARYLAND,0.975,cms_name,25971.0,27300.0,259132417.0,274531617.0,15399200.0,26930719.0,-21613758.0,-27650904.0,-6037146.0,200413856.0,205580554.0,5166698.0,7721.14,7569.65,7716.73,7530.3,8553.35,8582.49,200528256.0,206654788.0,6126532.0,45269939.0,1.28,12.58,0.0,,-21613758.0,-10.78,-13.38,-10.46,-104289.0,-486.07,-510.53,-8.48,-8.41,4.31,-361.49,-10.78,-13.38,104289.0,0.0,-21613758.0,-10.46,222142014.0,234305692.0,16421.0,49127.0,-10.78,-13.38,-10.46
62,2014,June,MEDSTAR SOUTHERN MARYLAND HOSPITAL CENTER,1.0,cms_name,,,261812300.0,271863755.0,10051455.0,26136926.0,3162651.0,-5604177.0,-8766828.0,207161288.0,212576826.0,5415538.0,,,,,,,402847.0,213862614.0,6298479.0,45433836.0,1.28,11.62,,0.0,-5582219.0,1.52,-2.62,-2.61,21958.0,,,,,,,,,0.0,21958.0,,,204401483.0,219466790.0,,,1.52,-2.62,-2.61
62,2015,June,MEDSTAR SOUTHERN MARYLAND HOSPITAL CENTER,1.0,cms_name,,,262672600.0,272371752.0,9699152.0,25964453.0,4107378.0,-7549143.0,-11656520.0,216113395.0,220719842.0,4606447.0,,,,,,,220367050.0,5086705.0,5439497.0,47033454.0,1.03,11.84,,0.0,-7528697.0,1.86,-3.34,-3.33,20445.0,,,,,,,,,0.0,20445.0,,,216259673.0,233355690.0,,,1.86,-3.34,-3.33
62,2016,June,MEDSTAR SOUTHERN MARYLAND HOSPITAL CENTER,1.0,cms_name,,,271938700.0,299709229.0,27770529.0,24088744.0,13959099.0,-6457604.0,-20416703.0,221201757.0,232243667.0,11041910.0,,,,,,,224211016.0,236069199.0,11858184.0,44566587.0,0.91,10.6,,0.0,-6456935.0,6.23,-2.74,-2.74,670.0,,,,,,,,,0.0,670.0,,,210251917.0,242526804.0,,,6.23,-2.74,-2.74
62,2017,June,MEDSTAR SOUTHERN MARYLAND HOSPITAL CENTER,1.0,cms_name,,,270322700.0,296609756.0,26287056.0,25839744.0,24730472.0,4605995.0,-20124477.0,227911853.0,238070084.0,10158231.0,,,,,,,237119588.0,248235881.0,11116294.0,45444222.0,0.81,11.31,,0.0,4663640.0,10.43,1.86,1.88,57645.0,,,,,,,,,0.0,57645.0,,,212389115.0,243629886.0,,,10.43,1.86,1.88
62,2018,June,MEDSTAR SOUTHERN MARYLAND HOSPITAL CENTER,1.0,cms_name,,,264243580.0,288304760.0,24061180.0,22222065.0,12756356.0,-10207859.0,-22964214.0,226852359.0,236025488.0,9173129.0,,,,,,,227419146.0,237469834.0,10050688.0,42586246.0,0.89,9.4,,0.0,-10171988.0,5.61,-4.3,-4.28,35871.0,,,,,,,,,0.0,35871.0,,,214662790.0,247677692.0,,,5.61,-4.3,-4.28
63,2007,June,SAINT JOSEPH MEDICAL CENTER,0.653,cms_name,29441.0,31270.0,345174100.0,384965265.0,39791165.0,,12598408.0,1456602.0,-11141806.0,304510224.0,322621995.0,18111771.0,10397.24,10557.17,10343.04,10317.29,9969.32,10510.59,306105791.0,330123202.0,24017410.0,,,,,,,,,,8692793.0,-23.79,-80.23,2.84,2.58,4.2,-43.02,4.12,0.44,0.0,8692793.0,10149395.0,3.0,293507383.0,328666600.0,,,4.12,0.44,3.0
63,2008,June,SAINT JOSEPH MEDICAL CENTER,0.653,cms_name,30498.0,30864.0,363810300.0,402069484.0,38259184.0,,331877.0,-18004117.0,-18335994.0,322493187.0,339832813.0,17339626.0,10599.84,11196.47,10574.3,11010.54,10588.95,11779.8,323272073.0,345571631.0,22299558.0,,,,,,,,,,6269504.0,-97.37,-1336.04,1.95,2.24,6.22,-215.62,0.1,-5.21,0.0,6269504.0,-11734613.0,-3.34,322940196.0,363575748.0,,,0.1,-5.21,-3.34
63,2009,June,SAINT JOSEPH MEDICAL CENTER,0.653,cms_name,31752.0,35486.0,398844400.0,445852978.0,47008578.0,,18683567.0,-4825345.0,-23508912.0,339694906.0,361378606.0,21683700.0,10732.23,10362.16,10698.23,10183.83,10143.82,10498.14,340774543.0,367706822.0,26932278.0,,,,,,,,,,-9452618.0,5529.66,73.2,1.25,1.17,-4.2,-21.67,5.48,-1.31,22000000.0,12547382.0,-14277963.0,-3.75,322090976.0,372532167.0,,,5.48,-1.31,-3.75
63,2010,June,SAINT JOSEPH MEDICAL CENTER,0.653,cms_name,28322.0,31372.0,375076400.0,415475097.0,40398697.0,,7394214.0,-17716165.0,-25110379.0,307247166.0,326382248.0,19135082.0,10853.16,10597.5,10848.17,10403.73,10592.09,11162.22,307388501.0,332461171.0,25072670.0,,,,,,,,,,5443008.0,-60.42,-267.15,1.13,1.4,4.42,14.04,2.41,-5.33,0.0,5443008.0,-12273157.0,-3.63,299994287.0,350177336.0,,,2.41,-5.33,-3.63
63,2011,June,UM SAINT JOSEPH,0.75,name_history,26720.0,30190.0,362195000.0,409223886.0,47028886.0,,816389.0,-24457749.0,-25274138.0,293912806.0,317006374.0,23093568.0,11017.95,10706.19,10999.57,10500.42,10987.39,11516.32,294403778.0,323218585.0,28814807.0,,,,,,,,,,8418345.0,-88.96,-38.05,1.52,1.4,3.73,-30.69,0.28,-7.57,0.0,8418345.0,-16039404.0,-4.84,293587390.0,347676334.0,,,0.28,-7.57,-4.84
63,2012,June,UM SAINT JOSEPH,0.75,name_history,25988.0,29571.0,354785600.0,403716687.0,48931087.0,,416042.0,-28170088.0,-28586130.0,286710810.0,310214823.0,23504013.0,11047.6,10704.3,11032.61,10490.43,11031.59,11656.92,389513.0,316539111.0,29438788.0,,,,,,-24406902.0,,,,3763186.0,-49.04,-15.18,0.27,0.3,0.4,-52.17,0.14,-8.9,-4.0,3763182.0,-24406902.0,-7.62,286684281.0,344709199.0,16217.0,92717.0,0.14,-8.9,-7.62
63,2013,June,UM SAINT JOSEPH,0.75,name_history,24887.0,28634.0,337661500.0,388501041.0,50839541.0,23406195.0,-32370924.0,-65852468.0,-33481543.0,251556991.0,275579532.0,24022541.0,10113.43,9931.97,10107.98,9624.19,11414.14,12231.77,135501.0,284392532.0,32700040.0,33413112.0,1.58,12.76,0.0,,-72512468.0,-12.86,-23.16,-25.05,-6660000.0,-7880.68,-133.77,-8.46,-8.38,3.47,-197.1,-12.86,-23.16,11773000.0,5113000.0,-72512468.0,-25.05,284063416.0,350245000.0,15176.0,87511.0,-12.86,-23.16,-25.05
63,2014,June,UM SAINT JOSEPH,0.75,name_history,,,362415700.0,366061700.0,3646000.0,21079608.0,7740245.0,-8718000.0,-16458245.0,295642876.0,299059000.0,3416124.0,,,,,,,386513.0,302215000.0,6185610.0,31223476.0,0.94,12.31,0.0,,-14131000.0,2.61,-2.88,-4.65,-5413000.0,,,,,,,,,7310000.0,1897000.0,,,288289144.0,310933000.0,15747.0,89366.0,2.61,-2.88,-4.65
63,2015,June,UM SAINT JOSEPH,0.75,name_history,,,390826300.0,393870764.0,3044464.0,23126316.0,29444823.0,10522079.0,-18922744.0,323889336.0,326739000.0,2849664.0,,,,,,,503132.0,329866000.0,2623868.0,34442119.0,0.77,11.85,0.0,,7725079.0,9.08,3.19,2.34,-2797000.0,,,,,,,,,2797000.0,0.0,,,294947644.0,319343921.0,,,9.08,3.19,2.34
63,2016,June,UM ST JOSEPH MEDICAL CENTER,0.74,cms_name,,,402082700.0,404901392.0,2818692.0,21063602.0,45082599.0,26326900.0,-18755699.0,345943269.0,348621000.0,2677731.0,,,,,,,415243.0,351957252.0,2921010.0,33529679.0,0.7,10.56,,0.0,22824900.0,13.02,7.48,6.49,-3502000.0,,,,,,,,,3502000.0,0.0,,,301275913.0,325630352.0,,,13.02,7.48,6.49
63,2017,June,UM ST JOSEPH MEDICAL CENTER,0.74,cms_name,,,408176900.0,408176900.0,0.0,21463640.0,46572834.0,23772000.0,-22800834.0,359500143.0,359634000.0,133857.0,,,,,,,570456.0,362865000.0,2660544.0,35172832.0,0.57,10.69,,0.0,20566000.0,12.93,6.55,5.65,-3206000.0,,,,,,,,,4040000.0,834000.0,,,313497766.0,339093000.0,,,12.93,6.55,5.65
63,2018,June,UM ST JOSEPH MEDICAL CENTER,0.74,cms_name,,,414387182.0,414387182.0,0.0,21268718.0,49933226.0,29362000.0,-20571226.0,361011915.0,361145000.0,133085.0,,,,,,,450321.0,364411000.0,2815679.0,31512393.0,0.47,10.46,,0.0,27501000.0,13.81,8.06,7.59,-1861000.0,,,,,,,,,0.0,-1861000.0,,,311529009.0,335049000.0,,,13.81,8.06,7.59
65,2015,June,HOLY CROSS HOSPITAL GERMANTOWN,0.912,short_name,,,43305400.0,43407857.0,102457.0,3964502.0,-20001343.0,-25187780.0,-5186437.0,36057303.0,36159760.0,102457.0,,,,,,,313191.0,36934732.0,564238.0,7714257.0,0.7,11.41,,0.0,-25330007.0,-54.99,-68.2,-68.85,-142227.0,,,,,,,,,0.0,-142227.0,,,56371837.0,62122512.0,,,-54.99,-68.2,-68.85
65,2016,June,HOLY CROSS HOSPITAL GERMANTOWN,0.912,short_name,,,80883300.0,81680432.0,797132.0,6064207.0,-10716383.0,-19815736.0,-9099352.0,65244750.0,66041882.0,797132.0,,,,,,,65640650.0,969107.0,573207.0,11288480.0,0.61,10.29,,0.0,-20514095.0,-16.33,-29.57,-30.94,-698359.0,,,,,,,,,0.0,-698359.0,,,76357033.0,86826724.0,,,-16.33,-29.57,-30.94
65,2017,June,HOLY CROSS HOSPITAL GERMANTOWN,0.912,short_name,,,96340300.0,98282438.0,1942138.0,7380705.0,-6683191.0,-13840559.0,-7157368.0,80048953.0,81608391.0,1559438.0,,,,,,,81084899.0,1676035.0,640088.0,13516182.0,0.54,11.5,,0.0,-5118467.0,-8.24,-16.62,-5.56,8722092.0,,,,,,,,,0.0,8722092.0,,,87768090.0,97124985.0,,,-8.24,-16.62,-5.56
65,2018,June,HOLY CROSS HOSPITAL GERMANTOWN,0.912,short_name,,,96025200.0,97541000.0,1515800.0,6304744.0,-8600000.0,-16672448.0,-8072448.0,81045332.0,82424365.0,1379033.0,,,,,,,81920932.0,1610669.0,2114102.0,10970234.0,0.18,11.92,,0.0,-10105051.0,-10.5,-19.84,-11.15,6567398.0,,,,,,,,,0.0,6567398.0,,,90520932.0,100707482.0,,,-10.5,-19.84,-11.15
87,2011,June,GERMANTOWN EMERGENCY CENTER,0.664,short_name,,,6672043.0,14190645.0,7518602.0,,-228149.0,-343206.0,-115057.0,5041441.0,10326850.0,5285409.0,,,,,,,139408.0,538967.0,399559.0,,,,,,,,,,-266355.0,,,,,,,-4.4,-3.16,0.0,-266355.0,-609561.0,-5.75,5408998.0,11209023.0,,,-4.4,-3.16,-5.75
87,2012,June,GERMANTOWN EMERGENCY CENTER,0.664,short_name,,,,,,,,,,,,,,,,,,,,,,,,,,,,,,,,,,,,,,-0.31,-3.74,,,-726620.0,-7.24,,,0.0,33815.0,-0.31,-3.74,-7.24
87,2013,December,GERMANTOWN EMERGENCY CENTER,0.664,short_name,,,12992000.0,12992000.0,0.0,0.0,-1690370.0,-1885927.0,-195557.0,9389152.0,9389152.0,0.0,,,,,,,14865.0,9404017.0,0.0,0.0,0.0,0.0,0.0,0.0,-2264592.0,-17.97,-20.05,-25.09,-378665.0,,,,,,,,,0.0,-378665.0,,,11094387.0,11289944.0,,,-17.97,-20.05,-25.09
87,2014,December,GERMANTOWN EMERGENCY CENTER,0.664,short_name,,,14059900.0,14059900.0,0.0,0.0,-1882264.0,-1919369.0,-37105.0,9216478.0,9216478.0,0.0,,,,,,,9224045.0,9487045.0,263000.0,0.0,0.0,0.0,0.0,0.0,-2327154.0,-20.41,-20.23,-25.63,-407785.0,,,,,,,,,0.0,-407785.0,,,11106309.0,11406414.0,,,-20.41,-20.23,-25.63
87,2015,December,GERMANTOWN EMERGENCY CENTER,0.664,short_name,,,13555000.0,13555000.0,0.0,0.0,-1136696.0,-1198141.0,-61445.0,9691602.0,9691602.0,0.0,,,,,,,7183.0,258280.0,251097.0,0.0,0.0,0.0,,0.0,-1616159.0,-11.72,-12.04,-16.96,-418018.0,,,,,,,,,0.0,-418018.0,,,10835481.0,11148023.0,,,-11.72,-12.04,-16.96
87,2016,December,GERMANTOWN EMERGENCY CENTER,0.664,short_name,,,14183800.0,14183800.0,0.0,0.0,-81017.0,-101130.0,-20113.0,10910253.0,10910253.0,0.0,,,,,,,4028.0,7215.0,3187.0,0.0,0.0,0.0,,0.0,-133477.0,-0.74,-0.93,-1.23,-32347.0,,,,,,,,,0.0,-32347.0,,,10995298.0,11018598.0,,,-0.74,-0.93,-1.23
87,2017,December,GERMANTOWN EMERGENCY CENTER,0.664,short_name,,,14275700.0,14275700.0,0.0,0.0,-486657.0,-511790.0,-25133.0,10248378.0,10248378.0,0.0,,,,,,,3421.0,42088.0,38667.0,0.0,0.0,0.0,,0.0,-545538.0,-4.75,-4.97,-5.32,-33748.0,,,,,,,,,0.0,-33748.0,,,10738456.0,10802256.0,,,-4.75,-4.97,-5.32
88,2011,June,QUEEN ANNES EMERGENCY CENTER,0.663,short_name,,,3118500.0,3118500.0,0.0,,-2188232.0,-2188232.0,0.0,2863559.0,2863559.0,0.0,,,,,,,0.0,0.0,0.0,,,,,,,,,,0.0,,,,,,,-76.42,-76.42,0.0,0.0,-2188232.0,-76.42,5051791.0,5051791.0,,,-76.42,-76.42,-76.42
88,2012,June,QUEEN ANNE S EMERGENCY CENTER,0.697,short_name,,,5262800.0,5262800.0,0.0,,-1809372.0,-1809371.0,1.0,4141820.0,4141820.0,0.0,,,,,,,4141819.0,0.0,1.0,,,,,,-1925807.0,,,,-116436.0,,,,,,,,,0.0,-116436.0,,,5951191.0,5951191.0,0.0,14713.0,,,
88,2013,June,QUEEN ANNE S EMERGENCY CENTER,0.697,short_name,,,4999900.0,4999900.0,0.0,0.0,-3508488.0,-3508488.0,0.0,4038910.0,4038910.0,0.0,,,,,,,15386.0,15386.0,0.0,0.0,0.0,0.0,0.0,,-3458234.0,-86.54,-86.54,-84.25,50254.0,,,,,,,,,0.0,50254.0,,,7562784.0,7562784.0,0.0,14434.0,-86.54,-86.54,-84.25
88,2014,June,QUEEN ANNE S EMERGENCY CENTER,0.697,short_name,,,5190800.0,5190800.0,0.0,0.0,-3317840.0,-3317840.0,0.0,4257207.0,4257207.0,0.0,,,,,,,9569.0,9569.0,0.0,0.0,0.0,0.0,0.0,,-3347238.0,-77.76,-77.76,-78.99,-29398.0,,,,,,,,,0.0,-29398.0,,,7584616.0,7584616.0,0.0,14793.0,-77.76,-77.76,-78.99
88,2015,June,QUEEN ANNE S EMERGENCY CENTER,0.697,short_name,,,4794500.0,4794500.0,0.0,0.0,-2947220.0,-2962320.0,-15100.0,4322561.0,4322561.0,0.0,,,,,,,5799.0,5799.0,0.0,0.0,0.0,0.0,0.0,,-2956067.0,-68.09,-68.44,-68.2,6253.0,,,,,,,,,0.0,6253.0,,,7275580.0,7290680.0,,,-68.09,-68.44,-68.2
333,2015,June,UM BOWIE HEALTH CENTER,0.724,name_history,,,20111300.0,30253611.0,10142311.0,0.0,2455821.0,1634401.0,-821420.0,14488830.0,18712186.0,4223356.0,,,,,,,14678760.0,189930.0,0.0,0.0,0.0,0.0,,0.0,1634401.0,16.73,8.65,8.65,0.0,,,,,,,,,0.0,0.0,,,12222939.0,17267715.0,,,16.73,8.65,8.65
333,2016,June,UM BOWIE HEALTH CENTER,0.724,name_history,,,20228300.0,30129646.0,9901346.0,0.0,1546882.0,1340930.0,-205952.0,13863985.0,18149975.0,4285990.0,,,,,,,14161685.0,19905369.0,5743684.0,0.0,0.0,0.0,,0.0,1340930.0,10.92,6.74,6.74,0.0,,,,,,,,,0.0,0.0,,,12614803.0,18564439.0,,,10.92,6.74,6.74
333,2017,June,UM BOWIE HEALTH CENTER,0.724,name_history,,,19933600.0,30683322.0,10749722.0,0.0,-1543170.0,-1670089.0,-126919.0,13273305.0,17939761.0,4666456.0,,,,,,,13275580.0,18112884.0,4837304.0,0.0,0.0,0.0,,0.0,-1656538.0,-11.62,-9.22,-9.14,13551.0,,,,,,,,,0.0,13551.0,,,14818750.0,19782973.0,,,-11.62,-9.22,-9.14
333,2018,June,UM BOWIE HEALTH CENTER,0.724,name_history,,,20771309.0,30300732.0,9529424.0,0.0,-423336.0,-623269.0,-199933.0,15464056.0,19416731.0,3952676.0,,,,,,,15520908.0,20651726.0,5130818.0,0.0,0.0,0.0,,0.0,-519269.0,-2.73,-3.02,-2.5,104000.0,,,,,,,,,0.0,104000.0,,,15944244.0,21274995.0,,,-2.73,-3.02,-2.5
2001,2011,June,UM REHABILITATION ORTHOPAEDIC INSTITUTE,0.987,cms_name,5250.0,5348.0,103574600.0,105502833.0,1928233.0,,1579606.0,1330378.0,-249229.0,88207600.0,89350833.0,1143233.0,16917.66,17187.77,16799.86,16706.57,16616.81,16939.02,618529.0,2573545.0,1955016.0,,,,,,,,,,1932000.0,74.74,1093.41,-3.84,-3.85,-4.57,177.63,1.78,1.45,0.0,1932000.0,3262378.0,3.48,87246523.0,90594000.0,,,1.78,1.45,3.48
2001,2012,June,UM REHABILITATION ORTHOPAEDIC INSTITUTE,0.987,cms_name,5643.0,5722.0,117995400.0,119663220.0,1667820.0,,5261351.0,4689892.0,-571459.0,99715400.0,100632220.0,916820.0,17856.15,18089.38,17671.73,17585.64,16923.72,17269.81,1040606.0,2882582.0,1841976.0,,,,,,,,,,-317000.0,233.08,252.52,5.55,5.19,1.85,34.04,5.22,4.53,0.0,-317000.0,4372892.0,4.24,95494655.0,98824910.0,,,5.22,4.53,4.24
2001,2013,June,UM REHABILITATION ORTHOPAEDIC INSTITUTE,0.987,cms_name,6107.0,6183.0,115227400.0,116666375.0,1438975.0,,-698160.0,-1290298.0,-592139.0,97022400.0,97829375.0,806975.0,16002.78,16228.66,15887.28,15821.84,16117.1,16437.34,705340.0,2515487.0,2617121.0,,,,,,,,,,905000.0,-113.27,-127.51,-10.38,-10.1,-4.77,-108.81,-0.71,-1.29,0.0,905000.0,-385298.0,-0.38,98425900.0,101635160.0,,,-0.71,-1.29,-0.38
2001,2014,June,UM REHABILITATION ORTHOPAEDIC INSTITUTE,0.987,cms_name,,,118262200.0,119468191.0,1205991.0,555055.0,1364808.0,533113.0,-831695.0,98687200.0,99299191.0,611991.0,,,,,,,2099610.0,3970422.0,1870812.0,555055.0,1.09,8.36,,4767170.0,1802113.0,1.35,0.52,1.72,1269000.0,,,,,,,,,0.0,1269000.0,,,99422003.0,102736500.0,,,1.35,0.52,1.72
2001,2015,June,UM REHABILITATION ORTHOPAEDIC INSTITUTE,0.987,cms_name,,,120364600.0,121407637.0,1043037.0,402445.0,626337.0,-109008.0,-735345.0,101157600.0,101730637.0,573037.0,,,,,,,103610897.0,106100992.0,2490095.0,402445.0,0.78,8.59,,4287880.0,-633008.0,0.6,-0.1,-0.6,-524000.0,,,,,,,,,0.0,-524000.0,,,102984560.0,106210000.0,,,0.6,-0.1,-0.6
2001,2016,June,UM REHABILITATION ORTHOPAEDIC INSTITUTE,0.987,cms_name,,,118766800.0,119850801.0,1084001.0,278045.0,3773387.0,3282521.0,-490867.0,100742920.0,101419921.0,677001.0,,,,,,,3971892.0,5719000.0,1747108.0,278045.0,0.86,10.51,,4088269.0,2225521.0,3.6,3.06,2.1,-1057000.0,,,,,,,,,0.0,-1057000.0,,,100941425.0,103856400.0,,,3.6,3.06,2.1
2001,2017,June,UM REHABILITATION ORTHOPAEDIC INSTITUTE,0.987,cms_name,,,124286800.0,125278366.0,991566.0,141507.0,4262383.0,3437031.0,-825352.0,107250465.0,107841031.0,590566.0,,,,,,,683381.0,2602000.0,1918619.0,141507.0,0.75,9.58,,3901174.0,6787031.0,3.95,3.11,5.96,3350000.0,,,,,,,,,0.0,3350000.0,,,103671463.0,107006000.0,,,3.95,3.11,5.96
2001,2018,June,UM REHABILITATION ORTHOPAEDIC INSTITUTE,0.987,cms_name,,,124902916.0,125823691.0,920775.0,203973.0,4643810.0,3988318.0,-655493.0,109968315.0,110469318.0,501002.0,,,,,,,924328.0,2735000.0,1810672.0,203973.0,0.53,7.93,,3818820.0,6040318.0,4.19,3.52,5.23,2052000.0,,,,,,,,,294000.0,2346000.0,,,106248833.0,109216000.0,,,4.19,3.52,5.23
2004,2007,June,GOOD SAMARITAN HOSPITAL,0.839,short_name,21876.0,26535.0,253957800.0,340261612.0,86303812.0,,9690998.0,7191004.0,-2499994.0,212993262.0,254883235.0,41889973.0,9851.3,9730.21,9736.36,9605.4,9408.31,9459.21,215507862.0,258195196.0,42687334.0,,,,,,,,,,2727322.0,49.48,49.37,9.68,10.16,8.27,30.88,4.5,2.79,0.0,2727322.0,9918326.0,3.8,205816864.0,251004192.0,,,4.5,2.79,3.8
2004,2008,June,GOOD SAMARITAN HOSPITAL,0.839,short_name,22601.0,26692.0,265411400.0,358997101.0,93585701.0,,13239669.0,4519027.0,-8720642.0,223688794.0,263871442.0,40182648.0,9989.66,10007.38,9897.19,9885.78,9403.86,9838.08,225778715.0,267117026.0,41338312.0,,,,,,,,,,3243755.0,36.62,-37.16,1.4,1.65,-0.05,-21.73,5.86,1.69,0.0,3243755.0,7762782.0,2.87,212539046.0,262597999.0,,,5.86,1.69,2.87
2004,2009,June,GOOD SAMARITAN HOSPITAL,0.839,short_name,23949.0,28831.0,286296100.0,403159538.0,116863438.0,,19993436.0,7914976.0,-12078459.0,245593552.0,294087324.0,48493772.0,10348.97,10325.44,10254.89,10200.56,9514.13,10050.91,247846688.0,297687660.0,49840972.0,,,,,,,,,,1381738.0,51.01,75.15,3.6,3.61,1.17,19.76,8.07,2.66,0.0,1381738.0,9296714.0,3.11,227853252.0,289772684.0,,,8.07,2.66,3.11
2004,2010,June,GOOD SAMARITAN HOSPITAL,0.839,short_name,24188.0,29947.0,294819900.0,418122781.0,123302881.0,,18846383.0,4539622.0,-14306761.0,246725068.0,294873581.0,48148513.0,10312.05,9970.59,10200.43,9846.47,9532.88,9819.0,249424890.0,298590670.0,49165780.0,,,,,,,,,,2566200.0,-5.74,-42.65,-0.36,-0.53,0.2,-23.57,7.56,1.52,0.0,2566200.0,7105822.0,2.36,230578507.0,294051048.0,,,7.56,1.52,2.36
2004,2011,June,MEDSTAR GOOD SAMARITAN,0.975,cms_name,22357.0,26986.0,304134300.0,433676385.0,129542085.0,,26578377.0,6309366.0,-20269011.0,259358444.0,302664151.0,43305707.0,11713.86,11359.87,11601.0,11215.41,10525.02,11126.08,2523080.0,3898579.0,1375499.0,,,,,,,,,,836158.0,41.03,38.98,13.59,13.73,10.41,0.56,10.15,2.06,0.0,836158.0,7145524.0,2.32,235303147.0,300253364.0,,,10.15,2.06,2.32
2004,2012,June,MEDSTAR GOOD SAMARITAN,0.975,cms_name,22529.0,19640.0,311855400.0,439249126.0,127393726.0,,22344084.0,7596843.0,-14747241.0,251566429.0,303293417.0,51726988.0,11301.38,15649.49,11166.54,15442.69,10309.57,15262.69,3037752.0,307354914.0,52750733.0,,,,,,8605078.0,,,,1008235.0,-15.93,20.41,-3.52,-3.75,-2.05,20.43,8.78,2.47,5322.0,1013557.0,8605078.0,2.79,232260097.0,299758071.0,14948.0,84859.0,8.78,2.47,2.79
2004,2013,June,MEDSTAR GOOD SAMARITAN,0.975,cms_name,21687.0,20404.0,295736800.0,439257678.0,143520878.0,35009693.0,12773906.0,-8197418.0,-20971324.0,239029241.0,288705318.0,49676077.0,11205.95,14682.57,11021.59,14149.3,10616.94,15084.32,3998131.0,10880915.0,6882784.0,51756383.0,1.06,15.31,3729130.0,,-8126384.0,5.26,-2.74,-2.71,71034.0,-42.83,-207.91,-0.84,-1.3,2.98,-194.44,5.26,-2.74,-14390.0,56644.0,-8126384.0,-2.71,230253466.0,307783651.0,13416.0,88921.0,5.26,-2.74,-2.71
2004,2014,June,MEDSTAR GOOD SAMARITAN,0.975,cms_name,,,299250000.0,441592915.0,142342915.0,28640389.0,25433656.0,3968625.0,-21465032.0,242965630.0,292653760.0,49688130.0,,,,,,,250399588.0,14622283.0,7188325.0,44645741.0,0.86,14.47,3801620.0,3801620.0,3971844.0,10.16,1.29,1.29,3219.0,,,,,,,,,40065.0,43284.0,,,224965932.0,303307419.0,11759.0,90430.0,10.16,1.29,1.29
2004,2015,June,MEDSTAR GOOD SAMARITAN,0.975,cms_name,,,303789300.0,450985741.0,147196441.0,31173618.0,35670341.0,8356329.0,-27314012.0,247347394.0,298927665.0,51580271.0,,,,,,,252352380.0,311895170.0,59542790.0,48221283.0,0.91,12.89,3914080.0,3914080.0,10737176.0,14.14,2.68,3.42,2380847.0,,,,,,,,,0.0,2380847.0,,,216682038.0,303538841.0,,,14.14,2.68,3.42
2004,2016,June,MEDSTAR GOOD SAMARITAN,0.975,cms_name,,,289108800.0,416046636.0,126937836.0,28334999.0,35723964.0,4166904.0,-31557061.0,246708456.0,295096480.0,48388024.0,,,,,,,249661859.0,11438200.0,8484797.0,46359517.0,0.62,12.58,,5371417.0,6154704.0,14.31,1.36,1.99,1987800.0,,,,,,,,,0.0,1987800.0,,,213937895.0,302367777.0,,,14.31,1.36,1.99
2004,2017,June,MEDSTAR GOOD SAMARITAN,0.975,cms_name,,,297577800.0,361278100.0,63700300.0,25207288.0,35744963.0,9126840.0,-26618122.0,250477865.0,279869237.0,29391372.0,,,,,,,253656365.0,11993390.0,8814890.0,45169243.0,0.48,11.91,,4806657.0,11044746.0,14.09,3.13,3.76,1917906.0,,,,,,,,,0.0,1917906.0,,,217911402.0,282735786.0,,,14.09,3.13,3.76
2004,2018,June,MEDSTAR GOOD SAMARITAN,0.975,cms_name,,,275754352.0,323572648.0,47818296.0,30379944.0,29943103.0,14955270.0,-14987833.0,236230397.0,260064832.0,23834435.0,,,,,,,240782454.0,13963414.0,33245791.0,52219718.0,0.56,12.48,,4379485.0,17549678.0,12.44,5.46,6.34,2594408.0,,,,,,,,,0.0,2594408.0,,,210839351.0,259072976.0,,,12.44,5.46,6.34
5033,2014,June,LEVINDALE,1.0,short_name,,,54541800.0,89885387.0,35343587.0,3625955.0,7057388.0,3225941.0,-3831447.0,47571840.0,76363670.0,28791830.0,,,,,,,1640083.0,1695058.0,54975.0,3625955.0,0.0,12.56,,0.0,6801826.0,14.34,4.13,8.33,3575884.0,,,,,,,,,0.0,3575884.0,,,42154535.0,74832787.0,,,14.34,4.13,8.33
5033,2015,June,LEVINDALE,1.0,short_name,,,59785479.0,92512651.0,32727172.0,4005942.0,8251059.0,1800524.0,-6450535.0,46832627.0,73392044.0,26559417.0,,,,,,,47655961.0,1029708.0,26765791.0,4017388.0,4.69,13.1,,0.0,780648.0,17.31,2.42,1.06,-1019876.0,,,,,,,,,0.0,-1019876.0,,,39404902.0,72621228.0,,,17.31,2.42,1.06
5033,2016,June,LEVINDALE,1.0,short_name,,,60312800.0,92978854.0,32666054.0,4463197.0,8990071.0,4383367.0,-4606704.0,48514862.0,74649399.0,26134537.0,,,,,,,2098512.0,76920240.0,172329.0,4463197.0,2.71,11.89,,0.0,3926188.0,17.76,5.7,5.13,-457179.0,,,,,,,,,0.0,-457179.0,,,41623303.0,72536873.0,,,17.76,5.7,5.13
5033,2017,June,LEVINDALE,1.0,short_name,,,59432000.0,93495990.0,34063990.0,4479205.0,8072215.0,4442347.0,-3629868.0,48076896.0,76112503.0,28035607.0,,,,,,,2257842.0,78557787.0,187442.0,4479205.0,2.32,10.5,,0.0,6856438.0,16.04,5.65,8.47,2414091.0,,,,,,,,,0.0,2414091.0,,,42262523.0,74115440.0,,,16.04,5.65,8.47
5033,2018,June,LEVINDALE,1.0,short_name,,,59877227.0,93820156.0,33942929.0,4296212.0,9553584.0,3338592.0,-6214991.0,50563210.0,78239700.0,27676490.0,,,,,,,2639249.0,2824736.0,185487.0,4296212.0,1.54,12.49,,0.0,5289610.0,17.96,4.12,6.37,1951018.0,,,,,,,,,0.0,1951018.0,,,43648876.0,77725844.0,,,17.96,4.12,6.37
5050,2007,December,SHADY GROVE ADVENTIST HOSPITAL,0.819,short_name,29503.0,29019.0,284281331.0,297690265.0,13408934.0,,8894298.0,2409473.0,-6484825.0,239838057.0,249316220.0,9478163.0,8181.18,8758.24,8129.24,8591.55,7879.71,8675.21,241370380.0,254153358.0,12782978.0,,,,,,,,,,2479474.0,144.53,138.5,4.79,4.47,2.62,261.17,3.68,0.95,0.0,2479474.0,4888947.0,1.91,232476082.0,251743884.0,,,3.68,0.95,1.91
5050,2008,December,SHADY GROVE ADVENTIST HOSPITAL,0.819,short_name,31064.0,33917.0,304350850.0,335323485.0,30972635.0,,7073375.0,6731763.0,-341612.0,261642638.0,277058535.0,15415897.0,8482.8,8334.34,8422.58,8168.62,8255.1,8135.86,263513488.0,282679170.0,19165682.0,,,,,,,,,,-4297904.0,-20.47,179.39,3.69,3.61,4.76,-50.22,2.68,2.38,0.0,-4297904.0,2433859.0,0.87,256440113.0,275947407.0,,,2.68,2.38,0.87
5050,2009,December,SHADY GROVE ADVENTIST HOSPITAL,0.819,short_name,33450.0,36701.0,331274906.0,367128679.0,35853773.0,,16073349.0,14913121.0,-1160228.0,283847908.0,300461539.0,16613631.0,8564.8,8382.96,8485.78,8186.77,8084.28,7976.62,286491123.0,307662115.0,21170992.0,,,,,,,,,,-1255294.0,127.24,121.53,0.97,0.75,-2.07,461.16,5.61,4.85,0.0,-1255294.0,13657827.0,4.46,270417774.0,292748994.0,,,5.61,4.85,4.46
5050,2010,December,SHADY GROVE ADVENTIST HOSPITAL,0.819,short_name,32832.0,36035.0,335364985.0,369701154.0,34336169.0,,25155742.0,22248922.0,-2906821.0,292739292.0,309744548.0,17005256.0,9020.01,8824.09,8916.27,8595.55,8253.81,8206.68,3405948.0,317980252.0,21835012.0,,,,,,,,,,2342788.0,56.51,49.19,5.31,5.07,2.1,80.06,8.49,7.0,0.0,2342788.0,24591710.0,7.68,270989498.0,295731330.0,,,8.49,7.0,7.68
5050,2011,December,SHADY GROVE ADVENTIST HOSPITAL,0.819,short_name,31475.0,33367.0,358655535.0,380212042.0,21556507.0,,27006901.0,24472797.0,-2534103.0,306195153.0,313395625.0,7200472.0,9821.76,9612.24,9728.2,9392.47,8963.71,8878.79,2944664.0,7333066.0,4388402.0,,,,,,,,,,1197213.0,7.36,10.0,8.89,9.11,8.6,4.38,8.74,7.63,0.0,1197213.0,25670010.0,7.97,282132916.0,296255894.0,,,8.74,7.63,7.97
5050,2012,June,SHADY GROVE ADVENTIST HOSPITAL,0.819,short_name,,,,,,,,,,,,,,,,,,,,,,,,,,,,,,,,,,,,,,,,,,,,,,21112.0,91754.0,,,
5050,2013,June,SHADY GROVE ADVENTIST HOSPITAL,0.819,short_name,,,,,,,,,,,,,,,,,,,,,,,,,,,,,,,,,,,,,,,,,,,,,,20321.0,97692.0,,,
5050,2014,December,SHADY GROVE ADVENTIST HOSPITAL,0.819,short_name,,,383323300.0,404445386.0,21122086.0,26347358.0,31683154.0,17148951.0,-14534203.0,322939414.0,334002137.0,11062723.0,,,,,,,325984778.0,343403552.0,17418774.0,40903622.0,0.84,10.34,0.0,0.0,18326992.0,9.72,4.99,5.32,1178041.0,,,,,,,,,0.0,1178041.0,,,294301624.0,326254601.0,19533.0,95364.0,9.72,4.99,5.32
5050,2015,December,SHADY GROVE ADVENTIST HOSPITAL,0.819,short_name,,,389913200.0,396332086.0,6418886.0,24522045.0,39572732.0,26248058.0,-13324674.0,333295244.0,335130801.0,1835557.0,,,,,,,1632076.0,7565650.0,5933574.0,39420204.0,0.84,9.94,,0.0,25279622.0,11.82,7.66,7.4,-968436.0,,,,,,,,,0.0,-968436.0,,,295354588.0,316448393.0,,,11.82,7.66,7.4
5050,2016,December,SHADY GROVE ADVENTIST HOSPITAL,0.819,short_name,,,388714400.0,394782452.0,6068052.0,25150398.0,34444570.0,20842279.0,-13602291.0,335476280.0,337329011.0,1852731.0,,,,,,,1269184.0,7159151.0,5889967.0,39761283.0,0.57,10.1,,0.0,21833581.0,10.23,6.05,6.32,991302.0,,,,,,,,,0.0,991302.0,,,302300894.0,323645883.0,,,10.23,6.05,6.32
5050,2017,December,SHADY GROVE ADVENTIST HOSPITAL,0.819,short_name,,,401327600.0,415710437.0,14382837.0,27488544.0,39146373.0,20576836.0,-18569537.0,346401639.0,350403963.0,4002324.0,,,,,,,130044.0,7192234.0,7062190.0,43903194.0,0.69,9.78,,0.0,24153052.0,11.3,5.75,6.69,3576216.0,,,,,,,,,0.0,3576216.0,,,307385310.0,337019361.0,,,11.3,5.75,6.69
8992,2014,June,UM SHOCK TRAUMA,1.0,name_history,,,202364100.0,207529360.0,5165260.0,0.0,19568825.0,19116085.0,-452740.0,166218825.0,171384085.0,5165260.0,,,,,,,3126000.0,3126000.0,0.0,0.0,0.0,0.0,,9619796.0,20616085.0,11.56,10.95,11.75,1500000.0,,,,,,,,,-600000.0,900000.0,,,149776000.0,155394000.0,,,11.56,10.95,11.75
8992,2015,June,UM SHOCK TRAUMA,1.0,name_history,,,197941300.0,203259629.0,5318329.0,0.0,17898888.0,17793917.0,-104971.0,169890126.0,175208455.0,5318329.0,,,,,,,3375000.0,178583455.0,5318329.0,0.0,0.0,0.0,,8483190.0,19293917.0,10.33,9.96,10.71,1500000.0,,,,,,,,,0.0,1500000.0,,,155366237.0,160789537.0,,,10.33,9.96,10.71
8992,2016,June,UM SHOCK TRAUMA,1.0,name_history,,,202325400.0,206767463.0,4442063.0,0.0,18116037.0,19274000.0,1157963.0,173816937.0,178259000.0,4442063.0,,,,,,,177194937.0,181637000.0,4442063.0,0.0,0.0,0.0,,11303486.0,20774000.0,10.22,10.61,11.34,1500000.0,,,,,,,,,0.0,1500000.0,,,159078900.0,162363000.0,,,10.22,10.61,11.34
8992,2017,June,UM SHOCK TRAUMA,1.0,name_history,,,213195100.0,218688406.0,5493306.0,0.0,42090494.0,46841000.0,4750506.0,201031694.0,206525000.0,5493306.0,,,,,,,204507694.0,210001000.0,5493306.0,0.0,0.0,0.0,,11488844.0,46841000.0,20.58,22.31,22.31,0.0,,,,,,,,,0.0,0.0,,,162417200.0,163160000.0,,,20.58,22.31,22.31
8992,2018,June,UM SHOCK TRAUMA,1.0,name_history,,,215034043.0,220860018.0,5825975.0,0.0,19717625.0,24578000.0,4860375.0,179265025.0,185091000.0,5825975.0,,,,,,,182700025.0,188526000.0,5825975.0,0.0,0.0,0.0,,11572869.0,24578000.0,10.79,13.04,13.04,0.0,,,,,,,,,0.0,0.0,,,162982400.0,163948000.0,,,10.79,13.04,13.04
