entity,is_statewide_total,fiscal_year,eipa_regulated,eipa_total,excess_profit,gross_revenue_regulated,gross_revenue_total,gross_revenue_unregulated,inpatient_admissions,net_operating_revenue_regulated,net_operating_revenue_total,net_operating_revenue_unregulated,net_patient_revenue_regulated,net_patient_revenue_total,net_patient_revenue_unregulated,non_operating_profit,nor_per_eipa_regulated,nor_per_eipa_total,npr_per_eipa_regulated,npr_per_eipa_total,operating_expenses_regulated,operating_expenses_total,operating_expenses_unregulated,operating_profit_regulated,operating_profit_total,operating_profit_unregulated,opex_per_eipa_regulated,opex_per_eipa_total,other_operating_revenue_regulated,other_operating_revenue_total,other_operating_revenue_unregulated,pct_change_excess_profit,pct_change_nor_per_eipa_regulated,pct_change_npr_per_eipa_regulated,pct_change_operating_profit_regulated,pct_change_operating_profit_total,pct_excess_profit_of_total_revenue,pct_operating_profit_of_regulated_nor,pct_operating_profit_of_total_nor,reported_in_reports,n_source_reports,period_labels,name_variants,hosp_num,match_score,matched_name,match_basis,match_confidence,margin_regulated_pct,margin_total_pct
ADVENTIST BEHAVIORAL HEALTH EASTERN SHORE,False,2007,,,-819368.0,,2842250.0,,260.0,,2702504.0,,,2702504.0,,0.0,,,,,,3521872.0,,,-819368.0,,,,,0.0,,,,,,,,,,FY2009,1,YEAR 2007,Adventist Behavioral Health - Eastern Shore,,0.574,,UNMATCHED,none,,-30.32
ADVENTIST BEHAVIORAL HEALTH EASTERN SHORE,False,2008,,,1374513.0,,3148300.0,,296.0,,2652328.0,,,2652328.0,,0.0,,,,,,1277815.0,,,1374513.0,,,,,0.0,,,,,,,,,,FY2009;FY2010,2,YEAR 2008,Adventist Behavioral Health - Eastern Shore,,0.574,,UNMATCHED,none,,51.82
ADVENTIST BEHAVIORAL HEALTH EASTERN SHORE,False,2009,,,1468325.0,,3026700.0,,309.0,,2535056.0,,,2535056.0,,0.0,,,,,,1066731.0,,,1468325.0,,,,,0.0,,,,,,,,,,FY2009;FY2010;FY2011,3,YEAR 2009,Adventist Behavioral Health - Eastern Shore,,0.574,,UNMATCHED,none,,57.92
ADVENTIST BEHAVIORAL HEALTH EASTERN SHORE,False,2010,,,1507379.0,,2608700.0,,300.0,,2316166.0,,,2316166.0,,0.0,,,,,,808787.0,,,1507379.0,,,,,0.0,,,,,,,,,,FY2010;FY2011;FY2012,3,YEAR 2010,Adventist Behavioral Health - Eastern Shore,,0.574,,UNMATCHED,none,,65.08
ADVENTIST BEHAVIORAL HEALTH EASTERN SHORE,False,2011,,,1336135.0,,2498500.0,,342.0,,2241665.0,,,2241665.0,,0.0,,,,,,905530.0,,,1336135.0,,,,,0.0,,,,,,,,,,FY2011;FY2012;FY2013,3,YEAR 2011,Adventist Behavioral Health - Eastern Shore,,0.574,,UNMATCHED,none,,59.6
ADVENTIST BEHAVIORAL HEALTH EASTERN SHORE,False,2012,,,1101744.0,,2457650.0,,304.0,,2101900.0,,,2101900.0,,0.0,,,,,,1000156.0,,,1101744.0,,,,,0.0,,,,,,,,,,FY2012;FY2013;FY2014,3,YEAR 2012,Adventist Behavioral Health - Eastern Shore;Adventist Behavioral Health – Eastern Shore,,0.574,,UNMATCHED,none,,52.42
ADVENTIST BEHAVIORAL HEALTH EASTERN SHORE,False,2013,,,1429463.0,,2508000.0,,271.0,,2045654.0,,,2045654.0,,0.0,,,,,,616191.0,,,1429463.0,,,,,0.0,,,,,,,,,,FY2013;FY2014,2,YEAR 2013,Adventist Behavioral Health - Eastern Shore;Adventist Behavioral Health – Eastern Shore,,0.574,,UNMATCHED,none,,69.88
ADVENTIST BEHAVIORAL HEALTH EASTERN SHORE,False,2014,,,1319989.0,,2409200.0,,297.0,,1896662.0,,,1896662.0,,0.0,,,,,,576673.0,,,1319989.0,,,,,0.0,,,,,,,,,,FY2014;FY2017,2,CY 2014;YEAR 2014,Adventist Behavioral Health – Eastern Shore,,0.574,,UNMATCHED,none,,69.6
ADVENTIST BEHAVIORAL HEALTH EASTERN SHORE,False,2015,,,1985041.0,,3245821.0,,302.0,,2780319.0,,,2780319.0,,0.0,,,,,,795278.0,,,1985041.0,,,,,0.0,,,,,,,,,,FY2017,1,CY 2015,Adventist Behavioral Health – Eastern Shore,,0.574,,UNMATCHED,none,,71.4
ADVENTIST BEHAVIORAL HEALTH EASTERN SHORE,False,2016,,,-3575588.0,,3767827.0,,294.0,,3114028.0,,,3102887.0,,0.0,,,,,,6689616.0,,,-3575588.0,,,,,11141.0,,,,,,,,,,FY2017,1,CY 2016,Adventist Behavioral Health – Eastern Shore,,0.574,,UNMATCHED,none,,-114.82
ADVENTIST BEHAVIORAL HEALTH ROCKVILLE,False,2007,,,-524000.0,,23548000.0,,2997.0,,17708200.0,,,16944200.0,,169200.0,,,,,,18401400.0,,,-693200.0,,,,,764000.0,,,,,,,,,,FY2009,1,YEAR 2007,Adventist Behavioral Health-Rockville,4013,0.796,Adventist BH-Rockville,hscrc_name,medium,,-3.91
ADVENTIST BEHAVIORAL HEALTH ROCKVILLE,False,2008,,,-3704100.0,,24214800.0,,2456.0,,18036000.0,,,17174100.0,,-3061300.0,,,,,,18678800.0,,,-642800.0,,,,,861900.0,,,,,,,,,,FY2009;FY2010,2,YEAR 2008,Adventist Behavioral Health-Rockville,4013,0.796,Adventist BH-Rockville,hscrc_name,medium,,-3.56
ADVENTIST BEHAVIORAL HEALTH ROCKVILLE,False,2009,,,-2437200.0,,26353500.0,,2873.0,,20630800.0,,,20491700.0,,-2698500.0,,,,,,20369500.0,,,261300.0,,,,,139100.0,,,,,,,,,,FY2009;FY2010;FY2011,3,YEAR 2009,Adventist Behavioral Health-Rockville,4013,0.796,Adventist BH-Rockville,hscrc_name,medium,,1.27
ADVENTIST BEHAVIORAL HEALTH ROCKVILLE,False,2010,,,-4442700.0,,26626700.0,,2825.0,,19018100.0,,,18801800.0,,-2292000.0,,,,,,21168800.0,,,-2150700.0,,,,,216300.0,,,,,,,,,,FY2010;FY2011;FY2012,3,YEAR 2010,Adventist Behavioral Health-Rockville,4013,0.796,Adventist BH-Rockville,hscrc_name,medium,,-11.31
ADVENTIST BEHAVIORAL HEALTH ROCKVILLE,False,2011,,,-3775972.0,,2694020.0,,2515.0,,21116728.0,,,20674928.0,,-3285688.0,,,,,,21607012.0,,,-490284.0,,,,,441800.0,,,,,,,,,,FY2011;FY2012;FY2013,3,YEAR 2011,Adventist Behavioral Health-Rockville,4013,0.796,Adventist BH-Rockville,hscrc_name,medium,,-2.32
ADVENTIST BEHAVIORAL HEALTH ROCKVILLE,False,2012,,,504050.0,,31489200.0,,2738.0,,26208158.0,,,26042739.0,,-2598512.0,,,,,,23105596.0,,,3102562.0,,,,,165419.0,,,,,,,,,,FY2012;FY2013;FY2014,3,YEAR 2012,Adventist Behavioral Health – Rockville;Adventist Behavioral Health-Rockville,4013,0.796,Adventist BH-Rockville,hscrc_name,medium,,11.84
ADVENTIST BEHAVIORAL HEALTH ROCKVILLE,False,2013,,,2247669.0,,36298100.0,,2705.0,,27840296.0,,,27395522.0,,-1191069.0,,,,,,24401558.0,,,3438738.0,,,,,444774.0,,,,,,,,,,FY2013;FY2014,2,YEAR 2013,Adventist Behavioral Health – Rockville;Adventist Behavioral Health-Rockville,4013,0.796,Adventist BH-Rockville,hscrc_name,medium,,12.35
ADVENTIST BEHAVIORAL HEALTH ROCKVILLE,False,2014,,,4924800.0,,50079100.0,,2949.0,,48455600.0,,,42020400.0,,-150200.0,,,,,,43380600.0,,,5075000.0,,,,,6435200.0,,,,,,,,,,FY2014;FY2017,2,CY 2014;YEAR 2014,Adventist Behavioral Health – Rockville;Adventist Behavioral Health-Rockville,4013,0.796,Adventist BH-Rockville,hscrc_name,medium,,10.47
ADVENTIST BEHAVIORAL HEALTH ROCKVILLE,False,2015,,,2864125.0,,38914821.0,,2627.0,,38195850.0,,,32013100.0,,-78700.0,,,,,,35253025.0,,,2942825.0,,,,,6182750.0,,,,,,,,,,FY2017;FY2018,2,CY 2015,Adventist Behavioral Health-Rockville,4013,0.796,Adventist BH-Rockville,hscrc_name,medium,,7.7
ADVENTIST BEHAVIORAL HEALTH ROCKVILLE,False,2016,,,2169674.0,,42450815.0,,3151.0,,42394756.0,,,35901649.0,,-20155.0,,,,,,40204927.0,,,2189829.0,,,,,6493107.0,,,,,,,,,,FY2017;FY2018,2,CY 2016,Adventist Behavioral Health-Rockville,4013,0.796,Adventist BH-Rockville,hscrc_name,medium,,5.17
ADVENTIST BEHAVIORAL HEALTH ROCKVILLE,False,2017,,,-2918100.0,,52879200.0,,3750000.0,,46565600.0,,,40252200.0,,76900.0,,,,,,49560600.0,,,-2995000.0,,,,,6313400.0,,,,,,,,,,FY2018,1,CY 2017,Adventist Behavioral Health-Rockville,4013,0.796,Adventist BH-Rockville,hscrc_name,medium,,-6.43
ADVENTIST HEALTH CARE POTOMAC RIDGE,False,2005,,,1202300.0,,18878300.0,,2959.0,,12590400.0,,,12299000.0,,3398100.0,,,,,,14786200.0,,,-2195800.0,,,,,291400.0,,,,,,,,,,FY2007,1,YEAR 2005,Adventist Health Care-Potomac Ridge,60,0.631,ADVENTIST HEALTHCARE FORT WASHINGTON MEDICAL CTR,cms_name,medium,,-17.44
ADVENTIST HEALTH CARE POTOMAC RIDGE,False,2006,,,1313700.0,,23686100.0,,3199.0,,17008800.0,,,16441500.0,,1862500.0,,,,,,17557600.0,,,-548800.0,,,,,567300.0,,,,,,,,,,FY2007,1,YEAR 2006,Adventist Health Care-Potomac Ridge,60,0.631,ADVENTIST HEALTHCARE FORT WASHINGTON MEDICAL CTR,cms_name,medium,,-3.23
ADVENTIST HEALTH CARE POTOMAC RIDGE,False,2007,,,-524000.0,,23548000.0,,2997.0,,17708200.0,,,16944200.0,,169200.0,,,,,,18401400.0,,,-693200.0,,,,,764000.0,,,,,,,,,,FY2007,1,YEAR 2007,Adventist Health Care-Potomac Ridge,60,0.631,ADVENTIST HEALTHCARE FORT WASHINGTON MEDICAL CTR,cms_name,medium,,-3.91
ADVENTIST HEALTHCARE FORT WASHINGTON,False,2018,,,,53432546.0,54041753.0,609207.0,,45122235.0,45796682.0,674447.0,44597472.0,45206679.0,609207.0,,,,,,43086297.0,44440719.0,,2035938.0,1355963.0,-679974.0,,,524763.0,590003.0,65240.0,,,,,,,,,FY2021,1,December 2018,ADVENTIST HEALTHCARE FORT WASHINGTON,60,0.949,ADVENTIST HEALTHCARE FORT WASHINGTON MEDICAL CTR,cms_name,high,4.51,2.96
ADVENTIST HEALTHCARE FORT WASHINGTON,False,2019,,,,53090934.0,53300853.0,209919.0,,46781099.0,47050170.0,269071.0,45406681.0,45616600.0,209919.0,,,,,,45291527.0,46327606.0,,1489572.0,722564.0,-767008.0,,,1374418.0,1433570.0,59152.0,,,,,,,,,FY2021,1,December 2019,ADVENTIST HEALTHCARE FORT WASHINGTON,60,0.949,ADVENTIST HEALTHCARE FORT WASHINGTON MEDICAL CTR,cms_name,high,3.18,1.54
ADVENTIST HEALTHCARE FORT WASHINGTON,False,2020,,,,53626500.0,53988930.0,362430.0,,50969364.0,51332609.0,363245.0,47004241.0,47126271.0,122030.0,,,,,,47726565.0,51160793.0,,3242799.0,171816.0,-3070983.0,,,3965123.0,4206338.0,241215.0,,,,,,,,,FY2021,1,December 2020,ADVENTIST HEALTHCARE FORT WASHINGTON,60,0.949,ADVENTIST HEALTHCARE FORT WASHINGTON MEDICAL CTR,cms_name,high,6.36,0.33
ADVENTIST HEALTHCARE FORT WASHINGTON M,False,2019,,,,53090934.0,53300853.0,209919.0,,46781099.0,47050170.0,269071.0,45406681.0,45616600.0,209919.0,,,,,,45291527.0,46327606.0,1036079.0,1489572.0,722564.0,-767008.0,,,1374418.0,1433570.0,59152.0,,,,,,,,,FY2022,1,December 2019,ADVENTIST HEALTHCARE FORT WASHINGTON M,60,0.949,ADVENTIST HEALTHCARE FORT WASHINGTON MEDICAL CTR,cms_name,high,3.18,1.54
ADVENTIST HEALTHCARE FORT WASHINGTON M,False,2020,,,,53626500.0,53988930.0,362430.0,,50969364.0,51332609.0,363245.0,47004241.0,47126271.0,122030.0,,,,,,47726565.0,51160793.0,3434228.0,3242799.0,171816.0,-3070983.0,,,3965123.0,4206338.0,241215.0,,,,,,,,,FY2022,1,December 2020,ADVENTIST HEALTHCARE FORT WASHINGTON M,60,0.949,ADVENTIST HEALTHCARE FORT WASHINGTON MEDICAL CTR,cms_name,high,6.36,0.33
ADVENTIST HEALTHCARE FORT WASHINGTON M,False,2021,,,,63872312.0,64752263.0,879950.0,,59951705.0,61840956.0,1889250.0,54912174.0,55260320.0,348146.0,,,,,,54926584.0,61242447.0,6315863.0,5025121.0,598509.0,-4426612.0,,,5039531.0,6580636.0,1541105.0,,,,,,,,,FY2022,1,December 2021,ADVENTIST HEALTHCARE FORT WASHINGTON M,60,0.949,ADVENTIST HEALTHCARE FORT WASHINGTON MEDICAL CTR,cms_name,high,8.38,0.97
ADVENTIST HEALTHCARE FORT WASHINGTON MEDICAL CENTER,False,2017,,,429529.0,49044647.0,49620538.0,575891.0,,42085727.0,42721698.0,635971.0,41467988.0,42043879.0,575891.0,,,,,,40958068.0,42237447.0,,1127659.0,484251.0,-643408.0,,,617739.0,677819.0,60080.0,,,,,,1.01,2.68,1.13,FY2020,1,December 2017,ADVENTIST HEALTHCARE FORT WASHINGTON MEDICAL CENTER,60,0.959,ADVENTIST HEALTHCARE FORT WASHINGTON MEDICAL CTR,cms_name,high,2.68,1.13
ADVENTIST HEALTHCARE FORT WASHINGTON MEDICAL CENTER,False,2018,,,1389980.0,53432546.0,54041753.0,609207.0,,45122235.0,45796682.0,674447.0,44597472.0,45206679.0,609207.0,,,,,,43086297.0,44440719.0,,2035938.0,1355963.0,-679974.0,,,524763.0,590003.0,65240.0,,,,,,3.03,4.51,2.96,FY2020,1,December 2018,ADVENTIST HEALTHCARE FORT WASHINGTON MEDICAL CENTER,60,0.959,ADVENTIST HEALTHCARE FORT WASHINGTON MEDICAL CTR,cms_name,high,4.51,2.96
ADVENTIST HEALTHCARE FORT WASHINGTON MEDICAL CENTER,False,2019,,,7769199.0,53090934.0,53300853.0,209919.0,,46781099.0,47050170.0,269071.0,45406681.0,45616600.0,209919.0,,,,,,45291527.0,46327606.0,,1489572.0,722564.0,-767008.0,,,1374418.0,1433570.0,59152.0,,,,,,14.36,3.18,1.54,FY2020,1,December 2019,ADVENTIST HEALTHCARE FORT WASHINGTON MEDICAL CENTER,60,0.959,ADVENTIST HEALTHCARE FORT WASHINGTON MEDICAL CTR,cms_name,high,3.18,1.54
ADVENTIST HEALTHCARE FORT WASHINGTON MEDICAL CENTER,False,2020,,,171816.0,53626500.0,53988930.0,362430.0,,50969364.0,51332609.0,363245.0,47004241.0,47126271.0,122030.0,0.0,,,,,47726565.0,51160793.0,3434228.0,3242799.0,171816.0,-3070983.0,,,3965123.0,4206338.0,241215.0,,,,,,0.33,6.36,0.33,FY2023,1,December 2020,ADVENTIST HEALTHCARE FORT WASHINGTON MEDICAL CENTER,60,0.959,ADVENTIST HEALTHCARE FORT WASHINGTON MEDICAL CTR,cms_name,high,6.36,0.33
ADVENTIST HEALTHCARE FORT WASHINGTON MEDICAL CENTER,False,2021,,,638394.0,63872312.0,64752263.0,879950.0,,59951705.0,61840956.0,1889250.0,54912174.0,55260320.0,348146.0,39885.0,,,,,54926584.0,61242447.0,6315863.0,5025121.0,598509.0,-4426612.0,,,5039531.0,6580636.0,1541105.0,,,,,,1.03,8.38,0.97,FY2023;FY2024,2,December 2021,ADVENTIST HEALTHCARE FORT WASHINGTON MEDICAL CENTER,60,0.959,ADVENTIST HEALTHCARE FORT WASHINGTON MEDICAL CTR,cms_name,high,8.38,0.97
ADVENTIST HEALTHCARE FORT WASHINGTON MEDICAL CENTER,False,2022,,,-2925168.0,74115596.0,77959875.0,3844279.0,,58564427.0,60595737.0,2031310.0,56657567.0,58186519.0,1528952.0,11554.0,,,,,55776567.0,63532459.0,7755892.0,2787860.0,-2936722.0,-5724582.0,,,1906860.0,2409218.0,502358.0,,,,,,-4.83,4.76,-4.85,FY2023;FY2024,2,December 2022,ADVENTIST HEALTHCARE FORT WASHINGTON MEDICAL CENTER,60,0.959,ADVENTIST HEALTHCARE FORT WASHINGTON MEDICAL CTR,cms_name,high,4.76,-4.85
ADVENTIST HEALTHCARE FORT WASHINGTON MEDICAL CENTER,False,2023,,,-2815108.0,64761498.0,69340764.0,4579266.0,,57282237.0,59903778.0,2621541.0,56662033.0,58555799.0,1893766.0,-81976.0,,,,,51029116.0,62636910.0,11607794.0,6253121.0,-2733132.0,-8986253.0,,,620204.0,1347979.0,727775.0,,,,,,-4.71,10.92,-4.56,FY2024,1,December 2023,ADVENTIST HEALTHCARE FORT WASHINGTON MEDICAL CENTER,60,0.959,ADVENTIST HEALTHCARE FORT WASHINGTON MEDICAL CTR,cms_name,high,10.92,-4.56
ADVENTIST HEALTHCARE GERMANTOWN EMERGENCY CENTER,False,2021,,,-1444646.0,14669400.0,14669400.0,0.0,,10284725.0,10286337.0,1612.0,9909121.0,9909121.0,0.0,135.0,,,,,11504018.0,11731118.0,227100.0,-1219293.0,-1444781.0,-225488.0,,,375604.0,377216.0,1612.0,,,,,,-14.04,-11.86,-14.05,FY2024,1,December 2021,Adventist HealthCare Germantown Emergency Center,16,0.69,ADVENTIST HEALTHCARE WHITE OAK MEDICAL CENTER,cms_name,medium,-11.86,-14.05
ADVENTIST HEALTHCARE GERMANTOWN EMERGENCY CENTER,False,2022,,,-331554.0,17461500.0,17461500.0,0.0,,12243825.0,12243878.0,53.0,12221693.0,12221693.0,0.0,0.0,,,,,12564632.0,12575432.0,10800.0,-320807.0,-331554.0,-10747.0,,,22132.0,22185.0,53.0,,,,,,-2.71,-2.62,-2.71,FY2024,1,December 2022,Adventist HealthCare Germantown Emergency Center,16,0.69,ADVENTIST HEALTHCARE WHITE OAK MEDICAL CENTER,cms_name,medium,-2.62,-2.71
ADVENTIST HEALTHCARE GERMANTOWN EMERGENCY CENTER,False,2023,,,-258922.0,17967500.0,17967500.0,0.0,,13039632.0,13039632.0,0.0,13037826.0,13037826.0,0.0,0.0,,,,,13289054.0,13298554.0,9500.0,-249422.0,-258922.0,-9500.0,,,1806.0,1806.0,0.0,,,,,,-1.99,-1.91,-1.99,FY2024,1,December 2023,Adventist HealthCare Germantown Emergency Center,16,0.69,ADVENTIST HEALTHCARE WHITE OAK MEDICAL CENTER,cms_name,medium,-1.91,-1.99
ADVENTIST HEALTHCARE SHADY GROVE MEDICAL CENTER,False,2021,,,33078672.0,495127100.0,511380727.0,16253627.0,,439374981.0,455385798.0,16010817.0,418257656.0,423829064.0,5571408.0,6006212.0,,,,,385177238.0,428313338.0,43136100.0,54197743.0,27072460.0,-27125283.0,,,21117325.0,31556734.0,10439409.0,,,,,,7.17,12.34,5.94,FY2024,1,December 2021,Adventist HealthCare Shady Grove Medical Center,5050,1.0,ADVENTIST HEALTHCARE SHADY GROVE MEDICAL CENTER,cms_name,high,12.34,5.94
ADVENTIST HEALTHCARE SHADY GROVE MEDICAL CENTER,False,2022,,,8614766.0,507181036.0,557469856.0,50288820.0,,435442074.0,460442616.0,25000542.0,431959166.0,449066026.0,17106860.0,-1518175.0,,,,,403089895.0,450309675.0,47219780.0,32352179.0,10132941.0,-22219238.0,,,3482908.0,11376590.0,7893682.0,,,,,,1.88,7.43,2.2,FY2024,1,December 2022,Adventist HealthCare Shady Grove Medical Center,5050,1.0,ADVENTIST HEALTHCARE SHADY GROVE MEDICAL CENTER,cms_name,high,7.43,2.2
ADVENTIST HEALTHCARE SHADY GROVE MEDICAL CENTER,False,2023,,,32176665.0,534307365.0,550451703.0,16144338.0,,444782917.0,467564118.0,22781201.0,441176207.0,446027613.0,4851406.0,5682742.0,,,,,402231760.0,441070195.0,38838435.0,42551157.0,26493923.0,-16057234.0,,,3606710.0,21536505.0,17929795.0,,,,,,6.8,9.57,5.67,FY2024,1,December 2023,Adventist HealthCare Shady Grove Medical Center,5050,1.0,ADVENTIST HEALTHCARE SHADY GROVE MEDICAL CENTER,cms_name,high,9.57,5.67
ADVENTIST HEALTHCARE WHITE OAK MEDICAL CENTER,False,2021,,,1832910.0,331339300.0,362066234.0,30726934.0,,299193834.0,316899481.0,17705647.0,276084921.0,286705119.0,10620197.0,310669.0,,,,,276626334.0,315377240.0,38750907.0,22567500.0,1522241.0,-21045259.0,,,23108913.0,30194363.0,7085450.0,,,,,,0.58,7.54,0.48,FY2024,1,December 2021,Adventist HealthCare White Oak Medical Center,16,1.0,ADVENTIST HEALTHCARE WHITE OAK MEDICAL CENTER,cms_name,high,7.54,0.48
ADVENTIST HEALTHCARE WHITE OAK MEDICAL CENTER,False,2022,,,-19004097.0,352793525.0,390005671.0,37212146.0,,291651046.0,309438909.0,17787863.0,289847434.0,300692788.0,10845354.0,252337.0,,,,,290013367.0,328695343.0,38681976.0,1637679.0,-19256434.0,-20894113.0,,,1803612.0,8746121.0,6942509.0,,,,,,-6.14,0.56,-6.22,FY2024,1,December 2022,Adventist HealthCare White Oak Medical Center,16,1.0,ADVENTIST HEALTHCARE WHITE OAK MEDICAL CENTER,cms_name,high,0.56,-6.22
ADVENTIST HEALTHCARE WHITE OAK MEDICAL CENTER,False,2023,,,239380.0,351439080.0,366350105.0,14911025.0,,306043740.0,316950884.0,10907144.0,304751639.0,308695450.0,3943811.0,531026.0,,,,,280506348.0,317242530.0,36736182.0,25537391.0,-291646.0,-25829037.0,,,1292101.0,8255434.0,6963333.0,,,,,,0.08,8.34,-0.09,FY2024,1,December 2023,Adventist HealthCare White Oak Medical Center,16,1.0,ADVENTIST HEALTHCARE WHITE OAK MEDICAL CENTER,cms_name,high,8.34,-0.09
ADVENTIST REHAB HOSPITAL OF MD,False,2005,,,2569700.0,,21890800.0,,1466.0,,18057400.0,,,17953400.0,,3235000.0,,,,,,18722700.0,,,-665300.0,,,,,104000.0,,,,,,,,,,FY2007,1,YEAR 2005,Adventist Rehab Hospital of MD.,89,0.93,Adventist Rehab,hscrc_name,high,,-3.68
ADVENTIST REHAB HOSPITAL OF MD,False,2006,,,1703500.0,,23251200.0,,1351.0,,19051300.0,,,18947800.0,,2843200.0,,,,,,20191000.0,,,-1139700.0,,,,,103500.0,,,,,,,,,,FY2007,1,YEAR 2006,Adventist Rehab Hospital of MD.,89,0.93,Adventist Rehab,hscrc_name,high,,-5.98
ADVENTIST REHAB HOSPITAL OF MD,False,2007,,,1072100.0,,23898800.0,,1571.0,,19629500.0,,,19443200.0,,3267200.0,,,,,,21824600.0,,,-2195100.0,,,,,186300.0,,,,,,,,,,FY2007;FY2009,2,YEAR 2007,Adventist Rehab Hospital of MD.,89,0.93,Adventist Rehab,hscrc_name,high,,-11.18
ADVENTIST REHAB HOSPITAL OF MD,False,2008,,,771300.0,,32000100.0,,1669.0,,20506100.0,,,20295800.0,,4485800.0,,,,,,24220600.0,,,-3714500.0,,,,,210300.0,,,,,,,,,,FY2009;FY2010,2,YEAR 2008,Adventist Rehab Hospital of MD.,89,0.93,Adventist Rehab,hscrc_name,high,,-18.11
ADVENTIST REHAB HOSPITAL OF MD,False,2009,,,554000.0,,39847200.0,,1642.0,,19878400.0,,,19718500.0,,6041700.0,,,,,,25366100.0,,,-5487700.0,,,,,159900.0,,,,,,,,,,FY2009;FY2010;FY2011,3,YEAR 2009,Adventist Rehab Hospital of MD.,89,0.93,Adventist Rehab,hscrc_name,high,,-27.61
ADVENTIST REHAB HOSPITAL OF MD,False,2010,,,2215400.0,,43607400.0,,1631.0,,24980900.0,,,24850800.0,,3267800.0,,,,,,26033300.0,,,-1052400.0,,,,,130100.0,,,,,,,,,,FY2010;FY2011;FY2012,3,YEAR 2010,Adventist Rehab Hospital of MD.,89,0.93,Adventist Rehab,hscrc_name,high,,-4.21
ADVENTIST REHAB HOSPITAL OF MD,False,2011,,,2535384.0,,46328071.0,,1597.0,,27660761.0,,,27408865.0,,2834829.0,,,,,,27960206.0,,,-299445.0,,,,,251896.0,,,,,,,,,,FY2011;FY2012;FY2013,3,YEAR 2011,Adventist Rehab Hospital of MD.,89,0.93,Adventist Rehab,hscrc_name,high,,-1.08
ADVENTIST REHAB HOSPITAL OF MD,False,2012,,,3118910.0,,51233400.0,,1581.0,,28385696.0,,,28199348.0,,3854931.0,,,,,,29121717.0,,,-736021.0,,,,,186348.0,,,,,,,,,,FY2012;FY2013;FY2014,3,YEAR 2012,Adventist Rehab Hospital of MD;Adventist Rehab Hospital of MD.,89,0.93,Adventist Rehab,hscrc_name,high,,-2.59
ADVENTIST REHAB HOSPITAL OF MD,False,2013,,,3118910.0,,59348989.0,,1574.0,,33329614.0,,,32969459.0,,2949432.0,,,,,,33160136.0,,,169478.0,,,,,360155.0,,,,,,,,,,FY2013;FY2014,2,YEAR 2013,Adventist Rehab Hospital of MD;Adventist Rehab Hospital of MD.,89,0.93,Adventist Rehab,hscrc_name,high,,0.51
ADVENTIST REHAB HOSPITAL OF MD,False,2014,,,-3043330.0,,63183083.0,,1801.0,,31637410.0,,,31243964.0,,103663.0,,,,,,34784403.0,,,-3146993.0,,,,,393446.0,,,,,,,,,,FY2014;FY2017,2,CY 2014;YEAR 2014,Adventist Rehab Hospital of MD;Adventist Rehab Hospital of MD.,89,0.93,Adventist Rehab,hscrc_name,high,,-9.95
ADVENTIST REHAB HOSPITAL OF MD,False,2015,,,1958863.0,,68932729.0,,1941.0,,40774633.0,,,40331779.0,,-23783.0,,,,,,38791987.0,,,1982646.0,,,,,442854.0,,,,,,,,,,FY2017;FY2018,2,CY 2015,Adventist Rehab Hospital of MD.,89,0.93,Adventist Rehab,hscrc_name,high,,4.86
ADVENTIST REHAB HOSPITAL OF MD,False,2016,,,2607425.0,,71815975.0,,1879.0,,43721905.0,,,43030350.0,,253359.0,,,,,,41367839.0,,,2354066.0,,,,,691555.0,,,,,,,,,,FY2017;FY2018,2,CY 2016,Adventist Rehab Hospital of MD.,89,0.93,Adventist Rehab,hscrc_name,high,,5.38
ADVENTIST REHAB HOSPITAL OF MD,False,2017,,,4041815.0,,72157908.0,,1936.0,,45373598.0,,,44640954.0,,307354.0,,,,,,41639137.0,,,3734461.0,,,,,732644.0,,,,,,,,,,FY2018;FY2020,2,CY 2017,Adventist Rehab Hospital of MD.,89,0.93,Adventist Rehab,hscrc_name,high,,8.23
ADVENTIST REHAB HOSPITAL OF MD,False,2018,,,3135126.0,,72858162.0,,1874.0,,46930720.0,,,46480344.0,,-781136.0,,,,,,43014458.0,,,3916262.0,,,,,450376.0,,,,,,,,,,FY2020,1,CY 2018,Adventist Rehab Hospital of MD.,89,0.93,Adventist Rehab,hscrc_name,high,,8.34
ADVENTIST REHAB HOSPITAL OF MD,False,2019,,,4677203.0,,76780929.0,,1948.0,,50741124.0,,,50403111.0,,-3049463.0,,,,,,43014458.0,,,7726666.0,,,,,338013.0,,,,,,,,,,FY2020,1,CY2019,Adventist Rehab Hospital of MD.,89,0.93,Adventist Rehab,hscrc_name,high,,15.23
ADVENTIST REHAB HOSPITAL OF MD ROCKVILLE,False,2019,,,4677203.0,,76780929.0,,1948.0,,50741124.0,,,50403111.0,,-3049463.0,,,,,,43014458.0,,,7726666.0,,,,,338013.0,,,,,,,,,,FY2022,1,CY2019,Adventist Rehab Hospital of MD Rockville*,89,0.824,Adventist Rehab,hscrc_name,medium,,15.23
ADVENTIST REHAB HOSPITAL OF MD ROCKVILLE,False,2020,,,1071189.0,,41537844.0,,997.0,,31247906.0,,,28603097.0,,-705461.0,,,,,,29471256.0,,,1776650.0,,,,,2644809.0,,,,,,,,,,FY2022;FY2023,2,CY2020,Adventist Rehab Hospital of MD Rockville*,89,0.824,Adventist Rehab,hscrc_name,medium,,5.69
ADVENTIST REHAB HOSPITAL OF MD ROCKVILLE,False,2021,,,243957.0,,45203257.0,,1090.0,,32003799.0,,,30791805.0,,-1538633.0,,,,,,30221210.0,,,1782589.0,,,,,1211994.0,,,,,,,,,,FY2022;FY2023;FY2024,3,CY2021,Adventist Rehab Hospital of MD Rockville*,89,0.824,Adventist Rehab,hscrc_name,medium,,5.57
ADVENTIST REHAB HOSPITAL OF MD ROCKVILLE,False,2022,,,2407054.0,,53786530.0,,1154.0,,30620891.0,,,30281271.0,,-1327779.0,,,,,,26886058.0,,,3734833.0,,,,,339620.0,,,,,,,,,,FY2023;FY2024,2,CY 2022,Adventist Rehab Hospital of MD Rockville*,89,0.824,Adventist Rehab,hscrc_name,medium,,12.2
ADVENTIST REHAB HOSPITAL OF MD ROCKVILLE,False,2023,,,2227311.0,,56820028.0,,1266.0,,34554996.0,,,34281518.0,,-1248063.0,,,,,,31079622.0,,,3475374.0,,,,,273478.0,,,,,,,,,,FY2024,1,CY 2023,Adventist Rehab Hospital of MD Rockville*,89,0.824,Adventist Rehab,hscrc_name,medium,,10.06
ADVENTIST REHAB HOSPITAL OF MD TAKOMA PARK,False,2020,,,2065473.0,,24991074.0,,724.0,,18495277.0,,,17343123.0,,-288898.0,,,,,,16140906.0,,,2354371.0,,,,,1152154.0,,,,,,,,,,FY2021;FY2022;FY2023,3,CY2020,Adventist Rehab Hospital of MD Takoma Park;Adventist Rehab Hospital of MD Takoma Park*,89,0.808,Adventist Rehab,hscrc_name,medium,,12.73
ADVENTIST REHAB HOSPITAL OF MD TAKOMA PARK,False,2021,,,3120573.0,,32538372.0,,886.0,,22382382.0,,,22382267.0,,-899041.0,,,,,,18362768.0,,,4019614.0,,,,,115.0,,,,,,,,,,FY2022;FY2023;FY2024,3,CY2021,Adventist Rehab Hospital of MD Takoma Park*,89,0.808,Adventist Rehab,hscrc_name,medium,,17.96
ADVENTIST REHAB HOSPITAL OF MD TAKOMA PARK,False,2022,,,-1588772.0,,44794886.0,,968.0,,27032287.0,,,26982929.0,,-1961702.0,,,,,,26659357.0,,,372930.0,,,,,49358.0,,,,,,,,,,FY2023;FY2024,2,CY 2022,Adventist Rehab Hospital of MD Takoma Park*,89,0.808,Adventist Rehab,hscrc_name,medium,,1.38
ADVENTIST REHAB HOSPITAL OF MD TAKOMA PARK,False,2023,,,98757.0,,46386058.0,,940.0,,27110607.0,,,27100266.0,,221872.0,,,,,,27233722.0,,,-123115.0,,,,,10341.0,,,,,,,,,,FY2024,1,CY 2023,Adventist Rehab Hospital of MD Takoma Park*,89,0.808,Adventist Rehab,hscrc_name,medium,,-0.45
ADVENTIST WHITE OAK HOSPITAL,False,2017,,,5820123.0,271147900.0,309883540.0,38735640.0,,232966808.0,251734386.0,18767578.0,233023360.0,247978619.0,14955259.0,-2205496.0,,,,,205395368.0,243708767.0,,27571440.0,8025619.0,-19545821.0,,,-56552.0,3755767.0,3812319.0,,,,,,2.33,11.83,3.19,FY2020,1,December 2017,ADVENTIST WHITE OAK HOSPITAL,16,0.975,Adventist- White Oak,hscrc_name,high,11.83,3.19
ADVENTIST WHITE OAK HOSPITAL,False,2018,,,5563376.0,279406300.0,316733097.0,37326797.0,,238697248.0,257347697.0,18650449.0,238456548.0,252652474.0,14195926.0,-145880.0,,,,,212891465.0,251638441.0,,25805783.0,5709256.0,-20096527.0,,,240700.0,4695223.0,4454523.0,,,,,,2.16,10.81,2.22,FY2020;FY2021,2,December 2018,ADVENTIST WHITE OAK HOSPITAL,16,0.975,Adventist- White Oak,hscrc_name,high,10.81,2.22
ADVENTIST WHITE OAK HOSPITAL,False,2019,,,6448182.0,302988400.0,339368066.0,36379666.0,,253454740.0,270537359.0,17082619.0,253143919.0,265866430.0,12722511.0,664543.0,,,,,228558075.0,264753720.0,36195645.0,24896665.0,5783639.0,-19113026.0,,,310821.0,4670929.0,4360108.0,,,,,,2.38,9.82,2.14,FY2020;FY2021;FY2022,3,December 2019,ADVENTIST WHITE OAK HOSPITAL,16,0.975,Adventist- White Oak,hscrc_name,high,9.82,2.14
ADVENTIST WHITE OAK HOSPITAL,False,2020,,,2847186.0,328724800.0,357925592.0,29200792.0,,286222314.0,300154254.0,13931940.0,269701271.0,279798350.0,10097079.0,349855.0,,,,,264790806.0,297656922.0,32866117.0,21431508.0,2497331.0,-18934177.0,,,16521043.0,20355904.0,3834861.0,,,,,,0.95,7.49,0.83,FY2021;FY2022;FY2023,3,December 2020,ADVENTIST WHITE OAK HOSPITAL,16,0.975,Adventist- White Oak,hscrc_name,high,7.49,0.83
ADVENTIST WHITE OAK HOSPITAL,False,2021,,,1832910.0,331339300.0,362066234.0,30726934.0,,299193834.0,316899481.0,17705647.0,276084921.0,286705119.0,10620197.0,310669.0,,,,,276626334.0,315377240.0,38750907.0,22567500.0,1522241.0,-21045259.0,,,23108913.0,30194363.0,7085450.0,,,,,,0.58,7.54,0.48,FY2022;FY2023,2,December 2021,ADVENTIST WHITE OAK HOSPITAL,16,0.975,Adventist- White Oak,hscrc_name,high,7.54,0.48
ADVENTIST WHITE OAK HOSPITAL,False,2022,,,-19004097.0,352793525.0,390005671.0,37212146.0,,291651046.0,309438909.0,17787863.0,289847434.0,300692788.0,10845354.0,252337.0,,,,,290013367.0,328695343.0,38681976.0,1637679.0,-19256434.0,-20894113.0,,,1803612.0,8746121.0,6942509.0,,,,,,-6.14,0.56,-6.22,FY2023,1,December 2022,ADVENTIST WHITE OAK HOSPITAL,16,0.975,Adventist- White Oak,hscrc_name,high,0.56,-6.22
ALL SPECIALTY HOSPITALS,False,2005,,,609600.0,,55790100.0,,1108.0,,44882100.0,,,44767300.0,,-5200.0,,,,,,44267300.0,,,614800.0,,,,,114800.0,,,,,,,,,,FY2007,1,YEAR 2005,ALL SPECIALTY HOSPITALS;University Specialty Hospital,,0.475,,UNMATCHED,none,,1.37
ALL SPECIALTY HOSPITALS,False,2006,,,3540400.0,,60749400.0,,1114.0,,51301900.0,,,51146100.0,,893300.0,,,,,,48654800.0,,,2647100.0,,,,,155800.0,,,,,,,,,,FY2007,1,YEAR 2006,ALL SPECIALTY HOSPITALS;University Specialty Hospital,,0.475,,UNMATCHED,none,,5.16
ALL SPECIALTY HOSPITALS,False,2007,,,2351900.0,,65540100.0,,1094.0,,54559600.0,,,54046600.0,,1115000.0,,,,,,53322700.0,,,1236900.0,,,,,513000.0,,,,,,,,,,FY2007;FY2009,2,YEAR 2007,ALL SPECIALTY HOSPITALS;University Specialty Hospital,,0.475,,UNMATCHED,none,,2.27
ALL SPECIALTY HOSPITALS,False,2008,,,6838264.0,,362312774.0,,16212.0,,301315121.0,,,296493374.0,,-3608330.0,,,,,,290868527.0,,,10446594.0,,,,,4821747.0,,,,,,,,,,FY2009;FY2010,2,YEAR 2008,ALL SPECIALTY HOSPITALS;University Specialty Hospital,,0.475,,UNMATCHED,none,,3.47
ALL SPECIALTY HOSPITALS,False,2009,,,-5345200.0,,61408500.0,,900.0,,50560800.0,,,50631300.0,,-1447200.0,,,,,,54458800.0,,,-3898000.0,,,,,-70500.0,,,,,,,,,,FY2009;FY2010;FY2011,3,YEAR 2009,ALL SPECIALTY HOSPITALS;University Specialty Hospital,,0.475,,UNMATCHED,none,,-7.71
ALL SPECIALTY HOSPITALS,False,2010,,,-1417554.0,,59517400.0,,891.0,,48937287.0,,,48818390.0,,176054.0,,,,,,50530895.0,,,-1593607.0,,,,,118898.0,,,,,,,,,,FY2010;FY2011;FY2012,3,YEAR 2010,ALL SPECIALTY HOSPITALS;University Specialty Hospital,,0.475,,UNMATCHED,none,,-3.26
ALL SPECIALTY HOSPITALS,False,2011,,,-3220000.0,,57787100.0,,910.0,,48134630.0,,,48149100.0,,-1032297.0,,,,,,50322333.0,,,-2187703.0,,,,,-14470.0,,,,,,,,,,FY2011;FY2012;FY2013,3,YEAR 2011,ALL SPECIALTY HOSPITALS;University Specialty Hospital,,0.475,,UNMATCHED,none,,-4.54
ALL SPECIALTY HOSPITALS,False,2012,,,-25311700.0,,46079400.0,,645.0,,38957953.0,,,38958000.0,,-2463837.0,,,,,,61805816.0,,,-22847863.0,,,,,-47.0,,,,,,,,,,FY2012;FY2013;FY2014,3,YEAR 2012,ALL SPECIALTY HOSPITALS;University Specialty Hospital,,0.475,,UNMATCHED,none,,-58.65
ALL SPECIALTY HOSPITALS,False,2013,,,0.0,,0.0,,0.0,,0.0,,,0.0,,0.0,,,,,,0.0,,,0.0,,,,,0.0,,,,,,,,,,FY2013;FY2014,2,YEAR 2013,ALL SPECIALTY HOSPITALS;University Specialty Hospital,,0.475,,UNMATCHED,none,,
ALL SPECIALTY HOSPITALS,False,2014,,,0.0,,0.0,,0.0,,0.0,,,0.0,,0.0,,,,,,0.0,,,0.0,,,,,0.0,,,,,,,,,,FY2014,1,YEAR 2014,ALL SPECIALTY HOSPITALS;University Specialty Hospital,,0.475,,UNMATCHED,none,,
ALL SPECIALTY HOSPITALS,False,2016,,,25806729.0,,353829271.0,,16756.0,,390866602.0,,,281267798.0,,2070417.0,,,,,,367130290.0,,,23736312.0,,,,,109598804.0,,,,,,,,,,FY2018,1,FY 2016,ALL SPECIALTY HOSPITALS,,0.475,,UNMATCHED,none,,6.07
ALL SPECIALTY HOSPITALS,False,2017,,,26233330.0,,368897190.0,,16643.0,,406899669.0,,,296793792.0,,12213820.0,,,,,,392880159.0,,,14019510.0,,,,,110105878.0,,,,,,,,,,FY2018,1,FY 2017,ALL SPECIALTY HOSPITALS,,0.475,,UNMATCHED,none,,3.45
ALL SPECIALTY HOSPITALS,False,2018,,,14179815.0,,377869808.0,,3762851.0,,405897398.0,,,302998754.0,,8007254.0,,,,,,399724837.0,,,6172561.0,,,,,102898644.0,,,,,,,,,,FY2018,1,FY 2018,ALL SPECIALTY HOSPITALS,,0.475,,UNMATCHED,none,,1.52
ANNE ARUNDEL MEDICAL CENTER,False,2007,,,,325941900.0,344441413.0,18499513.0,,300339151.0,323089948.0,,291589361.0,300623348.0,9033987.0,,8690.87,9283.31,8437.68,8637.78,272430922.0,303889040.0,,,,,7883.3,8731.61,8749790.0,22466600.0,13716810.0,,,,,,,,,FY2009,1,June 2007,Anne Arundel Medical Center,23,0.975,Anne Arundel,short_name,high,,
ANNE ARUNDEL MEDICAL CENTER,False,2008,,,,361340400.0,384455309.0,23114909.0,,329497859.0,353641965.0,,322026051.0,331653167.0,9627116.0,,9353.49,9847.88,9141.39,9235.55,297433067.0,331664000.0,,,,,8443.26,9235.86,7471808.0,21988798.0,14516990.0,,,,,,,,,FY2009;FY2010,2,June 2008,Anne Arundel Medical Center,23,0.975,Anne Arundel,short_name,high,,
ANNE ARUNDEL MEDICAL CENTER,False,2009,,,,392507100.0,419911987.0,27404887.0,,349124785.0,377044538.0,,344010185.0,356024056.0,12013871.0,,9404.18,10063.63,9266.41,9502.58,323481921.0,360110000.0,,,,,8713.45,9611.63,5114600.0,21020482.0,15905882.0,,,,,,,,,FY2009;FY2010;FY2011,3,June 2009,Anne Arundel Medical Center,23,0.975,Anne Arundel,short_name,high,,
ANNE ARUNDEL MEDICAL CENTER,False,2010,,,34665569.0,415890500.0,448638767.0,32748267.0,,360830187.0,391501869.0,,358018187.0,372855046.0,14836859.0,17237000.0,9440.38,10053.54,9366.81,9574.7,338052332.0,374073300.0,,,,,8844.44,9605.98,2812000.0,18646823.0,15834823.0,260.2,0.38,1.08,-11.17,2.92,8.48,6.31,4.45,FY2010;FY2011;FY2012,3,June 2010,Anne Arundel Medical Center,23,0.975,Anne Arundel,short_name,high,,
ANNE ARUNDEL MEDICAL CENTER,False,2011,,,61091188.0,461358800.0,471728313.0,10369513.0,,399181346.0,424488491.0,,395773822.0,404630292.0,8856470.0,41077000.0,9704.41,10191.61,9621.57,9714.83,371871480.0,404474303.0,,,,,9040.48,9711.08,3407524.0,19858199.0,16450675.0,76.23,2.8,2.72,19.9,14.84,13.12,6.84,4.71,FY2011;FY2012;FY2013,3,June 2011,Anne Arundel Medical Center,23,0.975,Anne Arundel,short_name,high,,
ANNE ARUNDEL MEDICAL CENTER,False,2012,,,-31996892.0,523717000.0,535464200.0,11747200.0,,444839660.0,470645415.0,25805755.0,435998560.0,444956660.0,8958100.0,-41045021.0,9667.03,10003.44,9474.9,9457.44,421842523.0,461597285.0,,22997137.0,9048130.0,-13949007.0,9167.26,9811.13,8841100.0,25688755.0,16847655.0,-152.38,-0.39,-1.52,-15.79,-54.79,-7.45,5.17,1.92,FY2012;FY2013;FY2014,3,June 2012,Anne Arundel Medical Center,23,0.975,Anne Arundel,short_name,high,5.17,1.92
ANNE ARUNDEL MEDICAL CENTER,False,2013,,,45341200.0,541867800.0,550245000.0,8377200.0,,452202600.0,477514600.0,25312000.0,444013900.0,451478400.0,7464500.0,44226600.0,9217.56,9585.32,9050.64,9062.69,436200149.0,476400000.0,,16002451.0,1114600.0,-14887851.0,8891.37,9562.95,8188700.0,26036200.0,17847500.0,,,,,,8.69,3.54,0.23,FY2013;FY2014;FY2015,3,June 2013,Anne Arundel Medical Center,23,0.975,Anne Arundel,short_name,high,3.54,0.23
ANNE ARUNDEL MEDICAL CENTER,False,2014,,,39203200.0,554132400.0,561001000.0,6868600.0,,458528800.0,484029690.0,25500890.0,451481300.0,458034700.0,6553400.0,27091100.0,,,,,433202797.0,471917600.0,,25326003.0,12112100.0,-13213903.0,,,7047500.0,25994990.0,18947490.0,,,,,,7.67,5.52,2.5,FY2014;FY2015;FY2016,3,June 2014,ANNE ARUNDEL MEDICAL CENTER;Anne Arundel Medical Center,23,0.975,Anne Arundel,short_name,high,5.52,2.5
ANNE ARUNDEL MEDICAL CENTER,False,2015,,,-16185791.0,562952500.0,569757900.0,6805400.0,,484515009.0,510908709.0,26393700.0,477344509.0,483955809.0,6611300.0,-40992000.0,,,,,437421849.0,486102500.0,,47093161.0,24806209.0,-22286951.0,,,7170500.0,26952900.0,19782400.0,,,,,,-3.44,9.72,4.86,FY2015;FY2016;FY2017,3,June 2015,ANNE ARUNDEL MEDICAL CENTER;Anne Arundel Medical Center,23,0.975,Anne Arundel,short_name,high,9.72,4.86
ANNE ARUNDEL MEDICAL CENTER,False,2016,,,-12410456.0,576313300.0,583255200.0,6941900.0,,503753544.0,516508144.0,12754600.0,497838744.0,504205444.0,6366700.0,-37898800.0,,,,,451531237.0,491019800.0,,52222307.0,25488344.0,-26733963.0,,,5914800.0,12302700.0,6387900.0,,,,,,-2.59,10.37,4.93,FY2016;FY2017;FY2018,3,June 2016,ANNE ARUNDEL MEDICAL CENTER,23,0.975,Anne Arundel,short_name,high,10.37,4.93
ANNE ARUNDEL MEDICAL CENTER,False,2017,,,79451967.0,601774600.0,609966134.0,8191534.0,,518838053.0,534851941.0,16013888.0,515360553.0,523006941.0,7646388.0,64008993.0,,,,,477719120.0,519408967.0,,41118933.0,15442974.0,-25675959.0,,,3477500.0,11845000.0,8367500.0,,,,,,13.27,7.93,2.89,FY2017;FY2018;FY2019,3,June 2017,ANNE ARUNDEL MEDICAL CENTER,23,0.975,Anne Arundel,short_name,high,7.93,2.89
ANNE ARUNDEL MEDICAL CENTER,False,2018,,,57575958.0,632980900.0,642944490.0,9963590.0,,548358368.0,560206958.0,11848590.0,545511252.0,549206942.0,3695690.0,28338000.0,,,,,490791240.0,530969000.0,,57567128.0,29237958.0,-28329170.0,,,2847116.0,11000016.0,8152900.0,,,,,,9.78,10.5,5.22,FY2018;FY2019;FY2020,3,June 2018,ANNE ARUNDEL MEDICAL CENTER,23,0.975,Anne Arundel,short_name,high,10.5,5.22
ANNE ARUNDEL MEDICAL CENTER,False,2019,,,17094099.0,639656500.0,651784704.0,12128204.0,,565394363.0,578422048.0,13027685.0,560834275.0,565001061.0,4166785.0,-4659955.0,,,,,514500698.0,556667994.0,,50893665.0,21754054.0,-29139611.0,,,4560087.0,13420987.0,8860900.0,,,,,,2.98,9.0,3.76,FY2019;FY2020;FY2021,3,June 2019,ANNE ARUNDEL MEDICAL CENTER,23,0.975,Anne Arundel,short_name,high,9.0,3.76
ANNE ARUNDEL MEDICAL CENTER,False,2020,,,-54715314.0,640390900.0,666834773.0,26443873.0,,581218374.0,599462686.0,18244312.0,552362723.0,562752735.0,10390012.0,-69144000.0,,,,,529014082.0,585034000.0,56019918.0,52204292.0,14428686.0,-37775606.0,,,28855651.0,36709951.0,7854300.0,,,,,,-10.32,8.98,2.41,FY2020;FY2021;FY2022,3,June 2020,ANNE ARUNDEL MEDICAL CENTER,23,0.975,Anne Arundel,short_name,high,8.98,2.41
ANNE ARUNDEL MEDICAL CENTER,False,2021,,,173264665.0,699721900.0,730835286.0,31113386.0,,629269094.0,646720385.0,17451292.0,603920699.0,615950298.0,12029599.0,122405738.0,,,,,539122954.0,595861458.0,56738504.0,90146140.0,50858928.0,-39287212.0,,,25348394.0,30770087.0,5421693.0,,,,,,22.53,14.33,7.86,FY2021;FY2022;FY2023,3,June 2021,ANNE ARUNDEL MEDICAL CENTER,23,0.975,Anne Arundel,short_name,high,14.33,7.86
ANNE ARUNDEL MEDICAL CENTER,False,2022,,,-27828669.0,724138500.0,760589504.0,36451004.0,,639647925.0,665904431.0,26256505.0,630312825.0,643763631.0,13450805.0,-10882000.0,,,,,612124120.0,682851100.0,70726980.0,27523805.0,-16946669.0,-44470474.0,,,9335100.0,22140800.0,12805700.0,,,,,,-4.25,4.3,-2.54,FY2022;FY2023,2,June 2022,ANNE ARUNDEL MEDICAL CENTER,23,0.975,Anne Arundel,short_name,high,4.3,-2.54
ANNE ARUNDEL MEDICAL CENTER,False,2023,,,37264937.0,749524800.0,781013684.0,31488884.0,,615569509.0,636926937.0,21357428.0,608630183.0,620930937.0,12300754.0,47448000.0,,,,,580138043.0,647110000.0,66971957.0,35431466.0,-10183063.0,-45614529.0,,,6939326.0,15996000.0,9056674.0,,,,,,5.45,5.76,-1.6,FY2023,1,June 2023,ANNE ARUNDEL MEDICAL CENTER,23,0.975,Anne Arundel,short_name,high,5.76,-1.6
ASCENSION SAINT AGNES HOSPITAL,False,2019,,,,430110500.0,611495691.0,181385191.0,,357252964.0,446923834.0,89670869.0,355477189.0,435786085.0,80308896.0,,,,,,309352601.0,448603017.0,,47900363.0,-1679183.0,-49579546.0,,,1775776.0,11137749.0,9361973.0,,,,,,,,,FY2021,1,June 2019,ASCENSION SAINT AGNES HOSPITAL,11,1.0,Ascension Saint Agnes Hospital,name_history,high,13.41,-0.38
ASCENSION SAINT AGNES HOSPITAL,False,2020,,,,420145400.0,584131647.0,163986247.0,,373270074.0,455912204.0,82642130.0,343989149.0,416756248.0,72767099.0,,,,,,323857482.0,460152903.0,136295421.0,49412592.0,-4240699.0,-53653292.0,,,29280925.0,39155956.0,9875031.0,,,,,,,,,FY2021;FY2022,2,June 2020,ASCENSION SAINT AGNES HOSPITAL,11,1.0,Ascension Saint Agnes Hospital,name_history,high,13.24,-0.93
ASCENSION SAINT AGNES HOSPITAL,False,2021,,,,434079800.0,606691661.0,172611861.0,,401111272.0,495406443.0,94295171.0,370028271.0,450242093.0,80213822.0,3435404.0,,,,,319302548.0,462155267.0,142852719.0,81808723.0,33251175.0,-48557548.0,,,31083000.0,45164350.0,14081350.0,,,,,,,,,FY2021;FY2022;FY2023,3,June 2021,ASCENSION SAINT AGNES HOSPITAL,11,1.0,Ascension Saint Agnes Hospital,name_history,high,20.4,6.71
ASCENSION SAINT AGNES HOSPITAL,False,2022,,,,472142600.0,657135416.0,184992816.0,,411263926.0,507412494.0,96148567.0,398306873.0,479737255.0,81430382.0,-3596439.0,,,,,338784720.0,498806276.0,160021556.0,72479206.0,8606217.0,-63872988.0,,,12957053.0,27675239.0,14718186.0,,,,,,,,,FY2022;FY2023,2,June 2022,ASCENSION SAINT AGNES HOSPITAL,11,1.0,Ascension Saint Agnes Hospital,name_history,high,17.62,1.7
ASCENSION SAINT AGNES HOSPITAL,False,2023,,,,515518500.0,709298275.0,193779775.0,,457663972.0,556864376.0,99200404.0,423061677.0,506662240.0,83600563.0,-1017782.0,,,,,369041490.0,537598734.0,168557244.0,88622482.0,19265642.0,-69356840.0,,,34602295.0,50202136.0,15599841.0,,,,,,,,,FY2023,1,June 2023,ASCENSION SAINT AGNES HOSPITAL,11,1.0,Ascension Saint Agnes Hospital,name_history,high,19.36,3.46
ASCENSION ST AGNES HOSPITAL,False,2022,,,5009778.0,472142600.0,657135416.0,184992816.0,,411263926.0,507412494.0,96148567.0,398306873.0,479737255.0,81430382.0,-3596439.0,,,,,338784720.0,498806276.0,160021556.0,72479206.0,8606217.0,-63872988.0,,,12957053.0,27675239.0,14718186.0,,,,,,0.99,17.62,1.7,FY2024,1,June 2022,Ascension St. Agnes Hospital,11,0.935,Ascension Saint Agnes Hospital,name_history,high,17.62,1.7
ASCENSION ST AGNES HOSPITAL,False,2023,,,18247860.0,515518500.0,709298275.0,193779775.0,,457663972.0,556864376.0,99200404.0,423061677.0,506662240.0,83600563.0,-1017782.0,,,,,369041490.0,537598734.0,168557244.0,88622482.0,19265642.0,-69356840.0,,,34602295.0,50202136.0,15599841.0,,,,,,3.27,19.36,3.46,FY2024,1,June 2023,Ascension St. Agnes Hospital,11,0.935,Ascension Saint Agnes Hospital,name_history,high,19.36,3.46
ASCENSION ST AGNES HOSPITAL,False,2024,,,-27040285.0,494805400.0,695795309.0,200989909.0,,410633521.0,517390713.0,106757193.0,405179556.0,476930912.0,71751356.0,1409672.0,,,,,359252800.0,545840670.0,186587870.0,51380720.0,-28449957.0,-79830677.0,,,5453965.0,40459801.0,35005836.0,,,,,,-5.19,12.51,-5.5,FY2024,1,June 2024,Ascension St. Agnes Hospital,11,0.935,Ascension Saint Agnes Hospital,name_history,high,12.51,-5.5
ATLANTIC GENERAL HOSPITAL,False,2007,,,,63648000.0,74559875.0,10911875.0,,55416100.0,62549775.0,,55389500.0,62201175.0,6811675.0,,7498.47,7225.07,7494.87,7184.8,48706258.0,61073979.0,,,,,6590.55,7054.6,26600.0,348600.0,322000.0,,,,,,,,,FY2009,1,June 2007,Atlantic General Hospital,61,1.0,ATLANTIC GENERAL HOSPITAL,cms_name,high,,
ATLANTIC GENERAL HOSPITAL,False,2008,,,,73435000.0,84826230.0,11391230.0,,64164500.0,71929030.0,,64089800.0,71470830.0,7381030.0,,8839.3,8578.28,8829.01,8523.64,54458617.0,67839750.0,,,,,7502.22,8090.59,74700.0,458200.0,383500.0,,,,,,,,,FY2009;FY2010,2,June 2008,Atlantic General Hospital,61,1.0,ATLANTIC GENERAL HOSPITAL,cms_name,high,,
ATLANTIC GENERAL HOSPITAL,False,2009,,,,76484900.0,88464555.0,11979655.0,,66165700.0,74378755.0,,66120200.0,73937455.0,7817255.0,,8671.07,8427.43,8665.1,8377.42,59338561.0,74135459.0,,,,,7776.37,8399.86,45500.0,441300.0,395800.0,,,,,,,,,FY2009;FY2010;FY2011,3,June 2009,Atlantic General Hospital,61,1.0,ATLANTIC GENERAL HOSPITAL,cms_name,high,,
ATLANTIC GENERAL HOSPITAL,False,2010,,,2126542.0,84190900.0,98601325.0,14410425.0,,70992991.0,80553320.0,,70677900.0,79609225.0,8931325.0,1262244.0,8603.82,8335.69,8565.63,8237.99,63446909.0,79689022.0,,,,,7689.29,8246.25,315091.0,944095.0,629004.0,68.45,-0.78,-1.15,10.53,255.25,2.6,10.63,1.07,FY2010;FY2011;FY2012,3,June 2010,Atlantic General Hospital,61,1.0,ATLANTIC GENERAL HOSPITAL,cms_name,high,,
ATLANTIC GENERAL HOSPITAL,False,2011,,,1787444.0,88149000.0,104118652.0,15969652.0,,73442979.0,83226124.0,,73273700.0,82354552.0,9080852.0,1532896.0,8537.64,8190.99,8517.96,8105.21,65558492.0,82971576.0,,,,,7621.08,8165.93,169279.0,871572.0,702293.0,-15.95,-0.77,-0.56,4.48,-70.55,2.11,10.74,0.31,FY2011;FY2012;FY2013,3,June 2011,Atlantic General Hospital,61,1.0,ATLANTIC GENERAL HOSPITAL,cms_name,high,,
ATLANTIC GENERAL HOSPITAL,False,2012,,,1456040.0,95474200.0,111639528.0,16165328.0,,77465536.0,87725781.0,10260245.0,77261700.0,86680928.0,9419228.0,899431.0,10170.77,9850.1,10144.01,9732.78,69630609.0,87169172.0,,7834927.0,556609.0,-7278318.0,9142.09,9787.6,203836.0,1044853.0,841017.0,-18.54,19.13,19.09,-0.63,118.67,1.64,10.11,0.63,FY2012;FY2013;FY2014,3,June 2012,Atlantic General Hospital,61,1.0,ATLANTIC GENERAL HOSPITAL,cms_name,high,10.11,0.63
ATLANTIC GENERAL HOSPITAL,False,2013,,,2725952.0,99487100.0,119611752.0,20124652.0,,83043595.0,95449653.0,12406058.0,81125900.0,92207352.0,11081452.0,1499225.0,10474.05,10013.27,10232.18,9673.13,73821246.0,94222926.0,,9222349.0,1226727.0,-7995621.0,9310.86,9884.58,1917695.0,3242301.0,1324606.0,,,,,,2.81,11.11,1.29,FY2013;FY2014;FY2015,3,June 2013,Atlantic General Hospital,61,1.0,ATLANTIC GENERAL HOSPITAL,cms_name,high,11.11,1.29
ATLANTIC GENERAL HOSPITAL,False,2014,,,6274080.0,102693200.0,128107208.0,25414008.0,,90454193.0,105447723.0,14993530.0,89143246.0,102923654.0,13780408.0,2461360.0,,,,,76554862.0,101635006.0,,13899332.0,3812719.0,-10086613.0,,,1310947.0,2524069.0,1213122.0,,,,,,5.81,15.37,3.62,FY2014;FY2015;FY2016,3,June 2014,ATLANTIC GENERAL HOSPITAL;Atlantic General Hospital,61,1.0,ATLANTIC GENERAL HOSPITAL,cms_name,high,15.37,3.62
ATLANTIC GENERAL HOSPITAL,False,2015,,,2442300.0,102371000.0,144927300.0,42556300.0,,89932400.0,109202800.0,19270400.0,88616700.0,106120000.0,17503300.0,1560200.0,,,,,75395800.0,108320800.0,,14536600.0,882000.0,-13654600.0,,,1315700.0,3082800.0,1767100.0,,,,,,2.2,16.16,0.81,FY2015;FY2016;FY2017,3,June 2015,ATLANTIC GENERAL HOSPITAL;Atlantic General Hospital,61,1.0,ATLANTIC GENERAL HOSPITAL,cms_name,high,16.16,0.81
ATLANTIC GENERAL HOSPITAL,False,2016,,,2423915.0,105461500.0,156123826.0,50662326.0,,90875724.0,115064957.0,24189233.0,90081400.0,111487826.0,21406426.0,263569.0,,,,,75915305.0,112904611.0,,14960419.0,2160346.0,-12800074.0,,,794324.0,3577131.0,2782807.0,,,,,,2.1,16.46,1.88,FY2016;FY2017;FY2018,3,June 2016,ATLANTIC GENERAL HOSPITAL,61,1.0,ATLANTIC GENERAL HOSPITAL,cms_name,high,16.46,1.88
ATLANTIC GENERAL HOSPITAL,False,2017,,,3193344.0,107265100.0,162112261.0,54847161.0,,91492039.0,117855053.0,26363014.0,91131000.0,114461161.0,23330161.0,2606640.0,,,,,77717176.0,117268349.0,,13774863.0,586704.0,-13188159.0,,,361039.0,3393892.0,3032853.0,,,,,,2.65,15.06,0.5,FY2017;FY2018;FY2019,3,June 2017,ATLANTIC GENERAL HOSPITAL,61,1.0,ATLANTIC GENERAL HOSPITAL,cms_name,high,15.06,0.5
ATLANTIC GENERAL HOSPITAL,False,2018,,,1101154.0,110418500.0,174118885.0,63700385.0,,95234413.0,125107697.0,29873284.0,94882400.0,121263885.0,26381485.0,3451583.0,,,,,80337807.0,127458126.0,,14896606.0,-2350429.0,-17247035.0,,,352013.0,3843813.0,3491800.0,,,,,,0.86,15.64,-1.88,FY2018;FY2019;FY2020,3,June 2018,ATLANTIC GENERAL HOSPITAL,61,1.0,ATLANTIC GENERAL HOSPITAL,cms_name,high,15.64,-1.88
ATLANTIC GENERAL HOSPITAL,False,2019,,,-7036961.0,110793000.0,180090328.0,69297328.0,,96594628.0,129671768.0,33077140.0,95745100.0,124549528.0,28804428.0,-1870477.0,,,,,77085412.0,134838252.0,,19509216.0,-5166484.0,-24675700.0,,,849528.0,5122240.0,4272712.0,,,,,,-5.37,20.2,-3.98,FY2019;FY2020;FY2021,3,June 2019,ATLANTIC GENERAL HOSPITAL,61,1.0,ATLANTIC GENERAL HOSPITAL,cms_name,high,20.2,-3.98
ATLANTIC GENERAL HOSPITAL,False,2020,,,-4484908.0,107157500.0,171943613.0,64786113.0,,100567090.0,133484557.0,32917467.0,88963700.0,116773613.0,27809913.0,-3002529.0,,,,,76699167.0,134966936.0,58267770.0,23867924.0,-1482379.0,-25350303.0,,,11603390.0,16710944.0,5107554.0,,,,,,-3.33,23.73,-1.11,FY2020;FY2021;FY2022,3,June 2020,ATLANTIC GENERAL HOSPITAL,61,1.0,ATLANTIC GENERAL HOSPITAL,cms_name,high,23.73,-1.11
ATLANTIC GENERAL HOSPITAL,False,2021,,,,122134900.0,192247074.0,70112174.0,,108743869.0,144938346.0,36194478.0,105106300.0,136584674.0,31478374.0,8458572.0,,,,,84975462.0,146641206.0,61665744.0,23768407.0,-1702859.0,-25471266.0,,,3637569.0,8353672.0,4716103.0,,,,,,,,,FY2021;FY2022;FY2023,3,June 2021,ATLANTIC GENERAL HOSPITAL,61,1.0,ATLANTIC GENERAL HOSPITAL,cms_name,high,21.86,-1.17
ATLANTIC GENERAL HOSPITAL,False,2022,,,1466362.0,124940915.0,202937272.0,77996357.0,,112864817.0,153496096.0,40631280.0,107405501.0,142520263.0,35114762.0,2097332.0,,,,,91997795.0,154127066.0,62129271.0,20867022.0,-630970.0,-21497992.0,,,5459316.0,10975834.0,5516518.0,,,,,,0.97,18.49,-0.41,FY2022;FY2023;FY2024,3,June 2022,ATLANTIC GENERAL HOSPITAL,61,1.0,ATLANTIC GENERAL HOSPITAL,cms_name,high,18.49,-0.41
ATLANTIC GENERAL HOSPITAL,False,2023,,,-4024081.0,125786800.0,212159772.0,86372972.0,,110183051.0,156915131.0,46732080.0,106526912.0,146247383.0,39720471.0,5483636.0,,,,,96820606.0,166422848.0,69602242.0,13362445.0,-9507717.0,-22870162.0,,,3656139.0,10667749.0,7011609.0,,,,,,-2.5,12.13,-6.06,FY2023;FY2024,2,June 2023,ATLANTIC GENERAL HOSPITAL,61,1.0,ATLANTIC GENERAL HOSPITAL,cms_name,high,12.13,-6.06
ATLANTIC GENERAL HOSPITAL,False,2024,,,-1888614.0,135629341.0,213577493.0,77948152.0,,115485057.0,163260053.0,47774996.0,112008265.0,148046747.0,36038481.0,4439022.0,,,,,96264285.0,169587689.0,73323404.0,19220772.0,-6327636.0,-25548409.0,,,3476792.0,15213306.0,11736514.0,,,,,,-1.13,16.64,-3.88,FY2024,1,June 2024,ATLANTIC GENERAL HOSPITAL,61,1.0,ATLANTIC GENERAL HOSPITAL,cms_name,high,16.64,-3.88
BALTIMORE WASHINGTON MEDICAL CENTER,False,2007,,,,265318900.0,271819778.0,6500878.0,,228035286.0,236139978.0,,226959100.0,233459978.0,6500878.0,,8220.51,8309.09,8181.71,8214.79,217084601.0,228107400.0,,,,,7825.75,8026.45,1076186.0,2680000.0,1603814.0,,,,,,,,,FY2009,1,June 2007,Baltimore Washington Medical Center,43,0.773,UNIVERSITY OF MD BALTIMORE WASHINGTON MEDICAL CENTER,cms_name,medium,,
BALTIMORE WASHINGTON MEDICAL CENTER,False,2008,,,,284240600.0,308500077.0,24259477.0,,242333905.0,252303408.0,,241660282.0,250023374.0,8363092.0,,8282.63,7945.26,8259.61,7873.46,232400584.0,244421256.0,,,,,7943.12,7697.04,673623.0,2280034.0,1606411.0,,,,,,,,,FY2009;FY2010,2,June 2008,Baltimore Washington Medical Center,43,0.773,UNIVERSITY OF MD BALTIMORE WASHINGTON MEDICAL CENTER,cms_name,medium,,
BALTIMORE WASHINGTON MEDICAL CENTER,False,2009,,,,309341800.0,320074709.0,10732909.0,,263301691.0,275499679.0,,262470466.0,273203375.0,10732909.0,,8794.13,8892.98,8766.37,8818.86,263483958.0,277354241.0,,,,,8800.22,8952.85,831225.0,2296304.0,1465079.0,,,,,,,,,FY2009;FY2010;FY2011,3,June 2009,Baltimore Washington Medical Center,43,0.773,UNIVERSITY OF MD BALTIMORE WASHINGTON MEDICAL CENTER,cms_name,medium,,
BALTIMORE WASHINGTON MEDICAL CENTER,False,2010,,,8591893.0,332045200.0,332045200.0,0.0,,283374875.0,293184021.0,,281900262.0,281900262.0,0.0,1598400.0,8902.88,9211.06,8856.55,8856.55,275681538.0,286190528.0,,,,,8661.18,8991.34,1474613.0,11283759.0,9809146.0,212.02,1.24,1.03,4320.9,477.1,2.91,2.71,2.39,FY2010;FY2011;FY2012,3,June 2010,Baltimore Washington Medical Center,43,0.773,UNIVERSITY OF MD BALTIMORE WASHINGTON MEDICAL CENTER,cms_name,medium,,
BALTIMORE WASHINGTON MEDICAL CENTER,False,2011,,,19150099.0,353767500.0,362924667.0,9157167.0,,297316277.0,308060634.0,,295750514.0,304907681.0,9157167.0,4246000.0,10001.71,10101.67,9949.04,9998.28,281461913.0,293156534.0,,,,,9468.37,9612.95,1565762.0,3152953.0,1587190.0,122.89,12.34,12.34,106.08,113.11,6.13,5.33,4.84,FY2011;FY2012,2,June 2011,Baltimore Washington Medical Center,43,0.773,UNIVERSITY OF MD BALTIMORE WASHINGTON MEDICAL CENTER,cms_name,medium,,
BALTIMORE WASHINGTON MEDICAL CENTER,False,2012,,,11252222.0,381065300.0,392143253.0,11077953.0,,315395249.0,328031225.0,,312825359.0,323903313.0,11077953.0,-3288000.0,10325.25,10435.55,10241.12,10304.23,301328290.0,313491003.0,,,,,9864.73,9972.98,2569890.0,4127912.0,1558022.0,-41.24,3.23,2.94,-11.27,-2.44,3.41,4.46,4.43,FY2012,1,June 2012,Baltimore Washington Medical Center,43,0.773,UNIVERSITY OF MD BALTIMORE WASHINGTON MEDICAL CENTER,cms_name,medium,,
BON SECOURS HOSPITAL,False,2007,,,,100364100.0,127704196.0,27340096.0,,78397788.0,93727574.0,,77777341.0,87629190.0,9851849.0,,7808.98,7483.13,7747.18,6996.24,80544848.0,109079748.0,,,,,8022.85,8708.83,620447.0,6098385.0,5477938.0,,,,,,,,,FY2009,1,August 2007,Bon Secours Hospital,13,0.975,Bon Secours,name_history,high,,
BON SECOURS HOSPITAL,False,2008,,,,102178500.0,128958731.0,26780231.0,,80006668.0,93751849.0,,79785576.0,87813745.0,8028169.0,,8387.37,7799.18,8364.19,7305.19,83627741.0,114833069.0,,,,,8766.98,9552.92,221092.0,5938104.0,5717012.0,,,,,,,,,FY2009;FY2010,2,August 2008,Bon Secours Hospital,13,0.975,Bon Secours,name_history,high,,
BON SECOURS HOSPITAL,False,2009,,,,122144200.0,138681973.0,16537773.0,,93804271.0,111052349.0,,93446808.0,101668594.0,8221786.0,,8580.85,10762.07,8548.15,9852.69,87326019.0,120940412.0,,,,,7988.24,11720.32,357463.0,9383755.0,9026292.0,,,,,,,,,FY2009;FY2010;FY2011,3,August 2009,Bon Secours Hospital,13,0.975,Bon Secours,name_history,high,,
BON SECOURS HOSPITAL,False,2010,,,1865586.0,121320200.0,144057855.0,22737655.0,,102685956.0,121282314.0,,97905389.0,110866209.0,12960820.0,548184.0,9568.07,9517.15,9122.63,8699.79,88260009.0,119964912.0,,,,,8223.89,9413.78,4780567.0,10416105.0,5635538.0,116.56,11.5,6.72,122.68,113.32,1.53,14.05,1.09,FY2010;FY2011;FY2012,3,August 2010,Bon Secours Hospital,13,0.975,Bon Secours,name_history,high,,
BON SECOURS HOSPITAL,False,2011,,,229596.0,128847200.0,154339296.0,25492096.0,,106480100.0,124836499.0,,106009629.0,120594859.0,14585230.0,1072053.0,9849.75,9640.44,9806.23,9312.88,92723485.0,125678956.0,,,,,8577.22,9705.5,470471.0,4241640.0,3771169.0,-87.69,2.94,7.49,-4.64,-163.95,0.18,12.92,-0.67,FY2011;FY2012;FY2013,3,August 2011,Bon Secours Hospital,13,0.975,Bon Secours,name_history,high,,
BON SECOURS HOSPITAL,False,2012,,,1603802.0,130651800.0,160007313.0,29355513.0,,105135109.0,123785490.0,18650381.0,105446308.0,120744306.0,15297999.0,383037.0,10269.38,9872.84,10299.78,9630.28,90614221.0,122564724.0,,14520888.0,1220765.0,-13300123.0,8851.01,9775.47,-311199.0,3041184.0,3352382.0,598.53,4.26,5.03,5.56,244.91,1.29,13.81,0.99,FY2012;FY2013;FY2014,3,August 2012;June 2012,Bon Secours Hospital,13,0.975,Bon Secours,name_history,high,13.81,0.99
BON SECOURS HOSPITAL,False,2013,,,-9627191.0,121044100.0,148655131.0,27611031.0,,95794305.0,113505706.0,17711401.0,95981563.0,110529259.0,14547696.0,1392305.0,9973.27,9622.3,9992.76,9369.98,93233875.0,124525202.0,,2560429.0,-11019496.0,-13579925.0,9706.7,10556.47,-187258.0,2976447.0,3163706.0,,,,,,-8.38,2.67,-9.71,FY2013;FY2014;FY2015,3,August 2013;June 2013,Bon Secours Hospital,13,0.975,Bon Secours,name_history,high,2.67,-9.71
BON SECOURS HOSPITAL,False,2014,,,3569505.0,129714300.0,156055650.0,26341350.0,,101570478.0,120894754.0,19324277.0,99985454.0,115064392.0,15078939.0,1565750.0,,,,,85614206.0,118891000.0,,15956273.0,2003755.0,-13952517.0,,,1585024.0,5830362.0,4245338.0,,,,,,2.91,15.71,1.66,FY2014;FY2015;FY2016,3,August 2014,BON SECOURS HOSPITAL;Bon Secours Hospital,13,0.975,Bon Secours,name_history,high,15.71,1.66
BON SECOURS HOSPITAL,False,2015,,,9344231.0,117217800.0,153662470.0,36444670.0,,98869964.0,119440406.0,20570443.0,98069566.0,114827031.0,16757466.0,299000.0,,,,,78959061.0,110395175.0,,19910902.0,9045231.0,-10865671.0,,,800398.0,4613375.0,3812977.0,,,,,,7.8,20.14,7.57,FY2015;FY2016;FY2017,3,August 2015,BON SECOURS HOSPITAL;Bon Secours Hospital,13,0.975,Bon Secours,name_history,high,20.14,7.57
BON SECOURS HOSPITAL,False,2016,,,-3177386.0,106732300.0,163206322.0,56474022.0,,92125450.0,111077818.0,18952368.0,90580150.0,105945434.0,15365284.0,252138.0,,,,,78575804.0,114507342.0,,13549646.0,-3429524.0,-16979170.0,,,1545300.0,5132384.0,3587084.0,,,,,,-2.85,14.71,-3.09,FY2016;FY2017;FY2018,3,August 2016,BON SECOURS HOSPITAL,13,0.975,Bon Secours,name_history,high,14.71,-3.09
BON SECOURS HOSPITAL,False,2017,,,-2411115.0,109889834.0,169023946.0,59134112.0,,92457889.0,111008075.0,18550186.0,91183374.0,107188171.0,16004797.0,-351070.0,,,,,75753272.0,113068120.0,,16704617.0,-2060045.0,-18764662.0,,,1274515.0,3819904.0,2545390.0,,,,,,-2.15,18.07,-1.86,FY2017;FY2018,2,August 2017,BON SECOURS HOSPITAL,13,0.975,Bon Secours,name_history,high,18.07,-1.86
BON SECOURS HOSPITAL,False,2018,,,-469532.0,110087997.0,168238430.0,58150432.0,,92235609.0,110525527.0,18289918.0,91522740.0,108072099.0,16549359.0,56141.0,,,,,73360106.0,111051199.0,,18875503.0,-525673.0,-19401175.0,,,712869.0,2453428.0,1740559.0,,,,,,-0.42,20.46,-0.48,FY2018,1,August 2018,BON SECOURS HOSPITAL,13,0.975,Bon Secours,name_history,high,20.46,-0.48
BOWIE EMERGENCY CENTER,False,2012,,,-543239.0,11999900.0,30286074.0,18286174.0,,8689340.0,15810729.0,7121389.0,8676283.0,15797672.0,7121389.0,0.0,,,,,9256547.0,16353968.0,,-567207.0,-543239.0,23968.0,,,13057.0,13057.0,0.0,,,,,,-3.44,-6.53,-3.44,FY2012;FY2013;FY2014,3,June 2012,Bowie Emergency Center,,0.538,,UNMATCHED,none,-6.53,-3.44
BOWIE EMERGENCY CENTER,False,2013,,,-1153106.0,13677900.0,29955937.0,16278037.0,,9819332.0,15458539.0,5639207.0,9812164.0,15451371.0,5639207.0,0.0,,,,,10764397.0,16611645.0,,-945065.0,-1153106.0,-208041.0,,,7168.0,7168.0,0.0,,,,,,-7.46,-9.62,-7.46,FY2013;FY2014;FY2015,3,June 2013,Bowie Emergency Center,,0.538,,UNMATCHED,none,-9.62,-7.46
BOWIE EMERGENCY CENTER,False,2014,,,1977798.0,16513400.0,26366202.0,9852802.0,,12400574.0,17049508.0,4648934.0,12399706.0,17048641.0,4648934.0,0.0,,,,,10457177.0,15071710.0,,1943397.0,1977798.0,34401.0,,,867.0,867.0,0.0,,,,,,11.6,15.67,11.6,FY2014;FY2015;FY2016,3,June 2014,BOWIE EMERGENCY CENTER;Bowie Emergency Center,,0.538,,UNMATCHED,none,15.67,11.6
BOWIE EMERGENCY CENTER,False,2015,,,1634401.0,20111300.0,30253611.0,10142311.0,,14678760.0,18902116.0,4223356.0,14488830.0,18712186.0,4223356.0,0.0,,,,,12222939.0,17267715.0,,2455821.0,1634401.0,-821420.0,,,189930.0,189930.0,0.0,,,,,,8.65,16.73,8.65,FY2015;FY2016,2,June 2015,BOWIE EMERGENCY CENTER;Bowie Emergency Center,,0.538,,UNMATCHED,none,16.73,8.65
BOWIE EMERGENCY CENTER,False,2016,,,1340930.0,20228300.0,30129646.0,9901346.0,,14161685.0,19905369.0,5743684.0,13863985.0,18149975.0,4285990.0,0.0,,,,,12614803.0,18564439.0,,1546882.0,1340930.0,-205952.0,,,297700.0,1755394.0,1457694.0,,,,,,6.74,10.92,6.74,FY2016,1,June 2016,BOWIE EMERGENCY CENTER,,0.538,,UNMATCHED,none,10.92,6.74
BRADDOCK HOSPITAL,False,2007,,,,144555000.0,161758200.0,17203200.0,,126223300.0,140630800.0,,126118600.0,138972300.0,12853700.0,,7525.48,7837.92,7519.24,7745.48,114437502.0,133769600.0,,,,,6822.8,7455.51,104700.0,1658500.0,1553800.0,,,,,,,,,FY2009,1,June 2007,Braddock Hospital,,0.545,,UNMATCHED,none,,
BRADDOCK HOSPITAL,False,2008,,,,153946000.0,171385100.0,17439100.0,,132321400.0,147021400.0,,132321300.0,145665500.0,13344200.0,,7474.31,8052.91,7474.3,7978.64,124455861.0,145262400.0,,,,,7030.02,7956.56,100.0,1355900.0,1355800.0,,,,,,,,,FY2009,1,June 2008,Braddock Hospital,,0.545,,UNMATCHED,none,,
BRADDOCK HOSPITAL,False,2009,,,,166869000.0,186938100.0,20069100.0,,142005200.0,159015800.0,,142005200.0,157879100.0,15873900.0,,7894.52,8354.8,7894.52,8295.08,132631877.0,155559300.0,,,,,7373.43,8173.19,0.0,1136700.0,1136700.0,,,,,,,,,FY2009,1,June 2009,Braddock Hospital,,0.545,,UNMATCHED,none,,
BROOK LANE HEALTH SERVICE,False,2005,,,151500.0,,8699600.0,,1226.0,,7345200.0,,,7261300.0,,2695100.0,,,,,,9888800.0,,,-2543600.0,,,,,83900.0,,,,,,,,,,FY2007,1,YEAR 2005,Brook Lane Health Service,4003,0.977,BROOK LANE HEALTH SERVICES,cms_name,high,,-34.63
BROOK LANE HEALTH SERVICE,False,2006,,,-336100.0,,9428900.0,,1332.0,,7991400.0,,,7905900.0,,1519400.0,,,,,,9846900.0,,,-1855500.0,,,,,85500.0,,,,,,,,,,FY2007,1,YEAR 2006,Brook Lane Health Service,4003,0.977,BROOK LANE HEALTH SERVICES,cms_name,high,,-23.22
BROOK LANE HEALTH SERVICE,False,2007,,,8600.0,,9288400.0,,1322.0,,7846600.0,,,7749400.0,,2315200.0,,,,,,10153200.0,,,-2306600.0,,,,,97200.0,,,,,,,,,,FY2007,1,YEAR 2007,Brook Lane Health Service,4003,0.977,BROOK LANE HEALTH SERVICES,cms_name,high,,-29.4
BROOK LANE HEALTH SERVICES,False,2007,,,8600.0,,9288400.0,,1322.0,,7846600.0,,,7749400.0,,2315200.0,,,,,,10153200.0,,,-2306600.0,,,,,97200.0,,,,,,,,,,FY2009,1,YEAR 2007,Brook Lane Health Services,4003,1.0,BROOK LANE HEALTH SERVICES,cms_name,high,,-29.4
BROOK LANE HEALTH SERVICES,False,2008,,,-370900.0,,9586000.0,,1307.0,,7994500.0,,,7872100.0,,1998200.0,,,,,,10363600.0,,,-2369100.0,,,,,122400.0,,,,,,,,,,FY2009;FY2010,2,YEAR 2008,Brook Lane Health Services,4003,1.0,BROOK LANE HEALTH SERVICES,cms_name,high,,-29.63
BROOK LANE HEALTH SERVICES,False,2009,,,255700.0,,10468100.0,,1458.0,,8662200.0,,,8536900.0,,2008800.0,,,,,,10415300.0,,,-1753100.0,,,,,125300.0,,,,,,,,,,FY2009;FY2010;FY2011,3,YEAR 2009,Brook Lane Health Services,4003,1.0,BROOK LANE HEALTH SERVICES,cms_name,high,,-20.24
BROOK LANE HEALTH SERVICES,False,2010,,,633000.0,,11633300.0,,1664.0,,9428100.0,,,9286000.0,,1913000.0,,,,,,10708100.0,,,-1280000.0,,,,,142100.0,,,,,,,,,,FY2010;FY2011;FY2012,3,YEAR 2010,Brook Lane Health Services,4003,1.0,BROOK LANE HEALTH SERVICES,cms_name,high,,-13.58
BROOK LANE HEALTH SERVICES,False,2011,,,1414100.0,,12241600.0,,1694.0,,9914800.0,,,9771500.0,,2591000.0,,,,,,11091700.0,,,-1176900.0,,,,,143300.0,,,,,,,,,,FY2011;FY2012;FY2013,3,YEAR 2011,Brook Lane Health Services,4003,1.0,BROOK LANE HEALTH SERVICES,cms_name,high,,-11.87
BROOK LANE HEALTH SERVICES,False,2012,,,1480700.0,,14051500.0,,1973.0,,11425500.0,,,11264200.0,,2674000.0,,,,,,12618800.0,,,-1193300.0,,,,,161300.0,,,,,,,,,,FY2012;FY2013;FY2014,3,YEAR 2012,Brook Lane Health Services,4003,1.0,BROOK LANE HEALTH SERVICES,cms_name,high,,-10.44
BROOK LANE HEALTH SERVICES,False,2013,,,507200.0,,14918100.0,,1775.0,,11882600.0,,,11758600.0,,2586800.0,,,,,,13962200.0,,,-2079600.0,,,,,124000.0,,,,,,,,,,FY2013;FY2014,2,YEAR 2013,Brook Lane Health Services,4003,1.0,BROOK LANE HEALTH SERVICES,cms_name,high,,-17.5
BROOK LANE HEALTH SERVICES,False,2014,,,311100.0,,14512500.0,,1677.0,,11223800.0,,,11103500.0,,3474000.0,,,,,,14386700.0,,,-3162900.0,,,,,120300.0,,,,,,,,,,FY2014,1,YEAR 2014,Brook Lane Health Services,4003,1.0,BROOK LANE HEALTH SERVICES,cms_name,high,,-28.18
BROOK LANE HEALTH SERVICES,False,2015,,,2154500.0,,25350400.0,,1770.0,,26448900.0,,,20295000.0,,1284600.0,,,,,,25579000.0,,,869900.0,,,,,6153900.0,,,,,,,,,,FY2017,1,FY 2015,Brook Lane Health Services,4003,1.0,BROOK LANE HEALTH SERVICES,cms_name,high,,3.29
BROOK LANE HEALTH SERVICES,False,2016,,,1706300.0,,30539800.0,,2033.0,,31091400.0,,,23993000.0,,128400.0,,,,,,29513500.0,,,1577900.0,,,,,7098400.0,,,,,,,,,,FY2017;FY2018,2,FY 2016,Brook Lane Health Services,4003,1.0,BROOK LANE HEALTH SERVICES,cms_name,high,,5.08
BROOK LANE HEALTH SERVICES,False,2017,,,2287500.0,,32308600.0,,1997.0,,33550200.0,,,25456100.0,,1077000.0,,,,,,32339700.0,,,1210500.0,,,,,8094100.0,,,,,,,,,,FY2017;FY2018,2,FY 2017,Brook Lane Health Services,4003,1.0,BROOK LANE HEALTH SERVICES,cms_name,high,,3.61
BROOK LANE HEALTH SERVICES,False,2018,,,1117600.0,,25083600.0,,1973.0,,20912900.0,,,20646900.0,,1001.0,,,,,,20796900.0,,,116000.0,,,,,266000.0,,,,,,,,,,FY2018;FY2020;FY2021,3,FY 2018,Brook Lane Health Services,4003,1.0,BROOK LANE HEALTH SERVICES,cms_name,high,,0.55
BROOK LANE HEALTH SERVICES,False,2019,,,-551200.0,,24457800.0,,1746.0,,20967200.0,,,20397300.0,,221400.0,,,,,,21739800.0,,,-772600.0,,,,,569900.0,,,,,,,,,,FY2020;FY2021,2,FY 2019,Brook Lane Health Services,4003,1.0,BROOK LANE HEALTH SERVICES,cms_name,high,,-3.68
BROOK LANE HEALTH SERVICES,False,2020,,,1775100.0,,23974500.0,,1516.0,,20769000.0,,,20293800.0,,2694000.0,,,,,,21687900.0,,,-918900.0,,,,,475200.0,,,,,,,,,,FY2020;FY2021;FY2022,3,FY2020,Brook Lane Health Services,4003,1.0,BROOK LANE HEALTH SERVICES,cms_name,high,,-4.42
BROOK LANE HEALTH SERVICES,False,2021,,,3116460.0,,26587460.0,,1655.0,,22943550.0,,,22475350.0,,2216600.0,,,,,,22043690.0,,,899860.0,,,,,468200.0,,,,,,,,,,FY2021;FY2022;FY2023,3,FY2021,Brook Lane Health Services,4003,1.0,BROOK LANE HEALTH SERVICES,cms_name,high,,3.92
BROOK LANE HEALTH SERVICES,False,2022,,,-2517300.0,,26289600.0,,1471.0,,22273600.0,,,21693300.0,,0.0,,,,,,24790900.0,,,-2517300.0,,,,,580300.0,,,,,,,,,,FY2022;FY2023;FY2024,3,FY2022,Brook Lane Health Services,4003,1.0,BROOK LANE HEALTH SERVICES,cms_name,high,,-11.3
BROOK LANE HEALTH SERVICES,False,2023,,,1510400.0,,31935700.0,,1737.0,,26486200.0,,,26205200.0,,1163300.0,,,,,,26139100.0,,,347100.0,,,,,281000.0,,,,,,,,,,FY2023;FY2024,2,FY 2023,Brook Lane Health Services,4003,1.0,BROOK LANE HEALTH SERVICES,cms_name,high,,1.31
BROOK LANE HEALTH SERVICES,False,2024,,,744400.0,,30816500.0,,1435.0,,25292400.0,,,24977000.0,,2027100.0,,,,,,26575100.0,,,-1282700.0,,,,,315400.0,,,,,,,,,,FY2024,1,FY 2024,Brook Lane Health Services,4003,1.0,BROOK LANE HEALTH SERVICES,cms_name,high,,-5.07
CALVERT HEALTH MEDICAL CENTER,False,2015,,,7641171.0,144499900.0,155843300.0,11343400.0,,128511755.0,134687442.0,6175687.0,124641770.0,129732712.0,5090942.0,-2132041.0,,,,,109246740.0,124914230.0,,19265015.0,9773212.0,-9491803.0,,,3869985.0,4954730.0,1084745.0,,,,,,5.66,14.99,7.26,FY2017,1,June 2015,CALVERT HEALTH MEDICAL CENTER,39,0.975,Calvert,hscrc_name,high,14.99,7.26
CALVERT HEALTH MEDICAL CENTER,False,2016,,,8763974.0,146698600.0,158407820.0,11709220.0,,130507174.0,136815315.0,6308142.0,127343293.0,132553556.0,5210263.0,1002915.0,,,,,111787053.0,129054256.0,,18720121.0,7761059.0,-10959061.0,,,3163881.0,4261759.0,1097878.0,,,,,,6.36,14.34,5.67,FY2017;FY2018,2,June 2016,CALVERT HEALTH MEDICAL CENTER,39,0.975,Calvert,hscrc_name,high,14.34,5.67
CALVERT HEALTH MEDICAL CENTER,False,2017,,,3946991.0,149192000.0,165370800.0,16178800.0,,128846787.0,137262991.0,8416204.0,126166246.0,133487991.0,7321746.0,2164000.0,,,,,115443141.0,135480000.0,,13403646.0,1782991.0,-11620655.0,,,2680541.0,3775000.0,1094459.0,,,,,,2.83,10.4,1.3,FY2017;FY2018;FY2019,3,June 2017,CALVERT HEALTH MEDICAL CENTER,39,0.975,Calvert,hscrc_name,high,10.4,1.3
CALVERT HEALTH MEDICAL CENTER,False,2018,,,3591333.0,149987800.0,164784370.0,14796570.0,,130824515.0,138531158.0,7706644.0,128276045.0,134553570.0,6277525.0,-2228454.0,,,,,115202024.0,132711371.0,,15622491.0,5819787.0,-9802703.0,,,2548470.0,3977588.0,1429118.0,,,,,,2.58,11.94,4.2,FY2018;FY2019;FY2020,3,June 2018,CALVERT HEALTH MEDICAL CENTER,39,0.975,Calvert,hscrc_name,high,11.94,4.2
CALVERT HEALTH MEDICAL CENTER,False,2019,,,-11035347.0,153315100.0,162693829.0,9378729.0,,132998528.0,138076799.0,5078271.0,130188438.0,134061566.0,3873128.0,-13086305.0,,,,,122254898.0,136025841.0,,10743630.0,2050958.0,-8692672.0,,,2810090.0,4015233.0,1205143.0,,,,,,-7.96,8.08,1.49,FY2019;FY2020;FY2021,3,June 2019,CALVERT HEALTH MEDICAL CENTER,39,0.975,Calvert,hscrc_name,high,8.08,1.49
CALVERT HEALTH MEDICAL CENTER,False,2020,,,5613371.0,157018400.0,161913634.0,4895234.0,,138390520.0,142456340.0,4065820.0,133940920.0,135665640.0,1724720.0,553241.0,,,,,124922077.0,137396210.0,12474133.0,13468443.0,5060130.0,-8408313.0,,,4449600.0,6790700.0,2341100.0,,,,,,3.93,9.73,3.55,FY2020;FY2021;FY2022,3,June 2020,CALVERT HEALTH MEDICAL CENTER,39,0.975,Calvert,hscrc_name,high,9.73,3.55
CALVERT HEALTH MEDICAL CENTER,False,2021,,,888193.0,163995400.0,169400097.0,5404697.0,,144771297.0,147742103.0,2970806.0,141727742.0,144074486.0,2346744.0,-3822891.0,,,,,131597332.0,143031019.0,11433687.0,13173965.0,4711084.0,-8462881.0,,,3043555.0,3667617.0,624062.0,,,,,,0.6,9.1,3.19,FY2021;FY2022;FY2023,3,June 2021,CALVERT HEALTH MEDICAL CENTER,39,0.975,Calvert,hscrc_name,high,9.1,3.19
CALVERT HEALTH MEDICAL CENTER,False,2022,,,5133608.0,170683940.0,176384551.0,5700611.0,,148723768.0,151388909.0,2665140.0,146104685.0,148323826.0,2219140.0,149422.0,,,,,135429252.0,146404723.0,10975471.0,13294516.0,4984186.0,-8310331.0,,,2619083.0,3065083.0,446000.0,,,,,,3.39,8.94,3.29,FY2022;FY2023;FY2024,3,June 2022,CALVERT HEALTH MEDICAL CENTER,39,0.975,Calvert,hscrc_name,high,8.94,3.29
CALVERT HEALTH MEDICAL CENTER,False,2023,,,-6644499.0,175364060.0,181037835.0,5673775.0,,150821282.0,153386066.0,2564783.0,147939181.0,149966763.0,2027581.0,742415.0,,,,,145904849.0,160772980.0,14868131.0,4916433.0,-7386914.0,-12303348.0,,,2882101.0,3419303.0,537202.0,,,,,,-4.31,3.26,-4.82,FY2023;FY2024,2,June 2023,CALVERT HEALTH MEDICAL CENTER,39,0.975,Calvert,hscrc_name,high,3.26,-4.82
CALVERT HEALTH MEDICAL CENTER,False,2024,,,-921415.0,188719140.0,194544141.0,5825001.0,,160489606.0,163284959.0,2795353.0,159058906.0,161137885.0,2078979.0,240452.0,,,,,148789773.0,164446826.0,15657053.0,11699833.0,-1161867.0,-12861700.0,,,1430700.0,2147074.0,716374.0,,,,,,-0.56,7.29,-0.71,FY2024,1,June 2024,CALVERT HEALTH MEDICAL CENTER,39,0.975,Calvert,hscrc_name,high,7.29,-0.71
CALVERT MEMORIAL HOSPITAL,False,2007,,,,94108300.0,111688775.0,17580475.0,,83867245.0,97551565.0,,81903286.0,94055053.0,12151767.0,,6454.28,6391.3,6303.13,6162.22,77074375.0,93946509.0,,,,,5931.51,6155.11,1963959.0,3496512.0,1532553.0,,,,,,,,,FY2009,1,June 2007,Calvert Memorial Hospital,39,0.975,Calvert,hscrc_name,high,,
CALVERT MEMORIAL HOSPITAL,False,2008,,,,102346100.0,119768525.0,17422425.0,,91338385.0,104693804.0,,89356335.0,100849850.0,11493515.0,,6735.08,6688.75,6588.93,6443.16,85314807.0,103545879.0,,,,,6290.91,6615.41,1982050.0,3843954.0,1861904.0,,,,,,,,,FY2009;FY2010,2,June 2008,Calvert Memorial Hospital,39,0.975,Calvert,hscrc_name,high,,
CALVERT MEMORIAL HOSPITAL,False,2009,,,,111417900.0,128980982.0,17563082.0,,98913228.0,112192455.0,,97651503.0,108775927.0,11124424.0,,6706.36,6635.29,6620.81,6433.23,90842718.0,110705329.0,,,,,6159.18,6547.34,1261725.0,3416528.0,2154803.0,,,,,,,,,FY2009;FY2010;FY2011,3,June 2009,Calvert Memorial Hospital,39,0.975,Calvert,hscrc_name,high,,
CALVERT MEMORIAL HOSPITAL,False,2010,,,-2265778.0,120112700.0,134348828.0,14236128.0,,104707459.0,114574123.0,,102380283.0,110687922.0,8307640.0,465701.0,6759.83,6620.82,6609.59,6396.25,97660195.0,117305602.0,,,,,6304.87,6778.66,2327176.0,3886201.0,1559025.0,-203.27,0.8,-0.17,-12.68,-283.68,-1.97,6.73,-2.38,FY2010;FY2011;FY2012,3,June 2010,Calvert Memorial Hospital,39,0.975,Calvert,hscrc_name,high,,
CALVERT MEMORIAL HOSPITAL,False,2011,,,1257809.0,129181700.0,145485297.0,16303597.0,,111998740.0,125130104.0,,107446910.0,119546616.0,12099706.0,606246.0,7740.71,7709.24,7426.11,7365.24,101658343.0,124478541.0,,,,,7026.04,7669.1,4551830.0,5583488.0,1031658.0,155.51,14.51,12.35,46.73,123.85,1.0,9.23,0.52,FY2011;FY2012;FY2013,3,June 2011,Calvert Memorial Hospital,39,0.975,Calvert,hscrc_name,high,,
CALVERT MEMORIAL HOSPITAL,False,2012,,,2773506.0,135740500.0,152846238.0,17105738.0,,115724005.0,130480560.0,14756556.0,112025692.0,125301775.0,13276082.0,3063317.0,7922.05,7925.19,7668.87,7610.64,105451118.0,130770372.0,,10272886.0,-289812.0,-10562698.0,7218.8,7942.8,3698312.0,5178786.0,1480473.0,120.5,2.34,3.27,-0.65,-144.48,2.08,8.88,-0.22,FY2012;FY2013;FY2014,3,June 2012,Calvert Memorial Hospital,39,0.975,Calvert,hscrc_name,high,8.88,-0.22
CALVERT MEMORIAL HOSPITAL,False,2013,,,6916629.0,138862900.0,148025832.0,9162932.0,,120581023.0,125807118.0,5226095.0,116275170.0,120837325.0,4562155.0,6414.0,8596.09,8845.82,8289.13,8496.38,106039515.0,118896903.0,,14541508.0,6910215.0,-7631293.0,7559.44,8359.94,4305853.0,4969793.0,663940.0,,,,,,5.48,12.06,5.49,FY2013;FY2014;FY2015,3,June 2013,Calvert Memorial Hospital,39,0.975,Calvert,hscrc_name,high,12.06,5.49
CALVERT MEMORIAL HOSPITAL,False,2014,,,6802728.0,141935300.0,152176160.0,10240860.0,,122627280.0,128255139.0,5627858.0,117478592.0,122154108.0,4675516.0,-1655105.0,,,,,105829305.0,119797306.0,,16797976.0,8457833.0,-8340143.0,,,5148688.0,6101030.0,952342.0,,,,,,5.28,13.7,6.59,FY2014;FY2015;FY2016,3,June 2014,CALVERT MEMORIAL HOSPITAL;Calvert Memorial Hospital,39,0.975,Calvert,hscrc_name,high,13.7,6.59
CALVERT MEMORIAL HOSPITAL,False,2015,,,7641171.0,144499900.0,155843300.0,11343400.0,,128511755.0,134687442.0,6175687.0,124641770.0,129732712.0,5090942.0,-2132041.0,,,,,109246740.0,124914230.0,,19265015.0,9773212.0,-9491803.0,,,3869985.0,4954730.0,1084745.0,,,,,,5.66,14.99,7.26,FY2015;FY2016,2,June 2015,CALVERT MEMORIAL HOSPITAL;Calvert Memorial Hospital,39,0.975,Calvert,hscrc_name,high,14.99,7.26
CALVERT MEMORIAL HOSPITAL,False,2016,,,8763974.0,146698600.0,158407820.0,11709220.0,,130507174.0,136815315.0,6308142.0,127343293.0,132553556.0,5210263.0,1002915.0,,,,,111787053.0,129054256.0,,18720121.0,7761059.0,-10959061.0,,,3163881.0,4261759.0,1097878.0,,,,,,6.36,14.34,5.67,FY2016,1,June 2016,CALVERT MEMORIAL HOSPITAL,39,0.975,Calvert,hscrc_name,high,14.34,5.67
CARROLL COUNTY GENERAL HOSPITAL,False,2009,,,,196154700.0,250565106.0,54410406.0,,173755553.0,235044615.0,,172583312.0,218294716.0,45711404.0,,7975.36,8445.79,7921.56,7843.92,161702356.0,230915503.0,,,,,7422.12,8297.42,1172241.0,16749899.0,15577658.0,,,,,,,,,FY2011,1,June 2009,Carroll County General Hospital,33,0.808,Carroll,short_name,medium,,
CARROLL COUNTY GENERAL HOSPITAL,False,2010,,,-3740907.0,202238000.0,253002598.0,50764598.0,,177318406.0,236986105.0,,176005258.0,220040638.0,44035380.0,-2445034.0,7927.9,8469.65,7869.19,7864.03,167347659.0,238281978.0,,,,,7482.11,8515.96,1313148.0,16945467.0,15632319.0,-46.09,-0.6,-0.66,-17.28,-131.38,-1.53,5.62,-0.55,FY2011;FY2012,2,June 2010,Carroll County General Hospital,33,0.808,Carroll,short_name,medium,,
CARROLL COUNTY GENERAL HOSPITAL,False,2011,,,20124500.0,214427800.0,313522332.0,99094532.0,,183287771.0,244814489.0,,182174860.0,226707479.0,44532619.0,10693197.0,8878.76,8110.89,8824.85,7510.99,161836399.0,235383186.0,,,,,7839.62,7798.43,1112911.0,18107010.0,16994099.0,637.96,11.99,12.14,115.14,827.8,7.86,11.7,3.85,FY2011;FY2012;FY2013,3,June 2011,Carroll County General Hospital,33,0.808,Carroll,short_name,medium,,
CARROLL COUNTY GENERAL HOSPITAL,False,2012,,,4870116.0,243424400.0,318109011.0,74684611.0,,204467265.0,240289064.0,35821799.0,203507315.0,238454868.0,34947553.0,-11976079.0,9635.72,8734.56,9590.48,8667.88,182701684.0,223442869.0,,21765581.0,16846195.0,-4919386.0,8609.99,8122.19,959950.0,1834196.0,874246.0,-75.8,8.53,8.68,1.46,78.62,2.01,10.65,7.01,FY2012;FY2013;FY2014,3,June 2012,Carroll County General Hospital,33,0.808,Carroll,short_name,medium,10.65,7.01
CARROLL COUNTY GENERAL HOSPITAL,False,2013,,,30673703.0,249075200.0,326821743.0,77746543.0,,212339748.0,249635337.0,37295589.0,208787942.0,245178479.0,36390537.0,10424416.0,10312.98,9323.99,10140.48,9157.52,187052755.0,229386050.0,,25286993.0,20249287.0,-5037706.0,9084.84,8567.67,3551806.0,4456858.0,905052.0,,,,,,11.75,11.91,8.11,FY2013;FY2014;FY2015,3,June 2013,Carroll County General Hospital,33,0.808,Carroll,short_name,medium,11.91,8.11
CARROLL COUNTY GENERAL HOSPITAL,False,2014,,,27155986.0,251985400.0,326598037.0,74612637.0,,216061155.0,250749472.0,34688317.0,211421290.0,245148151.0,33726861.0,6354928.0,,,,,189824332.0,229948414.0,,26236823.0,20801058.0,-5435765.0,,,4639865.0,5601321.0,961456.0,,,,,,10.43,12.14,8.3,FY2014;FY2015,2,June 2014,Carroll County General Hospital,33,0.808,Carroll,short_name,medium,12.14,8.3
CARROLL COUNTY GENERAL HOSPITAL,False,2015,,,11992597.0,254037700.0,327635456.0,73597756.0,,220319442.0,254653393.0,34333951.0,217722362.0,250816235.0,33093873.0,-3927869.0,,,,,199756327.0,238732927.0,,20563115.0,15920466.0,-4642649.0,,,2597080.0,3837158.0,1240078.0,,,,,,4.69,9.33,6.25,FY2015,1,June 2015,Carroll County General Hospital,33,0.808,Carroll,short_name,medium,9.33,6.25
CARROLL HOSPITAL CENTER,False,2007,,,,169471500.0,238897100.0,69425600.0,,150950546.0,204323968.0,,149708066.0,189053887.0,39345821.0,,7172.13,6886.82,7113.09,6372.13,137509445.0,194131676.0,,,,,6533.5,6543.28,1242480.0,15270081.0,14027601.0,,,,,,,,,FY2009,1,June 2007,Carroll Hospital Center,33,1.0,CARROLL HOSPITAL CENTER,cms_name,high,,
CARROLL HOSPITAL CENTER,False,2008,,,,186262700.0,238070789.0,51808089.0,,165163581.0,222615025.0,,163557665.0,206617720.0,43060055.0,,7713.21,8133.84,7638.22,7549.33,149106455.0,212069754.0,,,,,6963.34,7748.54,1605916.0,15997305.0,14391389.0,,,,,,,,,FY2009;FY2010,2,June 2008,Carroll Hospital Center,33,1.0,CARROLL HOSPITAL CENTER,cms_name,high,,
CARROLL HOSPITAL CENTER,False,2009,,,,196154700.0,250565106.0,54410406.0,,173755553.0,235044615.0,,172583312.0,218294716.0,45711404.0,,7975.36,8445.79,7921.56,7843.92,161702356.0,230915503.0,,,,,7422.12,8297.42,1172241.0,16749899.0,15577658.0,,,,,,,,,FY2009;FY2010,2,June 2009,Carroll Hospital Center,33,1.0,CARROLL HOSPITAL CENTER,cms_name,high,,
CARROLL HOSPITAL CENTER,False,2010,,,,202238000.0,253002598.0,50764598.0,,177318406.0,236986105.0,,176005258.0,220040638.0,44035380.0,,7927.9,8469.65,7869.19,7864.03,167347659.0,238281978.0,,,,,7482.11,8515.96,1313148.0,16945467.0,15632319.0,,,,,,,,,FY2010,1,June 2010,Carroll Hospital Center,33,1.0,CARROLL HOSPITAL CENTER,cms_name,high,,
CARROLL HOSPITAL CENTER,False,2014,,,27155986.0,251985400.0,326598037.0,74612637.0,,216061155.0,250749472.0,34688317.0,211421290.0,245148151.0,33726861.0,6354928.0,,,,,189824332.0,229948414.0,,26236823.0,20801058.0,-5435765.0,,,4639865.0,5601321.0,961456.0,,,,,,10.43,12.14,8.3,FY2016,1,June 2014,CARROLL HOSPITAL CENTER,33,1.0,CARROLL HOSPITAL CENTER,cms_name,high,12.14,8.3
CARROLL HOSPITAL CENTER,False,2015,,,11992597.0,254037700.0,327635456.0,73597756.0,,220319442.0,254653393.0,34333951.0,217722362.0,250816235.0,33093873.0,-3927869.0,,,,,199756327.0,238732927.0,,20563115.0,15920466.0,-4642649.0,,,2597080.0,3837158.0,1240078.0,,,,,,4.69,9.33,6.25,FY2016;FY2017,2,June 2015,CARROLL HOSPITAL CENTER,33,1.0,CARROLL HOSPITAL CENTER,cms_name,high,9.33,6.25
CARROLL HOSPITAL CENTER,False,2016,,,16640634.0,254064500.0,328756623.0,74692123.0,,220459254.0,255452977.0,34993723.0,217990560.0,250093683.0,32103123.0,308300.0,,,,,199462258.0,239120643.0,,20996996.0,16332334.0,-4664662.0,,,2468694.0,5359294.0,2890600.0,,,,,,6.32,9.52,6.39,FY2016;FY2017;FY2018,3,June 2016,CARROLL HOSPITAL CENTER,33,1.0,CARROLL HOSPITAL CENTER,cms_name,high,9.52,6.39
CARROLL HOSPITAL CENTER,False,2017,,,39726752.0,235036100.0,314123956.0,79087856.0,,210050115.0,247824429.0,37774314.0,203593415.0,237403519.0,33810104.0,14724000.0,,,,,180347701.0,222821677.0,,29702414.0,25002752.0,-4699662.0,,,6456700.0,10420910.0,3964210.0,,,,,,15.13,14.14,10.09,FY2017;FY2018;FY2019,3,June 2017,CARROLL HOSPITAL CENTER,33,1.0,CARROLL HOSPITAL CENTER,cms_name,high,14.14,10.09
CARROLL HOSPITAL CENTER,False,2018,,,30384078.0,234993744.0,376380113.0,141386369.0,,214936323.0,280481708.0,65545385.0,203614042.0,263461709.0,59847667.0,13808659.0,,,,,179887659.0,263906289.0,,35048664.0,16575419.0,-18473245.0,,,11322281.0,17019999.0,5697718.0,,,,,,10.32,16.31,5.91,FY2018;FY2019;FY2020,3,June 2018,CARROLL HOSPITAL CENTER,33,1.0,CARROLL HOSPITAL CENTER,cms_name,high,16.31,5.91
CARROLL HOSPITAL CENTER,False,2019,,,29084922.0,233903993.0,318069197.0,84165204.0,,208575091.0,248064708.0,39489617.0,198999270.0,237615870.0,38616600.0,12751998.0,,,,,186491007.0,231731784.0,,22084084.0,16332924.0,-5751160.0,,,9575821.0,10448838.0,873017.0,,,,,,11.15,10.59,6.58,FY2019;FY2020;FY2021,3,June 2019,CARROLL HOSPITAL CENTER,33,1.0,CARROLL HOSPITAL CENTER,cms_name,high,10.59,6.58
CARROLL HOSPITAL CENTER,False,2020,,,27719137.0,231744220.0,309230477.0,77486257.0,,212274823.0,251341986.0,39067163.0,194785453.0,231623721.0,36838268.0,6964130.0,,,,,184970310.0,230586979.0,45616669.0,27304513.0,20755007.0,-6549506.0,,,17489370.0,19718265.0,2228895.0,,,,,,10.73,12.86,8.26,FY2020;FY2021;FY2022,3,June 2020,CARROLL HOSPITAL CENTER,33,1.0,CARROLL HOSPITAL CENTER,cms_name,high,12.86,8.26
CARROLL HOSPITAL CENTER,False,2021,,,71451031.0,251514387.0,335960966.0,84446579.0,,232098751.0,273353250.0,41254499.0,215045488.0,254520188.0,39474700.0,50835177.0,,,,,202086532.0,252737396.0,50650864.0,30012219.0,20615854.0,-9396365.0,,,17053263.0,18833062.0,1779799.0,,,,,,22.04,12.93,7.54,FY2021;FY2022;FY2023,3,June 2021,CARROLL HOSPITAL CENTER,33,1.0,CARROLL HOSPITAL CENTER,cms_name,high,12.93,7.54
CARROLL HOSPITAL CENTER,False,2022,,,-17821696.0,258148447.0,352104911.0,93956464.0,,233764923.0,279824797.0,46059874.0,222667123.0,267731110.0,45063987.0,-28360910.0,,,,,212285619.0,269285583.0,56999964.0,21479304.0,10539214.0,-10940090.0,,,11097800.0,12093687.0,995887.0,,,,,,-7.09,9.19,3.77,FY2022;FY2023,2,June 2022,CARROLL HOSPITAL CENTER,33,1.0,CARROLL HOSPITAL CENTER,cms_name,high,9.19,3.77
CARROLL HOSPITAL CENTER,False,2023,,,34533353.0,265924528.0,363831528.0,97907000.0,,241991942.0,290616590.0,48624648.0,226917377.0,274473824.0,47556447.0,23389493.0,,,,,219473520.0,279472729.0,59999209.0,22518422.0,11143860.0,-11374561.0,,,15074565.0,16142766.0,1068201.0,,,,,,11.0,9.31,3.83,FY2023,1,June 2023,CARROLL HOSPITAL CENTER,33,1.0,CARROLL HOSPITAL CENTER,cms_name,high,9.31,3.83
CHESAPEAKE YOUTH CENTER,False,2005,,,-21187.0,,2015264.0,,260.0,,2034650.0,,,2034650.0,,0.0,,,,,,2055837.0,,,-21187.0,,,,,0.0,,,,,,,,,,FY2007,1,YEAR 2005,Chesapeake Youth Center,3028,0.683,Chesapeake Rehab,name_history,medium,,-1.04
CHESAPEAKE YOUTH CENTER,False,2006,,,-58778.0,,2042254.0,,263.0,,2061899.0,,,2061899.0,,0.0,,,,,,2120677.0,,,-58778.0,,,,,0.0,,,,,,,,,,FY2007,1,YEAR 2006,Chesapeake Youth Center,3028,0.683,Chesapeake Rehab,name_history,medium,,-2.85
CHESAPEAKE YOUTH CENTER,False,2007,,,-876125.0,,2842250.0,,260.0,,2645747.0,,,2645747.0,,0.0,,,,,,3521872.0,,,-876125.0,,,,,0.0,,,,,,,,,,FY2007,1,YEAR 2007,Chesapeake Youth Center,3028,0.683,Chesapeake Rehab,name_history,medium,,-33.11
CHESTER RIVER HOSPITAL,False,2009,,,,60914200.0,63197320.0,2283120.0,,50448562.0,52874559.0,,50049509.0,52132300.0,2082791.0,,7649.2,7727.41,7588.7,7618.93,51011116.0,52758252.0,,,,,7734.5,7710.41,399053.0,742259.0,343206.0,,,,,,,,,FY2011,1,June 2009,Chester River Hospital,,0.615,,UNMATCHED,none,,
CHESTER RIVER HOSPITAL,False,2010,,,-1028000.0,59939400.0,62810974.0,2871574.0,,51271495.0,52538000.0,,50998039.0,51969974.0,971935.0,646000.0,8029.1,7851.29,7986.27,7766.41,51116572.0,54212000.0,,,,,8004.84,8101.46,273456.0,568026.0,294571.0,-1521.71,4.97,5.24,127.54,-1539.29,-1.93,0.3,-3.19,FY2011;FY2012,2,June 2010,Chester River Hospital,,0.615,,UNMATCHED,none,,
CHESTER RIVER HOSPITAL,False,2011,,,2092927.0,62310300.0,65187668.0,2877368.0,,51549234.0,53543137.0,,51340374.0,53045123.0,1704749.0,1561894.0,9381.84,9508.92,9343.83,9420.48,49886918.0,53012104.0,,,,,9079.3,9414.61,208861.0,498014.0,289153.0,303.59,16.85,17.0,973.0,131.72,3.79,3.22,0.99,FY2011;FY2012,2,June 2011,Chester River Hospital,,0.615,,UNMATCHED,none,,
CHESTER RIVER HOSPITAL,False,2012,,,-1947852.0,65051700.0,68631069.0,3579369.0,,49732928.0,52142104.0,,49528431.0,51685740.0,2157309.0,204000.0,8997.38,9143.2,8960.38,9063.17,50318541.0,54293956.0,,,,,9103.32,9520.53,204497.0,456364.0,251867.0,-193.07,-4.1,-4.1,-135.23,-505.22,-3.69,-1.18,-4.13,FY2012,1,June 2012,Chester River Hospital,,0.615,,UNMATCHED,none,,
CHESTER RIVER HOSPITAL CENTER,False,2007,,,,57015700.0,58758889.0,1743189.0,,48232924.0,49489913.0,,47776943.0,48648538.0,871594.0,,6250.64,6251.76,6191.55,6145.48,49518932.0,50331232.0,,,,,6417.3,6358.04,455981.0,841375.0,385394.0,,,,,,,,,FY2009,1,June 2007,Chester River Hospital Center,,0.567,,UNMATCHED,none,,
CHESTER RIVER HOSPITAL CENTER,False,2008,,,,55440200.0,57714372.0,2274172.0,,48518284.0,50289116.0,,44720120.0,46020706.0,1300585.0,,7900.89,7891.37,7282.38,7221.57,51171682.0,52078107.0,,,,,8332.98,8172.09,3798163.0,4268410.0,470247.0,,,,,,,,,FY2009;FY2010,2,June 2008,Chester River Hospital Center,,0.567,,UNMATCHED,none,,
CHESTER RIVER HOSPITAL CENTER,False,2009,,,,60914200.0,63197320.0,2283120.0,,50448562.0,52874559.0,,50049509.0,52132300.0,2082791.0,,7649.2,7727.41,7588.7,7618.93,51011116.0,52758252.0,,,,,7734.5,7710.41,399053.0,742259.0,343206.0,,,,,,,,,FY2009;FY2010,2,June 2009,Chester River Hospital Center,,0.567,,UNMATCHED,none,,
CHESTER RIVER HOSPITAL CENTER,False,2010,,,,59939400.0,62810974.0,2871574.0,,51271495.0,52538000.0,,50998039.0,51969974.0,971935.0,,8029.1,7851.29,7986.27,7766.41,51116572.0,54212000.0,,,,,8004.84,8101.46,273456.0,568026.0,294571.0,,,,,,,,,FY2010,1,June 2010,Chester River Hospital Center,,0.567,,UNMATCHED,none,,
CHRISTIANACARE UNION HOSPITAL,False,2017,,,5978843.0,160871300.0,196999200.0,36127900.0,,140903543.0,158039043.0,17135500.0,137576843.0,152778743.0,15201900.0,5022800.0,,,,,123418300.0,157083000.0,,17485243.0,956043.0,-16529200.0,,,3326700.0,5260300.0,1933600.0,,,,,,3.66,12.41,0.6,FY2019,1,June 2017,"CHRISTIANACARE, UNION HOSPITAL",32,0.975,"ChristianaCare, Union",hscrc_name,high,12.41,0.6
CHRISTIANACARE UNION HOSPITAL,False,2018,,,-9659220.0,166233700.0,201359900.0,35126200.0,,136410380.0,151574780.0,15164400.0,138794480.0,152005780.0,13211300.0,3008800.0,,,,,127785200.0,164242800.0,,8625180.0,-12668020.0,-21293200.0,,,-2384100.0,-431000.0,1953100.0,,,,,,-6.22,6.32,-8.36,FY2019;FY2020,2,June 2018,"CHRISTIANACARE, UNION HOSPITAL",32,0.975,"ChristianaCare, Union",hscrc_name,high,6.32,-8.36
CHRISTIANACARE UNION HOSPITAL,False,2019,,,-4472920.0,164257700.0,200606900.0,36349200.0,,139887780.0,156328580.0,16440800.0,138676380.0,153718980.0,15042600.0,1027100.0,,,,,126048600.0,161828600.0,,13839180.0,-5500020.0,-19339200.0,,,1211400.0,2609600.0,1398200.0,,,,,,-2.83,9.89,-3.52,FY2019;FY2020;FY2021,3,June 2019,"CHRISTIANACARE, UNION HOSPITAL",32,0.975,"ChristianaCare, Union",hscrc_name,high,9.89,-3.52
CHRISTIANACARE UNION HOSPITAL,False,2020,,,-1021229.0,163369100.0,199490300.0,36121200.0,,141792071.0,156234371.0,14442300.0,136482071.0,149857271.0,13375200.0,2381500.0,,,,,124052700.0,159637100.0,35584400.0,17739371.0,-3402729.0,-21142100.0,,,5310000.0,6377100.0,1067100.0,,,,,,-0.64,12.51,-2.18,FY2020;FY2021;FY2022,3,June 2020,"CHRISTIANACARE, UNION HOSPITAL",32,0.975,"ChristianaCare, Union",hscrc_name,high,12.51,-2.18
CHRISTIANACARE UNION HOSPITAL,False,2021,,,15479263.0,180732852.0,215344072.0,34611220.0,,137508920.0,172120140.0,34611220.0,132226594.0,166837814.0,34611220.0,10628192.0,,,,,129107892.0,167269068.0,38161176.0,8401028.0,4851072.0,-3549956.0,,,5282326.0,5282326.0,0.0,,,,,,8.47,6.11,2.82,FY2021;FY2022;FY2023,3,June 2021,"CHRISTIANACARE, UNION HOSPITAL",32,0.975,"ChristianaCare, Union",hscrc_name,high,6.11,2.82
CHRISTIANACARE UNION HOSPITAL,False,2022,,,-34671027.0,181753068.0,229242779.0,47489711.0,,148097417.0,173145398.0,25047981.0,154198417.0,171488398.0,17289981.0,-6539000.0,,,,,159376660.0,201277425.0,41900765.0,-11279243.0,-28132027.0,-16852784.0,,,-6101000.0,1657000.0,7758000.0,,,,,,-20.81,-7.62,-16.25,FY2022;FY2023;FY2024,3,June 2022,"CHRISTIANACARE, UNION HOSPITAL;ChristianaCare Union Hospital",32,0.975,"ChristianaCare, Union",hscrc_name,high,-7.62,-16.25
CHRISTIANACARE UNION HOSPITAL,False,2023,,,-11097065.0,188970768.0,232862636.0,43891868.0,,157341340.0,176194332.0,18852992.0,156223024.0,174727332.0,18504308.0,5010000.0,,,,,150348668.0,192301398.0,41952730.0,6992673.0,-16107065.0,-23099738.0,,,1118316.0,1467000.0,348684.0,,,,,,-6.12,4.44,-9.14,FY2023;FY2024,2,June 2023,"CHRISTIANACARE, UNION HOSPITAL;ChristianaCare Union Hospital",32,0.975,"ChristianaCare, Union",hscrc_name,high,4.44,-9.14
CHRISTIANACARE UNION HOSPITAL,False,2024,,,3068004.0,210598498.0,260386698.0,49788200.0,,169882231.0,188918042.0,19035811.0,169388933.0,188092723.0,18703790.0,7320000.0,,,,,151771888.0,193170038.0,41398150.0,18110343.0,-4251996.0,-22362339.0,,,493298.0,825319.0,332021.0,,,,,,1.56,10.66,-2.25,FY2024,1,June 2024,ChristianaCare Union Hospital,32,0.975,"ChristianaCare, Union",hscrc_name,high,10.66,-2.25
CIVISTA MEDICAL CENTER,False,2007,,,,91365800.0,92768800.0,1403000.0,,80009563.0,81411542.0,,79869087.0,80870187.0,1001100.0,,6820.81,6847.11,6808.83,6801.58,81576289.0,83435451.0,,,,,6954.37,7017.33,140476.0,541355.0,400879.0,,,,,,,,,FY2009,1,June 2007,Civista Medical Center,,0.58,,UNMATCHED,none,,
CIVISTA MEDICAL CENTER,False,2008,,,,100064600.0,101590700.0,1526100.0,,83585480.0,84856831.0,,83291229.0,84229129.0,937900.0,,7348.03,7359.13,7322.16,7304.7,89777024.0,91333317.0,,,,,7892.33,7920.8,294251.0,627702.0,333451.0,,,,,,,,,FY2009;FY2010,2,June 2008,Civista Medical Center,,0.58,,UNMATCHED,none,,
CIVISTA MEDICAL CENTER,False,2009,,,,103621000.0,107690300.0,4069300.0,,88714018.0,90795702.0,,88273027.0,89919327.0,1646300.0,,7528.69,7425.85,7491.26,7354.18,88810903.0,93320390.0,,,,,7536.91,7632.34,440991.0,876375.0,435384.0,,,,,,,,,FY2009;FY2010;FY2011,3,June 2009,Civista Medical Center,,0.58,,UNMATCHED,none,,
CIVISTA MEDICAL CENTER,False,2010,,,1861102.0,111481500.0,113146300.0,1664800.0,,95022684.0,96358082.0,,94973916.0,95836916.0,863000.0,178645.0,7640.88,7648.37,7636.95,7607.0,93008782.0,94675625.0,,,,,7478.94,7514.83,48768.0,521166.0,472398.0,225.13,1.49,1.94,2178.65,166.64,1.93,2.12,1.75,FY2010;FY2011;FY2012,3,June 2010,Civista Medical Center,,0.58,,UNMATCHED,none,,
CIVISTA MEDICAL CENTER,False,2011,,,4593499.0,115504200.0,116264200.0,760000.0,,95738125.0,96509983.0,,95590668.0,95875468.0,284800.0,1659487.0,7586.68,7611.56,7574.99,7561.51,92856943.0,93575970.0,,,,,7358.36,7380.16,147457.0,634515.0,487058.0,146.82,-0.71,-0.81,43.06,74.39,4.68,3.01,3.04,FY2011;FY2012,2,June 2011,Civista Medical Center,,0.58,,UNMATCHED,none,,
CIVISTA MEDICAL CENTER,False,2012,,,-656038.0,126393900.0,126819047.0,425147.0,,103547973.0,104237981.0,,103830122.0,104045927.0,215805.0,-8884000.0,8346.45,8373.9,8369.2,8358.48,94890378.0,96010018.0,,,,,7648.61,7712.92,-282149.0,192054.0,474202.0,-114.28,10.01,10.48,200.49,180.43,-0.69,8.36,7.89,FY2012,1,June 2012,Civista Medical Center,,0.58,,UNMATCHED,none,,
DOCTORS COMMUNITY HOSPITAL,False,2009,,,,188720500.0,194288440.0,5567940.0,,157974419.0,169832613.0,,156598647.0,161997573.0,5398926.0,,8013.48,8368.11,7943.69,7982.06,153617218.0,164614961.0,,,,,7792.45,8111.02,1375772.0,7835040.0,6459268.0,,,,,,,,,FY2011,1,June 2009,Doctors Community Hospital,51,0.975,Doctors,short_name,high,,
DOCTORS COMMUNITY HOSPITAL,False,2010,,,-3510447.0,196074400.0,204441642.0,8367242.0,,167694982.0,183947966.0,,167544370.0,175673347.0,8128977.0,-6968443.0,8543.04,8987.5,8535.37,8583.21,162992683.0,180489970.0,,,,,8303.49,8818.55,150612.0,8274619.0,8124007.0,71.6,6.61,7.45,7.92,-33.73,-1.96,2.8,1.88,FY2011;FY2012,2,June 2010,Doctors Community Hospital,51,0.975,Doctors,short_name,high,,
DOCTORS COMMUNITY HOSPITAL,False,2011,,,17199910.0,213054400.0,224972025.0,11917625.0,,182252260.0,199408436.0,,181899812.0,193772203.0,11872391.0,13148798.0,8956.38,9280.37,8939.06,9018.06,174216209.0,195357324.0,,,,,8561.47,9091.83,352448.0,5636233.0,5283785.0,589.96,4.84,4.73,70.9,17.15,7.44,4.41,2.03,FY2011;FY2012;FY2013,3,June 2011,Doctors Community Hospital,51,0.975,Doctors,short_name,high,,
DOCTORS COMMUNITY HOSPITAL,False,2012,,,305804.0,214285300.0,228573265.0,14287965.0,,176878150.0,197631871.0,20753721.0,176759733.0,190970282.0,14210549.0,-156352.0,9547.5,10000.9,9541.1,9663.8,170336837.0,197169715.0,,6541312.0,462156.0,-6079156.0,9194.41,9977.52,118417.0,6661589.0,6543172.0,-98.22,6.6,6.73,-18.6,-88.59,0.15,3.7,0.23,FY2012;FY2013;FY2014,3,June 2012,Doctors Community Hospital,51,0.975,Doctors,short_name,high,3.7,0.23
DOCTORS COMMUNITY HOSPITAL,False,2013,,,-1415078.0,216854500.0,232326576.0,15472076.0,,177820138.0,196583440.0,18763302.0,171977743.0,187408037.0,15430295.0,1302400.0,10291.01,10619.24,9952.89,10123.6,173397492.0,199300918.0,,4422646.0,-2717478.0,-7140124.0,10035.06,10766.04,5842396.0,9175403.0,3333007.0,,,,,,-0.72,2.49,-1.38,FY2013;FY2014;FY2015,3,June 2013,Doctors Community Hospital,51,0.975,Doctors,short_name,high,2.49,-1.38
DOCTORS COMMUNITY HOSPITAL,False,2014,,,651801.0,222145400.0,243642524.0,21497124.0,,180335129.0,205079724.0,24744595.0,178102639.0,199604892.0,21502253.0,-243211.0,,,,,170083752.0,204184713.0,,10251378.0,895012.0,-9356366.0,,,2232490.0,5474832.0,3242342.0,,,,,,0.32,5.68,0.44,FY2014;FY2015;FY2016,3,June 2014,DOCTORS COMMUNITY HOSPITAL;Doctors Community Hospital,51,0.975,Doctors,short_name,high,5.68,0.44
DOCTORS COMMUNITY HOSPITAL,False,2015,,,5096695.0,226462500.0,247537027.0,21074527.0,,188884148.0,214631062.0,25746914.0,186906068.0,207691111.0,20785043.0,-1022687.0,,,,,170753892.0,208511680.0,,18130257.0,6119382.0,-12010875.0,,,1978080.0,6939951.0,4961871.0,,,,,,2.39,9.6,2.85,FY2015;FY2016;FY2017,3,June 2015,DOCTORS COMMUNITY HOSPITAL;Doctors Community Hospital,51,0.975,Doctors,short_name,high,9.6,2.85
DOCTORS COMMUNITY HOSPITAL,False,2016,,,1397774.0,234045500.0,257909893.0,23864393.0,,195998587.0,226202764.0,30204177.0,196748065.0,220500975.0,23752910.0,-3921617.0,,,,,179480079.0,220883373.0,,16518507.0,5319391.0,-11199116.0,,,-749478.0,5701789.0,6451267.0,,,,,,0.62,8.43,2.35,FY2016;FY2017;FY2018,3,June 2016,DOCTORS COMMUNITY HOSPITAL,51,0.975,Doctors,short_name,high,8.43,2.35
DOCTORS COMMUNITY HOSPITAL,False,2017,,,-9335418.0,232581700.0,284662055.0,52080355.0,,201068120.0,239082899.0,38014779.0,201446395.0,229571348.0,28124953.0,-10854493.0,,,,,186006529.0,237563824.0,,15061591.0,1519075.0,-13542516.0,,,-378275.0,9511551.0,9889826.0,,,,,,-3.9,7.49,0.64,FY2017;FY2018,2,June 2017,DOCTORS COMMUNITY HOSPITAL,51,0.975,Doctors,short_name,high,7.49,0.64
DOCTORS COMMUNITY HOSPITAL,False,2018,,,3597711.0,247708141.0,331062019.0,83353878.0,,214144632.0,246027710.0,31883078.0,212055111.0,239717587.0,27662476.0,-412751.0,,,,,185981671.0,242017248.0,,28162961.0,4010462.0,-24152499.0,,,2089521.0,6310123.0,4220602.0,,,,,,1.46,13.15,1.63,FY2018,1,June 2018,DOCTORS COMMUNITY HOSPITAL,51,0.975,Doctors,short_name,high,13.15,1.63
DOCTORS COMMUNITY MEDICAL CENTER,False,2017,,,-9335418.0,232581700.0,284662055.0,52080355.0,,201068120.0,239082899.0,38014779.0,201446395.0,229571348.0,28124953.0,-10854493.0,,,,,186006529.0,237563824.0,,15061591.0,1519075.0,-13542516.0,,,-378275.0,9511551.0,9889826.0,,,,,,-3.9,7.49,0.64,FY2019,1,June 2017,DOCTORS COMMUNITY MEDICAL CENTER,51,0.975,Doctors,short_name,high,7.49,0.64
DOCTORS COMMUNITY MEDICAL CENTER,False,2018,,,3597711.0,247708141.0,331062019.0,83353878.0,,214144632.0,246027710.0,31883078.0,212055111.0,239717587.0,27662476.0,-412751.0,,,,,185981671.0,242017248.0,,28162961.0,4010462.0,-24152499.0,,,2089521.0,6310123.0,4220602.0,,,,,,1.46,13.15,1.63,FY2019;FY2020,2,June 2018,DOCTORS COMMUNITY MEDICAL CENTER,51,0.975,Doctors,short_name,high,13.15,1.63
DOCTORS COMMUNITY MEDICAL CENTER,False,2019,,,8303526.0,256445229.0,336117681.0,79672452.0,,214711329.0,250133757.0,35422428.0,213414812.0,243499336.0,30084524.0,-1087698.0,,,,,190028515.0,240742533.0,,24682815.0,9391224.0,-15291591.0,,,1296517.0,6634421.0,5337904.0,,,,,,3.31,11.5,3.75,FY2019;FY2020;FY2021,3,June 2019,DOCTORS COMMUNITY MEDICAL CENTER,51,0.975,Doctors,short_name,high,11.5,3.75
DOCTORS COMMUNITY MEDICAL CENTER,False,2020,,,4460346.0,256642314.0,329355914.0,72713600.0,,229444524.0,261007023.0,31562499.0,213070608.0,239128145.0,26057537.0,,,,,,204835619.0,256338014.0,51502395.0,24608905.0,4669009.0,-19939896.0,,,16373916.0,21878878.0,5504962.0,,,,,,1.7,10.73,1.79,FY2020;FY2021;FY2022,3,June 2020,DOCTORS COMMUNITY MEDICAL CENTER,51,0.975,Doctors,short_name,high,10.73,1.79
DOCTORS COMMUNITY MEDICAL CENTER,False,2021,,,-1189000.0,253008900.0,261837700.0,8828800.0,,227997900.0,238968000.0,10970100.0,210295400.0,218779000.0,8483600.0,5000.0,,,,,216637693.0,240162000.0,23524307.0,11360207.0,-1194000.0,-12554207.0,,,17702500.0,20189000.0,2486500.0,,,,,,-0.5,4.98,-0.5,FY2021;FY2022;FY2023,3,June 2021,DOCTORS COMMUNITY MEDICAL CENTER,51,0.975,Doctors,short_name,high,4.98,-0.5
DOCTORS COMMUNITY MEDICAL CENTER,False,2022,,,-16920815.0,263081000.0,264416820.0,1335820.0,,225247829.0,228932369.0,3684539.0,220183871.0,221233369.0,1049498.0,-1566707.0,,,,,229922488.0,244286477.0,14363989.0,-4674659.0,-15354108.0,-10679450.0,,,5063959.0,7699000.0,2635041.0,,,,,,-7.44,-2.08,-6.71,FY2022;FY2023,2,June 2022,DOCTORS COMMUNITY MEDICAL CENTER,51,0.975,Doctors,short_name,high,-2.08,-6.71
DOCTORS COMMUNITY MEDICAL CENTER,False,2023,,,-14271690.0,308601200.0,309297412.0,696212.0,,231000215.0,233422310.0,2422096.0,228329915.0,228730310.0,400396.0,-474000.0,,,,,229662179.0,247220000.0,17557821.0,1338036.0,-13797690.0,-15135725.0,,,2670300.0,4692000.0,2021700.0,,,,,,-6.13,0.58,-5.91,FY2023,1,June 2023,DOCTORS COMMUNITY MEDICAL CENTER,51,0.975,Doctors,short_name,high,0.58,-5.91
DOCTORS' COMMUNITY HOSPITAL,False,2007,,,,169628900.0,170457000.0,828100.0,,146364589.0,150673544.0,,141992378.0,142684878.0,692500.0,,8331.53,8535.15,8082.65,8082.62,138656988.0,143033333.0,,,,,7892.79,8102.35,4372211.0,7988666.0,3616455.0,,,,,,,,,FY2009,1,June 2007,Doctors' Community Hospital,51,0.975,Doctors,short_name,high,,
DOCTORS' COMMUNITY HOSPITAL,False,2008,,,,174473200.0,182408867.0,7935667.0,,148958890.0,159038267.0,,144755979.0,152461910.0,7705931.0,,7731.22,7971.61,7513.08,7641.98,143922416.0,152951975.0,,,,,7469.82,7666.55,4202911.0,6576357.0,2373446.0,,,,,,,,,FY2009;FY2010,2,June 2008,Doctors' Community Hospital,51,0.975,Doctors,short_name,high,,
DOCTORS' COMMUNITY HOSPITAL,False,2009,,,,188720500.0,194288440.0,5567940.0,,157974419.0,169832613.0,,156598647.0,161997573.0,5398926.0,,8013.48,8368.11,7943.69,7982.06,153617218.0,164614961.0,,,,,7792.45,8111.02,1375772.0,7835040.0,6459268.0,,,,,,,,,FY2009;FY2010,2,June 2009,Doctors' Community Hospital,51,0.975,Doctors,short_name,high,,
DOCTORS' COMMUNITY HOSPITAL,False,2010,,,,196074400.0,204441642.0,8367242.0,,167694982.0,183947966.0,,167544370.0,175673347.0,8128977.0,,8543.04,8987.5,8535.37,8583.21,162992683.0,180489970.0,,,,,8303.49,8818.55,150612.0,8274619.0,8124007.0,,,,,,,,,FY2010,1,June 2010,Doctors' Community Hospital,51,0.975,Doctors,short_name,high,,
DORCHESTER GENERAL HOSPITAL,False,2007,,,,43008008.0,45147359.0,2139351.0,,37745469.0,39435450.0,,36917306.0,38268409.0,1351103.0,,6154.32,6204.63,6019.29,6021.01,33825676.0,36904064.0,,,,,5515.2,5806.35,828163.0,1167041.0,338878.0,,,,,,,,,FY2009,1,June 2007,Dorchester General Hospital,10,0.685,UM-Dorchester,name_history,medium,,
DORCHESTER GENERAL HOSPITAL,False,2008,,,,47996300.0,50036482.0,2040182.0,,41658157.0,43220090.0,,41070915.0,42317969.0,1247054.0,,6697.24,6665.04,6602.83,6525.92,39694261.0,42511188.0,,,,,6381.51,6555.72,587242.0,902121.0,314879.0,,,,,,,,,FY2009;FY2010,2,June 2008,Dorchester General Hospital,10,0.685,UM-Dorchester,name_history,medium,,
DORCHESTER GENERAL HOSPITAL,False,2009,,,,52734300.0,54491585.0,1757285.0,,45070325.0,46716865.0,,44424176.0,45756733.0,1332557.0,,7104.6,7126.66,7002.74,6980.19,43095616.0,45815146.0,,,,,6793.32,6989.11,646148.0,960131.0,313983.0,,,,,,,,,FY2009;FY2010;FY2011,3,June 2009,Dorchester General Hospital,10,0.685,UM-Dorchester,name_history,medium,,
DORCHESTER GENERAL HOSPITAL,False,2010,,,1682027.0,51961600.0,53538249.0,1576649.0,,45470660.0,46381149.0,,44769075.0,45374958.0,605883.0,52994.0,7299.85,7226.74,7187.21,7069.96,42143033.0,44752116.0,,,,,6765.63,6972.91,701585.0,1006191.0,304606.0,84.14,2.75,2.63,68.51,80.66,3.62,7.32,3.51,FY2010;FY2011;FY2012,3,June 2010,Dorchester General Hospital,10,0.685,UM-Dorchester,name_history,medium,,
DORCHESTER GENERAL HOSPITAL,False,2011,,,5352348.0,56094100.0,57681478.0,1587378.0,,47817692.0,48732303.0,,47446616.0,48060082.0,613466.0,671304.0,7751.22,7682.09,7691.07,7576.12,41944947.0,44051259.0,,,,,6799.25,6944.17,371076.0,672221.0,301145.0,218.21,6.18,7.01,76.48,187.35,10.83,12.28,9.61,FY2011;FY2012,2,June 2011,Dorchester General Hospital,10,0.685,UM-Dorchester,name_history,medium,,
DORCHESTER GENERAL HOSPITAL,False,2012,,,5576088.0,59359900.0,61832767.0,2472867.0,,47836711.0,48833574.0,,47614371.0,48348709.0,734338.0,-186965.0,8104.01,7942.03,8066.34,7863.18,40439854.0,43070521.0,,,,,6850.91,7004.76,222340.0,484865.0,262525.0,4.18,4.55,4.88,25.95,23.11,11.46,15.46,11.8,FY2012,1,June 2012,Dorchester General Hospital,10,0.685,UM-Dorchester,name_history,medium,,
EDWARD MCCREADY MEMORIAL HOSPITAL,False,2007,,,,15924400.0,19752211.0,3827811.0,,12644262.0,14720159.0,,12626976.0,14702873.0,2075897.0,,5949.87,5975.33,5941.73,5968.31,11583263.0,13266653.0,,,,,5450.6,5385.31,17286.0,17286.0,0.0,,,,,,,,,FY2009,1,June 2007,Edward McCready Memorial Hospital,,0.613,,UNMATCHED,none,,
EDWARD MCCREADY MEMORIAL HOSPITAL,False,2008,,,,17086858.0,19735442.0,2648584.0,,13815825.0,15352537.0,,13780080.0,15304328.0,1524248.0,,5957.1,5908.99,5941.69,5890.44,11456983.0,13618274.0,,,,,4940.02,5241.5,35745.0,48209.0,12464.0,,,,,,,,,FY2009;FY2010,2,June 2008,Edward McCready Memorial Hospital,,0.613,,UNMATCHED,none,,
EDWARD MCCREADY MEMORIAL HOSPITAL,False,2009,,,,16819985.0,19547903.0,2727918.0,,13688901.0,15167179.0,,13674977.0,15142256.0,1467279.0,,7599.87,7615.29,7592.14,7602.77,9891535.0,13651014.0,,,,,5491.63,6854.04,13924.0,24923.0,10999.0,,,,,,,,,FY2009;FY2010,2,June 2009,Edward McCready Memorial Hospital,,0.613,,UNMATCHED,none,,
EDWARD MCCREADY MEMORIAL HOSPITAL,False,2010,,,,18681464.0,21361859.0,2680395.0,,14387093.0,16104454.0,,14374135.0,16091496.0,1717361.0,,8285.46,8017.96,8278.0,8011.51,11413281.0,14764389.0,,,,,6572.86,7350.78,12958.0,12958.0,0.0,,,,,,,,,FY2010,1,June 2010,Edward McCready Memorial Hospital,,0.613,,UNMATCHED,none,,
FORT WASHINGTON MEDICAL CENTER,False,2007,,,,43852242.0,44490201.0,637959.0,,36368033.0,37053739.0,,35940940.0,36578899.0,637959.0,,6534.16,6706.02,6457.43,6620.09,35214801.0,36315671.0,,,,,6326.96,6572.45,427093.0,474840.0,47747.0,,,,,,,,,FY2009,1,December 2007,Fort Washington Medical Center,60,0.767,Ft. Washington,short_name,medium,,
FORT WASHINGTON MEDICAL CENTER,False,2008,,,,47584845.0,48299478.0,714633.0,,38423441.0,39177654.0,,38076625.0,38791258.0,714633.0,,6481.8,6659.58,6423.3,6593.9,36903906.0,37811109.0,,,,,6225.47,6427.29,346816.0,386396.0,39580.0,,,,,,,,,FY2009;FY2010,2,December 2008,Fort Washington Medical Center,60,0.767,Ft. Washington,short_name,medium,,
FORT WASHINGTON MEDICAL CENTER,False,2009,,,,47242143.0,48000150.0,758007.0,,38687792.0,39482414.0,,38272727.0,39030734.0,758007.0,,6145.82,6323.95,6079.89,6251.6,36925172.0,38123376.0,,,,,5865.82,6106.27,415065.0,451680.0,36615.0,,,,,,,,,FY2009;FY2010;FY2011,3,December 2009,Fort Washington Medical Center;Fort Washington medical Center,60,0.767,Ft. Washington,short_name,medium,,
FORT WASHINGTON MEDICAL CENTER,False,2010,,,402052.0,44747960.0,45499474.0,751514.0,,37325560.0,38108857.0,,36812178.0,37563692.0,751514.0,5495.0,6259.88,6326.78,6173.78,6236.27,36523900.0,37712300.0,,,,,6125.43,6260.94,513382.0,545165.0,31783.0,-70.54,1.86,1.54,-54.52,-70.82,1.05,2.15,1.04,FY2010;FY2011;FY2012,3,December 2010,Fort Washington Medical Center;Fort Washington medical Center,60,0.767,Ft. Washington,short_name,medium,,
FORT WASHINGTON MEDICAL CENTER,False,2011,,,975034.0,47165008.0,47946347.0,781339.0,,38643400.0,39455983.0,,38192640.0,38973979.0,781339.0,4260.0,7294.36,7391.03,7209.27,7300.74,37259013.0,38485209.0,,,,,7033.04,7209.18,450760.0,482004.0,31244.0,142.51,16.53,16.77,72.69,144.8,2.47,3.58,2.46,FY2011;FY2012;FY2013,3,December 2011,Fort Washington Medical Center;Fort Washington medical Center,60,0.767,Ft. Washington,short_name,medium,,
FORT WASHINGTON MEDICAL CENTER,False,2012,,,1102010.0,46176442.0,46741626.0,565184.0,,39302376.0,39907470.0,605094.0,37540675.0,38105859.0,565184.0,808.0,6863.21,6956.58,6555.57,6642.53,37600240.0,38806268.0,,1702136.0,1101202.0,-600935.0,6565.97,6764.62,1761701.0,1801611.0,39910.0,13.02,-5.91,-9.07,22.95,13.44,2.76,4.33,2.76,FY2012;FY2013;FY2014;FY2015,4,December 2012;June 2012,Fort Washington Medical Center,60,0.767,Ft. Washington,short_name,medium,4.33,2.76
FORT WASHINGTON MEDICAL CENTER,False,2013,,,576030.0,46156625.0,46547643.0,391018.0,,39074945.0,39507208.0,432263.0,37357875.0,37748893.0,391018.0,748.0,7044.73,7062.83,6735.16,6748.49,37851168.0,38931926.0,,1223777.0,575282.0,-648495.0,6824.1,6959.98,1717070.0,1758315.0,41245.0,,,,,,1.46,3.13,1.46,FY2013;FY2014;FY2015;FY2016,4,December 2013;June 2013,FORT WASHINGTON MEDICAL CENTER;Fort Washington Medical Center,60,0.767,Ft. Washington,short_name,medium,3.13,1.46
FORT WASHINGTON MEDICAL CENTER,False,2014,,,1380752.0,48565970.0,48970645.0,404675.0,,41795667.0,42239430.0,443763.0,40450576.0,40855251.0,404675.0,607.0,,,,,39766800.0,40859285.0,,2028867.0,1380145.0,-648722.0,,,1345091.0,1384179.0,39088.0,,,,,,3.27,4.85,3.27,FY2014;FY2015;FY2016;FY2017,4,December 2014,FORT WASHINGTON MEDICAL CENTER;Fort Washington Medical Center,60,0.767,Ft. Washington,short_name,medium,4.85,3.27
FORT WASHINGTON MEDICAL CENTER,False,2015,,,14629.0,48291192.0,48502334.0,211142.0,,42156046.0,42419166.0,263120.0,41353146.0,41564288.0,211142.0,662.0,,,,,41591264.0,42405199.0,,564782.0,13967.0,-550815.0,,,802900.0,854878.0,51978.0,,,,,,0.03,1.34,0.03,FY2016;FY2017;FY2018,3,December 2015,FORT WASHINGTON MEDICAL CENTER,60,0.767,Ft. Washington,short_name,medium,1.34,0.03
FORT WASHINGTON MEDICAL CENTER,False,2016,,,-1027286.0,48727769.0,49511696.0,783927.0,,41863829.0,42708285.0,844456.0,41576357.0,42360284.0,783927.0,-852195.0,,,,,41672698.0,42883376.0,,191131.0,-175091.0,-366223.0,,,287472.0,348001.0,60529.0,,,,,,-2.41,0.46,-0.41,FY2017;FY2018,2,December 2016,FORT WASHINGTON MEDICAL CENTER,60,0.767,Ft. Washington,short_name,medium,0.46,-0.41
FORT WASHINGTON MEDICAL CENTER,False,2017,,,429529.0,49044647.0,49620538.0,575891.0,,42085727.0,42721698.0,635971.0,41467988.0,42043879.0,575891.0,-54722.0,,,,,40958068.0,42237447.0,,1127659.0,484251.0,-643408.0,,,617739.0,677819.0,60080.0,,,,,,1.01,2.68,1.13,FY2018,1,December 2017,FORT WASHINGTON MEDICAL CENTER,60,0.767,Ft. Washington,short_name,medium,2.68,1.13
FORT WASHINGTON MEDICAL CENTER ADVENTIST HEALTHCARE,False,2016,,,-1027286.0,48727769.0,49511696.0,783927.0,,41863829.0,42708285.0,844456.0,41576357.0,42360284.0,783927.0,-852195.0,,,,,41672698.0,42883376.0,,191131.0,-175091.0,-366223.0,,,287472.0,348001.0,60529.0,,,,,,-2.41,0.46,-0.41,FY2019,1,December 2016,FORT WASHINGTON MEDICAL CENTER -ADVENTIST HEALTHCARE,60,0.673,ADVENTIST HEALTHCARE FORT WASHINGTON MEDICAL CTR,cms_name,medium,0.46,-0.41
FORT WASHINGTON MEDICAL CENTER ADVENTIST HEALTHCARE,False,2017,,,429529.0,49044647.0,49620538.0,575891.0,,42085727.0,42721698.0,635971.0,41467988.0,42043879.0,575891.0,-54722.0,,,,,40958068.0,42237447.0,,1127659.0,484251.0,-643408.0,,,617739.0,677819.0,60080.0,,,,,,1.01,2.68,1.13,FY2019,1,December 2017,FORT WASHINGTON MEDICAL CENTER -ADVENTIST HEALTHCARE,60,0.673,ADVENTIST HEALTHCARE FORT WASHINGTON MEDICAL CTR,cms_name,medium,2.68,1.13
FORT WASHINGTON MEDICAL CENTER ADVENTIST HEALTHCARE,False,2018,,,1389980.0,53432546.0,54041753.0,609207.0,,45122235.0,45796682.0,674447.0,44597472.0,45206679.0,609207.0,34017.0,,,,,43086297.0,44440719.0,,2035938.0,1355963.0,-679974.0,,,524763.0,590003.0,65240.0,,,,,,3.03,4.51,2.96,FY2019,1,December 2018,FORT WASHINGTON MEDICAL CENTER -ADVENTIST HEALTHCARE,60,0.673,ADVENTIST HEALTHCARE FORT WASHINGTON MEDICAL CTR,cms_name,medium,4.51,2.96
FRANKLIN SQUARE HOSPITAL CENTER,False,2007,,,,367165100.0,447212132.0,80047032.0,,313681759.0,350679383.0,,310773359.0,343249738.0,32476379.0,,8689.73,8803.33,8609.16,8616.82,291018915.0,339922106.0,,,,,8061.92,8533.29,2908400.0,7429645.0,4521245.0,,,,,,,,,FY2009,1,June 2007,Franklin Square Hospital Center,15,0.975,Franklin Square,short_name,high,,
FRANKLIN SQUARE HOSPITAL CENTER,False,2008,,,,401669900.0,490804677.0,89134777.0,,340977840.0,381207892.0,,338447374.0,374229392.0,35782018.0,,8824.76,8953.37,8759.27,8789.47,306094837.0,360690863.0,,,,,7921.97,8471.49,2530466.0,6978500.0,4448034.0,,,,,,,,,FY2009;FY2010,2,June 2008,Franklin Square Hospital Center,15,0.975,Franklin Square,short_name,high,,
FRANKLIN SQUARE HOSPITAL CENTER,False,2009,,,,414987900.0,512486539.0,97498639.0,,357895394.0,400626501.0,,355664346.0,393333898.0,37669552.0,,9085.73,9174.56,9029.09,9007.55,322365732.0,382897946.0,,,,,8183.76,8768.56,2231048.0,7292603.0,5061555.0,,,,,,,,,FY2009;FY2010;FY2011,3,June 2009,Franklin Square Hospital Center,15,0.975,Franklin Square,short_name,high,,
FRANKLIN SQUARE HOSPITAL CENTER,False,2010,,,27059557.0,422965000.0,525315792.0,102350792.0,,366053438.0,410587826.0,,363651606.0,403217818.0,39566212.0,393168.0,9134.82,9231.77,9074.89,9066.06,321032279.0,383921437.0,,,,,8011.33,8632.2,2401832.0,7370008.0,4968176.0,50.59,0.54,0.51,26.71,50.41,6.58,12.3,6.49,FY2010;FY2011;FY2012,3,June 2010,Franklin Square Hospital Center,15,0.975,Franklin Square,short_name,high,,
FRANKLIN SQUARE HOSPITAL CENTER,False,2011,,,17444007.0,439004200.0,550706758.0,111702558.0,,379693940.0,427330042.0,,376513275.0,419695142.0,43181867.0,376560.0,10923.81,13749.45,10832.3,13503.79,340668797.0,410262595.0,,,,,9801.06,13200.3,3180665.0,7634900.0,4454235.0,-35.53,19.58,19.37,-13.32,-36.0,4.08,10.28,3.99,FY2011;FY2012,2,June 2011,Franklin Square Hospital Center,15,0.975,Franklin Square,short_name,high,,
FRANKLIN SQUARE HOSPITAL CENTER,False,2012,,,13287500.0,477082000.0,604950522.0,127868522.0,,394742279.0,449623006.0,,391379153.0,441706112.0,50326959.0,304953.0,10822.87,14013.46,10730.66,13766.71,363245385.0,436640459.0,,,,,9959.3,13608.83,3363126.0,7916894.0,4553768.0,-23.83,-0.92,-0.94,-19.29,-23.93,2.95,7.98,2.89,FY2012,1,June 2012,Franklin Square Hospital Center,15,0.975,Franklin Square,short_name,high,,
FREDERICK HEALTH HOSPITAL,False,2017,,,,346113400.0,453561842.0,107448442.0,,295541188.0,364185227.0,68644039.0,291537409.0,356893227.0,65355818.0,,,,,,253327620.0,346207000.0,,42213568.0,17978227.0,-24235341.0,,,4003779.0,7292000.0,3288221.0,,,,,,,,,FY2019,1,June 2017,"FREDERICK HEALTH HOSPITAL, INC",5,1.0,FREDERICK HEALTH HOSPITAL,cms_name,high,14.28,4.94
FREDERICK HEALTH HOSPITAL,False,2018,,,42505103.0,355845200.0,440127920.0,84282720.0,,307353271.0,366708103.0,59354833.0,302004573.0,357250103.0,55245531.0,15833000.0,,,,,253917293.0,340036000.0,,53435977.0,26672103.0,-26763874.0,,,5348698.0,9458000.0,4109302.0,,,,,,10.93,17.39,7.27,FY2019;FY2020,2,June 2018,"FREDERICK HEALTH HOSPITAL, INC",5,1.0,FREDERICK HEALTH HOSPITAL,cms_name,high,17.39,7.27
FREDERICK HEALTH HOSPITAL,False,2019,,,36498486.0,354397700.0,436061712.0,81664012.0,,309113151.0,368429066.0,59315916.0,304187493.0,358906066.0,54718574.0,8075000.0,,,,,257992144.0,340005580.0,,51121006.0,28423486.0,-22697520.0,,,4925658.0,9523000.0,4597342.0,,,,,,9.59,16.54,7.71,FY2019;FY2020;FY2021,3,June 2019,"FREDERICK HEALTH HOSPITAL, INC",5,1.0,FREDERICK HEALTH HOSPITAL,cms_name,high,16.54,7.71
FREDERICK HEALTH HOSPITAL,False,2020,,,17460076.0,358754200.0,437079705.0,78325505.0,,318151917.0,377583086.0,59431169.0,305515951.0,357118086.0,51602135.0,-3608000.0,,,,,273394436.0,356515010.0,83120574.0,44757481.0,21068076.0,-23689405.0,,,12635966.0,20465000.0,7829034.0,,,,,,4.54,14.07,5.58,FY2020;FY2021;FY2022,3,June 2020,"FREDERICK HEALTH HOSPITAL, INC",5,1.0,FREDERICK HEALTH HOSPITAL,cms_name,high,14.07,5.58
FREDERICK HEALTH HOSPITAL,False,2021,,,83912970.0,388587600.0,492646600.0,104059000.0,,350340200.0,420297970.0,69957770.0,334941500.0,398431970.0,63490470.0,47232000.0,,,,,293126995.0,383617000.0,90490005.0,57213205.0,36680970.0,-20532235.0,,,15398700.0,21866000.0,6467300.0,,,,,,17.95,16.33,8.73,FY2021;FY2022;FY2023,3,June 2021,"FREDERICK HEALTH HOSPITAL, INC",5,1.0,FREDERICK HEALTH HOSPITAL,cms_name,high,16.33,8.73
FREDERICK HEALTH HOSPITAL,False,2022,,,-7571967.0,400842400.0,496721700.0,95879300.0,,348560185.0,412255033.0,63694849.0,341532928.0,399976033.0,58443105.0,-11431000.0,,,,,332628724.0,408396000.0,75767276.0,15931461.0,3859033.0,-12072427.0,,,7027256.0,12279000.0,5251744.0,,,,,,-1.89,4.57,0.94,FY2022;FY2023;FY2024,3,June 2022,"FREDERICK HEALTH HOSPITAL, INC;Frederick Health Hospital",5,1.0,FREDERICK HEALTH HOSPITAL,cms_name,high,4.57,0.94
FREDERICK HEALTH HOSPITAL,False,2023,,,12239000.0,413332700.0,477847600.0,64514900.0,,353485036.0,405275000.0,51789964.0,346048500.0,387663000.0,41614500.0,20423000.0,,,,,338216422.0,413459000.0,75242578.0,15268614.0,-8184000.0,-23452614.0,,,7436536.0,17612000.0,10175464.0,,,,,,2.88,4.32,-2.02,FY2023;FY2024,2,June 2023,"FREDERICK HEALTH HOSPITAL, INC;Frederick Health Hospital",5,1.0,FREDERICK HEALTH HOSPITAL,cms_name,high,4.32,-2.02
FREDERICK HEALTH HOSPITAL,False,2024,,,20923883.0,424222500.0,488833400.0,64610900.0,,368811633.0,421583883.0,52772250.0,358096402.0,400999202.0,42902800.0,23086000.0,,,,,344516941.0,423746000.0,79229059.0,24294692.0,-2162117.0,-26456809.0,,,10715231.0,20584681.0,9869450.0,,,,,,4.71,6.59,-0.51,FY2024,1,June 2024,Frederick Health Hospital,5,1.0,FREDERICK HEALTH HOSPITAL,cms_name,high,6.59,-0.51
FREDERICK MEMORIAL HOSPITAL,False,2007,,,,221930300.0,302627061.0,80696761.0,,195267213.0,245293175.0,,192131819.0,234883119.0,42751300.0,,7644.64,7077.12,7521.89,6776.77,186842579.0,240020431.0,,,,,7314.82,6924.99,3135394.0,10410056.0,7274662.0,,,,,,,,,FY2009,1,June 2007,Frederick Memorial Hospital,5,0.975,Frederick,hscrc_name,high,,
FREDERICK MEMORIAL HOSPITAL,False,2008,,,,244818200.0,327834355.0,83016155.0,,215569301.0,270843838.0,,212190095.0,258428819.0,46238724.0,,8051.79,7554.64,7925.58,7208.35,205133756.0,269138481.0,,,,,7662.01,7507.07,3379206.0,12415019.0,9035813.0,,,,,,,,,FY2009;FY2010,2,June 2008,Frederick Memorial Hospital,5,0.975,Frederick,hscrc_name,high,,
FREDERICK MEMORIAL HOSPITAL,False,2009,,,,266844200.0,354041116.0,87196916.0,,233970884.0,287888368.0,,228268395.0,276112767.0,47844372.0,,8461.24,7580.17,8255.02,7270.11,221636962.0,285945276.0,,,,,8015.2,7529.0,5702489.0,11775601.0,6073112.0,,,,,,,,,FY2009;FY2010;FY2011,3,June 2009,Frederick Memorial Hospital,5,0.975,Frederick,hscrc_name,high,,
FREDERICK MEMORIAL HOSPITAL,False,2010,,,8254165.0,282475300.0,372710457.0,90235157.0,,248531944.0,303017127.0,,243069472.0,291965076.0,48895604.0,3699000.0,8316.13,7442.82,8133.35,7171.36,232289402.0,298461962.0,,,,,7772.63,7330.94,5462472.0,11052051.0,5589579.0,165.64,-1.72,-1.47,31.69,134.43,2.69,6.54,1.5,FY2010;FY2011;FY2012,3,June 2010,Frederick Memorial Hospital,5,0.975,Frederick,hscrc_name,high,,
FREDERICK MEMORIAL HOSPITAL,False,2011,,,25749845.0,323934900.0,420284670.0,96349770.0,,279762961.0,340276897.0,,272142214.0,327783897.0,55641683.0,11282000.0,8981.36,8419.74,8736.71,8110.61,249564558.0,325809052.0,,,,,8011.89,8061.75,7620747.0,12493000.0,4872253.0,211.96,8.0,7.42,85.92,217.61,7.32,10.79,4.25,FY2011;FY2012;FY2013,3,June 2011,Frederick Memorial Hospital,5,0.975,Frederick,hscrc_name,high,,
FREDERICK MEMORIAL HOSPITAL,False,2012,,,-2998773.0,334410300.0,428047980.0,93637680.0,,272707664.0,337171466.0,64463802.0,267942036.0,327782227.0,59840190.0,-3588239.0,8715.72,8418.68,8563.41,8184.25,263435625.0,336582000.0,,9272039.0,589466.0,-8682574.0,8419.39,8403.96,4765628.0,9389239.0,4623611.0,-111.65,-2.96,-1.98,-69.3,-95.93,-0.88,3.4,0.17,FY2012;FY2013;FY2014,3,June 2012,Frederick Memorial Hospital,5,0.975,Frederick,hscrc_name,high,3.4,0.17
FREDERICK MEMORIAL HOSPITAL,False,2013,,,10738933.0,337093700.0,435950974.0,98857274.0,,281204278.0,340362826.0,59158548.0,276164675.0,330644933.0,54480258.0,11341981.0,8996.7,8420.09,8835.47,8179.68,263988130.0,340965873.0,,17216148.0,-603048.0,-17819196.0,8445.9,8435.01,5039603.0,9717893.0,4678290.0,,,,,,3.03,6.12,-0.18,FY2013;FY2014;FY2015,3,June 2013,Frederick Memorial Hospital,5,0.975,Frederick,hscrc_name,high,6.12,-0.18
FREDERICK MEMORIAL HOSPITAL,False,2014,,,16993038.0,339660800.0,409657855.0,69997055.0,,281086054.0,323663037.0,42576984.0,274540716.0,313434038.0,38893323.0,13863000.0,,,,,264760912.0,320533000.0,,16325142.0,3130038.0,-13195104.0,,,6545338.0,10228999.0,3683661.0,,,,,,5.0,5.81,0.97,FY2014;FY2015;FY2016,3,June 2014,FREDERICK MEMORIAL HOSPITAL;Frederick Memorial Hospital,5,0.975,Frederick,hscrc_name,high,5.81,0.97
FREDERICK MEMORIAL HOSPITAL,False,2015,,,11684445.0,346609902.0,403696350.0,57086448.0,,299001523.0,335505464.0,36503941.0,293871610.0,327251045.0,33379435.0,579400.0,,,,,274234304.0,324400419.0,,24767220.0,11105045.0,-13662174.0,,,5129913.0,8254419.0,3124506.0,,,,,,3.41,8.28,3.31,FY2015;FY2016;FY2017,3,June 2015,FREDERICK MEMORIAL HOSPITAL;Frederick Memorial Hospital,5,0.975,Frederick,hscrc_name,high,8.28,3.31
FREDERICK MEMORIAL HOSPITAL,False,2016,,,12241017.0,363795700.0,421090370.0,57294670.0,,312789193.0,350261017.0,37471824.0,307860058.0,341943017.0,34082959.0,-6465000.0,,,,,278175236.0,331555000.0,,34613957.0,18706017.0,-15907940.0,,,4929135.0,8318000.0,3388865.0,,,,,,3.45,11.07,5.34,FY2016;FY2017;FY2018,3,June 2016,FREDERICK MEMORIAL HOSPITAL,5,0.975,Frederick,hscrc_name,high,11.07,5.34
FREDERICK MEMORIAL HOSPITAL,False,2017,,,31062227.0,346113400.0,453561842.0,107448442.0,,295541188.0,364185227.0,68644039.0,291537409.0,356893227.0,65355818.0,13084000.0,,,,,253327620.0,346207000.0,,42213568.0,17978227.0,-24235341.0,,,4003779.0,7292000.0,3288221.0,,,,,,8.23,14.28,4.94,FY2017;FY2018,2,June 2017,FREDERICK MEMORIAL HOSPITAL,5,0.975,Frederick,hscrc_name,high,14.28,4.94
FREDERICK MEMORIAL HOSPITAL,False,2018,,,42505103.0,355845200.0,440127920.0,84282720.0,,307353271.0,366708103.0,59354833.0,302004573.0,357250103.0,55245531.0,15833000.0,,,,,253917293.0,340036000.0,,53435977.0,26672103.0,-26763874.0,,,5348698.0,9458000.0,4109302.0,,,,,,10.93,17.39,7.27,FY2018,1,June 2018,FREDERICK MEMORIAL HOSPITAL,5,0.975,Frederick,hscrc_name,high,17.39,7.27
GARRETT COUNTY MEMORIAL HOSPITAL,False,2007,,,,32568200.0,40331130.0,7762930.0,,27934210.0,33107783.0,,27456999.0,32618117.0,5161118.0,,5886.01,5786.97,5785.45,5701.38,27036299.0,32611677.0,,,,,5696.81,5700.25,477211.0,489666.0,12455.0,,,,,,,,,FY2009,1,June 2007,Garrett County Memorial Hospital,17,0.808,Garrett,hscrc_name,medium,,
GARRETT COUNTY MEMORIAL HOSPITAL,False,2008,,,,32853800.0,40703788.0,7849988.0,,27996929.0,33469334.0,,27513600.0,32756441.0,5242841.0,,5796.51,5619.55,5696.44,5499.85,28380547.0,33992569.0,,,,,5875.94,5707.4,483329.0,712893.0,229564.0,,,,,,,,,FY2009;FY2010,2,June 2008,Garrett County Memorial Hospital,17,0.808,Garrett,hscrc_name,medium,,
GARRETT COUNTY MEMORIAL HOSPITAL,False,2009,,,,36812400.0,45283255.0,8470855.0,,31369000.0,37539024.0,,31258085.0,37046414.0,5788328.0,,6355.15,6247.5,6332.68,6165.51,29787595.0,35627406.0,,,,,6034.77,5929.35,110915.0,492610.0,381695.0,,,,,,,,,FY2009;FY2010;FY2011,3,June 2009,Garrett County Memorial Hospital,17,0.808,Garrett,hscrc_name,medium,,
GARRETT COUNTY MEMORIAL HOSPITAL,False,2010,,,4972957.0,39731000.0,48094635.0,8363635.0,,32921208.0,39084669.0,,32709321.0,38491648.0,5782327.0,498404.0,6743.67,6698.8,6700.27,6597.16,29121065.0,34610116.0,,,,,5965.24,5931.89,211887.0,593021.0,381134.0,202.72,6.11,5.8,140.3,134.07,12.53,11.54,11.45,FY2010;FY2011;FY2012,3,June 2010,Garrett County Memorial Hospital,17,0.808,Garrett,hscrc_name,medium,,
GARRETT COUNTY MEMORIAL HOSPITAL,False,2011,,,2815141.0,40536700.0,48216948.0,7680248.0,,32531219.0,37945816.0,,32414248.0,37206636.0,4792388.0,923010.0,6914.0,6763.99,6889.14,6632.23,30293633.0,36053685.0,,,,,6438.43,6426.71,116971.0,739180.0,622209.0,-43.39,2.53,2.82,-41.12,-57.71,7.25,6.88,4.99,FY2011;FY2012;FY2013,3,June 2011,Garrett County Memorial Hospital,17,0.808,Garrett,hscrc_name,medium,,
GARRETT COUNTY MEMORIAL HOSPITAL,False,2012,,,1621925.0,42709900.0,50641486.0,7931586.0,,33733514.0,38917422.0,5183908.0,33399378.0,38280868.0,4881490.0,425243.0,7598.21,7343.98,7522.95,7223.86,31978077.0,37720740.0,,1755437.0,1196682.0,-558755.0,7202.81,7118.16,334136.0,636554.0,302418.0,-42.39,9.9,9.2,-21.55,-36.75,4.1,5.2,3.07,FY2012;FY2013;FY2014,3,June 2012,Garrett County Memorial Hospital,17,0.808,Garrett,hscrc_name,medium,5.2,3.07
GARRETT COUNTY MEMORIAL HOSPITAL,False,2013,,,2041070.0,42302400.0,50920407.0,8618007.0,,35086614.0,40448795.0,5362181.0,34358738.0,39453506.0,5094768.0,754939.0,7933.15,8482.52,7768.58,8273.8,32516478.0,39162664.0,,2570135.0,1286131.0,-1284004.0,7352.04,8212.8,727876.0,995289.0,267413.0,,,,,,4.95,7.33,3.18,FY2013;FY2014;FY2015,3,June 2013,Garrett County Memorial Hospital,17,0.808,Garrett,hscrc_name,medium,7.33,3.18
GARRETT COUNTY MEMORIAL HOSPITAL,False,2014,,,4238955.0,45202600.0,52216110.0,7013510.0,,38833359.0,43385188.0,4551828.0,36914781.0,41166947.0,4252165.0,877732.0,,,,,34661815.0,40023965.0,,4171544.0,3361223.0,-810322.0,,,1918578.0,2218241.0,299663.0,,,,,,9.58,10.74,7.75,FY2014;FY2015;FY2016,3,June 2014,GARRETT COUNTY MEMORIAL HOSPITAL;Garrett County Memorial Hospital,17,0.808,Garrett,hscrc_name,medium,10.74,7.75
GARRETT COUNTY MEMORIAL HOSPITAL,False,2015,,,4805317.0,44693600.0,57550575.0,12856975.0,,39292597.0,45670416.0,6377819.0,37569611.0,43617791.0,6048180.0,731976.0,,,,,35427708.0,41597075.0,,3864889.0,4073341.0,208452.0,,,1722986.0,2052625.0,329639.0,,,,,,10.36,9.84,8.92,FY2015;FY2016;FY2017,3,June 2015,GARRETT COUNTY MEMORIAL HOSPITAL;Garrett County Memorial Hospital,17,0.808,Garrett,hscrc_name,medium,9.84,8.92
GARRETT COUNTY MEMORIAL HOSPITAL,False,2016,,,266348.0,48479700.0,61550236.0,13070536.0,,41981533.0,47592384.0,5610851.0,41011099.0,46070516.0,5059417.0,334557.0,,,,,39247254.0,47660593.0,,2734279.0,-68209.0,-2802488.0,,,970434.0,1521868.0,551434.0,,,,,,0.56,6.51,-0.14,FY2016;FY2017;FY2018,3,June 2016,GARRETT COUNTY MEMORIAL HOSPITAL,17,0.808,Garrett,hscrc_name,medium,6.51,-0.14
GARRETT COUNTY MEMORIAL HOSPITAL,False,2017,,,1812604.0,55258400.0,69351170.0,14092770.0,,47469934.0,53416600.0,5946666.0,46518046.0,51933745.0,5415699.0,1051571.0,,,,,43427726.0,52655567.0,,4042208.0,761033.0,-3281175.0,,,951888.0,1482855.0,530967.0,,,,,,3.33,8.52,1.42,FY2017;FY2018;FY2019,3,June 2017,GARRETT COUNTY MEMORIAL HOSPITAL,17,0.808,Garrett,hscrc_name,medium,8.52,1.42
GARRETT COUNTY MEMORIAL HOSPITAL,False,2018,,,-2307805.0,57720023.0,72353402.0,14633379.0,,49138062.0,55656688.0,6518626.0,48638353.0,54651145.0,6012792.0,776533.0,,,,,47330010.0,58741026.0,,1808052.0,-3084338.0,-4892390.0,,,499709.0,1005543.0,505834.0,,,,,,-4.09,3.68,-5.54,FY2018;FY2019;FY2020,3,June 2018,GARRETT COUNTY MEMORIAL HOSPITAL,17,0.808,Garrett,hscrc_name,medium,3.68,-5.54
GARRETT COUNTY MEMORIAL HOSPITAL,False,2019,,,2806612.0,63470103.0,79033458.0,15563355.0,,53214026.0,60104394.0,6890368.0,52978749.0,59408582.0,6429833.0,122266.0,,,,,45380201.0,57420048.0,,7833825.0,2684346.0,-5149479.0,,,235277.0,695812.0,460535.0,,,,,,4.66,14.72,4.47,FY2019;FY2020;FY2021,3,June 2019,GARRETT COUNTY MEMORIAL HOSPITAL,17,0.808,Garrett,hscrc_name,medium,14.72,4.47
GARRETT COUNTY MEMORIAL HOSPITAL,False,2020,,,2592025.0,59967874.0,74260989.0,14293115.0,,55520545.0,61962003.0,6441458.0,49380369.0,55430779.0,6050410.0,-80995.0,,,,,46922941.0,59288983.0,,8597604.0,2673020.0,-5924584.0,,,6140176.0,6531224.0,391048.0,,,,,,4.19,15.49,4.31,FY2020;FY2021,2,June 2020,GARRETT COUNTY MEMORIAL HOSPITAL,17,0.808,Garrett,hscrc_name,medium,15.49,4.31
GARRETT COUNTY MEMORIAL HOSPITAL,False,2021,,,,66256459.0,82476395.0,16219936.0,,60695080.0,68253869.0,7558789.0,54684757.0,61860269.0,7175512.0,,,,,,50344837.0,67104325.0,,10350242.0,1149544.0,-9200699.0,,,6010323.0,6393600.0,383277.0,,,,,,,,,FY2021,1,June 2021,GARRETT COUNTY MEMORIAL HOSPITAL,17,0.808,Garrett,hscrc_name,medium,17.05,1.68
GARRETT REGIONAL MEDICAL CENTER,False,2020,,,,59967874.0,74260989.0,14293115.0,,55520545.0,61962003.0,6441458.0,49380369.0,55430779.0,6050410.0,,,,,,46922941.0,59288983.0,12366042.0,8597604.0,2673020.0,-5924584.0,,,6140176.0,6531224.0,391048.0,,,,,,,,,FY2022,1,June 2020,GARRETT REGIONAL MEDICAL CENTER,17,1.0,GARRETT REGIONAL MEDICAL CENTER,cms_name,high,15.49,4.31
GARRETT REGIONAL MEDICAL CENTER,False,2021,,,,66256459.0,82476395.0,16219936.0,,60695080.0,68253869.0,7558789.0,54684757.0,61860269.0,7175512.0,987206.0,,,,,50344837.0,67104325.0,16759488.0,10350242.0,1149544.0,-9200699.0,,,6010323.0,6393600.0,383277.0,,,,,,,,,FY2022;FY2023,2,June 2021,GARRETT REGIONAL MEDICAL CENTER,17,1.0,GARRETT REGIONAL MEDICAL CENTER,cms_name,high,17.05,1.68
GARRETT REGIONAL MEDICAL CENTER,False,2022,,,,71160321.0,88406646.0,17246325.0,,64773235.0,72602020.0,7828785.0,60123816.0,67557720.0,7433904.0,-1634274.0,,,,,58082898.0,77508975.0,19426077.0,6690337.0,-4906955.0,-11597292.0,,,4649419.0,5044300.0,394881.0,,,,,,,,,FY2022;FY2023,2,December 2022;June 2022,GARRETT REGIONAL MEDICAL CENTER,17,1.0,GARRETT REGIONAL MEDICAL CENTER,cms_name,high,10.33,-6.76
GERMANTOWN EMERGENCY CENTER,False,2011,,,-609561.0,6672043.0,14190645.0,7518602.0,,5180849.0,10865817.0,,5041441.0,10326850.0,5285409.0,-266355.0,,,,,5408998.0,11209023.0,,,,,,,139408.0,538967.0,399559.0,,,,,,-5.75,-4.4,-3.16,FY2011;FY2012;FY2013,3,June 2011,Germantown Emergency Center,87,0.664,Germantown ED,short_name,medium,,
GERMANTOWN EMERGENCY CENTER,False,2012,,,-726620.0,14429600.0,14429600.0,0.0,,10370708.0,10370708.0,0.0,10350133.0,10350133.0,0.0,-338377.0,,,,,10402573.0,10758951.0,,-31865.0,-388243.0,-356378.0,,,20575.0,20575.0,0.0,,,,,,-7.24,-0.31,-3.74,FY2012;FY2013;FY2014;FY2015,4,December 2012;June 2012,Germantown Emergency Center,87,0.664,Germantown ED,short_name,medium,-0.31,-3.74
GERMANTOWN EMERGENCY CENTER,False,2013,,,-2264592.0,12992000.0,12992000.0,0.0,,9404017.0,9404017.0,0.0,9389152.0,9389152.0,0.0,-378665.0,,,,,11094387.0,11289944.0,,-1690370.0,-1885927.0,-195557.0,,,14865.0,14865.0,0.0,,,,,,-25.09,-17.97,-20.05,FY2013;FY2014;FY2015;FY2016,4,December 2013;June 2013,GERMANTOWN EMERGENCY CENTER;Germantown Emergency Center,87,0.664,Germantown ED,short_name,medium,-17.97,-20.05
GERMANTOWN EMERGENCY CENTER,False,2014,,,-2327154.0,14059900.0,14059900.0,0.0,,9224045.0,9487045.0,263000.0,9216478.0,9216478.0,0.0,-407785.0,,,,,11106309.0,11406414.0,,-1882264.0,-1919369.0,-37105.0,,,7567.0,270567.0,263000.0,,,,,,-25.63,-20.41,-20.23,FY2014;FY2015;FY2016;FY2017,4,December 2014;June 2014,GERMANTOWN EMERGENCY CENTER;Germantown Emergency Center,87,0.664,Germantown ED,short_name,medium,-20.41,-20.23
GERMANTOWN EMERGENCY CENTER,False,2015,,,-1616159.0,13555000.0,13555000.0,0.0,,9698785.0,9949882.0,251097.0,9691602.0,9691602.0,0.0,-418018.0,,,,,10835481.0,11148023.0,,-1136696.0,-1198141.0,-61445.0,,,7183.0,258280.0,251097.0,,,,,,-16.96,-11.72,-12.04,FY2016;FY2017;FY2018,3,December 2015,GERMANTOWN EMERGENCY CENTER,87,0.664,Germantown ED,short_name,medium,-11.72,-12.04
GERMANTOWN EMERGENCY CENTER,False,2016,,,-133477.0,14183800.0,14183800.0,0.0,,10914281.0,10917468.0,3187.0,10910253.0,10910253.0,0.0,-32347.0,,,,,10995298.0,11018598.0,,-81017.0,-101130.0,-20113.0,,,4028.0,7215.0,3187.0,,,,,,-1.23,-0.74,-0.93,FY2017;FY2018;FY2019,3,December 2016,GERMANTOWN EMERGENCY CENTER,87,0.664,Germantown ED,short_name,medium,-0.74,-0.93
GERMANTOWN EMERGENCY CENTER,False,2017,,,-545538.0,14275700.0,14275700.0,0.0,,10251799.0,10290466.0,38667.0,10248378.0,10248378.0,0.0,-33748.0,,,,,10738456.0,10802256.0,,-486657.0,-511790.0,-25133.0,,,3421.0,42088.0,38667.0,,,,,,-5.32,-4.75,-4.97,FY2018;FY2019;FY2020,3,December 2017,GERMANTOWN EMERGENCY CENTER,87,0.664,Germantown ED,short_name,medium,-4.75,-4.97
GERMANTOWN EMERGENCY CENTER,False,2018,,,-517216.0,14007500.0,14007500.0,0.0,,10575335.0,10614810.0,39475.0,10574222.0,10574222.0,0.0,-18980.0,,,,,10862246.0,11113046.0,,-286911.0,-498236.0,-211325.0,,,1113.0,40588.0,39475.0,,,,,,-4.88,-2.71,-4.69,FY2019;FY2020;FY2021,3,December 2018,GERMANTOWN EMERGENCY CENTER,87,0.664,Germantown ED,short_name,medium,-2.71,-4.69
GERMANTOWN EMERGENCY CENTER,False,2019,,,,14645900.0,14645900.0,0.0,,10561114.0,10576922.0,15808.0,10559391.0,10559391.0,0.0,,,,,,11363251.0,11521151.0,157900.0,-802137.0,-944229.0,-142092.0,,,1723.0,17531.0,15808.0,,,,,,-9.09,-7.6,-8.93,FY2020;FY2021;FY2022,3,December 2019,GERMANTOWN EMERGENCY CENTER,87,0.664,Germantown ED,short_name,medium,-7.6,-8.93
GERMANTOWN EMERGENCY CENTER,False,2020,,,-3317589.0,12504400.0,12504400.0,0.0,,8270153.0,8274037.0,3884.0,8289659.0,8289659.0,0.0,-10320.0,,,,,11435906.0,11581306.0,145400.0,-3165753.0,-3307269.0,-141516.0,,,-19506.0,-15622.0,3884.0,,,,,,-40.15,-38.28,-39.97,FY2021;FY2022;FY2023,3,December 2020,GERMANTOWN EMERGENCY CENTER,87,0.664,Germantown ED,short_name,medium,-38.28,-39.97
GERMANTOWN EMERGENCY CENTER,False,2021,,,-1444646.0,14669400.0,14669400.0,0.0,,10284725.0,10286337.0,1612.0,9909121.0,9909121.0,0.0,135.0,,,,,11504018.0,11731118.0,227100.0,-1219293.0,-1444781.0,-225488.0,,,375604.0,377216.0,1612.0,,,,,,-14.04,-11.86,-14.05,FY2022;FY2023,2,December 2021,GERMANTOWN EMERGENCY CENTER,87,0.664,Germantown ED,short_name,medium,-11.86,-14.05
GERMANTOWN EMERGENCY CENTER,False,2022,,,-331554.0,17461500.0,17461500.0,0.0,,12243825.0,12243878.0,53.0,12221693.0,12221693.0,0.0,0.0,,,,,12564632.0,12575432.0,10800.0,-320807.0,-331554.0,-10747.0,,,22132.0,22185.0,53.0,,,,,,-2.71,-2.62,-2.71,FY2023,1,December 2022,GERMANTOWN EMERGENCY CENTER,87,0.664,Germantown ED,short_name,medium,-2.62,-2.71
GOOD SAMARITAN HOSPITAL,False,2007,,,,253957800.0,340261612.0,86303812.0,,215507862.0,258195196.0,,212993262.0,254883235.0,41889973.0,,9851.3,9730.21,9736.36,9605.4,205816864.0,251004192.0,,,,,9408.31,9459.21,2514600.0,3311961.0,797361.0,,,,,,,,,FY2009,1,June 2007,Good Samaritan Hospital,2004,0.839,Good Sam,short_name,medium,,
GOOD SAMARITAN HOSPITAL,False,2008,,,,265411400.0,358997101.0,93585701.0,,225778715.0,267117026.0,,223688794.0,263871442.0,40182648.0,,9989.66,10007.38,9897.19,9885.78,212539046.0,262597999.0,,,,,9403.86,9838.08,2089921.0,3245585.0,1155664.0,,,,,,,,,FY2009;FY2010,2,June 2008,Good Samaritan Hospital,2004,0.839,Good Sam,short_name,medium,,
GOOD SAMARITAN HOSPITAL,False,2009,,,,286296100.0,403159538.0,116863438.0,,247846688.0,297687660.0,,245593552.0,294087324.0,48493772.0,,10348.97,10325.44,10254.89,10200.56,227853252.0,289772684.0,,,,,9514.13,10050.91,2253136.0,3600336.0,1347200.0,,,,,,,,,FY2009;FY2010;FY2011,3,June 2009,Good Samaritan Hospital,2004,0.839,Good Sam,short_name,medium,,
GOOD SAMARITAN HOSPITAL,False,2010,,,7105822.0,294819900.0,418122781.0,123302881.0,,249424890.0,298590670.0,,246725068.0,294873581.0,48148513.0,2566200.0,10312.05,9970.59,10200.43,9846.47,230578507.0,294051048.0,,,,,9532.88,9819.0,2699822.0,3717089.0,1017267.0,-23.57,-0.36,-0.53,-5.74,-42.65,2.36,7.56,1.52,FY2010;FY2011;FY2012,3,June 2010,Good Samaritan Hospital,2004,0.839,Good Sam,short_name,medium,,
GOOD SAMARITAN HOSPITAL,False,2011,,,7145524.0,304134300.0,433676385.0,129542085.0,,261881525.0,306562730.0,,259358444.0,302664151.0,43305707.0,836158.0,11713.86,11359.87,11601.0,11215.41,235303147.0,300253364.0,,,,,10525.02,11126.08,2523080.0,3898579.0,1375499.0,0.56,13.59,13.73,41.03,38.98,2.32,10.15,2.06,FY2011;FY2012,2,June 2011,Good Samaritan Hospital,2004,0.839,Good Sam,short_name,medium,,
GOOD SAMARITAN HOSPITAL,False,2012,,,8605078.0,311855400.0,439249126.0,127393726.0,,254604181.0,307354914.0,,251566429.0,303293417.0,51726988.0,1008235.0,11301.38,15649.49,11166.54,15442.69,232260097.0,299758071.0,,,,,10309.57,15262.69,3037752.0,4061497.0,1023745.0,20.43,-3.52,-3.75,-15.93,20.41,2.79,8.78,2.47,FY2012,1,June 2012,Good Samaritan Hospital,2004,0.839,Good Sam,short_name,medium,,
GRACE MEDICAL CENTER,False,2017,,,-2411115.0,109889834.0,169023946.0,59134112.0,,92457889.0,111008075.0,18550186.0,91183374.0,107188171.0,16004797.0,-351070.0,,,,,75753272.0,113068120.0,,16704617.0,-2060045.0,-18764662.0,,,1274515.0,3819904.0,2545390.0,,,,,,-2.15,18.07,-1.86,FY2019,1,August 2017,GRACE MEDICAL CENTER,13,1.0,Grace Medical center,name_history,high,18.07,-1.86
GRACE MEDICAL CENTER,False,2018,,,-469532.0,110087997.0,168238430.0,58150432.0,,92235609.0,110525527.0,18289918.0,91522740.0,108072099.0,16549359.0,56141.0,,,,,73360106.0,111051199.0,,18875503.0,-525673.0,-19401175.0,,,712869.0,2453428.0,1740559.0,,,,,,-0.42,20.46,-0.48,FY2019;FY2020,2,August 2018,GRACE MEDICAL CENTER,13,1.0,Grace Medical center,name_history,high,20.46,-0.48
GRACE MEDICAL CENTER,False,2019,,,-7145903.0,111845040.0,169461532.0,57616492.0,,90416795.0,108289443.0,17872648.0,89147935.0,105356700.0,16208765.0,-463734.0,,,,,74585046.0,114971612.0,,15831749.0,-6682169.0,-22513917.0,,,1268860.0,2932743.0,1663883.0,,,,,,-6.59,17.51,-6.17,FY2019;FY2020;FY2021,3,August 2019,GRACE MEDICAL CENTER,13,1.0,Grace Medical center,name_history,high,17.51,-6.17
GRACE MEDICAL CENTER,False,2020,,,,39284372.0,82135506.0,42851134.0,,37035138.0,49953532.0,12918394.0,28122141.0,39818886.0,11696745.0,5118000.0,,,,,42585584.0,66479054.0,23893470.0,-5550446.0,-16525522.0,-10975075.0,,,8912997.0,10134646.0,1221649.0,,,,,,-20.71,-14.99,-33.08,FY2020;FY2021;FY2022,3,August 2020,GRACE MEDICAL CENTER,13,1.0,Grace Medical center,name_history,high,-14.99,-33.08
GRACE MEDICAL CENTER,False,2021,,,-24449316.0,34045881.0,76679619.0,42633738.0,,29826145.0,42055157.0,12229012.0,22492841.0,33918054.0,11425213.0,-77940.0,,,,,46572230.0,66426533.0,19854303.0,-16746085.0,-24371376.0,-7625291.0,,,7333304.0,8137103.0,803799.0,,,,,,-58.24,-56.15,-57.95,FY2021;FY2022;FY2023,3,August 2021,GRACE MEDICAL CENTER,13,1.0,Grace Medical center,name_history,high,-56.15,-57.95
GRACE MEDICAL CENTER,False,2022,,,-9941339.0,28774744.0,60460149.0,31685405.0,,23520266.0,33222090.0,9701824.0,22835537.0,31903432.0,9067895.0,-65289.0,,,,,30265814.0,43098140.0,12832326.0,-6745547.0,-9876050.0,-3130503.0,,,684729.0,1318658.0,633929.0,,,,,,-29.98,-28.68,-29.73,FY2022;FY2023,2,August 2022,GRACE MEDICAL CENTER,13,1.0,Grace Medical center,name_history,high,-28.68,-29.73
GRACE MEDICAL CENTER,False,2023,,,3438993.0,34673288.0,72294993.0,37621705.0,,27884313.0,38628993.0,10744680.0,26745634.0,36195993.0,9450359.0,15254000.0,,,,,31541781.0,50444000.0,18902219.0,-3657468.0,-11815007.0,-8157539.0,,,1138679.0,2433000.0,1294321.0,,,,,,6.38,-13.12,-30.59,FY2023,1,August 2023,GRACE MEDICAL CENTER,13,1.0,Grace Medical center,name_history,high,-13.12,-30.59
GREATER BALTIMORE MEDICAL CENTER,False,2007,,,,345318800.0,423904000.0,78585200.0,,320278533.0,372098100.0,,315742533.0,355625300.0,39882767.0,,8364.96,9075.4,8246.49,8673.64,292355886.0,359957500.0,,,,,7635.68,8779.3,4536000.0,16472800.0,11936800.0,,,,,,,,,FY2009,1,June 2007,Greater Baltimore Medical Center,44,1.0,GREATER BALTIMORE MEDICAL CENTER,cms_name,high,,
GREATER BALTIMORE MEDICAL CENTER,False,2008,,,,359118800.0,425313512.0,66194712.0,,331769778.0,375724535.0,,327568381.0,362305732.0,34737351.0,,8930.62,8612.98,8817.53,8305.38,316188935.0,373066497.0,,,,,8511.22,8552.05,4201397.0,13418803.0,9217406.0,,,,,,,,,FY2009;FY2010,2,June 2008,Greater Baltimore Medical Center,44,1.0,GREATER BALTIMORE MEDICAL CENTER,cms_name,high,,
GREATER BALTIMORE MEDICAL CENTER,False,2009,,,,393162100.0,421384251.0,28222151.0,,355552503.0,379771486.0,,351006608.0,367610084.0,16603476.0,,9708.57,10266.88,9584.44,9938.11,325771985.0,361315422.0,,,,,8895.4,9767.93,4545895.0,12161402.0,7615507.0,,,,,,,,,FY2009;FY2010;FY2011,3,June 2009,Greater Baltimore Medical Center,44,1.0,GREATER BALTIMORE MEDICAL CENTER,cms_name,high,,
GREATER BALTIMORE MEDICAL CENTER,False,2010,,,14723222.0,412551300.0,445740906.0,33189606.0,,362510833.0,387629859.0,,359160116.0,376782482.0,17622366.0,9037.0,9987.35,10637.88,9895.04,10340.2,334819819.0,372915674.0,,,,,9224.45,10234.08,3350717.0,10847377.0,7496660.0,-11.44,2.87,3.24,-7.02,-20.27,3.77,7.64,3.8,FY2010;FY2011;FY2012,3,June 2010,Greater Baltimore Medical Center,44,1.0,GREATER BALTIMORE MEDICAL CENTER,cms_name,high,,
GREATER BALTIMORE MEDICAL CENTER,False,2011,,,24935745.0,427052500.0,468907497.0,41854997.0,,371165803.0,402648168.0,,366631415.0,388302336.0,21670921.0,6204084.0,10467.92,11112.95,10340.03,10717.01,336781695.0,383916507.0,,,,,9498.19,10595.96,4534388.0,14345832.0,9811444.0,69.36,4.81,4.5,24.17,27.3,6.09,9.26,4.65,FY2011;FY2012;FY2013,3,June 2011,Greater Baltimore Medical Center,44,1.0,GREATER BALTIMORE MEDICAL CENTER,cms_name,high,,
GREATER BALTIMORE MEDICAL CENTER,False,2012,,,18376336.0,426432400.0,469937200.0,43504800.0,,365654919.0,398047365.0,32392446.0,357119673.0,378716719.0,21597046.0,5101873.0,10612.45,11469.51,10364.73,10912.51,339031966.0,384772902.0,,26622953.0,13274463.0,-13348490.0,9839.77,11087.02,8535246.0,19330646.0,10795400.0,-26.31,1.38,0.24,-22.57,-29.13,4.54,7.28,3.33,FY2012;FY2013;FY2014,3,June 2012,Greater Baltimore Medical Center,44,1.0,GREATER BALTIMORE MEDICAL CENTER,cms_name,high,7.28,3.33
GREATER BALTIMORE MEDICAL CENTER,False,2013,,,0.0,0.0,0.0,0.0,,0.0,0.0,0.0,0.0,0.0,0.0,0.0,10118.96,11129.73,9920.46,10587.14,0.0,0.0,,0.0,0.0,0.0,9289.23,10707.85,0.0,0.0,0.0,,,,,,0.0,0.0,0.0,FY2013;FY2014;FY2015,3,June 2013,Greater Baltimore Medical Center,44,1.0,GREATER BALTIMORE MEDICAL CENTER,cms_name,high,,
GREATER BALTIMORE MEDICAL CENTER,False,2014,,,40539700.0,426965000.0,473308000.0,46343000.0,,366094799.0,402542099.0,36447300.0,357329000.0,379065100.0,21736100.0,19695000.0,,,,,335132100.0,381697400.0,,30962700.0,20844700.0,-10118000.0,,,8765799.0,23476999.0,14711200.0,,,,,,9.59,8.46,5.18,FY2014;FY2015;FY2016,3,June 2014,GREATER BALTIMORE MEDICAL CENTER;Greater Baltimore Medical Center,44,1.0,GREATER BALTIMORE MEDICAL CENTER,cms_name,high,8.46,5.18
GREATER BALTIMORE MEDICAL CENTER,False,2015,,,22310520.0,432707700.0,478985396.0,46277696.0,,377879011.0,412145540.0,34266529.0,369026601.0,391703973.0,22677372.0,2623000.0,,,,,337071422.0,392458020.0,,40807589.0,19687520.0,-21120069.0,,,8852410.0,20441567.0,11589157.0,,,,,,5.35,10.8,4.78,FY2015;FY2016;FY2017,3,June 2015,GREATER BALTIMORE MEDICAL CENTER;Greater Baltimore Medical Center,44,1.0,GREATER BALTIMORE MEDICAL CENTER,cms_name,high,10.8,4.78
GREATER BALTIMORE MEDICAL CENTER,False,2016,,,13662336.0,439684200.0,486066296.0,46382096.0,,386502131.0,420656456.0,34154325.0,378187463.0,401178688.0,22991225.0,-4946806.0,,,,,341360524.0,402047314.0,,45141607.0,18609142.0,-26532465.0,,,8314668.0,19477768.0,11163100.0,,,,,,3.26,11.68,4.42,FY2016;FY2017;FY2018,3,June 2016,GREATER BALTIMORE MEDICAL CENTER,44,1.0,GREATER BALTIMORE MEDICAL CENTER,cms_name,high,11.68,4.42
GREATER BALTIMORE MEDICAL CENTER,False,2017,,,31834086.0,462643278.0,511583701.0,48940423.0,,406324711.0,438048237.0,31723526.0,397123978.0,419844237.0,22720259.0,12750849.0,,,,,357450441.0,418965000.0,,48874270.0,19083237.0,-29791033.0,,,9200733.0,18204000.0,9003267.0,,,,,,7.04,12.03,4.36,FY2017;FY2018;FY2019,3,June 2017,GREATER BALTIMORE MEDICAL CENTER,44,1.0,GREATER BALTIMORE MEDICAL CENTER,cms_name,high,12.03,4.36
GREATER BALTIMORE MEDICAL CENTER,False,2018,,,9124709.0,463552941.0,626182319.0,162629378.0,,401488028.0,495234720.0,93746692.0,394577377.0,476907146.0,82329769.0,18236507.0,,,,,372374545.0,504346518.0,,29113483.0,-9111798.0,-38225281.0,,,6910651.0,18327574.0,11416923.0,,,,,,1.77,7.25,-1.84,FY2018;FY2019;FY2020,3,June 2018,GREATER BALTIMORE MEDICAL CENTER,44,1.0,GREATER BALTIMORE MEDICAL CENTER,cms_name,high,7.25,-1.84
GREATER BALTIMORE MEDICAL CENTER,False,2019,,,11277049.0,477483471.0,653527209.0,176043738.0,,417789996.0,518465049.0,100675053.0,410372109.0,499139749.0,88767640.0,16884000.0,,,,,383350086.0,524072000.0,,34439910.0,-5606951.0,-40046861.0,,,7417887.0,19325300.0,11907413.0,,,,,,2.08,8.24,-1.08,FY2019;FY2020;FY2021,3,June 2019,GREATER BALTIMORE MEDICAL CENTER,44,1.0,GREATER BALTIMORE MEDICAL CENTER,cms_name,high,8.24,-1.08
GREATER BALTIMORE MEDICAL CENTER,False,2020,,,1024998.0,472544399.0,635239208.0,162694809.0,,420300074.0,510291208.0,89991134.0,403023145.0,479668208.0,76645063.0,4738790.0,,,,,377518059.0,514005000.0,136486941.0,42782016.0,-3713792.0,-46495808.0,,,17276929.0,30623000.0,13346071.0,,,,,,0.2,10.18,-0.73,FY2020;FY2021;FY2022,3,June 2020,GREATER BALTIMORE MEDICAL CENTER,44,1.0,GREATER BALTIMORE MEDICAL CENTER,cms_name,high,10.18,-0.73
GREATER BALTIMORE MEDICAL CENTER,False,2021,,,,526375702.0,715953202.0,189577500.0,,471245859.0,572139000.0,100893141.0,452306666.0,542829000.0,90522334.0,11021000.0,,,,,398388943.0,557120000.0,158731057.0,72856916.0,15019000.0,-57837916.0,,,18939193.0,29310000.0,10370807.0,,,,,,,,,FY2021;FY2022;FY2023,3,June 2021,GREATER BALTIMORE MEDICAL CENTER,44,1.0,GREATER BALTIMORE MEDICAL CENTER,cms_name,high,15.46,2.63
GREATER BALTIMORE MEDICAL CENTER,False,2022,,,-62518726.0,495095020.0,752444444.0,257349424.0,,439693550.0,576357217.0,136663667.0,428239517.0,551835780.0,123596263.0,76191000.0,,,,,396054498.0,605730943.0,209676445.0,43639052.0,-29373726.0,-73012778.0,,,11454033.0,24521437.0,13067404.0,,,,,,-10.46,9.92,-5.1,FY2022;FY2023;FY2024,3,June 2022,GREATER BALTIMORE MEDICAL CENTER,44,1.0,GREATER BALTIMORE MEDICAL CENTER,cms_name,high,9.92,-5.1
GREATER BALTIMORE MEDICAL CENTER,False,2023,,,-26457925.0,497427559.0,776123363.0,278695804.0,,438307982.0,588802075.0,150494093.0,418454800.0,546734209.0,128279409.0,14232000.0,,,,,383337071.0,624194000.0,240856929.0,54970910.0,-35391925.0,-90362836.0,,,19853182.0,42067866.0,22214684.0,,,,,,-4.41,12.54,-6.01,FY2023;FY2024,2,June 2023,GREATER BALTIMORE MEDICAL CENTER,44,1.0,GREATER BALTIMORE MEDICAL CENTER,cms_name,high,12.54,-6.01
GREATER BALTIMORE MEDICAL CENTER,False,2024,,,-6685499.0,525917619.0,824407349.0,298489730.0,,445936378.0,614025851.0,168089473.0,435805791.0,575143138.0,139337347.0,10464000.0,,,,,388505668.0,631175350.0,242669681.0,57430709.0,-17149499.0,-74580208.0,,,10130587.0,38882713.0,28752126.0,,,,,,-1.07,12.88,-2.79,FY2024,1,June 2024,GREATER BALTIMORE MEDICAL CENTER,44,1.0,GREATER BALTIMORE MEDICAL CENTER,cms_name,high,12.88,-2.79
HARBOR HOSPITAL,False,2007,,,,180144800.0,216003422.0,35858622.0,,149053833.0,171493558.0,,147519196.0,163269476.0,15750280.0,,8621.65,9289.18,8532.89,8843.71,146508393.0,167149599.0,,,,,8474.42,9053.88,1534637.0,8224082.0,6689445.0,,,,,,,,,FY2009,1,June 2007,Harbor Hospital,34,0.975,Harbor,short_name,high,,
HARBOR HOSPITAL,False,2008,,,,194020200.0,231198768.0,37178568.0,,162762700.0,186349738.0,,161116541.0,177447967.0,16331426.0,,8947.98,9596.32,8857.48,9137.91,156929854.0,179690880.0,,,,,8627.32,9253.41,1646159.0,8901771.0,7255612.0,,,,,,,,,FY2009;FY2010,2,June 2008,Harbor Hospital,34,0.975,Harbor,short_name,high,,
HARBOR HOSPITAL,False,2009,,,,200915200.0,237505938.0,36590738.0,,172363135.0,194291208.0,,169691122.0,184502799.0,14811677.0,,9345.81,10024.53,9200.93,9519.5,165072123.0,188476023.0,,,,,8950.48,9724.5,2672013.0,9788409.0,7116396.0,,,,,,,,,FY2009;FY2010,2,June 2009,Harbor Hospital,34,0.975,Harbor,short_name,high,,
HARBOR HOSPITAL,False,2010,,,,197161200.0,234865196.0,37703996.0,,166517673.0,189983815.0,,164310074.0,179685647.0,15375573.0,,9509.44,10348.68,9383.37,9787.72,156405328.0,183721998.0,,,,,8931.94,10007.59,2207599.0,10298168.0,8090569.0,,,,,,,,,FY2010,1,June 2010,Harbor Hospital,34,0.975,Harbor,short_name,high,,
HARBOR HOSPITAL CENTER,False,2009,,,,200915200.0,237505938.0,36590738.0,,172363135.0,194291208.0,,169691122.0,184502799.0,14811677.0,,9345.81,10024.53,9200.93,9519.5,165072123.0,188476023.0,,,,,8950.48,9724.5,2672013.0,9788409.0,7116396.0,,,,,,,,,FY2011,1,June 2009,Harbor Hospital Center,34,0.975,Harbor,short_name,high,,
HARBOR HOSPITAL CENTER,False,2010,,,6382869.0,197161200.0,234865196.0,37703996.0,,166517673.0,189983815.0,,164310074.0,179685647.0,15375573.0,121052.0,9509.44,10348.68,9383.37,9787.72,156405328.0,183721998.0,,,,,8931.94,10007.59,2207599.0,10298168.0,8090569.0,6.57,1.75,1.98,38.7,7.68,3.36,6.07,3.3,FY2011;FY2012,2,June 2010,Harbor Hospital Center,34,0.975,Harbor,short_name,high,,
HARBOR HOSPITAL CENTER,False,2011,,,7813879.0,200717500.0,237503390.0,36785890.0,,168805482.0,191496476.0,,165509687.0,180755181.0,15245494.0,157915.0,10865.19,11813.26,10653.05,11150.63,156221586.0,183840512.0,,,,,10055.22,11340.97,3295795.0,10741295.0,7445500.0,22.42,14.26,13.53,24.44,22.26,4.08,7.45,4.0,FY2011;FY2012,2,June 2011,Harbor Hospital Center,34,0.975,Harbor,short_name,high,,
HARBOR HOSPITAL CENTER,False,2012,,,-2489549.0,209694300.0,276497407.0,66803107.0,,169499711.0,199331859.0,,166004244.0,187468729.0,21464485.0,220219.0,11343.52,11761.09,11109.59,11061.13,166965434.0,202041627.0,,,,,11173.92,11920.97,3495467.0,11863130.0,8367663.0,-131.86,4.4,4.29,-79.86,-135.39,-1.25,1.5,-1.36,FY2012,1,June 2012,Harbor Hospital Center,34,0.975,Harbor,short_name,high,,
HARFORD MEMORIAL HOSPITAL,False,2007,,,,80215100.0,82882000.0,2666900.0,,65891200.0,68386900.0,,65834200.0,67806100.0,1971900.0,,6033.41,6077.78,6028.19,6026.16,63606094.0,67578400.0,,,,,5824.17,6005.92,57000.0,580800.0,523800.0,,,,,,,,,FY2009,1,December 2007,Harford Memorial Hospital,,0.612,,UNMATCHED,none,,
HARFORD MEMORIAL HOSPITAL,False,2008,,,,98289100.0,99638800.0,1349700.0,,79647060.0,81013560.0,,79516660.0,80332560.0,815900.0,,6289.44,6313.11,6279.14,6260.04,75087925.0,77095805.0,,,,,5929.42,6007.82,130400.0,681000.0,550600.0,,,,,,,,,FY2009;FY2010,2,December 2008,Harford Memorial Hospital,,0.612,,UNMATCHED,none,,
HARFORD MEMORIAL HOSPITAL,False,2009,,,,96235600.0,96412700.0,177100.0,,79082621.0,79674021.0,,78372221.0,78492921.0,120700.0,,6767.51,6805.6,6706.72,6704.71,75803751.0,77244100.0,,,,,6486.92,6598.04,710400.0,1181100.0,470700.0,,,,,,,,,FY2009;FY2010;FY2011,3,December 2009,Harford Memorial Hospital,,0.612,,UNMATCHED,none,,
HARFORD MEMORIAL HOSPITAL,False,2010,,,8485100.0,100141200.0,100235300.0,94100.0,,82444000.0,82958000.0,,81680300.0,81718000.0,37700.0,5190000.0,7325.25,7364.0,7257.39,7253.92,76898545.0,79662900.0,,,,,6832.53,7071.5,763700.0,1240000.0,476300.0,-12.44,8.24,8.21,69.13,35.61,9.63,6.73,3.97,FY2010;FY2011;FY2012,3,December 2010,Harford Memorial Hospital,,0.612,,UNMATCHED,none,,
HARFORD MEMORIAL HOSPITAL,False,2011,,,1104589.0,100465500.0,100687100.0,221600.0,,81459289.0,82099589.0,,80367789.0,80519589.0,151800.0,-621000.0,8112.42,8158.2,8003.72,8001.19,77961016.0,80374000.0,,,,,7764.04,7986.73,1091500.0,1580000.0,488500.0,-86.98,10.75,10.28,-36.92,-47.63,1.35,4.29,2.1,FY2011;FY2012,2,December 2011,Harford Memorial Hospital,,0.612,,UNMATCHED,none,,
HARFORD MEMORIAL HOSPITAL,False,2012,,,8268054.0,104451400.0,104614700.0,163300.0,,84034428.0,86500005.0,,82984005.0,83088005.0,104000.0,5297000.0,7957.12,8177.79,7857.65,7855.22,80495251.0,83528951.0,,,,,7622.0,7896.91,1050423.0,3412000.0,2361577.0,648.52,-1.91,-1.83,1.17,72.18,9.01,4.21,3.43,FY2012,1,December 2012,Harford Memorial Hospital,,0.612,,UNMATCHED,none,,
HOLY CROSS HOSPITAL,False,2007,,,,351996600.0,380689221.0,28692621.0,,294903783.0,327748164.0,,291978698.0,319303202.0,27324504.0,,8170.86,8396.45,8089.81,8180.1,280877183.0,311645831.0,,,,,7782.23,7983.93,2925085.0,8444961.0,5519876.0,,,,,,,,,FY2009,1,June 2007,Holy Cross Hospital,4,1.0,HOLY CROSS HOSPITAL,cms_name,high,,
HOLY CROSS HOSPITAL,False,2008,,,,383143400.0,412552587.0,29409187.0,,328548714.0,353024499.0,,326703070.0,344466120.0,17763050.0,,9152.71,9233.25,9101.29,9009.41,293545246.0,329472259.0,,,,,8177.58,8617.25,1845644.0,8558379.0,6712735.0,,,,,,,,,FY2009;FY2010,2,June 2008,Holy Cross Hospital,4,1.0,HOLY CROSS HOSPITAL,cms_name,high,,
HOLY CROSS HOSPITAL,False,2009,,,,394466500.0,428456300.0,33989800.0,,335161284.0,368021084.0,,332740684.0,354270184.0,21529500.0,,8819.94,8929.03,8756.24,8595.4,309458016.0,349019900.0,,,,,8143.55,8468.02,2420600.0,13750900.0,11330300.0,,,,,,,,,FY2009;FY2010;FY2011,3,June 2009,Holy Cross Hospital,4,1.0,HOLY CROSS HOSPITAL,cms_name,high,,
HOLY CROSS HOSPITAL,False,2010,,,31752383.0,411325700.0,446330700.0,35005000.0,,343394183.0,375778783.0,,341997483.0,363220783.0,21223300.0,9766800.0,8857.1,8932.28,8821.08,8633.78,311789082.0,353793200.0,,,,,8041.92,8409.68,1396700.0,12558000.0,11161300.0,19526.4,0.42,0.74,22.96,15.71,8.24,9.2,5.85,FY2010;FY2011;FY2012,3,June 2010,Holy Cross Hospital,4,1.0,HOLY CROSS HOSPITAL,cms_name,high,,
HOLY CROSS HOSPITAL,False,2011,,,43692100.0,437749300.0,470193500.0,32444200.0,,364921991.0,396280300.0,,361064200.0,381016100.0,19951900.0,17357300.0,9150.42,9251.08,9053.69,8894.74,326261891.0,369945500.0,,,,,8181.02,8636.3,3857791.0,15264200.0,11406409.0,37.6,3.31,2.64,22.32,19.78,10.56,10.59,6.65,FY2011;FY2012;FY2013,3,June 2011,Holy Cross Hospital,4,1.0,HOLY CROSS HOSPITAL,cms_name,high,,
HOLY CROSS HOSPITAL,False,2012,,,26077900.0,453731600.0,480175600.0,26444000.0,,367425200.0,391479900.0,24054700.0,362831800.0,375084400.0,12252600.0,-580000.0,9373.08,9436.73,9255.9,9041.52,325133202.0,364822000.0,,42291998.0,26657900.0,-15634098.0,8294.2,8794.14,4593400.0,16395500.0,11802100.0,-40.31,2.43,2.23,9.39,1.23,6.67,11.51,6.81,FY2012;FY2013;FY2014,3,June 2012,Holy Cross Hospital,4,1.0,HOLY CROSS HOSPITAL,cms_name,high,11.51,6.81
HOLY CROSS HOSPITAL,False,2013,,,37428046.0,461351200.0,489771255.0,28420055.0,,379486100.0,404045046.0,24558946.0,373367100.0,386790046.0,13422946.0,13278000.0,9525.03,9552.98,9371.45,9145.01,336499534.0,379895000.0,,42986566.0,24150046.0,-18836520.0,8446.08,8981.99,6119000.0,17255000.0,11136000.0,,,,,,8.97,11.33,5.98,FY2013;FY2014;FY2015,3,June 2013,Holy Cross Hospital,4,1.0,HOLY CROSS HOSPITAL,cms_name,high,11.33,5.98
HOLY CROSS HOSPITAL,False,2014,,,46558000.0,468876700.0,497855200.0,28978500.0,,389253300.0,414197990.0,24944690.0,382981000.0,397194000.0,14213000.0,23263000.0,,,,,348206775.0,390903000.0,,41046525.0,23295000.0,-17751525.0,,,6272300.0,17003990.0,10731690.0,,,,,,10.64,10.54,5.62,FY2014;FY2015;FY2016,3,June 2014,HOLY CROSS HOSPITAL;Holy Cross Hospital,4,1.0,HOLY CROSS HOSPITAL,cms_name,high,10.54,5.62
HOLY CROSS HOSPITAL,False,2015,,,37702162.0,480562300.0,509712090.0,29149790.0,,405444002.0,430054170.0,24610168.0,400831157.0,414713225.0,13882068.0,6093296.0,,,,,354456924.0,398445304.0,,50987078.0,31608866.0,-19378211.0,,,4612845.0,15340945.0,10728100.0,,,,,,8.64,12.58,7.35,FY2015;FY2016;FY2017,3,June 2015,HOLY CROSS HOSPITAL;Holy Cross Hospital,4,1.0,HOLY CROSS HOSPITAL,cms_name,high,12.58,7.35
HOLY CROSS HOSPITAL,False,2016,,,28838267.0,505712400.0,539756025.0,34043625.0,,421729698.0,448159813.0,26430116.0,418354058.0,434346008.0,15991950.0,-6083400.0,,,,,362874686.0,413238146.0,,58855012.0,34921667.0,-23933345.0,,,3375639.0,13813805.0,10438166.0,,,,,,6.52,13.96,7.79,FY2016;FY2017;FY2018,3,June 2016,HOLY CROSS HOSPITAL,4,1.0,HOLY CROSS HOSPITAL,cms_name,high,13.96,7.79
HOLY CROSS HOSPITAL,False,2017,,,45230600.0,504632600.0,546745266.0,42112666.0,,432661922.0,461972628.0,29310706.0,423016922.0,439284590.0,16267668.0,13999000.0,,,,,381809567.0,430741000.0,,50852356.0,31231628.0,-19620727.0,,,9645000.0,22688038.0,13043038.0,,,,,,9.5,11.75,6.76,FY2017;FY2018;FY2019,3,June 2017,HOLY CROSS HOSPITAL,4,1.0,HOLY CROSS HOSPITAL,cms_name,high,11.75,6.76
HOLY CROSS HOSPITAL,False,2018,,,53286357.0,515354700.0,556205070.0,40850370.0,,446032077.0,477178357.0,31146281.0,443927941.0,461039826.0,17111885.0,8033000.0,,,,,378841380.0,431925000.0,,67190696.0,45253357.0,-21937339.0,,,2104136.0,16138531.0,14034395.0,,,,,,10.98,15.06,9.48,FY2018;FY2019;FY2020,3,June 2018,HOLY CROSS HOSPITAL,4,1.0,HOLY CROSS HOSPITAL,cms_name,high,15.06,9.48
HOLY CROSS HOSPITAL,False,2019,,,45119731.0,518074400.0,557757584.0,39683184.0,,443717812.0,474975138.0,31257326.0,440682016.0,456742799.0,16060784.0,9594000.0,,,,,385122739.0,439449407.0,,58595073.0,35525731.0,-23069342.0,,,3035796.0,18232339.0,15196542.0,,,,,,9.31,13.21,7.48,FY2019;FY2020;FY2021,3,June 2019,HOLY CROSS HOSPITAL,4,1.0,HOLY CROSS HOSPITAL,cms_name,high,13.21,7.48
HOLY CROSS HOSPITAL,False,2020,,,49917112.0,512631200.0,551265040.0,38633840.0,,463518232.0,495983679.0,32465446.0,437412272.0,453330331.0,15918059.0,8799831.0,,,,,400562971.0,454866398.0,54303427.0,62955261.0,41117281.0,-21837980.0,,,26105960.0,42653347.0,16547387.0,,,,,,9.89,13.58,8.29,FY2020;FY2021;FY2022,3,June 2020,HOLY CROSS HOSPITAL,4,1.0,HOLY CROSS HOSPITAL,cms_name,high,13.58,8.29
HOLY CROSS HOSPITAL,False,2021,,,146799633.0,554474700.0,592348269.0,37873569.0,,498542176.0,533732189.0,35190013.0,480661258.0,494818095.0,14156837.0,96177110.0,,,,,422978849.0,483109666.0,60130817.0,75563327.0,50622523.0,-24940803.0,,,17880918.0,38914094.0,21033176.0,,,,,,23.52,15.16,9.48,FY2021;FY2022;FY2023,3,June 2021,HOLY CROSS HOSPITAL,4,1.0,HOLY CROSS HOSPITAL,cms_name,high,15.16,9.48
HOLY CROSS HOSPITAL,False,2022,,,-27707041.0,573097200.0,616309474.0,43212274.0,,499848319.0,528293000.0,28444681.0,491435451.0,506181000.0,14745549.0,-32140000.0,,,,,461368595.0,523860041.0,62491446.0,38479723.0,4432959.0,-34046765.0,,,8412868.0,22112000.0,13699132.0,,,,,,-5.61,7.7,0.84,FY2022;FY2023;FY2024,3,June 2022,HOLY CROSS HOSPITAL,4,1.0,HOLY CROSS HOSPITAL,cms_name,high,7.7,0.84
HOLY CROSS HOSPITAL,False,2023,,,29872471.0,573789700.0,620117741.0,46328041.0,,489719717.0,531904471.0,42184754.0,480096910.0,496970971.0,16874062.0,25429000.0,,,,,445104100.0,527461000.0,82356900.0,44615617.0,4443471.0,-40172145.0,,,9622808.0,34933500.0,25310692.0,,,,,,5.34,9.11,0.84,FY2023;FY2024,2,June 2023,HOLY CROSS HOSPITAL,4,1.0,HOLY CROSS HOSPITAL,cms_name,high,9.11,0.84
HOLY CROSS HOSPITAL,False,2024,,,70431928.0,600651500.0,649031480.0,48379980.0,,513273463.0,554495828.0,41222365.0,511658901.0,531340789.0,19681888.0,36357600.0,,,,,440756817.0,520421500.0,79664683.0,72516646.0,34074328.0,-38442318.0,,,1614562.0,23155039.0,21540477.0,,,,,,11.9,14.13,6.15,FY2024,1,June 2024,HOLY CROSS HOSPITAL,4,1.0,HOLY CROSS HOSPITAL,cms_name,high,14.13,6.15
HOLY CROSS HOSPITAL GERMANTOWN,False,2015,,,-25330007.0,43305400.0,43407857.0,102457.0,,36370494.0,36934732.0,564238.0,36057303.0,36159760.0,102457.0,-142227.0,,,,,56371837.0,62122512.0,,-20001343.0,-25187780.0,-5186437.0,,,313191.0,774972.0,461781.0,,,,,,-68.85,-54.99,-68.2,FY2016;FY2017,2,June 2015,HOLY CROSS HOSPITAL-GERMANTOWN,65,0.912,Holy Cross Germantown,short_name,high,-54.99,-68.2
HOLY CROSS HOSPITAL GERMANTOWN,False,2016,,,-20514095.0,80883300.0,81680432.0,797132.0,,65640650.0,67010988.0,1370338.0,65244750.0,66041882.0,797132.0,-698359.0,,,,,76357033.0,86826724.0,,-10716383.0,-19815736.0,-9099352.0,,,395900.0,969107.0,573207.0,,,,,,-30.94,-16.33,-29.57,FY2016;FY2017;FY2018,3,June 2016,HOLY CROSS HOSPITAL-GERMANTOWN,65,0.912,Holy Cross Germantown,short_name,high,-16.33,-29.57
HOLY CROSS HOSPITAL GERMANTOWN,False,2017,,,-5118467.0,96340300.0,98282438.0,1942138.0,,81084899.0,83284426.0,2199526.0,80048953.0,81608391.0,1559438.0,8722092.0,,,,,87768090.0,97124985.0,,-6683191.0,-13840559.0,-7157368.0,,,1035947.0,1676035.0,640088.0,,,,,,-5.56,-8.24,-16.62,FY2017;FY2018;FY2019,3,June 2017,HOLY CROSS HOSPITAL-GERMANTOWN,65,0.912,Holy Cross Germantown,short_name,high,-8.24,-16.62
HOLY CROSS HOSPITAL GERMANTOWN,False,2018,,,-10105051.0,96025200.0,97541000.0,1515800.0,,81920932.0,84035034.0,2114102.0,81045332.0,82424365.0,1379033.0,6567398.0,,,,,90520932.0,100707482.0,,-8600000.0,-16672448.0,-8072448.0,,,875600.0,1610669.0,735069.0,,,,,,-11.15,-10.5,-19.84,FY2018;FY2019;FY2020,3,June 2018,HOLY CROSS HOSPITAL-GERMANTOWN,65,0.912,Holy Cross Germantown,short_name,high,-10.5,-19.84
HOLY CROSS HOSPITAL GERMANTOWN,False,2019,,,-4957891.0,111194100.0,112862181.0,1668081.0,,96054517.0,97325867.0,1271350.0,95502148.0,96005867.0,503719.0,6442236.0,,,,,98064456.0,108725994.0,,-2009939.0,-11400127.0,-9390188.0,,,552369.0,1320000.0,767631.0,,,,,,-4.78,-2.09,-11.71,FY2019;FY2020;FY2021,3,June 2019,HOLY CROSS HOSPITAL-GERMANTOWN,65,0.912,Holy Cross Germantown,short_name,high,-2.09,-11.71
HOLY CROSS HOSPITAL GERMANTOWN,False,2020,,,-5833923.0,119447100.0,121203875.0,1756775.0,,102001454.0,103250609.0,1249155.0,100796727.0,101274987.0,478260.0,-473244.0,,,,,99564175.0,108611288.0,9047113.0,2437279.0,-5360679.0,-7797958.0,,,1204727.0,1975622.0,770895.0,,,,,,-5.65,2.39,-5.19,FY2020;FY2021;FY2022,3,June 2020,HOLY CROSS HOSPITAL-GERMANTOWN,65,0.912,Holy Cross Germantown,short_name,high,2.39,-5.19
HOLY CROSS HOSPITAL GERMANTOWN,False,2021,,,-1895200.0,131583100.0,133660978.0,2077878.0,,120861308.0,122113640.0,1252331.0,116907566.0,117542545.0,634979.0,-471497.0,,,,,113817014.0,123537343.0,9720329.0,7044294.0,-1423703.0,-8467997.0,,,3953743.0,4571095.0,617352.0,,,,,,-1.56,5.83,-1.17,FY2021;FY2022;FY2023,3,June 2021,HOLY CROSS HOSPITAL-GERMANTOWN,65,0.912,Holy Cross Germantown,short_name,high,5.83,-1.17
HOLY CROSS HOSPITAL GERMANTOWN,False,2022,,,-9098837.0,141903900.0,144759706.0,2855806.0,,124636884.0,125978163.0,1341279.0,124352558.0,125075306.0,722748.0,-585000.0,,,,,125596841.0,134492000.0,8895159.0,-959957.0,-8513837.0,-7553880.0,,,284326.0,902857.0,618531.0,,,,,,-7.26,-0.77,-6.76,FY2022;FY2023;FY2024,3,June 2022,HOLY CROSS HOSPITAL-GERMANTOWN;Holy Cross Hospital Germantown,65,0.912,Holy Cross Germantown,short_name,high,-0.77,-6.76
HOLY CROSS HOSPITAL GERMANTOWN,False,2023,,,-12731540.0,140664300.0,144193200.0,3528900.0,,121233560.0,122776660.0,1543100.0,119873460.0,120785160.0,911700.0,4157300.0,,,,,126408245.0,139665500.0,13257255.0,-5174685.0,-16888840.0,-11714155.0,,,1360100.0,1991500.0,631400.0,,,,,,-10.03,-4.27,-13.76,FY2023;FY2024,2,June 2023,HOLY CROSS HOSPITAL-GERMANTOWN;Holy Cross Hospital Germantown,65,0.912,Holy Cross Germantown,short_name,high,-4.27,-13.76
HOLY CROSS HOSPITAL GERMANTOWN,False,2024,,,-2074365.0,163546900.0,169062195.0,5515295.0,,137868681.0,140898135.0,3029455.0,137746580.0,140033795.0,2287216.0,5984500.0,,,,,133531772.0,148957000.0,15425228.0,4336909.0,-8058865.0,-12395774.0,,,122101.0,864340.0,742239.0,,,,,,-1.41,3.15,-5.72,FY2024,1,June 2024,Holy Cross Hospital Germantown,65,0.912,Holy Cross Germantown,short_name,high,3.15,-5.72
HOWARD COUNTY GENERAL HOSPITAL,False,2007,,,,190324800.0,204612654.0,14287854.0,,168800685.0,179306748.0,,168689270.0,176914237.0,8224967.0,,7910.56,8311.6,7905.34,8200.69,162559946.0,174794643.0,,,,,7618.1,8102.44,111415.0,2392511.0,2281096.0,,,,,,,,,FY2009,1,June 2007,Howard County General Hospital,48,0.975,Howard County,short_name,high,,
HOWARD COUNTY GENERAL HOSPITAL,False,2008,,,,212299000.0,228822387.0,16523387.0,,188684571.0,200076910.0,,188616540.0,197403944.0,8787404.0,,9018.36,9905.81,9015.1,9773.47,179292066.0,194956065.0,,,,,8569.43,9652.27,68031.0,2672966.0,2604935.0,,,,,,,,,FY2009;FY2010,2,June 2008,Howard County General Hospital,48,0.975,Howard County,short_name,high,,
HOWARD COUNTY GENERAL HOSPITAL,False,2009,,,,230685500.0,249801258.0,19115758.0,,202898123.0,215677870.0,,202845676.0,213211469.0,10365793.0,,8982.08,9943.92,8979.76,9830.21,187698057.0,207211827.0,,,,,8309.19,9553.59,52447.0,2466401.0,2413954.0,,,,,,,,,FY2009;FY2010;FY2011,3,June 2009,Howard County General Hospital,48,0.975,Howard County,short_name,high,,
HOWARD COUNTY GENERAL HOSPITAL,False,2010,,,-4233236.0,244838400.0,265419965.0,20581565.0,,211297428.0,225694719.0,,211253743.0,222914776.0,11661033.0,-6200840.0,8892.8,9876.25,8890.97,9754.61,201837199.0,223727115.0,,,,,8494.65,9790.15,43685.0,2779943.0,2736258.0,-184.64,-0.99,-0.99,-37.76,-76.76,-1.87,4.48,0.87,FY2010;FY2011;FY2012,3,June 2010,Howard County General Hospital,48,0.975,Howard County,short_name,high,,
HOWARD COUNTY GENERAL HOSPITAL,False,2011,,,9198567.0,255470400.0,255470400.0,0.0,,219340604.0,221578401.0,,219286242.0,219286242.0,0.0,3847185.0,8800.52,8890.31,8798.34,8798.34,205527459.0,216227019.0,,,,,8246.3,8675.6,54362.0,2292159.0,2237797.0,317.29,-1.04,-1.04,46.01,171.97,4.14,6.3,2.42,FY2011;FY2012;FY2013,3,June 2011,Howard County General Hospital,48,0.975,Howard County,short_name,high,,
HOWARD COUNTY GENERAL HOSPITAL,False,2012,,,-1270363.0,275201900.0,275201900.0,0.0,,228604410.0,230525700.0,1921290.0,228528424.0,228528424.0,0.0,-10905869.0,9064.51,9140.69,9061.49,9061.49,210259612.0,220890194.0,,18344798.0,9635506.0,-8709292.0,8337.11,8758.63,75986.0,1997276.0,1921290.0,-113.81,3.0,2.99,32.81,80.06,-0.54,8.02,4.18,FY2012;FY2013;FY2014,3,June 2012,Howard County General Hospital,48,0.975,Howard County,short_name,high,8.02,4.18
HOWARD COUNTY GENERAL HOSPITAL,False,2013,,,19389706.0,278901600.0,278901600.0,0.0,,232548840.0,234230268.0,1681428.0,232449101.0,232449101.0,0.0,8692566.0,8881.71,8945.93,8877.9,8877.9,214010558.0,223533128.0,,18538282.0,10697140.0,-7841142.0,8173.68,8537.38,99739.0,1781167.0,1681428.0,,,,,,8.22,7.97,4.57,FY2013;FY2014;FY2015,3,June 2013,Howard County General Hospital,48,0.975,Howard County,short_name,high,7.97,4.57
HOWARD COUNTY GENERAL HOSPITAL,False,2014,,,9886601.0,281805600.0,281805600.0,0.0,,232660849.0,234656523.0,1995674.0,232598600.0,232598600.0,0.0,6309706.0,,,,,222265553.0,231079634.0,,10395296.0,3576890.0,-6818406.0,,,62249.0,2057923.0,1995674.0,,,,,,4.14,4.47,1.52,FY2014;FY2015;FY2016,3,June 2014,HOWARD COUNTY GENERAL HOSPITAL;Howard County General Hospital,48,0.975,Howard County,short_name,high,4.47,1.52
HOWARD COUNTY GENERAL HOSPITAL,False,2015,,,9198800.0,286302800.0,286302800.0,0.0,,244938554.0,247447303.0,2508749.0,242889800.0,242889800.0,0.0,-1238991.0,,,,,227890658.0,237009512.0,,17047896.0,10437791.0,-6610105.0,,,2048754.0,4557503.0,2508749.0,,,,,,3.69,6.96,4.22,FY2015;FY2016;FY2017,3,June 2015,HOWARD COUNTY GENERAL HOSPITAL;Howard County General Hospital,48,0.975,Howard County,short_name,high,6.96,4.22
HOWARD COUNTY GENERAL HOSPITAL,False,2016,,,4610200.0,297946200.0,297946200.0,0.0,,259229622.0,261615769.0,2386147.0,257850200.0,257850200.0,0.0,-4911402.0,,,,,242053450.0,252094167.0,,17176172.0,9521602.0,-7654570.0,,,1379422.0,3765569.0,2386147.0,,,,,,1.74,6.63,3.64,FY2016;FY2017;FY2018,3,June 2016,HOWARD COUNTY GENERAL HOSPITAL,48,0.975,Howard County,short_name,high,6.63,3.64
HOWARD COUNTY GENERAL HOSPITAL,False,2017,,,24778500.0,303036500.0,303036500.0,0.0,,260691590.0,265283208.0,4591618.0,259837500.0,259837500.0,0.0,19907983.0,,,,,247289845.0,260412691.0,,13401745.0,4870517.0,-8531228.0,,,854090.0,5445708.0,4591618.0,,,,,,8.68,5.14,1.84,FY2017;FY2018;FY2019,3,June 2017,HOWARD COUNTY GENERAL HOSPITAL,48,0.975,Howard County,short_name,high,5.14,1.84
HOWARD COUNTY GENERAL HOSPITAL,False,2018,,,17993000.0,313005000.0,313005000.0,0.0,,268128176.0,273199803.0,5071627.0,268126000.0,268126000.0,0.0,10186197.0,,,,,249730825.0,265393000.0,,18397351.0,7806803.0,-10590548.0,,,2176.0,5073803.0,5071627.0,,,,,,6.35,6.86,2.86,FY2018;FY2019;FY2020,3,June 2018,HOWARD COUNTY GENERAL HOSPITAL,48,0.975,Howard County,short_name,high,6.86,2.86
HOWARD COUNTY GENERAL HOSPITAL,False,2019,,,18382983.0,307991683.0,307991683.0,0.0,,259728612.0,265385422.0,5656810.0,259721683.0,259721683.0,0.0,19790937.0,,,,,252885875.0,266793376.0,,6842737.0,-1407954.0,-8250691.0,,,6929.0,5663739.0,5656810.0,,,,,,6.3,2.63,-0.53,FY2019;FY2020;FY2021,3,June 2019,HOWARD COUNTY GENERAL HOSPITAL,48,0.975,Howard County,short_name,high,2.63,-0.53
HOWARD COUNTY GENERAL HOSPITAL,False,2020,,,311697.0,300728775.0,300728775.0,0.0,,253445909.0,272850554.0,19404645.0,253702797.0,253702797.0,0.0,-6408260.0,,,,,251561640.0,266130597.0,14568957.0,1884269.0,6719957.0,4835688.0,,,-256888.0,19147757.0,19404645.0,,,,,,0.11,0.74,2.46,FY2020;FY2021;FY2022,3,June 2020,HOWARD COUNTY GENERAL HOSPITAL,48,0.975,Howard County,short_name,high,0.74,2.46
HOWARD COUNTY GENERAL HOSPITAL,False,2021,,,,320587891.0,320587891.0,0.0,,277692660.0,297138444.0,19445784.0,277687901.0,277687901.0,0.0,,,,,,269575308.0,284351000.0,14775692.0,8117352.0,12787444.0,4670092.0,,,4759.0,19450543.0,19445784.0,,,,,,,,,FY2021;FY2022,2,June 2021,HOWARD COUNTY GENERAL HOSPITAL,48,0.975,Howard County,short_name,high,2.92,4.3
HOWARD COUNTY GENERAL HOSPITAL,False,2022,,,,344977080.0,344977080.0,0.0,,300025207.0,310149812.0,10124605.0,299814034.0,299814034.0,0.0,,,,,,308768658.0,325446299.0,16677641.0,-8743451.0,-15296487.0,-6553036.0,,,211173.0,10335778.0,10124605.0,,,,,,,,,FY2022,1,June 2022,HOWARD COUNTY GENERAL HOSPITAL,48,0.975,Howard County,short_name,high,-2.91,-4.93
J KENT MCNEW FAMILY MEDICAL CENTER,False,2022,,,-2042900.0,,9168500.0,,775.0,,7278000.0,,,6606500.0,,0.0,,,,,,9320900.0,,,-2042900.0,,,,,671500.0,,,,,,,,,,FY2024,1,FY2022,J Kent McNew Family Medical Center,4019,0.83,McNew Family Medical Center,hscrc_name,medium,,-28.07
J KENT MCNEW FAMILY MEDICAL CENTER,False,2023,,,-1173400.0,,8862400.0,,686.0,,7553000.0,,,7217300.0,,0.0,,,,,,8726400.0,,,-1173400.0,,,,,335700.0,,,,,,,,,,FY2024,1,FY 2023,J Kent McNew Family Medical Center,4019,0.83,McNew Family Medical Center,hscrc_name,medium,,-15.54
J KENT MCNEW FAMILY MEDICAL CENTER,False,2024,,,-836100.0,,9087800.0,,652.0,,7330800.0,,,7189300.0,,,,,,,,8166900.0,,,-836100.0,,,,,141500.0,,,,,,,,,,FY2024,1,FY 2024,J Kent McNew Family Medical Center,4019,0.83,McNew Family Medical Center,hscrc_name,medium,,-11.41
JAMES LAWRENCE KERNAN HOSPITAL,False,2007,,,,89323102.0,93836102.0,4513000.0,,83274551.0,87054556.0,,80074718.0,82325556.0,2250838.0,,17641.14,17554.95,16963.28,16601.33,82212200.0,86244379.0,,,,,17416.09,17391.58,3199833.0,4729000.0,1529167.0,,,,,,,,,FY2009,1,June 2007,James Lawrence Kernan Hospital,,0.502,,UNMATCHED,none,,
JAMES LAWRENCE KERNAN HOSPITAL,False,2008,,,,97293600.0,100844530.0,3550930.0,,91505893.0,93609530.0,,86853388.0,88509530.0,1656142.0,,18074.11,17838.56,17155.16,16866.69,88121888.0,91803000.0,,,,,17405.71,17494.3,4652504.0,5100000.0,447496.0,,,,,,,,,FY2009;FY2010,2,June 2008,James Lawrence Kernan Hospital,,0.502,,UNMATCHED,none,,
JAMES LAWRENCE KERNAN HOSPITAL,False,2009,,,,105778700.0,109457957.0,3679257.0,,94113760.0,97405490.0,,93226825.0,94908490.0,1681665.0,,18500.45,18503.91,18326.1,18029.56,91630182.0,95194646.0,,,,,18012.24,18083.92,886935.0,2497000.0,1610065.0,,,,,,,,,FY2009;FY2010;FY2011,3,June 2009,James Lawrence Kernan Hospital,,0.502,,UNMATCHED,none,,
JAMES LAWRENCE KERNAN HOSPITAL,False,2010,,,1175080.0,101537800.0,101537800.0,0.0,,87916871.0,91430000.0,,87319800.0,85966800.0,-1353000.0,1309000.0,17592.88,18295.88,17473.4,17202.65,87012906.0,91563920.0,,,,,17411.99,18322.68,597071.0,5463200.0,4866129.0,48.81,-4.91,-4.65,-63.6,-106.06,1.27,1.03,-0.15,FY2010;FY2011;FY2012,3,June 2010,James Lawrence Kernan Hospital,,0.502,,UNMATCHED,none,,
JAMES LAWRENCE KERNAN HOSPITAL,False,2011,,,3262378.0,103574600.0,105502833.0,1928233.0,,88826129.0,91924378.0,,88207600.0,89350833.0,1143233.0,1932000.0,16917.66,17187.77,16799.86,16706.57,87246523.0,90594000.0,,,,,16616.81,16939.02,618529.0,2573545.0,1955016.0,177.63,-3.84,-3.85,74.74,1093.41,3.48,1.78,1.45,FY2011;FY2012,2,June 2011,James Lawrence Kernan Hospital,,0.502,,UNMATCHED,none,,
JAMES LAWRENCE KERNAN HOSPITAL,False,2012,,,4372892.0,117995400.0,119663220.0,1667820.0,,100756006.0,103514802.0,,99715400.0,100632220.0,916820.0,-317000.0,17856.15,18089.38,17671.73,17585.64,95494655.0,98824910.0,,,,,16923.72,17269.81,1040606.0,2882582.0,1841976.0,34.04,5.55,5.19,233.08,252.52,4.24,5.22,4.53,FY2012,1,June 2012,James Lawrence Kernan Hospital,,0.502,,UNMATCHED,none,,
JOHNS HOPKINS BAYVIEW MEDICAL CENTER,False,2007,,,,443763600.0,459324800.0,15561200.0,,383306300.0,442565400.0,,374135300.0,388806500.0,14671200.0,,11452.83,12926.02,11178.8,11355.89,375808189.0,437371000.0,,,,,11228.79,12774.31,9171000.0,53758900.0,44587900.0,,,,,,,,,FY2009,1,June 2007,Johns Hopkins Bayview Medical Center,29,1.0,JOHNS HOPKINS BAYVIEW MEDICAL CENTER,cms_name,high,,
JOHNS HOPKINS BAYVIEW MEDICAL CENTER,False,2008,,,,492861500.0,507556300.0,14694800.0,,422918500.0,480717400.0,,414509200.0,428430000.0,13920800.0,,12815.95,14293.82,12561.12,12739.09,413255263.0,476097000.0,,,,,12523.12,14156.44,8409300.0,52287400.0,43878100.0,,,,,,,,,FY2009;FY2010,2,June 2008,Johns Hopkins Bayview Medical Center,29,1.0,JOHNS HOPKINS BAYVIEW MEDICAL CENTER,cms_name,high,,
JOHNS HOPKINS BAYVIEW MEDICAL CENTER,False,2009,,,,513495600.0,523211300.0,9715700.0,,441163400.0,491642400.0,,431873500.0,440902200.0,9028700.0,,13301.35,14622.03,13021.25,13112.95,427307515.0,490071966.0,,,,,12883.58,14575.32,9289900.0,50740200.0,41450300.0,,,,,,,,,FY2009;FY2010;FY2011,3,June 2009,Johns Hopkins Bayview Medical Center,29,1.0,JOHNS HOPKINS BAYVIEW MEDICAL CENTER,cms_name,high,,
JOHNS HOPKINS BAYVIEW MEDICAL CENTER,False,2010,,,2345000.0,518108900.0,527906200.0,9797300.0,,437999400.0,485304200.0,,430968800.0,440350100.0,9381300.0,1424600.0,13025.69,14160.9,12816.61,12849.16,427728068.0,484383800.0,,,,,12720.23,14134.04,7030600.0,44954100.0,37923500.0,144.04,-2.07,-1.57,-25.87,-41.39,0.48,2.35,0.19,FY2010;FY2011;FY2012,3,June 2010,Johns Hopkins Bayview Medical Center,29,1.0,JOHNS HOPKINS BAYVIEW MEDICAL CENTER,cms_name,high,,
JOHNS HOPKINS BAYVIEW MEDICAL CENTER,False,2011,,,6197000.0,530152100.0,539233900.0,9081800.0,,444696000.0,494439800.0,,436873400.0,445400200.0,8526800.0,1430200.0,12866.5,14016.98,12640.17,12626.75,428009429.0,489673000.0,,,,,12383.71,13881.85,7822600.0,49039600.0,41217000.0,164.26,-1.22,-1.38,62.46,417.91,1.25,3.75,0.96,FY2011;FY2012;FY2013,3,June 2011,Johns Hopkins Bayview Medical Center,29,1.0,JOHNS HOPKINS BAYVIEW MEDICAL CENTER,cms_name,high,,
JOHNS HOPKINS BAYVIEW MEDICAL CENTER,False,2012,,,10625700.0,584860100.0,594152500.0,9292400.0,,475297200.0,524542200.0,49245000.0,464656600.0,473312000.0,8655400.0,1483500.0,13479.41,14436.94,13177.64,13026.94,453372164.0,515400000.0,,21925036.0,9142200.0,-12782836.0,12857.62,14185.32,10640600.0,51230200.0,40589600.0,71.47,4.76,4.25,31.39,91.79,2.02,4.61,1.74,FY2012;FY2013;FY2014,3,June 2012,Johns Hopkins Bayview Medical Center,29,1.0,JOHNS HOPKINS BAYVIEW MEDICAL CENTER,cms_name,high,4.61,1.74
JOHNS HOPKINS BAYVIEW MEDICAL CENTER,False,2013,,,-6796000.0,596807300.0,605381200.0,8573900.0,,486735500.0,533259000.0,46523500.0,476903000.0,484909900.0,8006900.0,1258000.0,13643.28,14400.91,13367.67,13095.22,480902619.0,541313000.0,,5832881.0,-8054000.0,-13886881.0,13479.78,14618.41,9832500.0,48349100.0,38516600.0,,,,,,-1.27,1.2,-1.51,FY2013;FY2014;FY2015,3,June 2013,Johns Hopkins Bayview Medical Center,29,1.0,JOHNS HOPKINS BAYVIEW MEDICAL CENTER,cms_name,high,1.2,-1.51
JOHNS HOPKINS BAYVIEW MEDICAL CENTER,False,2014,,,11105000.0,605106300.0,609513200.0,4406900.0,,493397099.0,540021499.0,46624400.0,484348000.0,488011900.0,3663900.0,1686500.0,,,,,472155588.0,530603000.0,,21241512.0,9418500.0,-11823012.0,,,9049099.0,52009599.0,42960500.0,,,,,,2.05,4.31,1.74,FY2014;FY2015;FY2016,3,June 2014,JOHNS HOPKINS BAYVIEW MEDICAL CENTER;Johns Hopkins Bayview Medical Center,29,1.0,JOHNS HOPKINS BAYVIEW MEDICAL CENTER,cms_name,high,4.31,1.74
JOHNS HOPKINS BAYVIEW MEDICAL CENTER,False,2015,,,13875000.0,618220800.0,622443300.0,4222500.0,,515585200.0,575028800.0,59443600.0,507487100.0,511337600.0,3850500.0,1875200.0,,,,,498586635.0,563029000.0,,16998565.0,11999800.0,-4998765.0,,,8098100.0,63691200.0,55593100.0,,,,,,2.41,3.3,2.09,FY2015;FY2016;FY2017,3,June 2015,JOHNS HOPKINS BAYVIEW MEDICAL CENTER;Johns Hopkins Bayview Medical Center,29,1.0,JOHNS HOPKINS BAYVIEW MEDICAL CENTER,cms_name,high,3.3,2.09
JOHNS HOPKINS BAYVIEW MEDICAL CENTER,False,2016,,,9114900.0,643455400.0,648211000.0,4755600.0,,542941100.0,603543000.0,60601900.0,535127100.0,539395700.0,4268600.0,2133900.0,,,,,530778637.0,596562000.0,,12162463.0,6981000.0,-5181463.0,,,7814000.0,64147300.0,56333300.0,,,,,,1.5,2.24,1.16,FY2016;FY2017;FY2018,3,June 2016,JOHNS HOPKINS BAYVIEW MEDICAL CENTER,29,1.0,JOHNS HOPKINS BAYVIEW MEDICAL CENTER,cms_name,high,2.24,1.16
JOHNS HOPKINS BAYVIEW MEDICAL CENTER,False,2017,,,3276000.0,645219500.0,650295100.0,5075600.0,,551909600.0,608201000.0,56291400.0,545302200.0,549917800.0,4615600.0,8909000.0,,,,,549111394.0,613834000.0,,2798206.0,-5633000.0,-8431206.0,,,6607400.0,58283200.0,51675800.0,,,,,,0.53,0.51,-0.93,FY2017;FY2018;FY2019,3,June 2017,JOHNS HOPKINS BAYVIEW MEDICAL CENTER,29,1.0,JOHNS HOPKINS BAYVIEW MEDICAL CENTER,cms_name,high,0.51,-0.93
JOHNS HOPKINS BAYVIEW MEDICAL CENTER,False,2018,,,811033.0,670224185.0,675481985.0,5257800.0,,567904541.0,625981788.0,58077247.0,560053114.0,564910914.0,4857800.0,7377245.0,,,,,565882659.0,632548000.0,,2021881.0,-6566212.0,-8588094.0,,,7851427.0,61070874.0,53219447.0,,,,,,0.13,0.36,-1.05,FY2018;FY2019;FY2020,3,June 2018,JOHNS HOPKINS BAYVIEW MEDICAL CENTER,29,1.0,JOHNS HOPKINS BAYVIEW MEDICAL CENTER,cms_name,high,0.36,-1.05
JOHNS HOPKINS BAYVIEW MEDICAL CENTER,False,2019,,,-787582.0,691568318.0,696809918.0,5241600.0,,586788532.0,648100418.0,61311887.0,578580718.0,583623018.0,5042300.0,3576000.0,,,,,582360399.0,652464000.0,,4428133.0,-4363582.0,-8791715.0,,,8207813.0,64477400.0,56269587.0,,,,,,-0.12,0.75,-0.67,FY2019;FY2020;FY2021,3,June 2019,JOHNS HOPKINS BAYVIEW MEDICAL CENTER,29,1.0,JOHNS HOPKINS BAYVIEW MEDICAL CENTER,cms_name,high,0.75,-0.67
JOHNS HOPKINS BAYVIEW MEDICAL CENTER,False,2020,,,-9792007.0,666316478.0,671862037.0,5545559.0,,563161159.0,669049993.0,105888833.0,554247032.0,559582031.0,5334999.0,-6964000.0,,,,,597499315.0,671878000.0,74378685.0,-34338156.0,-2828007.0,31510148.0,,,8914127.0,109467961.0,100553834.0,,,,,,-1.46,-6.1,-0.42,FY2020;FY2021;FY2022,3,June 2020,JOHNS HOPKINS BAYVIEW MEDICAL CENTER,29,1.0,JOHNS HOPKINS BAYVIEW MEDICAL CENTER,cms_name,high,-6.1,-0.42
JOHNS HOPKINS BAYVIEW MEDICAL CENTER,False,2021,,,,754928731.0,760392508.0,5463777.0,,633257377.0,716851412.0,83594035.0,626485979.0,631742266.0,5256287.0,25378000.0,,,,,637179346.0,714247000.0,77067654.0,-3921970.0,2604412.0,6526382.0,,,6771398.0,85109146.0,78337748.0,,,,,,,,,FY2021;FY2022;FY2023,3,June 2021,JOHNS HOPKINS BAYVIEW MEDICAL CENTER,29,1.0,JOHNS HOPKINS BAYVIEW MEDICAL CENTER,cms_name,high,-0.62,0.36
JOHNS HOPKINS BAYVIEW MEDICAL CENTER,False,2022,,,-34320002.0,778281041.0,783041550.0,4760509.0,,658221105.0,749049998.0,90828893.0,650301388.0,654881114.0,4579726.0,-9774000.0,,,,,680557337.0,773596000.0,93038663.0,-22336231.0,-24546002.0,-2209771.0,,,7919718.0,94168884.0,86249166.0,,,,,,-4.57,-3.39,-3.28,FY2022;FY2023;FY2024,3,June 2022,JOHNS HOPKINS BAYVIEW MEDICAL CENTER,29,1.0,JOHNS HOPKINS BAYVIEW MEDICAL CENTER,cms_name,high,-3.39,-3.28
JOHNS HOPKINS BAYVIEW MEDICAL CENTER,False,2023,,,-2936000.0,783284695.0,788251906.0,4967211.0,,657114944.0,763418000.0,106303056.0,643947307.0,648725780.0,4778473.0,-6042000.0,,,,,647678909.0,760312000.0,112633091.0,9436035.0,3106000.0,-6330035.0,,,13167637.0,114692220.0,101524583.0,,,,,,-0.38,1.44,0.41,FY2023;FY2024,2,June 2023,JOHNS HOPKINS BAYVIEW MEDICAL CENTER,29,1.0,JOHNS HOPKINS BAYVIEW MEDICAL CENTER,cms_name,high,1.44,0.41
JOHNS HOPKINS BAYVIEW MEDICAL CENTER,False,2024,,,18777000.0,828761549.0,833835902.0,5074353.0,,682601813.0,800765000.0,118163187.0,673842854.0,678724452.0,4881598.0,1523000.0,,,,,668976576.0,783511000.0,114534424.0,13625237.0,17254000.0,3628763.0,,,8758959.0,122040548.0,113281589.0,,,,,,2.31,2.0,2.15,FY2024,1,June 2024,JOHNS HOPKINS BAYVIEW MEDICAL CENTER,29,1.0,JOHNS HOPKINS BAYVIEW MEDICAL CENTER,cms_name,high,2.0,2.15
JOHNS HOPKINS HOSPITAL,False,2007,,,,1422728400.0,1438552089.0,15823689.0,,1241915775.0,1328577840.0,,1230640715.0,1242056753.0,11416038.0,,18794.88,19802.91,18624.24,18513.29,1213792687.0,1293410728.0,,,,,18369.27,19278.73,11275060.0,86521087.0,75246027.0,,,,,,,,,FY2009,1,June 2007,Johns Hopkins Hospital,9,0.975,"JOHNS HOPKINS HOSPITAL, THE",cms_name,high,,
JOHNS HOPKINS HOSPITAL,False,2008,,,,1532521600.0,1564356991.0,31835391.0,,1336639058.0,1435238937.0,,1324205233.0,1355193298.0,30988065.0,,19798.33,20678.01,19614.16,19524.77,1298299098.0,1392943327.0,,,,,19230.44,20068.65,12433825.0,80045639.0,67611814.0,,,,,,,,,FY2009;FY2010,2,June 2008,Johns Hopkins Hospital,9,0.975,"JOHNS HOPKINS HOSPITAL, THE",cms_name,high,,
JOHNS HOPKINS HOSPITAL,False,2009,,,,1620280400.0,1625720320.0,5439920.0,,1425445076.0,1532747407.0,,1412843376.0,1418085533.0,5242157.0,,20409.36,21733.02,20228.93,20107.21,1359674406.0,1470612081.0,,,,,19467.66,20852.0,12601700.0,114661874.0,102060174.0,,,,,,,,,FY2009;FY2010;FY2011,3,June 2009,Johns Hopkins Hospital,9,0.975,"JOHNS HOPKINS HOSPITAL, THE",cms_name,high,,
JOHNS HOPKINS HOSPITAL,False,2010,,,80254086.0,1709103100.0,1714754144.0,5651044.0,,1493443862.0,1610743523.0,,1480465000.0,1485245844.0,4780844.0,20587163.0,21263.68,22703.37,21078.89,20934.49,1425987171.0,1551076600.0,,,,,20303.23,21862.37,12978862.0,125497679.0,112518817.0,1057.39,4.19,4.2,2.56,-3.97,4.92,4.52,3.7,FY2010;FY2011;FY2012,3,June 2010,Johns Hopkins Hospital,9,0.975,"JOHNS HOPKINS HOSPITAL, THE",cms_name,high,,
JOHNS HOPKINS HOSPITAL,False,2011,,,81676531.0,1772066300.0,1780010957.0,7944657.0,,1539932053.0,1668514684.0,,1526449134.0,1533421424.0,6972290.0,23520276.0,21995.74,23630.85,21803.16,21717.55,1477115734.0,1610358429.0,,,,,21098.5,22807.2,13482919.0,135093260.0,121610341.0,1.77,3.44,3.44,-6.88,-2.53,4.83,4.08,3.49,FY2011;FY2012;FY2013,3,June 2011,Johns Hopkins Hospital,9,0.975,"JOHNS HOPKINS HOSPITAL, THE",cms_name,high,,
JOHNS HOPKINS HOSPITAL,False,2012,,,66111683.0,1851351500.0,1859191214.0,7839714.0,,1592753199.0,1724254341.0,131501142.0,1578655727.0,1585242258.0,6586531.0,32718682.0,21946.37,23529.22,21752.12,21632.26,1560026965.0,1690861340.0,,32726234.0,33393001.0,666767.0,21495.44,23073.54,14097472.0,139012083.0,124914611.0,-19.06,-0.22,-0.23,-47.9,-42.58,3.76,2.05,1.94,FY2012;FY2013;FY2014,3,June 2012,Johns Hopkins Hospital,9,0.975,"JOHNS HOPKINS HOSPITAL, THE",cms_name,high,2.05,1.94
JOHNS HOPKINS HOSPITAL,False,2013,,,51063077.0,2132419000.0,2140338391.0,7919391.0,,1775288117.0,1913128016.0,137839899.0,1760717473.0,1766832964.0,6115491.0,35094878.0,22981.31,24669.05,22792.69,22782.63,1757360894.0,1897159817.0,,17927223.0,15968199.0,-1959024.0,22749.24,24463.15,14570644.0,146295052.0,131724408.0,,,,,,2.62,1.01,0.83,FY2013;FY2014;FY2015,3,June 2013,Johns Hopkins Hospital,9,0.975,"JOHNS HOPKINS HOSPITAL, THE",cms_name,high,1.01,0.83
JOHNS HOPKINS HOSPITAL,False,2014,,,66850174.0,2172517900.0,2184869227.0,12351327.0,,1793452537.0,1959704552.0,166252015.0,1778796357.0,1789305472.0,10509115.0,35421690.0,,,,,1768501426.0,1928276090.0,,24951117.0,31428478.0,6477361.0,,,14656180.0,170399080.0,155742900.0,,,,,,3.35,1.39,1.6,FY2014;FY2015;FY2016,3,June 2014,JOHNS HOPKINS HOSPITAL;Johns Hopkins Hospital,9,0.975,"JOHNS HOPKINS HOSPITAL, THE",cms_name,high,1.39,1.6
JOHNS HOPKINS HOSPITAL,False,2015,,,49280467.0,2209868500.0,2216978516.0,7110016.0,,1854705447.0,2057138354.0,202432907.0,1839752921.0,1845197825.0,5444904.0,39589768.0,,,,,1842294064.0,2047447655.0,,12411383.0,9690699.0,-2720684.0,,,14952526.0,211940529.0,196988003.0,,,,,,2.35,0.67,0.47,FY2015;FY2016;FY2017,3,June 2015,JOHNS HOPKINS HOSPITAL;Johns Hopkins Hospital,9,0.975,"JOHNS HOPKINS HOSPITAL, THE",cms_name,high,0.67,0.47
JOHNS HOPKINS HOSPITAL,False,2016,,,62300768.0,2282683400.0,2292324676.0,9641276.0,,1931917560.0,2198851811.0,266934251.0,1916625561.0,1926266837.0,9641276.0,36798309.0,,,,,1904995652.0,2173349352.0,,26921908.0,25502459.0,-1419449.0,,,15291999.0,272584974.0,257292975.0,,,,,,2.79,1.39,1.16,FY2016;FY2017;FY2018,3,June 2016,JOHNS HOPKINS HOSPITAL,9,0.975,"JOHNS HOPKINS HOSPITAL, THE",cms_name,high,1.39,1.16
JOHNS HOPKINS HOSPITAL,False,2017,,,118547952.0,2352718900.0,2364485717.0,11766817.0,,1990574366.0,2303995549.0,313421183.0,1974827162.0,1986593979.0,11766817.0,121757904.0,,,,,2022839201.0,2307205501.0,,-32264835.0,-3209952.0,29054883.0,,,15747204.0,317401570.0,301654366.0,,,,,,4.84,-1.62,-0.14,FY2017;FY2018;FY2019,3,June 2017,JOHNS HOPKINS HOSPITAL,9,0.975,"JOHNS HOPKINS HOSPITAL, THE",cms_name,high,-1.62,-0.14
JOHNS HOPKINS HOSPITAL,False,2018,,,85439950.0,2409765550.0,2423681950.0,13916400.0,,2040626850.0,2407430250.0,366803400.0,2011390550.0,2025306950.0,13916400.0,74331700.0,,,,,2045293000.0,2396322000.0,,-4666150.0,11108250.0,15774400.0,,,29236300.0,382123300.0,352887000.0,,,,,,3.43,-0.23,0.46,FY2018;FY2019;FY2020,3,June 2018,JOHNS HOPKINS HOSPITAL,9,0.975,"JOHNS HOPKINS HOSPITAL, THE",cms_name,high,-0.23,0.46
JOHNS HOPKINS HOSPITAL,False,2019,,,46204030.0,2474648830.0,2494708330.0,20059500.0,,2128014430.0,2527690030.0,399675600.0,2084739830.0,2104799330.0,20059500.0,-5369000.0,,,,,2094922200.0,2476117000.0,,33092230.0,51573030.0,18480800.0,,,43274600.0,422890700.0,379616100.0,,,,,,1.8,1.56,2.04,FY2019;FY2020;FY2021,3,June 2019,JOHNS HOPKINS HOSPITAL,9,0.975,"JOHNS HOPKINS HOSPITAL, THE",cms_name,high,1.56,2.04
JOHNS HOPKINS HOSPITAL,False,2020,,,-108957800.0,2468450148.0,2489183300.0,20733152.0,,2082522748.0,2617502200.0,534979452.0,2037901348.0,2058634500.0,20733152.0,-67515000.0,,,,,2160287500.0,2658945000.0,498657500.0,-77764752.0,-41442800.0,36321952.0,,,44621400.0,558867700.0,514246300.0,,,,,,-4.14,-3.73,-1.58,FY2020;FY2021;FY2022,3,June 2020,JOHNS HOPKINS HOSPITAL,9,0.975,"JOHNS HOPKINS HOSPITAL, THE",cms_name,high,-3.73,-1.58
JOHNS HOPKINS HOSPITAL,False,2021,,,424726403.0,2759868230.0,2781629430.0,21761200.0,,2358021103.0,2953147003.0,595125900.0,2314133230.0,2335894430.0,21761200.0,280684400.0,,,,,2262771100.0,2809105000.0,546333900.0,95250003.0,144042003.0,48792000.0,,,43887873.0,617252573.0,573364700.0,,,,,,13.3,4.04,4.88,FY2021;FY2022;FY2023,3,June 2021,JOHNS HOPKINS HOSPITAL,9,0.975,"JOHNS HOPKINS HOSPITAL, THE",cms_name,high,4.04,4.88
JOHNS HOPKINS HOSPITAL,False,2022,,,-3289803.0,2832180125.0,2858035705.0,25855580.0,,2441418017.0,3042014197.0,600596180.0,2386916325.0,2412771905.0,25855580.0,-125166000.0,,,,,2375734100.0,2920138000.0,544403900.0,65683917.0,121876197.0,56192280.0,,,54501692.0,629242292.0,574740600.0,,,,,,-0.11,2.69,4.01,FY2022;FY2023;FY2024,3,June 2022,JOHNS HOPKINS HOSPITAL,9,0.975,"JOHNS HOPKINS HOSPITAL, THE",cms_name,high,2.69,4.01
JOHNS HOPKINS HOSPITAL,False,2023,,,127387800.0,2921370378.0,2950559232.0,29188854.0,,2495379346.0,3160041800.0,664662454.0,2417676978.0,2446865832.0,29188854.0,27797000.0,,,,,2455632500.0,3060451000.0,604818500.0,39746846.0,99590800.0,59843954.0,,,77702368.0,713175968.0,635473600.0,,,,,,3.84,1.59,3.15,FY2023;FY2024,2,June 2023,JOHNS HOPKINS HOSPITAL,9,0.975,"JOHNS HOPKINS HOSPITAL, THE",cms_name,high,1.59,3.15
JOHNS HOPKINS HOSPITAL,False,2024,,,108038900.0,3105851884.0,3136182516.0,30330632.0,,2605253068.0,3322152900.0,716899832.0,2539308684.0,2569639316.0,30330632.0,53857000.0,,,,,2620183600.0,3267971000.0,647787400.0,-14930532.0,54181900.0,69112432.0,,,65944384.0,752513584.0,686569200.0,,,,,,3.09,-0.57,1.63,FY2024,1,June 2024,JOHNS HOPKINS HOSPITAL,9,0.975,"JOHNS HOPKINS HOSPITAL, THE",cms_name,high,-0.57,1.63
JOHNS HOPKINS HOWARD COUNTY MEDICAL CENTER,False,2021,,,54816887.0,320587891.0,320587891.0,0.0,,277692660.0,297138444.0,19445784.0,277687901.0,277687901.0,0.0,42029443.0,,,,,269575308.0,284351000.0,14775692.0,8117352.0,12787444.0,4670092.0,,,4759.0,19450543.0,19445784.0,,,,,,16.15,2.92,4.3,FY2023,1,June 2021,JOHNS HOPKINS HOWARD COUNTY MEDICAL CENTER,48,1.0,JOHNS HOPKINS HOWARD COUNTY MEDICAL CENTER,cms_name,high,2.92,4.3
JOHNS HOPKINS HOWARD COUNTY MEDICAL CENTER,False,2022,,,-37585990.0,344977080.0,344977080.0,0.0,,300025207.0,310149812.0,10124605.0,299814034.0,299814034.0,0.0,-22289503.0,,,,,308768658.0,325446299.0,16677641.0,-8743451.0,-15296487.0,-6553036.0,,,211173.0,10335778.0,10124605.0,,,,,,-10.5,-2.91,-4.93,FY2023;FY2024,2,June 2022,JOHNS HOPKINS HOWARD COUNTY MEDICAL CENTER,48,1.0,JOHNS HOPKINS HOWARD COUNTY MEDICAL CENTER,cms_name,high,-2.91,-4.93
JOHNS HOPKINS HOWARD COUNTY MEDICAL CENTER,False,2023,,,6867000.0,356825066.0,356825066.0,0.0,,303745434.0,315653976.0,11908542.0,303392066.0,303392066.0,0.0,22862441.0,,,,,314058592.0,331649417.0,17590825.0,-10313158.0,-15995441.0,-5682283.0,,,353368.0,12261910.0,11908542.0,,,,,,2.02,-3.4,-5.07,FY2023;FY2024,2,June 2023,JOHNS HOPKINS HOWARD COUNTY MEDICAL CENTER,48,1.0,JOHNS HOPKINS HOWARD COUNTY MEDICAL CENTER,cms_name,high,-3.4,-5.07
JOHNS HOPKINS HOWARD COUNTY MEDICAL CENTER,False,2024,,,20712631.0,373181711.0,373181711.0,0.0,,316587312.0,324194036.0,7606724.0,316584711.0,316584711.0,0.0,27627631.0,,,,,311543564.0,331109035.0,19565471.0,5043748.0,-6915000.0,-11958747.0,,,2601.0,7609325.0,7606724.0,,,,,,5.88,1.59,-2.13,FY2024,1,June 2024,JOHNS HOPKINS HOWARD COUNTY MEDICAL CENTER,48,1.0,JOHNS HOPKINS HOWARD COUNTY MEDICAL CENTER,cms_name,high,1.59,-2.13
JOHNS HOPKINS SUBURBAN HOSPITAL,False,2022,,,-42052756.0,392501910.0,393220919.0,719009.0,,340441900.0,357572857.0,17130957.0,337029398.0,337748407.0,719009.0,-42082464.0,,,,,316142049.0,357543149.0,41401100.0,24299851.0,29708.0,-24270143.0,,,3412502.0,19824450.0,16411948.0,,,,,,-11.64,7.14,0.01,FY2024,1,June 2022,Johns Hopkins Suburban Hospital,9,0.846,Johns Hopkins,short_name,medium,7.14,0.01
JOHNS HOPKINS SUBURBAN HOSPITAL,False,2023,,,16165765.0,404912474.0,405577225.0,664751.0,,346569765.0,362171271.0,15601506.0,339589552.0,340254303.0,664751.0,30181978.0,,,,,332427884.0,376187484.0,43759600.0,14141881.0,-14016213.0,-28158094.0,,,6980212.0,21916968.0,14936755.0,,,,,,4.12,4.08,-3.87,FY2024,1,June 2023,Johns Hopkins Suburban Hospital,9,0.846,Johns Hopkins,short_name,medium,4.08,-3.87
JOHNS HOPKINS SUBURBAN HOSPITAL,False,2024,,,30414253.0,431677954.0,432165348.0,487394.0,,369974923.0,383450713.0,13475791.0,362453688.0,362941082.0,487394.0,38837000.0,,,,,345650345.0,391873461.0,46223116.0,24324578.0,-8422747.0,-32747325.0,,,7521235.0,20509631.0,12988396.0,,,,,,7.2,6.57,-2.2,FY2024,1,June 2024,Johns Hopkins Suburban Hospital,9,0.846,Johns Hopkins,short_name,medium,6.57,-2.2
LAUREL REGIONAL HOSPITAL,False,2009,,,,91640000.0,96180332.0,4540332.0,,77224783.0,78520042.0,,76473729.0,77768988.0,1295259.0,,7687.53,7991.54,7612.76,7915.1,83281501.0,90274361.0,,,,,8290.46,9187.86,751054.0,751054.0,0.0,,,,,,,,,FY2011,1,June 2009,Laurel Regional Hospital,55,0.975,Laurel,short_name,high,,
LAUREL REGIONAL HOSPITAL,False,2010,,,481300.0,102846900.0,107096325.0,4249425.0,,85506210.0,86738544.0,,85075631.0,86307965.0,1232334.0,6056896.0,8843.34,9170.22,8798.81,9124.7,85563681.0,92314140.0,,,,,8849.29,9759.69,430579.0,430579.0,0.0,104.12,15.03,15.58,99.05,52.57,0.52,-0.07,-6.43,FY2011;FY2012,2,June 2010,Laurel Regional Hospital,55,0.975,Laurel,short_name,high,,
LAUREL REGIONAL HOSPITAL,False,2011,,,917936.0,103068600.0,107101788.0,4033188.0,,84979870.0,86495939.0,,84354149.0,85678636.0,1324486.0,8601136.0,8967.33,8783.6,8901.3,8700.6,87305281.0,94179139.0,,,,,9212.72,9563.82,625721.0,817303.0,191582.0,90.72,1.4,1.16,-3946.23,-37.8,0.97,-2.74,-8.88,FY2011;FY2012;FY2013,3,June 2011,Laurel Regional Hospital,55,0.975,Laurel,short_name,high,,
LAUREL REGIONAL HOSPITAL,False,2012,,,97632.0,118724400.0,122686130.0,3961730.0,,93765714.0,95288314.0,1522599.0,93954841.0,95228087.0,1273246.0,9150000.0,10595.14,10419.49,10616.51,10412.91,96874582.0,104340682.0,,-3108868.0,-9052368.0,-5943501.0,10946.43,11409.34,-189126.0,60227.0,249353.0,-89.36,18.15,19.27,-33.69,-17.82,0.09,-3.32,-9.5,FY2012;FY2013;FY2014,3,June 2012,Laurel Regional Hospital,55,0.975,Laurel,short_name,high,-3.32,-9.5
LAUREL REGIONAL HOSPITAL,False,2013,,,-1570163.0,121542100.0,125308880.0,3766780.0,,98768306.0,100529393.0,1761086.0,98649934.0,100127755.0,1477821.0,8700000.0,10687.62,10551.18,10674.81,10509.03,101679156.0,110799556.0,,-2910849.0,-10270163.0,-7359314.0,11002.6,11629.1,118373.0,401638.0,283265.0,,,,,,-1.44,-2.95,-10.22,FY2013;FY2014;FY2015,3,June 2013,Laurel Regional Hospital,55,0.975,Laurel,short_name,high,-2.95,-10.22
LAUREL REGIONAL HOSPITAL,False,2014,,,-685989.0,118865000.0,124054156.0,5189156.0,,100647473.0,102454630.0,1807157.0,97912231.0,99413352.0,1501121.0,8550000.0,,,,,104245610.0,111690619.0,,-3598137.0,-9235989.0,-5637852.0,,,2735242.0,3041278.0,306036.0,,,,,,-0.62,-3.57,-9.01,FY2014;FY2015;FY2016,3,June 2014,LAUREL REGIONAL HOSPITAL;Laurel Regional Hospital,55,0.975,Laurel,short_name,high,-3.57,-9.01
LAUREL REGIONAL HOSPITAL,False,2015,,,-9114741.0,106467900.0,107985891.0,1517991.0,,91868363.0,92268492.0,400129.0,90359092.0,90482885.0,123792.0,7391088.0,,,,,96291469.0,108774321.0,,-4423106.0,-16505829.0,-12082723.0,,,1509271.0,1785607.0,276336.0,,,,,,-9.15,-4.81,-17.89,FY2015;FY2016,2,June 2015,LAUREL REGIONAL HOSPITAL;Laurel Regional Hospital,55,0.975,Laurel,short_name,high,-4.81,-17.89
LAUREL REGIONAL HOSPITAL,False,2016,,,-1232453.0,106117500.0,108103172.0,1985672.0,,91636749.0,93306101.0,1669352.0,90443295.0,91863143.0,1419848.0,2833438.0,,,,,85066992.0,97371992.0,,6569757.0,-4065891.0,-10635648.0,,,1193454.0,1442958.0,249504.0,,,,,,-1.28,7.17,-4.36,FY2016,1,June 2016,LAUREL REGIONAL HOSPITAL,55,0.975,Laurel,short_name,high,7.17,-4.36
LAUREL REGIONAL MEDICAL CENTER,False,2007,,,,85721400.0,89819980.0,4098580.0,,71998722.0,73395315.0,,71133998.0,72504991.0,1370993.0,,7596.12,7390.13,7504.89,7300.48,75326230.0,80242769.0,,,,,7947.19,8079.59,864724.0,890324.0,25600.0,,,,,,,,,FY2009,1,June 2007,Laurel Regional Medical Center,55,0.975,Laurel,short_name,high,,
LAUREL REGIONAL MEDICAL CENTER,False,2008,,,,93150500.0,97456362.0,4305862.0,,77926214.0,79153476.0,,77436743.0,78664005.0,1227262.0,,7979.27,7746.84,7929.15,7698.94,79839494.0,86122739.0,,,,,8175.18,8428.93,489471.0,489471.0,0.0,,,,,,,,,FY2009;FY2010,2,June 2008,Laurel Regional Medical Center,55,0.975,Laurel,short_name,high,,
LAUREL REGIONAL MEDICAL CENTER,False,2009,,,,91640000.0,96180332.0,4540332.0,,77224783.0,78520042.0,,76473729.0,77768988.0,1295259.0,,7687.53,7991.54,7612.76,7915.1,83281501.0,90274361.0,,,,,8290.46,9187.86,751054.0,751054.0,0.0,,,,,,,,,FY2009;FY2010,2,June 2009,Laurel Regional Medical Center,55,0.975,Laurel,short_name,high,,
LAUREL REGIONAL MEDICAL CENTER,False,2010,,,,102846900.0,107096325.0,4249425.0,,85506210.0,86738544.0,,85075631.0,86307965.0,1232334.0,,8843.34,9170.22,8798.81,9124.7,85563681.0,92314140.0,,,,,8849.29,9759.69,430579.0,430579.0,0.0,,,,,,,,,FY2010,1,June 2010,Laurel Regional Medical Center,55,0.975,Laurel,short_name,high,,
LEVINDALE,False,2014,,,6801826.0,54541800.0,89885387.0,35343587.0,,49211923.0,78058728.0,28846805.0,47571840.0,76363670.0,28791830.0,3575884.0,,,,,42154535.0,74832787.0,,7057388.0,3225941.0,-3831447.0,,,1640083.0,1695058.0,54975.0,,,,,,8.33,14.34,4.13,FY2015;FY2016,2,June 2014,LEVINDALE;Levindale,5033,1.0,Levindale,short_name,high,14.34,4.13
LEVINDALE,False,2015,,,780648.0,59785479.0,92512651.0,32727172.0,,47655961.0,74421752.0,26765791.0,46832627.0,73392044.0,26559417.0,-1019876.0,,,,,39404902.0,72621228.0,,8251059.0,1800524.0,-6450535.0,,,823334.0,1029708.0,206374.0,,,,,,1.06,17.31,2.42,FY2015;FY2016;FY2017,3,June 2015,LEVINDALE;Levindale,5033,1.0,Levindale,short_name,high,17.31,2.42
LEVINDALE,False,2016,,,3926188.0,60312800.0,92978854.0,32666054.0,,50613374.0,76920240.0,26306866.0,48514862.0,74649399.0,26134537.0,-457179.0,,,,,41623303.0,72536873.0,,8990071.0,4383367.0,-4606704.0,,,2098512.0,2270841.0,172329.0,,,,,,5.13,17.76,5.7,FY2016;FY2017;FY2018,3,June 2016,LEVINDALE,5033,1.0,Levindale,short_name,high,17.76,5.7
LEVINDALE,False,2017,,,6856438.0,59432000.0,93495990.0,34063990.0,,50334738.0,78557787.0,28223049.0,48076896.0,76112503.0,28035607.0,2414091.0,,,,,42262523.0,74115440.0,,8072215.0,4442347.0,-3629868.0,,,2257842.0,2445284.0,187442.0,,,,,,8.47,16.04,5.65,FY2017;FY2018;FY2019,3,June 2017,LEVINDALE,5033,1.0,Levindale,short_name,high,16.04,5.65
LEVINDALE,False,2018,,,5289610.0,59877227.0,93820156.0,33942929.0,,53202459.0,81064436.0,27861977.0,50563210.0,78239700.0,27676490.0,1951018.0,,,,,43648876.0,77725844.0,,9553584.0,3338592.0,-6214991.0,,,2639249.0,2824736.0,185487.0,,,,,,6.37,17.96,4.12,FY2018;FY2019;FY2020,3,June 2018,LEVINDALE,5033,1.0,Levindale,short_name,high,17.96,4.12
LEVINDALE,False,2019,,,3030525.0,60471262.0,93450426.0,32979164.0,,52666807.0,79463852.0,26797045.0,50839588.0,77444847.0,26605259.0,1379857.0,,,,,43558391.0,77813184.0,,9108416.0,1650668.0,-7457748.0,,,1827219.0,2019005.0,191786.0,,,,,,3.75,17.29,2.08,FY2019;FY2020;FY2021,3,June 2019,LEVINDALE,5033,1.0,Levindale,short_name,high,17.29,2.08
LEVINDALE,False,2020,,,4833047.0,63226315.0,95557450.0,32331135.0,,58054657.0,84698543.0,26643886.0,51807185.0,78285691.0,26478506.0,971334.0,,,,,45914923.0,80836830.0,34921907.0,12139734.0,3861713.0,-8278021.0,,,6247472.0,6412852.0,165380.0,,,,,,5.64,20.91,4.56,FY2020;FY2021;FY2022,3,June 2020,LEVINDALE,5033,1.0,Levindale,short_name,high,20.91,4.56
LEVINDALE,False,2021,,,-4399728.0,55385277.0,88537632.0,33152355.0,,47655697.0,74773899.0,27118202.0,45873438.0,72858927.0,26985489.0,4556655.0,,,,,45060792.0,83730282.0,38669490.0,2594905.0,-8956383.0,-11551288.0,,,1782259.0,1914972.0,132713.0,,,,,,-5.55,5.45,-11.98,FY2021;FY2022;FY2023,3,June 2021,LEVINDALE,5033,1.0,Levindale,short_name,high,5.45,-11.98
LEVINDALE,False,2022,,,4558797.0,74237915.0,107646302.0,33408387.0,,64130601.0,92418900.0,28288299.0,62903329.0,90254333.0,27351004.0,-2714061.0,,,,,46951946.0,85146042.0,38194096.0,17178655.0,7272858.0,-9905797.0,,,1227272.0,2164567.0,937295.0,,,,,,5.08,26.79,7.87,FY2022;FY2023,2,June 2022,LEVINDALE,5033,1.0,Levindale,short_name,high,26.79,7.87
LEVINDALE,False,2023,,,8497473.0,68907086.0,102352433.0,33445347.0,,60033586.0,87965927.0,27932341.0,56920733.0,84206718.0,27285985.0,2137741.0,,,,,44536449.0,81606195.0,37069746.0,15497137.0,6359732.0,-9137405.0,,,3112853.0,3759209.0,646356.0,,,,,,9.43,25.81,7.23,FY2023,1,June 2023,LEVINDALE,5033,1.0,Levindale,short_name,high,25.81,7.23
LEVINDALE HOSPITAL,False,2005,,,4700000.0,,59012600.0,,779.0,,51528500.0,,,50062500.0,,-3568900.0,,,,,,43259600.0,,,8268900.0,,,,,1466000.0,,,,,,,,,,FY2007,1,YEAR 2005,Levindale Hospital,5033,0.975,Levindale,short_name,high,,16.05
LEVINDALE HOSPITAL,False,2006,,,2531800.0,,59993200.0,,720.0,,53682000.0,,,52218700.0,,-4961200.0,,,,,,46189000.0,,,7493000.0,,,,,1463300.0,,,,,,,,,,FY2007,1,YEAR 2006,Levindale Hospital,5033,0.975,Levindale,short_name,high,,13.96
LEVINDALE HOSPITAL,False,2007,,,9083700.0,,61976500.0,,696.0,,57596200.0,,,55701100.0,,497000.0,,,,,,49009500.0,,,8586700.0,,,,,1895100.0,,,,,,,,,,FY2007;FY2009,2,YEAR 2007,Levindale Hospital,5033,0.975,Levindale,short_name,high,,14.91
LEVINDALE HOSPITAL,False,2008,,,6087700.0,,64469200.0,,721.0,,62860700.0,,,61303200.0,,-6797600.0,,,,,,49975400.0,,,12885300.0,,,,,1557500.0,,,,,,,,,,FY2009;FY2010,2,YEAR 2008,Levindale Hospital,5033,0.975,Levindale,short_name,high,,20.5
LEVINDALE HOSPITAL,False,2009,,,-619600.0,,67857200.0,,749.0,,60543900.0,,,59584000.0,,-9677900.0,,,,,,51485600.0,,,9058300.0,,,,,959900.0,,,,,,,,,,FY2009;FY2010;FY2011,3,YEAR 2009,Levindale Hospital,5033,0.975,Levindale,short_name,high,,14.96
LEVINDALE HOSPITAL,False,2010,,,576764.0,,64879000.0,,688.0,,56536431.0,,,55675331.0,,-3669778.0,,,,,,52289889.0,,,4246542.0,,,,,861100.0,,,,,,,,,,FY2010;FY2011;FY2012,3,YEAR 2010,Levindale Hospital,5033,0.975,Levindale,short_name,high,,7.51
LEVINDALE HOSPITAL,False,2011,,,1307960.0,,57501400.0,,893.0,,49388725.0,,,47973225.0,,-320823.0,,,,,,47759942.0,,,1628783.0,,,,,1415500.0,,,,,,,,,,FY2011;FY2012;FY2013,3,YEAR 2011,Levindale Hospital,5033,0.975,Levindale,short_name,high,,3.3
LEVINDALE HOSPITAL,False,2012,,,511050.0,,52498900.0,,1578.0,,51029494.0,,,49039494.0,,-7177520.0,,,,,,43340924.0,,,7688570.0,,,,,1990000.0,,,,,,,,,,FY2012;FY2013,2,YEAR 2012,Levindale Hospital,5033,0.975,Levindale,short_name,high,,15.07
LEVINDALE HOSPITAL,False,2013,,,2108255.0,,53610200.0,,1324.0,,50043386.0,,,48264286.0,,-3534070.0,,,,,,44401061.0,,,5642325.0,,,,,1779100.0,,,,,,,,,,FY2013,1,YEAR 2013,Levindale Hospital,5033,0.975,Levindale,short_name,high,,11.27
LEVINDALE4,False,2014,,,6801826.0,54541800.0,89885387.0,35343587.0,,49211923.0,78058728.0,28846805.0,47571840.0,76363670.0,28791830.0,3575884.0,,,,,41997200.0,74832800.0,,7214700.0,3225900.0,-3988800.0,,,1640083.0,1695058.0,54975.0,,,,,,,,,FY2014,1,June 2014,Levindale4,5033,0.947,Levindale,short_name,high,14.66,4.13
LIFEBRIDGE HEALTH CARROLL HOSPITAL CENTER,False,2022,,,-17821696.0,258148447.0,352104911.0,93956464.0,,233764923.0,279824797.0,46059874.0,222667123.0,267731110.0,45063987.0,-28360910.0,,,,,212285619.0,269285583.0,56999964.0,21479304.0,10539214.0,-10940090.0,,,11097800.0,12093687.0,995887.0,,,,,,-7.09,9.19,3.77,FY2024,1,June 2022,LifeBridge Health Carroll Hospital Center,33,0.805,Lifebridge- Carroll,hscrc_name,medium,9.19,3.77
LIFEBRIDGE HEALTH CARROLL HOSPITAL CENTER,False,2023,,,34533353.0,265924528.0,363831528.0,97907000.0,,241991942.0,290616590.0,48624648.0,226917377.0,274473824.0,47556447.0,23389493.0,,,,,219473520.0,279472729.0,59999209.0,22518422.0,11143860.0,-11374561.0,,,15074565.0,16142766.0,1068201.0,,,,,,11.0,9.31,3.83,FY2024,1,June 2023,LifeBridge Health Carroll Hospital Center,33,0.805,Lifebridge- Carroll,hscrc_name,medium,9.31,3.83
LIFEBRIDGE HEALTH CARROLL HOSPITAL CENTER,False,2024,,,50789607.0,294002396.0,396215481.0,102213085.0,,264382453.0,317808534.0,53426081.0,251981612.0,302812967.0,50831355.0,22822801.0,,,,,218498303.0,289841728.0,71343425.0,45884150.0,27966806.0,-17917344.0,,,12400841.0,14995567.0,2594726.0,,,,,,14.91,17.36,8.8,FY2024,1,June 2024,LifeBridge Health Carroll Hospital Center,33,0.805,Lifebridge- Carroll,hscrc_name,medium,17.36,8.8
LIFEBRIDGE HEALTH GRACE MEDICAL CENTER,False,2022,,,-9941339.0,28774744.0,60460149.0,31685405.0,,23520266.0,33222090.0,9701824.0,22835537.0,31903432.0,9067895.0,-65289.0,,,,,30265814.0,43098140.0,12832326.0,-6745547.0,-9876050.0,-3130503.0,,,684729.0,1318658.0,633929.0,,,,,,-29.98,-28.68,-29.73,FY2024,1,August 2022,LifeBridge Health Grace Medical Center,13,0.796,Lifebridge- Grace,hscrc_name,medium,-28.68,-29.73
LIFEBRIDGE HEALTH GRACE MEDICAL CENTER,False,2023,,,3438993.0,34673288.0,72294993.0,37621705.0,,27884313.0,38628993.0,10744680.0,26745634.0,36195993.0,9450359.0,15254000.0,,,,,31541781.0,50444000.0,18902219.0,-3657468.0,-11815007.0,-8157539.0,,,1138679.0,2433000.0,1294321.0,,,,,,6.38,-13.12,-30.59,FY2024,1,August 2023,LifeBridge Health Grace Medical Center,13,0.796,Lifebridge- Grace,hscrc_name,medium,-13.12,-30.59
LIFEBRIDGE HEALTH GRACE MEDICAL CENTER,False,2024,,,-14967028.0,33202184.0,67383184.0,34181000.0,,29273240.0,36383628.0,7110388.0,27153619.0,33511158.0,6357539.0,-7000.0,,,,,32288518.0,51343655.0,19055137.0,-3015279.0,-14960028.0,-11944749.0,,,2119621.0,2872470.0,752849.0,,,,,,-41.14,-10.3,-41.12,FY2024,1,June 2024,LifeBridge Health Grace Medical Center,13,0.796,Lifebridge- Grace,hscrc_name,medium,-10.3,-41.12
LIFEBRIDGE HEALTH LEVINDALE,False,2022,,,4558797.0,74237915.0,107646302.0,33408387.0,,64130601.0,92418900.0,28288299.0,62903329.0,90254333.0,27351004.0,-2714061.0,,,,,46951946.0,85146042.0,38194096.0,17178655.0,7272858.0,-9905797.0,,,1227272.0,2164567.0,937295.0,,,,,,5.08,26.79,7.87,FY2024,1,June 2022,LifeBridge Health Levindale,5033,0.926,Lifebridge- Levindale,hscrc_name,high,26.79,7.87
LIFEBRIDGE HEALTH LEVINDALE,False,2023,,,8497473.0,68907086.0,102352433.0,33445347.0,,60033586.0,87965927.0,27932341.0,56920733.0,84206718.0,27285985.0,2137741.0,,,,,44536449.0,81606195.0,37069746.0,15497137.0,6359732.0,-9137405.0,,,3112853.0,3759209.0,646356.0,,,,,,9.43,25.81,7.23,FY2024,1,June 2023,LifeBridge Health Levindale,5033,0.926,Lifebridge- Levindale,hscrc_name,high,25.81,7.23
LIFEBRIDGE HEALTH LEVINDALE,False,2024,,,10038933.0,67965551.0,101665920.0,33700369.0,,56037986.0,84918291.0,28880305.0,54502869.0,82357196.0,27854327.0,2383348.0,,,,,41785620.0,77262706.0,35477086.0,14252366.0,7655585.0,-6596781.0,,,1535117.0,2561095.0,1025978.0,,,,,,11.5,25.43,9.02,FY2024,1,June 2024,LifeBridge Health Levindale,5033,0.926,Lifebridge- Levindale,hscrc_name,high,25.43,9.02
LIFEBRIDGE HEALTH NORTHWEST HOSPITAL CENTER,False,2022,,,-19147706.0,301664524.0,354883028.0,53218504.0,,266131499.0,298557982.0,32426483.0,260293639.0,290172077.0,29878438.0,-12378353.0,,,,,240746541.0,305327335.0,64580794.0,25384958.0,-6769353.0,-32154311.0,,,5837860.0,8385905.0,2548045.0,,,,,,-6.69,9.54,-2.27,FY2024,1,June 2022,LifeBridge Health Northwest Hospital Center,40,0.817,Lifebridge- Northwest,hscrc_name,medium,9.54,-2.27
LIFEBRIDGE HEALTH NORTHWEST HOSPITAL CENTER,False,2023,,,-1481030.0,310414480.0,364502301.0,54087821.0,,272945774.0,307462482.0,34516708.0,266499749.0,297877874.0,31378125.0,8876421.0,,,,,250976112.0,317819933.0,66843821.0,21969662.0,-10357451.0,-32327113.0,,,6446025.0,9584608.0,3138583.0,,,,,,-0.47,8.05,-3.37,FY2024,1,June 2023,LifeBridge Health Northwest Hospital Center,40,0.817,Lifebridge- Northwest,hscrc_name,medium,8.05,-3.37
LIFEBRIDGE HEALTH NORTHWEST HOSPITAL CENTER,False,2024,,,-577418.0,311836440.0,353332047.0,41495607.0,,266608487.0,292937289.0,26328802.0,261762970.0,284951177.0,23188207.0,8595760.0,,,,,238767737.0,302110467.0,63342730.0,27840750.0,-9173178.0,-37013928.0,,,4845517.0,7986112.0,3140595.0,,,,,,-0.19,10.44,-3.13,FY2024,1,June 2024,LifeBridge Health Northwest Hospital Center,40,0.817,Lifebridge- Northwest,hscrc_name,medium,10.44,-3.13
LIFEBRIDGE HEALTH SINAI HOSPITAL,False,2022,,,11515680.0,940026414.0,1184611646.0,244585232.0,,826179068.0,966462775.0,140283707.0,804616796.0,908072680.0,103455884.0,-42611000.0,,,,,715834671.0,912336095.0,196501424.0,110344397.0,54126680.0,-56217717.0,,,21562272.0,58390095.0,36827823.0,,,,,,1.25,13.36,5.6,FY2024,1,June 2022,LifeBridge Health Sinai Hospital,12,0.833,Lifebridge- Sinai,hscrc_name,medium,13.36,5.6
LIFEBRIDGE HEALTH SINAI HOSPITAL,False,2023,,,44391054.0,949076151.0,1200813012.0,251736860.0,,814114748.0,958412988.0,144298240.0,793704566.0,904511054.0,110806489.0,40413000.0,,,,,726701775.0,954434934.0,227733159.0,87412972.0,3978054.0,-83434918.0,,,20410182.0,53901934.0,33491752.0,,,,,,4.44,10.74,0.42,FY2024,1,June 2023,LifeBridge Health Sinai Hospital,12,0.833,Lifebridge- Sinai,hscrc_name,medium,10.74,0.42
LIFEBRIDGE HEALTH SINAI HOSPITAL,False,2024,,,60633065.0,961717881.0,1212885979.0,251168098.0,,818484932.0,967334646.0,148849714.0,804921429.0,915617065.0,110695636.0,39093000.0,,,,,712346938.0,945794581.0,233447643.0,106137994.0,21540065.0,-84597928.0,,,13563503.0,51717581.0,38154078.0,,,,,,6.02,12.97,2.23,FY2024,1,June 2024,LifeBridge Health Sinai Hospital,12,0.833,Lifebridge- Sinai,hscrc_name,medium,12.97,2.23
LUMINIS HEALTH ANNE ARUNDEL MEDICAL CENTER,False,2022,,,-27828669.0,724138500.0,760589504.0,36451004.0,,639647925.0,665904431.0,26256505.0,630312825.0,643763631.0,13450805.0,-10882000.0,,,,,612124120.0,682851100.0,70726980.0,27523805.0,-16946669.0,-44470474.0,,,9335100.0,22140800.0,12805700.0,,,,,,-4.25,4.3,-2.54,FY2024,1,June 2022,Luminis Health Anne Arundel Medical Center,23,0.977,"LUMINIS HEALTH ANNE ARUNDEL MEDICAL CENTER, INC",cms_name,high,4.3,-2.54
LUMINIS HEALTH ANNE ARUNDEL MEDICAL CENTER,False,2023,,,37264937.0,749524800.0,781013684.0,31488884.0,,615569509.0,636926937.0,21357428.0,608630183.0,620930937.0,12300754.0,47448000.0,,,,,580138043.0,647110000.0,66971957.0,35431466.0,-10183063.0,-45614529.0,,,6939326.0,15996000.0,9056674.0,,,,,,5.45,5.76,-1.6,FY2024,1,June 2023,Luminis Health Anne Arundel Medical Center,23,0.977,"LUMINIS HEALTH ANNE ARUNDEL MEDICAL CENTER, INC",cms_name,high,5.76,-1.6
LUMINIS HEALTH ANNE ARUNDEL MEDICAL CENTER,False,2024,,,67069997.0,746989000.0,782116994.0,35127994.0,,635628961.0,657877997.0,22249036.0,630365072.0,643445997.0,13080925.0,48779000.0,,,,,564249309.0,639587000.0,75337691.0,71379651.0,18290997.0,-53088654.0,,,5263889.0,14432000.0,9168111.0,,,,,,9.49,11.23,2.78,FY2024,1,June 2024,Luminis Health Anne Arundel Medical Center,23,0.977,"LUMINIS HEALTH ANNE ARUNDEL MEDICAL CENTER, INC",cms_name,high,11.23,2.78
LUMINIS HEALTH DOCTORS COMMUNITY MEDICAL CENTER,False,2022,,,-16920815.0,263081000.0,264416820.0,1335820.0,,225247829.0,228932369.0,3684539.0,220183871.0,221233369.0,1049498.0,-1566707.0,,,,,229922488.0,244286477.0,14363989.0,-4674659.0,-15354108.0,-10679450.0,,,5063959.0,7699000.0,2635041.0,,,,,,-7.44,-2.08,-6.71,FY2024,1,June 2022,Luminis Health Doctors Community Medical Center,51,0.894,"LUMINIS HEALTH DOCTORS COMMUNITY MEDICAL CTR, INC",cms_name,high,-2.08,-6.71
LUMINIS HEALTH DOCTORS COMMUNITY MEDICAL CENTER,False,2023,,,-14271690.0,308601200.0,309297412.0,696212.0,,231000215.0,233422310.0,2422096.0,228329915.0,228730310.0,400396.0,-474000.0,,,,,229662179.0,247220000.0,17557821.0,1338036.0,-13797690.0,-15135725.0,,,2670300.0,4692000.0,2021700.0,,,,,,-6.13,0.58,-5.91,FY2024,1,June 2023,Luminis Health Doctors Community Medical Center,51,0.894,"LUMINIS HEALTH DOCTORS COMMUNITY MEDICAL CTR, INC",cms_name,high,0.58,-5.91
LUMINIS HEALTH DOCTORS COMMUNITY MEDICAL CENTER,False,2024,,,-8186606.0,308883300.0,309395126.0,511826.0,,250562159.0,253853394.0,3291235.0,248446159.0,248824394.0,378235.0,-2441000.0,,,,,235424693.0,259599000.0,24174307.0,15137467.0,-5745606.0,-20883073.0,,,2116000.0,5029000.0,2913000.0,,,,,,-3.26,6.04,-2.26,FY2024,1,June 2024,Luminis Health Doctors Community Medical Center,51,0.894,"LUMINIS HEALTH DOCTORS COMMUNITY MEDICAL CTR, INC",cms_name,high,6.04,-2.26
MARYLAND GENERAL HOSPITAL,False,2007,,,,170567000.0,171704872.0,1137872.0,,132625516.0,144833907.0,,142357835.0,143421622.0,1063788.0,,8770.78,9514.67,9414.39,9421.89,123604535.0,144666055.0,,,,,8174.2,9503.64,-9732319.0,1412285.0,11144604.0,,,,,,,,,FY2009,1,June 2007,Maryland General Hospital,61,0.67,ATLANTIC GENERAL HOSPITAL,cms_name,medium,,
MARYLAND GENERAL HOSPITAL,False,2008,,,,180632100.0,181613864.0,981764.0,,152319113.0,154170000.0,,151988277.0,152670810.0,682533.0,,10133.61,10201.3,10111.6,10102.1,135532597.0,151361000.0,,,,,9016.82,10015.43,330836.0,1499190.0,1168354.0,,,,,,,,,FY2009;FY2010,2,June 2008,Maryland General Hospital,61,0.67,ATLANTIC GENERAL HOSPITAL,cms_name,medium,,
MARYLAND GENERAL HOSPITAL,False,2009,,,,181868000.0,190303023.0,8435023.0,,158094097.0,167464063.0,,156919437.0,165235293.0,8315856.0,,10637.83,10768.86,10558.79,10625.53,142361768.0,166541201.0,,,,,9579.23,10709.51,1174660.0,2228770.0,1054110.0,,,,,,,,,FY2009;FY2010;FY2011,3,June 2009,Maryland General Hospital,61,0.67,ATLANTIC GENERAL HOSPITAL,cms_name,medium,,
MARYLAND GENERAL HOSPITAL,False,2010,,,3754637.0,178831900.0,186958807.0,8126907.0,,153942311.0,163258590.0,,153660657.0,161664189.0,8003532.0,828000.0,10778.49,10933.89,10758.77,10827.11,136446598.0,160331953.0,,,,,9553.5,10737.89,281654.0,1594401.0,1312747.0,366.03,1.32,1.89,11.21,217.13,2.29,11.37,1.79,FY2010;FY2011;FY2012,3,June 2010,Maryland General Hospital,61,0.67,ATLANTIC GENERAL HOSPITAL,cms_name,medium,,
MARYLAND GENERAL HOSPITAL,False,2011,,,4159138.0,183154500.0,191566568.0,8412068.0,,155249163.0,164792138.0,,155116834.0,163456583.0,8339749.0,-108000.0,11455.23,11625.43,11445.47,11531.21,136759389.0,160525000.0,,,,,10090.94,11324.4,132329.0,1335555.0,1203226.0,10.77,6.28,6.38,5.68,45.8,2.53,11.91,2.59,FY2011;FY2012,2,June 2011,Maryland General Hospital,61,0.67,ATLANTIC GENERAL HOSPITAL,cms_name,medium,,
MARYLAND GENERAL HOSPITAL,False,2012,,,-4813010.0,185438390.0,193492549.0,8054159.0,,154907773.0,164074016.0,,154041944.0,162050715.0,8008771.0,-678000.0,11556.93,11731.26,11492.34,11586.59,144339647.0,168209026.0,,,,,10768.5,12026.91,865829.0,2023301.0,1157473.0,-215.72,0.89,0.41,-42.84,-196.9,-2.93,6.82,-2.52,FY2012,1,June 2012,Maryland General Hospital,61,0.67,ATLANTIC GENERAL HOSPITAL,cms_name,medium,,
MCCREADY HEALTH PAVILION,False,2017,,,-631681.0,16897400.0,19394134.0,2496734.0,,13603194.0,15201753.0,1598559.0,13334047.0,14929681.0,1595634.0,85695.0,,,,,14801908.0,15919129.0,,-1198714.0,-717376.0,481338.0,,,269147.0,272072.0,2925.0,,,,,,-4.13,-8.81,-4.72,FY2019,1,June 2017,MCCREADY HEALTH PAVILION,45,0.795,McCready,short_name,medium,-8.81,-4.72
MCCREADY HEALTH PAVILION,False,2018,,,-690028.0,17147300.0,20177078.0,3029778.0,,14096434.0,16202219.0,2105785.0,13913545.0,16011756.0,2098212.0,63615.0,,,,,15791553.0,16955862.0,,-1695120.0,-753643.0,941477.0,,,182889.0,190463.0,7574.0,,,,,,-4.24,-12.03,-4.65,FY2019,1,June 2018,MCCREADY HEALTH PAVILION,45,0.795,McCready,short_name,medium,-12.03,-4.65
MCCREADY HEALTH PAVILION,False,2019,,,-389580.0,16060200.0,18842173.0,2781973.0,,13266008.0,15750432.0,2484424.0,11564234.0,14046107.0,2481873.0,282538.0,,,,,13558969.0,16422550.0,,-292961.0,-672118.0,-379157.0,,,1701774.0,1704325.0,2551.0,,,,,,-2.43,-2.21,-4.27,FY2019,1,June 2019,MCCREADY HEALTH PAVILION,45,0.795,McCready,short_name,medium,-2.21,-4.27
MCCREADY HOSPITAL,False,2009,,,,16819985.0,19547903.0,2727918.0,,13688901.0,15167179.0,,13674977.0,15142256.0,1467279.0,,7599.87,7615.29,7592.14,7602.77,9891535.0,13651014.0,,,,,5491.63,6854.04,13924.0,24923.0,10999.0,,,,,,,,,FY2011,1,June 2009,McCready Hospital,45,0.975,McCready,short_name,high,,
MCCREADY HOSPITAL,False,2010,,,1516980.0,18681464.0,21361859.0,2680395.0,,14387093.0,16104454.0,,14374135.0,16091496.0,1717361.0,176915.0,8285.46,8017.96,8278.0,8011.51,11413281.0,14764389.0,,,,,6572.86,7350.78,12958.0,12958.0,0.0,-11.76,9.02,9.03,-21.69,-11.61,9.32,20.67,8.32,FY2011;FY2012,2,June 2010,McCready Hospital,45,0.975,McCready,short_name,high,,
MCCREADY HOSPITAL,False,2011,,,-415966.0,18235900.0,20462730.0,2226830.0,,13909856.0,15019093.0,,13751431.0,14860668.0,1109237.0,116254.0,9022.48,8665.17,8919.72,8573.76,12842513.0,15551313.0,,,,,8330.16,8972.23,158425.0,158425.0,0.0,-127.42,8.9,7.75,-64.11,-139.72,-2.75,7.67,-3.54,FY2011;FY2012;FY2013,3,June 2011,McCready Hospital,45,0.975,McCready,short_name,high,,
MCCREADY HOSPITAL,False,2012,,,3260935.0,17710400.0,19675259.0,1964859.0,,14322738.0,15379408.0,1056670.0,14280227.0,15331407.0,1051180.0,1880685.0,10573.34,10222.55,10541.96,10190.64,13816498.0,13999158.0,,506240.0,1380250.0,874010.0,10199.63,9305.11,42511.0,48001.0,5490.0,883.94,17.19,18.19,-52.57,359.34,18.89,3.53,8.97,FY2012;FY2013;FY2014,3,June 2012,McCready Hospital,45,0.975,McCready,short_name,high,3.53,8.97
MCCREADY HOSPITAL,False,2013,,,429845.0,17976486.0,19614759.0,1638273.0,,14028361.0,14937767.0,909406.0,13937410.0,14838165.0,900755.0,-35298.0,11599.0,11338.27,11523.68,11262.67,14303837.0,14472624.0,,-275476.0,465143.0,740619.0,11846.02,10985.21,90951.0,99602.0,8651.0,,,,,,2.86,-1.96,3.11,FY2013;FY2014;FY2015,3,June 2013,McCready Hospital,45,0.975,McCready,short_name,high,-1.96,3.11
MCCREADY HOSPITAL,False,2014,,,2587106.0,16638000.0,18035602.0,1397602.0,,15320634.0,16267965.0,947331.0,14019441.0,14882928.0,863487.0,107518.0,,,,,12257596.0,13788378.0,,3063038.0,2479588.0,-583451.0,,,1301193.0,1385037.0,83844.0,,,,,,15.8,19.99,15.24,FY2014;FY2015,2,June 2014,McCready Hospital,45,0.975,McCready,short_name,high,19.99,15.24
MCCREADY HOSPITAL,False,2015,,,-425502.0,15059800.0,16315744.0,1255944.0,,12664103.0,13483505.0,819402.0,11880053.0,12651347.0,771294.0,84305.0,,,,,13220754.0,13993311.0,,-556651.0,-509807.0,46844.0,,,784050.0,832158.0,48108.0,,,,,,-3.14,-4.4,-3.78,FY2015,1,June 2015,McCready Hospital,45,0.975,McCready,short_name,high,-4.4,-3.78
MCCREADY MEMORIAL HOSPITAL,False,2014,,,2587106.0,16638000.0,18035602.0,1397602.0,,15320634.0,16267965.0,947331.0,14019441.0,14882928.0,863487.0,107518.0,,,,,12257596.0,13788378.0,,3063038.0,2479588.0,-583451.0,,,1301193.0,1385037.0,83844.0,,,,,,15.8,19.99,15.24,FY2016,1,June 2014,MCCREADY MEMORIAL HOSPITAL,45,0.975,McCready,short_name,high,19.99,15.24
MCCREADY MEMORIAL HOSPITAL,False,2015,,,-425502.0,15059800.0,16315744.0,1255944.0,,12664103.0,13483505.0,819402.0,11880053.0,12651347.0,771294.0,84305.0,,,,,13220754.0,13993311.0,,-556651.0,-509807.0,46844.0,,,784050.0,832158.0,48108.0,,,,,,-3.14,-4.4,-3.78,FY2016;FY2017,2,June 2015,MCCREADY MEMORIAL HOSPITAL,45,0.975,McCready,short_name,high,-4.4,-3.78
MCCREADY MEMORIAL HOSPITAL,False,2016,,,-699147.0,16309200.0,18255341.0,1946141.0,,13247037.0,14854988.0,1607951.0,12659083.0,14264514.0,1605431.0,74030.0,,,,,14666429.0,15628165.0,,-1419392.0,-773177.0,646215.0,,,587954.0,590474.0,2520.0,,,,,,-4.68,-10.71,-5.2,FY2016;FY2017;FY2018,3,June 2016,MCCREADY MEMORIAL HOSPITAL,45,0.975,McCready,short_name,high,-10.71,-5.2
MCCREADY MEMORIAL HOSPITAL,False,2017,,,-631681.0,16897400.0,19394134.0,2496734.0,,13603194.0,15201753.0,1598559.0,13334047.0,14929681.0,1595634.0,85695.0,,,,,14801908.0,15919129.0,,-1198714.0,-717376.0,481338.0,,,269147.0,272072.0,2925.0,,,,,,-4.13,-8.81,-4.72,FY2017;FY2018,2,June 2017,MCCREADY MEMORIAL HOSPITAL,45,0.975,McCready,short_name,high,-8.81,-4.72
MCCREADY MEMORIAL HOSPITAL,False,2018,,,-690028.0,17147300.0,20177078.0,3029778.0,,14096434.0,16202219.0,2105785.0,13913545.0,16011756.0,2098212.0,63615.0,,,,,15791553.0,16955862.0,,-1695120.0,-753643.0,941477.0,,,182889.0,190463.0,7574.0,,,,,,-4.24,-12.03,-4.65,FY2018,1,June 2018,MCCREADY MEMORIAL HOSPITAL,45,0.975,McCready,short_name,high,-12.03,-4.65
MEDSTAR FRANKLIN SQUARE,False,2011,,,,439004200.0,550706758.0,111702558.0,,379693940.0,427330042.0,,376513275.0,419695142.0,43181867.0,,10923.81,13749.45,10832.3,13503.79,340668797.0,410262595.0,,,,,9801.06,13200.3,3180665.0,7634900.0,4454235.0,,,,,,,,,FY2013,1,June 2011,MedStar Franklin Square,15,1.0,MedStar- Franklin Square,hscrc_name,high,,
MEDSTAR FRANKLIN SQUARE,False,2012,,,13287500.0,477082000.0,604950522.0,127868522.0,,394742279.0,449623006.0,54880727.0,391379153.0,441706112.0,50326959.0,304953.0,10822.87,14013.46,10730.66,13766.71,363245385.0,436640459.0,,31496894.0,12982547.0,-18514347.0,9959.3,13608.83,3363126.0,7916894.0,4553768.0,,,,,,,,,FY2013;FY2014,2,June 2012,MedStar Franklin Square,15,1.0,MedStar- Franklin Square,hscrc_name,high,7.98,2.89
MEDSTAR FRANKLIN SQUARE,False,2013,,,425534.0,469792200.0,619113725.0,149321525.0,,389743606.0,450418990.0,60675384.0,385021682.0,440292883.0,55271201.0,365370.0,10703.39,14324.92,10573.71,14002.87,363168650.0,450358826.0,,26574956.0,60164.0,-26514792.0,9973.57,14323.0,4721924.0,10126107.0,5404183.0,,,,,,0.09,6.82,0.01,FY2013;FY2014;FY2015,3,June 2013,MedStar Franklin Square,15,1.0,MedStar- Franklin Square,hscrc_name,high,6.82,0.01
MEDSTAR FRANKLIN SQUARE,False,2014,,,21563555.0,486467000.0,678642314.0,192175314.0,,414241924.0,490558707.0,76316783.0,407447444.0,477448097.0,70000653.0,246061.0,,,,,373444124.0,469241214.0,,40797801.0,21317494.0,-19480307.0,,,6794480.0,13110610.0,6316130.0,,,,,,4.39,9.85,4.35,FY2014;FY2015;FY2016,3,June 2014,MEDSTAR FRANKLIN SQUARE;MedStar Franklin Square,15,1.0,MedStar- Franklin Square,hscrc_name,high,9.85,4.35
MEDSTAR FRANKLIN SQUARE,False,2015,,,17341909.0,491172800.0,666456539.0,175283739.0,,421958984.0,504132430.0,82173445.0,418234842.0,493606230.0,75371387.0,199160.0,,,,,382118274.0,486989680.0,,39840710.0,17142750.0,-22697960.0,,,3724142.0,10526200.0,6802058.0,,,,,,3.44,9.44,3.4,FY2015;FY2016;FY2017,3,June 2015,MEDSTAR FRANKLIN SQUARE;MedStar Franklin Square,15,1.0,MedStar- Franklin Square,hscrc_name,high,9.44,3.4
MEDSTAR FRANKLIN SQUARE,False,2016,,,10758078.0,505736100.0,692034788.0,186298688.0,,430855445.0,518673192.0,87817747.0,427619940.0,507091510.0,79471571.0,149318.0,,,,,385528867.0,508064432.0,,45326578.0,10608760.0,-34717818.0,,,3235505.0,11581681.0,8346177.0,,,,,,2.07,10.52,2.05,FY2016;FY2017;FY2018,3,June 2016,MEDSTAR FRANKLIN SQUARE,15,1.0,MedStar- Franklin Square,hscrc_name,high,10.52,2.05
MEDSTAR FRANKLIN SQUARE,False,2017,,,21627501.0,518001600.0,697127756.0,179126156.0,,444442268.0,529705968.0,85263700.0,439663152.0,517220667.0,77557515.0,461421.0,,,,,392688393.0,508539888.0,,51753875.0,21166079.0,-30587795.0,,,4779116.0,12485301.0,7706185.0,,,,,,4.08,11.64,4.0,FY2017;FY2018;FY2019,3,June 2017,MEDSTAR FRANKLIN SQUARE,15,1.0,MedStar- Franklin Square,hscrc_name,high,11.64,4.0
MEDSTAR FRANKLIN SQUARE,False,2018,,,32396976.0,535571836.0,723465243.0,187893407.0,,461110729.0,550709200.0,89598471.0,458024651.0,541401229.0,83376578.0,575873.0,,,,,396609410.0,518888097.0,,64501319.0,31821104.0,-32680215.0,,,3086078.0,9307971.0,6221893.0,,,,,,5.88,13.99,5.78,FY2018;FY2019,2,June 2018,MEDSTAR FRANKLIN SQUARE,15,1.0,MedStar- Franklin Square,hscrc_name,high,13.99,5.78
MEDSTAR FRANKLIN SQUARE,False,2019,,,,554968578.0,720994906.0,166026329.0,,478557288.0,563762757.0,85205469.0,477487875.0,554835256.0,77347381.0,,,,,,422701617.0,538458852.0,,55855671.0,25303905.0,-30551766.0,,,1069413.0,8927500.0,7858087.0,,,,,,,,,FY2019;FY2021,2,June 2019,MEDSTAR FRANKLIN SQUARE,15,1.0,MedStar- Franklin Square,hscrc_name,high,11.67,4.49
MEDSTAR FRANKLIN SQUARE,False,2020,,,,590598154.0,769354274.0,178756120.0,,502270335.0,598440636.0,96170301.0,500159267.0,580162665.0,80003397.0,,,,,,422780556.0,549838800.0,127058244.0,79489779.0,48601836.0,-30887943.0,,,2111068.0,18277971.0,16166903.0,,,,,,,,,FY2021;FY2022,2,June 2020,MEDSTAR FRANKLIN SQUARE,15,1.0,MedStar- Franklin Square,hscrc_name,high,15.83,8.12
MEDSTAR FRANKLIN SQUARE,False,2021,,,5535059.0,604526007.0,807286563.0,202760555.0,,514473045.0,617690554.0,103217510.0,491064953.0,583365001.0,92300047.0,1241350.0,,,,,468815665.0,613396845.0,144581180.0,45657380.0,4293709.0,-41363670.0,,,23408091.0,34325554.0,10917462.0,,,,,,0.89,8.87,0.7,FY2021;FY2022;FY2023,3,June 2021,MEDSTAR FRANKLIN SQUARE,15,1.0,MedStar- Franklin Square,hscrc_name,high,8.87,0.7
MEDSTAR FRANKLIN SQUARE,False,2022,,,-19271700.0,609274994.0,846439757.0,237164763.0,,531867303.0,650391835.0,118524532.0,525436568.0,633509852.0,108073284.0,-177523.0,,,,,512777069.0,669486011.0,156708942.0,19090234.0,-19094176.0,-38184410.0,,,6430735.0,16881983.0,10451248.0,,,,,,-2.96,3.59,-2.94,FY2022;FY2023,2,June 2022,MEDSTAR FRANKLIN SQUARE,15,1.0,MedStar- Franklin Square,hscrc_name,high,3.59,-2.94
MEDSTAR FRANKLIN SQUARE,False,2023,,,-4361290.0,638932701.0,889185023.0,250252322.0,,554251032.0,677844642.0,123593610.0,537714566.0,652505460.0,114790894.0,334898.0,,,,,508131384.0,682540830.0,174409447.0,46119648.0,-4696188.0,-50815836.0,,,16536466.0,25339182.0,8802716.0,,,,,,-0.64,8.32,-0.69,FY2023,1,June 2023,MEDSTAR FRANKLIN SQUARE,15,1.0,MedStar- Franklin Square,hscrc_name,high,8.32,-0.69
MEDSTAR FRANKLIN SQUARE HOSPITAL,False,2022,,,-19271700.0,609274994.0,846439757.0,237164763.0,,531867303.0,650391835.0,118524532.0,525436568.0,633509852.0,108073284.0,-177523.0,,,,,512777069.0,669486011.0,156708942.0,19090234.0,-19094176.0,-38184410.0,,,6430735.0,16881983.0,10451248.0,,,,,,-2.96,3.59,-2.94,FY2024,1,June 2022,MedStar Franklin Square Hospital,15,0.975,MedStar- Franklin Square,hscrc_name,high,3.59,-2.94
MEDSTAR FRANKLIN SQUARE HOSPITAL,False,2023,,,-4361290.0,638932701.0,889185023.0,250252322.0,,554251032.0,677844642.0,123593610.0,537714566.0,652505460.0,114790894.0,334898.0,,,,,508131384.0,682540830.0,174409447.0,46119648.0,-4696188.0,-50815836.0,,,16536466.0,25339182.0,8802716.0,,,,,,-0.64,8.32,-0.69,FY2024,1,June 2023,MedStar Franklin Square Hospital,15,0.975,MedStar- Franklin Square,hscrc_name,high,8.32,-0.69
MEDSTAR FRANKLIN SQUARE HOSPITAL,False,2024,,,14871421.0,688099485.0,960630765.0,272531280.0,,600305491.0,732956248.0,132650758.0,586846584.0,707796917.0,120950333.0,544275.0,,,,,539007313.0,718629103.0,179621790.0,61298178.0,14327146.0,-46971032.0,,,13458907.0,25159332.0,11700425.0,,,,,,2.03,10.21,1.95,FY2024,1,June 2024,MedStar Franklin Square Hospital,15,0.975,MedStar- Franklin Square,hscrc_name,high,10.21,1.95
MEDSTAR FRANKLIN SQUARE MEDICAL CENTER,False,2018,,,32396976.0,535571836.0,723465243.0,187893407.0,,461110729.0,550709200.0,89598471.0,458024651.0,541401229.0,83376578.0,575873.0,,,,,396609410.0,518888097.0,,64501319.0,31821104.0,-32680215.0,,,3086078.0,9307971.0,6221893.0,,,,,,5.88,13.99,5.78,FY2020,1,June 2018,MEDSTAR FRANKLIN SQUARE MEDICAL CENTER,15,1.0,MEDSTAR FRANKLIN SQUARE MEDICAL CENTER,cms_name,high,13.99,5.78
MEDSTAR FRANKLIN SQUARE MEDICAL CENTER,False,2019,,,25772968.0,554968578.0,720994906.0,166026329.0,,478557288.0,563762757.0,85205469.0,477487875.0,554835256.0,77347381.0,469063.0,,,,,422701617.0,538458852.0,,55855671.0,25303905.0,-30551766.0,,,1069413.0,8927500.0,7858087.0,,,,,,4.57,11.67,4.49,FY2020,1,June 2019,MEDSTAR FRANKLIN SQUARE MEDICAL CENTER,15,1.0,MEDSTAR FRANKLIN SQUARE MEDICAL CENTER,cms_name,high,11.67,4.49
MEDSTAR FRANKLIN SQUARE MEDICAL CENTER,False,2020,,,48094225.0,590598154.0,769354274.0,178756120.0,,502270335.0,598440636.0,96170301.0,500159267.0,580162665.0,80003397.0,-507611.0,,,,,422780556.0,549838800.0,,79489779.0,48601836.0,-30887943.0,,,2111068.0,18277971.0,16166903.0,,,,,,8.03,15.83,8.12,FY2020,1,June 2020,MEDSTAR FRANKLIN SQUARE MEDICAL CENTER,15,1.0,MEDSTAR FRANKLIN SQUARE MEDICAL CENTER,cms_name,high,15.83,8.12
MEDSTAR GOOD SAMARITAN,False,2011,,,,304134300.0,433676385.0,129542085.0,,261881525.0,306562730.0,,259358444.0,302664151.0,43305707.0,,11713.86,11359.87,11601.0,11215.41,235303147.0,300253364.0,,,,,10525.02,11126.08,2523080.0,3898579.0,1375499.0,,,,,,,,,FY2013,1,June 2011,MedStar Good Samaritan,2004,0.975,MEDSTAR GOOD SAMARITAN HOSPITAL,cms_name,high,,
MEDSTAR GOOD SAMARITAN,False,2012,,,8605078.0,311855400.0,439249126.0,127393726.0,,254604181.0,307354914.0,52750733.0,251566429.0,303293417.0,51726988.0,1008235.0,11301.38,15649.49,11166.54,15442.69,232260097.0,299758071.0,,22344084.0,7596843.0,-14747241.0,10309.57,15262.69,3037752.0,4061497.0,1023745.0,,,,,,,,,FY2013;FY2014,2,June 2012,MedStar Good Samaritan,2004,0.975,MEDSTAR GOOD SAMARITAN HOSPITAL,cms_name,high,8.78,2.47
MEDSTAR GOOD SAMARITAN,False,2013,,,-8126384.0,295736800.0,439257678.0,143520878.0,,243027372.0,299586233.0,56558861.0,239029241.0,288705318.0,49676077.0,71034.0,11205.95,14682.57,11021.59,14149.3,230253466.0,307783651.0,,12773906.0,-8197418.0,-20971324.0,10616.94,15084.32,3998131.0,10880915.0,6882784.0,,,,,,-2.71,5.26,-2.74,FY2013;FY2014;FY2015,3,June 2013,MedStar Good Samaritan,2004,0.975,MEDSTAR GOOD SAMARITAN HOSPITAL,cms_name,high,5.26,-2.74
MEDSTAR GOOD SAMARITAN,False,2014,,,3971844.0,299250000.0,441592915.0,142342915.0,,250399588.0,307276043.0,56876455.0,242965630.0,292653760.0,49688130.0,3219.0,,,,,224965932.0,303307419.0,,25433656.0,3968625.0,-21465032.0,,,7433958.0,14622283.0,7188325.0,,,,,,1.29,10.16,1.29,FY2014;FY2015;FY2016,3,June 2014,MEDSTAR GOOD SAMARITAN;MedStar Good Samaritan,2004,0.975,MEDSTAR GOOD SAMARITAN HOSPITAL,cms_name,high,10.16,1.29
MEDSTAR GOOD SAMARITAN,False,2015,,,10737176.0,303789300.0,450985741.0,147196441.0,,252352380.0,311895170.0,59542790.0,247347394.0,298927665.0,51580271.0,2380847.0,,,,,216682038.0,303538841.0,,35670341.0,8356329.0,-27314012.0,,,5004986.0,12967505.0,7962520.0,,,,,,3.42,14.14,2.68,FY2015;FY2016;FY2017,3,June 2015,MEDSTAR GOOD SAMARITAN;MedStar Good Samaritan,2004,0.975,MEDSTAR GOOD SAMARITAN HOSPITAL,cms_name,high,14.14,2.68
MEDSTAR GOOD SAMARITAN,False,2016,,,6154704.0,289108800.0,416046636.0,126937836.0,,249661859.0,306534680.0,56872821.0,246708456.0,295096480.0,48388024.0,1987800.0,,,,,213937895.0,302367777.0,,35723964.0,4166904.0,-31557061.0,,,2953403.0,11438200.0,8484797.0,,,,,,1.99,14.31,1.36,FY2016;FY2017;FY2018,3,June 2016,MEDSTAR GOOD SAMARITAN,2004,0.975,MEDSTAR GOOD SAMARITAN HOSPITAL,cms_name,high,14.31,1.36
MEDSTAR GOOD SAMARITAN,False,2017,,,11044746.0,297577800.0,361278100.0,63700300.0,,253656365.0,291862627.0,38206262.0,250477865.0,279869237.0,29391372.0,1917906.0,,,,,217911402.0,282735786.0,,35744963.0,9126840.0,-26618122.0,,,3178500.0,11993390.0,8814890.0,,,,,,3.76,14.09,3.13,FY2017;FY2018;FY2019,3,June 2017,MEDSTAR GOOD SAMARITAN,2004,0.975,MEDSTAR GOOD SAMARITAN HOSPITAL,cms_name,high,14.09,3.13
MEDSTAR GOOD SAMARITAN,False,2018,,,17549678.0,275754352.0,323572648.0,47818296.0,,240782454.0,274028246.0,33245791.0,236230397.0,260064832.0,23834435.0,2594408.0,,,,,210839351.0,259072976.0,,29943103.0,14955270.0,-14987833.0,,,4552057.0,13963414.0,9411357.0,,,,,,6.34,12.44,5.46,FY2018;FY2019,2,June 2018,MEDSTAR GOOD SAMARITAN,2004,0.975,MEDSTAR GOOD SAMARITAN HOSPITAL,cms_name,high,12.44,5.46
MEDSTAR GOOD SAMARITAN,False,2019,,,,256874421.0,307151490.0,50277069.0,,215150272.0,248409901.0,33259629.0,212624451.0,236747880.0,24123429.0,,,,,,210199049.0,261186698.0,,4951222.0,-12776798.0,-17728020.0,,,2525821.0,11662021.0,9136200.0,,,,,,,,,FY2019;FY2021,2,June 2019,MEDSTAR GOOD SAMARITAN,2004,0.975,MEDSTAR GOOD SAMARITAN HOSPITAL,cms_name,high,2.3,-5.14
MEDSTAR GOOD SAMARITAN,False,2020,,,,269019867.0,321876914.0,52857047.0,,228297735.0,264344335.0,36046600.0,218626284.0,244711953.0,26085669.0,,,,,,214016425.0,263976142.0,49959717.0,14281310.0,368193.0,-13913117.0,,,9671450.0,19632382.0,9960931.0,,,,,,,,,FY2021;FY2022,2,June 2020,MEDSTAR GOOD SAMARITAN,2004,0.975,MEDSTAR GOOD SAMARITAN HOSPITAL,cms_name,high,6.26,0.14
MEDSTAR GOOD SAMARITAN,False,2021,,,-8531604.0,287494143.0,348330431.0,60836288.0,,238502334.0,280518007.0,42015673.0,229502213.0,260049408.0,30547195.0,3755666.0,,,,,226292444.0,292805277.0,66512833.0,12209891.0,-12287270.0,-24497161.0,,,9000121.0,20468599.0,11468477.0,,,,,,-3.0,5.12,-4.38,FY2021;FY2022;FY2023,3,June 2021,MEDSTAR GOOD SAMARITAN,2004,0.975,MEDSTAR GOOD SAMARITAN HOSPITAL,cms_name,high,5.12,-4.38
MEDSTAR GOOD SAMARITAN,False,2022,,,-13505364.0,290128587.0,367492143.0,77363556.0,,252066011.0,294792222.0,42726211.0,248308811.0,279795398.0,31486588.0,3348877.0,,,,,236480754.0,311646463.0,75165709.0,15585257.0,-16854241.0,-32439498.0,,,3757201.0,14996824.0,11239623.0,,,,,,-4.53,6.18,-5.72,FY2022;FY2023,2,June 2022,MEDSTAR GOOD SAMARITAN,2004,0.975,MEDSTAR GOOD SAMARITAN HOSPITAL,cms_name,high,6.18,-5.72
MEDSTAR GOOD SAMARITAN,False,2023,,,-194164.0,308835327.0,391812531.0,82977204.0,,264480122.0,313899831.0,49419709.0,254048544.0,291843676.0,37795133.0,3306229.0,,,,,239843482.0,317400224.0,77556742.0,24636640.0,-3500392.0,-28137033.0,,,10431579.0,22056155.0,11624577.0,,,,,,-0.06,9.32,-1.12,FY2023,1,June 2023,MEDSTAR GOOD SAMARITAN,2004,0.975,MEDSTAR GOOD SAMARITAN HOSPITAL,cms_name,high,9.32,-1.12
MEDSTAR GOOD SAMARITAN HOSPITAL,False,2018,,,17549678.0,275754352.0,323572648.0,47818296.0,,240782454.0,274028246.0,33245791.0,236230397.0,260064832.0,23834435.0,2594408.0,,,,,210839351.0,259072976.0,,29943103.0,14955270.0,-14987833.0,,,4552057.0,13963414.0,9411357.0,,,,,,6.34,12.44,5.46,FY2020,1,June 2018,MEDSTAR GOOD SAMARITAN HOSPITAL,2004,1.0,MEDSTAR GOOD SAMARITAN HOSPITAL,cms_name,high,12.44,5.46
MEDSTAR GOOD SAMARITAN HOSPITAL,False,2019,,,-10890867.0,256874421.0,307151490.0,50277069.0,,215150272.0,248409901.0,33259629.0,212624451.0,236747880.0,24123429.0,1885931.0,,,,,210199049.0,261186698.0,,4951222.0,-12776798.0,-17728020.0,,,2525821.0,11662021.0,9136200.0,,,,,,-4.35,2.3,-5.14,FY2020,1,June 2019,MEDSTAR GOOD SAMARITAN HOSPITAL,2004,1.0,MEDSTAR GOOD SAMARITAN HOSPITAL,cms_name,high,2.3,-5.14
MEDSTAR GOOD SAMARITAN HOSPITAL,False,2020,,,1073080.0,269019867.0,321876914.0,52857047.0,,228297735.0,264344335.0,36046600.0,218626284.0,244711953.0,26085669.0,704888.0,,,,,214016425.0,263976142.0,,14281310.0,368193.0,-13913117.0,,,9671450.0,19632382.0,9960931.0,,,,,,0.4,6.26,0.14,FY2020,1,June 2020,MEDSTAR GOOD SAMARITAN HOSPITAL,2004,1.0,MEDSTAR GOOD SAMARITAN HOSPITAL,cms_name,high,6.26,0.14
MEDSTAR GOOD SAMARITAN HOSPITAL,False,2022,,,-13505364.0,290128587.0,367492143.0,77363556.0,,252066011.0,294792222.0,42726211.0,248308811.0,279795398.0,31486588.0,3348877.0,,,,,236480754.0,311646463.0,75165709.0,15585257.0,-16854241.0,-32439498.0,,,3757201.0,14996824.0,11239623.0,,,,,,-4.53,6.18,-5.72,FY2024,1,June 2022,MedStar Good Samaritan Hospital,2004,1.0,MEDSTAR GOOD SAMARITAN HOSPITAL,cms_name,high,6.18,-5.72
MEDSTAR GOOD SAMARITAN HOSPITAL,False,2023,,,-194164.0,308835327.0,391812531.0,82977204.0,,264480122.0,313899831.0,49419709.0,254048544.0,291843676.0,37795133.0,3306229.0,,,,,239843482.0,317400224.0,77556742.0,24636640.0,-3500392.0,-28137033.0,,,10431579.0,22056155.0,11624577.0,,,,,,-0.06,9.32,-1.12,FY2024,1,June 2023,MedStar Good Samaritan Hospital,2004,1.0,MEDSTAR GOOD SAMARITAN HOSPITAL,cms_name,high,9.32,-1.12
MEDSTAR GOOD SAMARITAN HOSPITAL,False,2024,,,6553818.0,319991752.0,409456859.0,89465108.0,,270753330.0,319920928.0,49167597.0,265480135.0,301448288.0,35968154.0,5092852.0,,,,,241960013.0,318459961.0,76499949.0,28793318.0,1460966.0,-27332352.0,,,5273196.0,18472639.0,13199443.0,,,,,,2.02,10.63,0.46,FY2024,1,June 2024,MedStar Good Samaritan Hospital,2004,1.0,MEDSTAR GOOD SAMARITAN HOSPITAL,cms_name,high,10.63,0.46
MEDSTAR HARBOR HOSPITAL,False,2011,,,,200717500.0,237503390.0,36785890.0,,168805482.0,191496476.0,,165509687.0,180755181.0,15245494.0,,10865.19,11813.26,10653.05,11150.63,156221586.0,183840512.0,,,,,10055.22,11340.97,3295795.0,10741295.0,7445500.0,,,,,,,,,FY2013,1,June 2011,MedStar Harbor Hospital,34,1.0,MEDSTAR HARBOR HOSPITAL,cms_name,high,,
MEDSTAR HARBOR HOSPITAL,False,2012,,,-2489549.0,209694300.0,276497407.0,66803107.0,,169499711.0,199331859.0,29832148.0,166004244.0,187468729.0,21464485.0,220219.0,11343.52,11761.09,11109.59,11061.13,166965434.0,202041627.0,,2534277.0,-2709768.0,-5244045.0,11173.92,11920.97,3495467.0,11863130.0,8367663.0,,,,,,,,,FY2013;FY2014,2,June 2012,MedStar Harbor Hospital,34,1.0,MEDSTAR HARBOR HOSPITAL,cms_name,high,1.5,-1.36
MEDSTAR HARBOR HOSPITAL,False,2013,,,6061104.0,201141000.0,274086343.0,72945343.0,,170167330.0,204584682.0,34417352.0,165007143.0,190605494.0,25598351.0,277299.0,12276.81,12739.5,11904.52,11869.01,157878796.0,198800877.0,,12288534.0,5783805.0,-6504729.0,11390.25,12379.34,5160187.0,13979188.0,8819001.0,,,,,,2.96,7.22,2.83,FY2013;FY2014;FY2015,3,June 2013,MedStar Harbor Hospital,34,1.0,MEDSTAR HARBOR HOSPITAL,cms_name,high,7.22,2.83
MEDSTAR HARBOR HOSPITAL,False,2014,,,20739733.0,205146300.0,283651362.0,78505062.0,,176417913.0,209932957.0,33515044.0,171046194.0,196365264.0,25319070.0,506890.0,,,,,146516583.0,189700114.0,,29901331.0,20232843.0,-9668488.0,,,5371719.0,13567693.0,8195974.0,,,,,,9.86,16.95,9.64,FY2014;FY2015,2,June 2014,MedStar Harbor Hospital,34,1.0,MEDSTAR HARBOR HOSPITAL,cms_name,high,16.95,9.64
MEDSTAR HARBOR HOSPITAL,False,2015,,,11457920.0,207452600.0,270015025.0,62562425.0,,168456379.0,202664365.0,34207986.0,164442500.0,190072147.0,25629647.0,374536.0,,,,,144974260.0,191580981.0,,23482119.0,11083384.0,-12398735.0,,,4013879.0,12592218.0,8578338.0,,,,,,5.64,13.94,5.47,FY2015,1,June 2015,MedStar Harbor Hospital,34,1.0,MEDSTAR HARBOR HOSPITAL,cms_name,high,13.94,5.47
MEDSTAR HARBOR HOSPITAL,False,2022,,,-4628810.0,201748417.0,255100478.0,53352061.0,,177084002.0,213289890.0,36205889.0,171380326.0,193404661.0,22024335.0,479038.0,,,,,168127219.0,218397738.0,50270520.0,8956783.0,-5107848.0,-14064631.0,,,5703676.0,19885230.0,14181554.0,,,,,,-2.17,5.06,-2.39,FY2024,1,June 2022,MedStar Harbor Hospital,34,1.0,MEDSTAR HARBOR HOSPITAL,cms_name,high,5.06,-2.39
MEDSTAR HARBOR HOSPITAL,False,2023,,,-6302593.0,210598194.0,272219256.0,61621061.0,,183316715.0,223886280.0,40569565.0,176399149.0,201416769.0,25017619.0,390084.0,,,,,171478814.0,230578957.0,59100143.0,11837901.0,-6692677.0,-18530578.0,,,6917566.0,22469511.0,15551945.0,,,,,,-2.81,6.46,-2.99,FY2024,1,June 2023,MedStar Harbor Hospital,34,1.0,MEDSTAR HARBOR HOSPITAL,cms_name,high,6.46,-2.99
MEDSTAR HARBOR HOSPITAL,False,2024,,,-3751353.0,224922862.0,293475448.0,68552586.0,,195871458.0,240156848.0,44285391.0,188323158.0,213708648.0,25385491.0,534600.0,,,,,181969826.0,244442802.0,62472976.0,13901632.0,-4285953.0,-18187585.0,,,7548300.0,26448200.0,18899900.0,,,,,,-1.56,7.1,-1.78,FY2024,1,June 2024,MedStar Harbor Hospital,34,1.0,MEDSTAR HARBOR HOSPITAL,cms_name,high,7.1,-1.78
MEDSTAR HARBOR HOSPITAL CENTER,False,2014,,,20739733.0,205146300.0,283651362.0,78505062.0,,176417913.0,209932957.0,33515044.0,171046194.0,196365264.0,25319070.0,506890.0,,,,,146516583.0,189700114.0,,29901331.0,20232843.0,-9668488.0,,,5371719.0,13567693.0,8195974.0,,,,,,9.86,16.95,9.64,FY2016,1,June 2014,MEDSTAR HARBOR HOSPITAL CENTER,34,0.975,MedStar- Harbor,hscrc_name,high,16.95,9.64
MEDSTAR HARBOR HOSPITAL CENTER,False,2015,,,11457920.0,207452600.0,270015025.0,62562425.0,,168456379.0,202664365.0,34207986.0,164442500.0,190072147.0,25629647.0,374536.0,,,,,144974260.0,191580981.0,,23482119.0,11083384.0,-12398735.0,,,4013879.0,12592218.0,8578338.0,,,,,,5.64,13.94,5.47,FY2016;FY2017,2,June 2015,MEDSTAR HARBOR HOSPITAL CENTER,34,0.975,MedStar- Harbor,hscrc_name,high,13.94,5.47
MEDSTAR HARBOR HOSPITAL CENTER,False,2016,,,14195125.0,194368900.0,254858687.0,60489787.0,,170477083.0,205247823.0,34770740.0,167091643.0,193640304.0,26548660.0,-676135.0,,,,,143567318.0,190376563.0,,26909765.0,14871259.0,-12038506.0,,,3385440.0,11607519.0,8222079.0,,,,,,6.91,15.78,7.25,FY2016;FY2017;FY2018,3,June 2016,MEDSTAR HARBOR HOSPITAL CENTER,34,0.975,MedStar- Harbor,hscrc_name,high,15.78,7.25
MEDSTAR HARBOR HOSPITAL CENTER,False,2017,,,18852067.0,193637500.0,245335448.0,51697948.0,,174666150.0,205320430.0,30654280.0,164274809.0,187141780.0,22866971.0,533939.0,,,,,143462698.0,187002302.0,,31203452.0,18318128.0,-12885324.0,,,10391341.0,18178650.0,7787309.0,,,,,,9.16,17.86,8.92,FY2017;FY2018;FY2019,3,June 2017,MEDSTAR HARBOR HOSPITAL CENTER,34,0.975,MedStar- Harbor,hscrc_name,high,17.86,8.92
MEDSTAR HARBOR HOSPITAL CENTER,False,2018,,,17715591.0,194521777.0,243324429.0,48802652.0,,169541672.0,200696010.0,31154338.0,165264021.0,187827004.0,22562984.0,528062.0,,,,,142342041.0,183508480.0,,27199630.0,17187530.0,-10012101.0,,,4277651.0,12869006.0,8591355.0,,,,,,8.8,16.04,8.56,FY2018;FY2019;FY2020,3,June 2018,MEDSTAR HARBOR HOSPITAL CENTER,34,0.975,MedStar- Harbor,hscrc_name,high,16.04,8.56
MEDSTAR HARBOR HOSPITAL CENTER,False,2019,,,297307.0,187755788.0,235870000.0,48114212.0,,157286857.0,190506204.0,33219347.0,154104141.0,178122840.0,24018699.0,381291.0,,,,,146339451.0,190590189.0,,10947405.0,-83985.0,-11031390.0,,,3182716.0,12383364.0,9200649.0,,,,,,0.16,6.96,-0.04,FY2019;FY2020;FY2021,3,June 2019,MEDSTAR HARBOR HOSPITAL CENTER,34,0.975,MedStar- Harbor,hscrc_name,high,6.96,-0.04
MEDSTAR HARBOR HOSPITAL CENTER,False,2020,,,2910226.0,183866230.0,226590494.0,42724264.0,,158733302.0,194040776.0,35307474.0,147126115.0,166294940.0,19168825.0,52069.0,,,,,145001426.0,191182619.0,46181192.0,13731876.0,2858157.0,-10873718.0,,,11607187.0,27745836.0,16138649.0,,,,,,1.5,8.65,1.47,FY2020;FY2021;FY2022,3,June 2020,MEDSTAR HARBOR HOSPITAL CENTER,34,0.975,MedStar- Harbor,hscrc_name,high,8.65,1.47
MEDSTAR HARBOR HOSPITAL CENTER,False,2021,,,-6453692.0,199007063.0,241855554.0,42848490.0,,162948523.0,199968589.0,37020066.0,160174428.0,179719334.0,19544906.0,718976.0,,,,,157385194.0,207141258.0,49756064.0,5563329.0,-7172669.0,-12735998.0,,,2774095.0,20249255.0,17475160.0,,,,,,-3.21,3.41,-3.59,FY2021;FY2022;FY2023,3,June 2021,MEDSTAR HARBOR HOSPITAL CENTER,34,0.975,MedStar- Harbor,hscrc_name,high,3.41,-3.59
MEDSTAR HARBOR HOSPITAL CENTER,False,2022,,,-4628810.0,201748417.0,255100478.0,53352061.0,,177084002.0,213289890.0,36205889.0,171380326.0,193404661.0,22024335.0,479038.0,,,,,168127219.0,218397738.0,50270520.0,8956783.0,-5107848.0,-14064631.0,,,5703676.0,19885230.0,14181554.0,,,,,,-2.17,5.06,-2.39,FY2022;FY2023,2,June 2022,MEDSTAR HARBOR HOSPITAL CENTER,34,0.975,MedStar- Harbor,hscrc_name,high,5.06,-2.39
MEDSTAR HARBOR HOSPITAL CENTER,False,2023,,,-6302593.0,210598194.0,272219256.0,61621061.0,,183316715.0,223886280.0,40569565.0,176399149.0,201416769.0,25017619.0,390084.0,,,,,171478814.0,230578957.0,59100143.0,11837901.0,-6692677.0,-18530578.0,,,6917566.0,22469511.0,15551945.0,,,,,,-2.81,6.46,-2.99,FY2023,1,June 2023,MEDSTAR HARBOR HOSPITAL CENTER,34,0.975,MedStar- Harbor,hscrc_name,high,6.46,-2.99
MEDSTAR MONTGOMERY GENERAL,False,2011,,,,156795100.0,164471400.0,7676300.0,,136899529.0,141447322.0,,135596229.0,139379122.0,3782893.0,,8860.73,9391.7,8776.38,9254.38,119548593.0,133009716.0,,,,,7737.7,8831.47,1303300.0,2068200.0,764900.0,,,,,,,,,FY2013,1,June 2011,MedStar Montgomery General,18,0.975,MedStar- Montgomery,hscrc_name,high,,
MEDSTAR MONTGOMERY GENERAL,False,2012,,,9004630.0,165915000.0,173580307.0,7665307.0,,142313320.0,146494375.0,4181054.0,139632555.0,142918959.0,3286403.0,179353.0,9004.73,8859.95,8835.11,8643.71,124575881.0,137669098.0,,17737440.0,8825276.0,-8912163.0,7882.42,8326.2,2680765.0,3575416.0,894651.0,,,,,,,,,FY2013;FY2014,2,June 2012,MedStar Montgomery General,18,0.975,MedStar- Montgomery,hscrc_name,high,12.46,6.02
MEDSTAR MONTGOMERY GENERAL,False,2013,,,7262526.0,166869100.0,175325800.0,8456700.0,,145425249.0,150515356.0,5090107.0,140038336.0,144395405.0,4357068.0,175895.0,9055.92,8920.8,8720.47,8558.08,128574908.0,143428725.0,,16850341.0,7086631.0,-9763710.0,8006.62,8500.78,5386913.0,6119951.0,733038.0,,,,,,4.82,11.59,4.71,FY2013;FY2014;FY2015,3,June 2013,MedStar Montgomery General,18,0.975,MedStar- Montgomery,hscrc_name,high,11.59,4.71
MEDSTAR MONTGOMERY GENERAL,False,2014,,,7075846.0,167893100.0,176386878.0,8493778.0,,143843190.0,148716107.0,4872917.0,141046268.0,145636603.0,4590335.0,15370.0,,,,,128893109.0,141655632.0,,14950082.0,7060476.0,-7889606.0,,,2796922.0,3079504.0,282582.0,,,,,,4.76,10.39,4.75,FY2014;FY2015,2,June 2014,MedStar Montgomery General,18,0.975,MedStar- Montgomery,hscrc_name,high,10.39,4.75
MEDSTAR MONTGOMERY GENERAL,False,2015,,,6619082.0,174302200.0,182754527.0,8452327.0,,150605645.0,155075141.0,4469496.0,147518393.0,151815179.0,4296785.0,7758.0,,,,,136227753.0,148463817.0,,14377892.0,6611324.0,-7766568.0,,,3087252.0,3259963.0,172711.0,,,,,,4.27,9.55,4.26,FY2015,1,June 2015,MedStar Montgomery General,18,0.975,MedStar- Montgomery,hscrc_name,high,9.55,4.26
MEDSTAR MONTGOMERY MEDICAL CENTER,False,2014,,,7075846.0,167893100.0,176386878.0,8493778.0,,143843190.0,148716107.0,4872917.0,141046268.0,145636603.0,4590335.0,15370.0,,,,,128893109.0,141655632.0,,14950082.0,7060476.0,-7889606.0,,,2796922.0,3079504.0,282582.0,,,,,,4.76,10.39,4.75,FY2016,1,June 2014,MEDSTAR MONTGOMERY MEDICAL CENTER,18,1.0,MEDSTAR MONTGOMERY MEDICAL CENTER,cms_name,high,10.39,4.75
MEDSTAR MONTGOMERY MEDICAL CENTER,False,2015,,,6619082.0,174302200.0,182754527.0,8452327.0,,150605645.0,155075141.0,4469496.0,147518393.0,151815179.0,4296785.0,7758.0,,,,,136227753.0,148463817.0,,14377892.0,6611324.0,-7766568.0,,,3087252.0,3259963.0,172711.0,,,,,,4.27,9.55,4.26,FY2016;FY2017,2,June 2015,MEDSTAR MONTGOMERY MEDICAL CENTER,18,1.0,MEDSTAR MONTGOMERY MEDICAL CENTER,cms_name,high,9.55,4.26
MEDSTAR MONTGOMERY MEDICAL CENTER,False,2016,,,8150360.0,175827977.0,185551046.0,9723069.0,,154813643.0,160025943.0,5212301.0,150844829.0,155903480.0,5058651.0,1152.0,,,,,136647495.0,151876735.0,,18166147.0,8149209.0,-10016939.0,,,3968813.0,4122463.0,153650.0,,,,,,5.09,11.73,5.09,FY2016;FY2017;FY2018,3,June 2016,MEDSTAR MONTGOMERY MEDICAL CENTER,18,1.0,MEDSTAR MONTGOMERY MEDICAL CENTER,cms_name,high,11.73,5.09
MEDSTAR MONTGOMERY MEDICAL CENTER,False,2017,,,2277511.0,178461400.0,192599219.0,14137819.0,,153865423.0,161907073.0,8041649.0,152299994.0,159890384.0,7590390.0,1095725.0,,,,,141184715.0,160725287.0,,12680708.0,1181786.0,-11498922.0,,,1565430.0,2016689.0,451259.0,,,,,,1.4,8.24,0.73,FY2017;FY2018;FY2019,3,June 2017,MEDSTAR MONTGOMERY MEDICAL CENTER,18,1.0,MEDSTAR MONTGOMERY MEDICAL CENTER,cms_name,high,8.24,0.73
MEDSTAR MONTGOMERY MEDICAL CENTER,False,2018,,,7139442.0,182928948.0,207137276.0,24208328.0,,159229500.0,172483305.0,13253805.0,156545750.0,168598242.0,12052491.0,106508.0,,,,,135512712.0,165450371.0,,23716788.0,7032933.0,-16683855.0,,,2683750.0,3885063.0,1201313.0,,,,,,4.14,14.89,4.08,FY2018;FY2019;FY2020,3,June 2018,MEDSTAR MONTGOMERY MEDICAL CENTER,18,1.0,MEDSTAR MONTGOMERY MEDICAL CENTER,cms_name,high,14.89,4.08
MEDSTAR MONTGOMERY MEDICAL CENTER,False,2019,,,4663186.0,180055428.0,203240188.0,23184760.0,,155499062.0,169385980.0,13886918.0,153634552.0,166033301.0,12398749.0,257220.0,,,,,134120313.0,164980014.0,,21378749.0,4405966.0,-16972783.0,,,1864511.0,3352680.0,1488169.0,,,,,,2.75,13.75,2.6,FY2019;FY2020;FY2021,3,June 2019,MEDSTAR MONTGOMERY MEDICAL CENTER,18,1.0,MEDSTAR MONTGOMERY MEDICAL CENTER,cms_name,high,13.75,2.6
MEDSTAR MONTGOMERY MEDICAL CENTER,False,2020,,,3885122.0,183546863.0,208793247.0,25246384.0,,156861652.0,175034992.0,18173340.0,154762541.0,167522757.0,12760216.0,336414.0,,,,,144443758.0,171486283.0,27042525.0,12417894.0,3548709.0,-8869185.0,,,2099111.0,7512235.0,5413124.0,,,,,,2.21,7.92,2.03,FY2020;FY2021;FY2022,3,June 2020,MEDSTAR MONTGOMERY MEDICAL CENTER,18,1.0,MEDSTAR MONTGOMERY MEDICAL CENTER,cms_name,high,7.92,2.03
MEDSTAR MONTGOMERY MEDICAL CENTER,False,2021,,,800585.0,189414285.0,228128069.0,38713783.0,,162584176.0,183937551.0,21353375.0,157541746.0,176955292.0,19413546.0,1170710.0,,,,,150594525.0,184307676.0,33713151.0,11989651.0,-370125.0,-12359776.0,,,5042430.0,6982259.0,1939829.0,,,,,,0.43,7.37,-0.2,FY2021;FY2022;FY2023,3,June 2021,MEDSTAR MONTGOMERY MEDICAL CENTER,18,1.0,MEDSTAR MONTGOMERY MEDICAL CENTER,cms_name,high,7.37,-0.2
MEDSTAR MONTGOMERY MEDICAL CENTER,False,2022,,,-11730950.0,192883685.0,241633499.0,48749814.0,,167854946.0,192863105.0,25008158.0,165505846.0,189917144.0,24411299.0,981872.0,,,,,165949011.0,205575926.0,39626915.0,1905935.0,-12712822.0,-14618757.0,,,2349101.0,2945960.0,596860.0,,,,,,-6.06,1.14,-6.59,FY2022;FY2023;FY2024,3,June 2022,MEDSTAR MONTGOMERY MEDICAL CENTER,18,1.0,MEDSTAR MONTGOMERY MEDICAL CENTER,cms_name,high,1.14,-6.59
MEDSTAR MONTGOMERY MEDICAL CENTER,False,2023,,,-15862911.0,208039750.0,268752071.0,60712321.0,,180281276.0,211384687.0,31103410.0,173573630.0,204218145.0,30644515.0,1354945.0,,,,,182012090.0,228602542.0,46590452.0,-1730814.0,-17217856.0,-15487042.0,,,6707647.0,7166542.0,458895.0,,,,,,-7.45,-0.96,-8.15,FY2023;FY2024,2,June 2023,MEDSTAR MONTGOMERY MEDICAL CENTER,18,1.0,MEDSTAR MONTGOMERY MEDICAL CENTER,cms_name,high,-0.96,-8.15
MEDSTAR MONTGOMERY MEDICAL CENTER,False,2024,,,-12889388.0,222642659.0,298955819.0,76313160.0,,188727382.0,226674186.0,37946804.0,183717210.0,221567661.0,37850452.0,792419.0,,,,,188797764.0,240355994.0,51558230.0,-70382.0,-13681808.0,-13611426.0,,,5010172.0,5106525.0,96353.0,,,,,,-5.66,-0.04,-6.04,FY2024,1,June 2024,MEDSTAR MONTGOMERY MEDICAL CENTER,18,1.0,MEDSTAR MONTGOMERY MEDICAL CENTER,cms_name,high,-0.04,-6.04
MEDSTAR SAINT MARY'S HOSPITAL,False,2011,,,,134162900.0,143441203.0,9278303.0,,110856885.0,118060590.0,,110583185.0,116389545.0,5806361.0,,6863.77,7808.91,6846.82,7698.38,96751142.0,112047407.0,,,,,5990.4,7411.18,273700.0,1671044.0,1397344.0,,,,,,,,,FY2013,1,June 2011,MedStar Saint Mary's Hospital,28,1.0,MEDSTAR SAINT MARY'S HOSPITAL,cms_name,high,,
MEDSTAR SAINT MARY'S HOSPITAL,False,2012,,,9640308.0,151897000.0,161983460.0,10086460.0,,120684064.0,131282445.0,10598382.0,115905184.0,125323478.0,9418294.0,-1535.0,7339.03,7576.79,7048.41,7232.88,106515296.0,121640602.0,,14168767.0,9641843.0,-4526924.0,6477.4,7020.33,4778880.0,5958967.0,1180088.0,,,,,,,,,FY2013;FY2014,2,June 2012,MedStar Saint Mary's Hospital,28,1.0,MEDSTAR SAINT MARY'S HOSPITAL,cms_name,high,11.74,7.34
MEDSTAR SAINT MARY'S HOSPITAL,False,2013,,,12348616.0,154603000.0,166187466.0,11584466.0,,122978411.0,133141064.0,10162653.0,122725928.0,130862627.0,8136699.0,2103498.0,7327.67,7769.95,7312.63,7636.99,106669520.0,122895946.0,,16308891.0,10245118.0,-6063773.0,6355.91,7172.06,252484.0,2278437.0,2025953.0,,,,,,9.24,13.26,7.69,FY2013;FY2014;FY2015,3,June 2013,MedStar Saint Mary's Hospital,28,1.0,MEDSTAR SAINT MARY'S HOSPITAL,cms_name,high,13.26,7.69
MEDSTAR SAINT MARY'S HOSPITAL,False,2014,,,12271586.0,157936000.0,170379429.0,12443429.0,,134460477.0,143005214.0,8544737.0,131499627.0,138299296.0,6799669.0,769829.0,,,,,114203324.0,131503457.0,,20257153.0,11501757.0,-8755396.0,,,2960851.0,4705918.0,1745067.0,,,,,,8.54,15.07,8.04,FY2014;FY2015,2,June 2014,MedStar Saint Mary's Hospital,28,1.0,MEDSTAR SAINT MARY'S HOSPITAL,cms_name,high,15.07,8.04
MEDSTAR SAINT MARY'S HOSPITAL,False,2015,,,13257796.0,166124100.0,178739982.0,12615882.0,,143316668.0,152662680.0,9346012.0,140075188.0,147788648.0,7713460.0,-8804.0,,,,,120822142.0,139396080.0,,22494526.0,13266600.0,-9227927.0,,,3241480.0,4874032.0,1632552.0,,,,,,8.68,15.7,8.69,FY2015,1,June 2015,MedStar Saint Mary's Hospital,28,1.0,MEDSTAR SAINT MARY'S HOSPITAL,cms_name,high,15.7,8.69
MEDSTAR SOUTHERN MARYLAND,False,2011,,,,249258400.0,284150973.0,34892573.0,,209033383.0,222964584.0,,208612308.0,222050781.0,13438473.0,,8684.94,8164.32,8667.45,8130.86,198573862.0,217183662.0,,,,,8250.37,7952.64,421075.0,913803.0,492728.0,,,,,,,,,FY2013,1,December 2011,MedStar Southern Maryland,62,0.975,MEDSTAR SOUTHERN MARYLAND HOSPITAL CENTER,cms_name,high,,
MEDSTAR SOUTHERN MARYLAND,False,2012,,,-4683446.0,241038800.0,272461833.0,31423033.0,,199579263.0,213408141.0,13828878.0,199310186.0,212510465.0,13200279.0,-154429.0,8436.36,8030.29,8424.99,7996.51,193980843.0,217937158.0,,5598420.0,-4529017.0,-10127437.0,8199.71,8200.71,269077.0,897676.0,628599.0,,,,,,,,,FY2013;FY2014,2,December 2012;June 2012,MedStar Southern Maryland,62,0.975,MEDSTAR SOUTHERN MARYLAND HOSPITAL CENTER,cms_name,high,2.81,-2.12
MEDSTAR SOUTHERN MARYLAND,False,2013,,,-21613758.0,259132417.0,274531617.0,15399200.0,,200528256.0,206654788.0,6126532.0,200413856.0,205580554.0,5166698.0,-104289.0,7721.14,7569.65,7716.73,7530.3,222142014.0,234305692.0,,-21613758.0,-27650904.0,-6037146.0,8553.35,8582.49,114400.0,1074234.0,959834.0,,,,,,-10.46,-10.78,-13.38,FY2013;FY2014;FY2015,3,June 2013,MedStar Southern Maryland,62,0.975,MEDSTAR SOUTHERN MARYLAND HOSPITAL CENTER,cms_name,high,-10.78,-13.38
MEDSTAR SOUTHERN MARYLAND,False,2014,,,-5582219.0,261812300.0,271863755.0,10051455.0,,207564135.0,213862614.0,6298479.0,207161288.0,212576826.0,5415538.0,21958.0,,,,,204401483.0,219466790.0,,3162651.0,-5604177.0,-8766828.0,,,402847.0,1285788.0,882941.0,,,,,,-2.61,1.52,-2.62,FY2014;FY2015,2,June 2014,MedStar Southern Maryland,62,0.975,MEDSTAR SOUTHERN MARYLAND HOSPITAL CENTER,cms_name,high,1.52,-2.62
MEDSTAR SOUTHERN MARYLAND,False,2015,,,-7528697.0,262672600.0,272371752.0,9699152.0,,220367050.0,225806547.0,5439497.0,216113395.0,220719842.0,4606447.0,20445.0,,,,,216259673.0,233355690.0,,4107378.0,-7549143.0,-11656520.0,,,4253655.0,5086705.0,833050.0,,,,,,-3.33,1.86,-3.34,FY2015,1,June 2015,MedStar Southern Maryland,62,0.975,MEDSTAR SOUTHERN MARYLAND HOSPITAL CENTER,cms_name,high,1.86,-3.34
MEDSTAR SOUTHERN MARYLAND HOSPITAL CEN,False,2020,,,,281382413.0,305615228.0,24232815.0,,239355410.0,252109159.0,12753749.0,232377115.0,244929794.0,12552679.0,,,,,,205766288.0,240415418.0,34649131.0,33589123.0,11693741.0,-21895382.0,,,6978296.0,7179366.0,201070.0,,,,,,,,,FY2022,1,June 2020,MEDSTAR SOUTHERN MARYLAND HOSPITAL CEN,62,0.944,MEDSTAR SOUTHERN MARYLAND HOSPITAL CENTER,cms_name,high,14.03,4.64
MEDSTAR SOUTHERN MARYLAND HOSPITAL CEN,False,2021,,,,296310185.0,327705286.0,31395101.0,,247440556.0,262240949.0,14800393.0,240212058.0,255262240.0,15050182.0,,,,,,226206866.0,266837862.0,40630996.0,21233690.0,-4596913.0,-25830603.0,,,7228499.0,6978709.0,-249789.0,,,,,,,,,FY2022,1,June 2021,MEDSTAR SOUTHERN MARYLAND HOSPITAL CEN,62,0.944,MEDSTAR SOUTHERN MARYLAND HOSPITAL CENTER,cms_name,high,8.58,-1.75
MEDSTAR SOUTHERN MARYLAND HOSPITAL CEN,False,2022,,,,299185641.0,332477198.0,33291557.0,,260470568.0,277145964.0,16675396.0,254863540.0,271458058.0,16594518.0,,,,,,258261875.0,297984021.0,39722146.0,2208693.0,-20838057.0,-23046750.0,,,5607028.0,5687906.0,80878.0,,,,,,,,,FY2022,1,June 2022,MEDSTAR SOUTHERN MARYLAND HOSPITAL CEN,62,0.944,MEDSTAR SOUTHERN MARYLAND HOSPITAL CENTER,cms_name,high,0.85,-7.52
MEDSTAR SOUTHERN MARYLAND HOSPITAL CENTER,False,2014,,,-5582219.0,261812300.0,271863755.0,10051455.0,,207564135.0,213862614.0,6298479.0,207161288.0,212576826.0,5415538.0,21958.0,,,,,204401483.0,219466790.0,,3162651.0,-5604177.0,-8766828.0,,,402847.0,1285788.0,882941.0,,,,,,-2.61,1.52,-2.62,FY2016,1,June 2014,MEDSTAR SOUTHERN MARYLAND HOSPITAL CENTER,62,1.0,MEDSTAR SOUTHERN MARYLAND HOSPITAL CENTER,cms_name,high,1.52,-2.62
MEDSTAR SOUTHERN MARYLAND HOSPITAL CENTER,False,2015,,,-7528697.0,262672600.0,272371752.0,9699152.0,,220367050.0,225806547.0,5439497.0,216113395.0,220719842.0,4606447.0,20445.0,,,,,216259673.0,233355690.0,,4107378.0,-7549143.0,-11656520.0,,,4253655.0,5086705.0,833050.0,,,,,,-3.33,1.86,-3.34,FY2016;FY2017,2,June 2015,MEDSTAR SOUTHERN MARYLAND HOSPITAL CENTER,62,1.0,MEDSTAR SOUTHERN MARYLAND HOSPITAL CENTER,cms_name,high,1.86,-3.34
MEDSTAR SOUTHERN MARYLAND HOSPITAL CENTER,False,2016,,,-6456935.0,271938700.0,299709229.0,27770529.0,,224211016.0,236069199.0,11858184.0,221201757.0,232243667.0,11041910.0,670.0,,,,,210251917.0,242526804.0,,13959099.0,-6457604.0,-20416703.0,,,3009259.0,3825532.0,816273.0,,,,,,-2.74,6.23,-2.74,FY2016;FY2017;FY2018,3,June 2016,MEDSTAR SOUTHERN MARYLAND HOSPITAL CENTER,62,1.0,MEDSTAR SOUTHERN MARYLAND HOSPITAL CENTER,cms_name,high,6.23,-2.74
MEDSTAR SOUTHERN MARYLAND HOSPITAL CENTER,False,2017,,,4663640.0,270322700.0,296609756.0,26287056.0,,237119588.0,248235881.0,11116294.0,227911853.0,238070084.0,10158231.0,57645.0,,,,,212389115.0,243629886.0,,24730472.0,4605995.0,-20124477.0,,,9207735.0,10165798.0,958063.0,,,,,,1.88,10.43,1.86,FY2017;FY2018;FY2019,3,June 2017,MEDSTAR SOUTHERN MARYLAND HOSPITAL CENTER,62,1.0,MEDSTAR SOUTHERN MARYLAND HOSPITAL CENTER,cms_name,high,10.43,1.86
MEDSTAR SOUTHERN MARYLAND HOSPITAL CENTER,False,2018,,,-10171988.0,264243580.0,288304760.0,24061180.0,,227419146.0,237469834.0,10050688.0,226852359.0,236025488.0,9173129.0,35871.0,,,,,214662790.0,247677692.0,,12756356.0,-10207859.0,-22964214.0,,,566788.0,1444346.0,877558.0,,,,,,-4.28,5.61,-4.3,FY2018;FY2019;FY2020,3,June 2018,MEDSTAR SOUTHERN MARYLAND HOSPITAL CENTER,62,1.0,MEDSTAR SOUTHERN MARYLAND HOSPITAL CENTER,cms_name,high,5.61,-4.3
MEDSTAR SOUTHERN MARYLAND HOSPITAL CENTER,False,2019,,,-8014013.0,273965063.0,297304387.0,23339324.0,,229886363.0,239282522.0,9396158.0,227943143.0,236858730.0,8915588.0,7957.0,,,,,215090581.0,247304491.0,,14795783.0,-8021970.0,-22817752.0,,,1943221.0,2423791.0,480571.0,,,,,,-3.35,6.44,-3.35,FY2019;FY2020;FY2021,3,June 2019,MEDSTAR SOUTHERN MARYLAND HOSPITAL CENTER,62,1.0,MEDSTAR SOUTHERN MARYLAND HOSPITAL CENTER,cms_name,high,6.44,-3.35
MEDSTAR SOUTHERN MARYLAND HOSPITAL CENTER,False,2020,,,11824946.0,281382413.0,305615228.0,24232815.0,,239355410.0,252109159.0,12753749.0,232377115.0,244929794.0,12552679.0,131205.0,,,,,205766288.0,240415418.0,,33589123.0,11693741.0,-21895382.0,,,6978296.0,7179366.0,201070.0,,,,,,4.69,14.03,4.64,FY2020;FY2021,2,June 2020,MEDSTAR SOUTHERN MARYLAND HOSPITAL CENTER,62,1.0,MEDSTAR SOUTHERN MARYLAND HOSPITAL CENTER,cms_name,high,14.03,4.64
MEDSTAR SOUTHERN MARYLAND HOSPITAL CENTER,False,2021,,,-4461728.0,296310185.0,327705286.0,31395101.0,,247440556.0,262240949.0,14800393.0,240212058.0,255262240.0,15050182.0,135185.0,,,,,226206866.0,266837862.0,40630996.0,21233690.0,-4596913.0,-25830603.0,,,7228499.0,6978709.0,-249789.0,,,,,,-1.7,8.58,-1.75,FY2021;FY2023,2,June 2021,MEDSTAR SOUTHERN MARYLAND HOSPITAL CENTER,62,1.0,MEDSTAR SOUTHERN MARYLAND HOSPITAL CENTER,cms_name,high,8.58,-1.75
MEDSTAR SOUTHERN MARYLAND HOSPITAL CENTER,False,2022,,,-20884519.0,299185641.0,332477198.0,33291557.0,,260470568.0,277145964.0,16675396.0,254863540.0,271458058.0,16594518.0,-46462.0,,,,,258261875.0,297984021.0,39722146.0,2208693.0,-20838057.0,-23046750.0,,,5607028.0,5687906.0,80878.0,,,,,,-7.54,0.85,-7.52,FY2023;FY2024,2,June 2022,MEDSTAR SOUTHERN MARYLAND HOSPITAL CENTER,62,1.0,MEDSTAR SOUTHERN MARYLAND HOSPITAL CENTER,cms_name,high,0.85,-7.52
MEDSTAR SOUTHERN MARYLAND HOSPITAL CENTER,False,2023,,,-28624114.0,318000686.0,351859771.0,33859084.0,,261277464.0,278189647.0,16912183.0,253654839.0,270258475.0,16603636.0,92404.0,,,,,257464006.0,306906165.0,49442159.0,3813459.0,-28716518.0,-32529976.0,,,7622625.0,7931172.0,308547.0,,,,,,-10.29,1.46,-10.32,FY2023;FY2024,2,June 2023,MEDSTAR SOUTHERN MARYLAND HOSPITAL CENTER,62,1.0,MEDSTAR SOUTHERN MARYLAND HOSPITAL CENTER,cms_name,high,1.46,-10.32
MEDSTAR SOUTHERN MARYLAND HOSPITAL CENTER,False,2024,,,-31313733.0,338032767.0,457401567.0,119368800.0,,286085083.0,340525571.0,54440488.0,273706361.0,327676327.0,53969966.0,193658.0,,,,,289266748.0,372032962.0,82766215.0,-3181665.0,-31507391.0,-28325726.0,,,12378722.0,12849244.0,470522.0,,,,,,-9.19,-1.11,-9.25,FY2024,1,June 2024,MEDSTAR SOUTHERN MARYLAND HOSPITAL CENTER,62,1.0,MEDSTAR SOUTHERN MARYLAND HOSPITAL CENTER,cms_name,high,-1.11,-9.25
MEDSTAR ST MARY'S HOSPITAL,False,2014,,,12271586.0,157936000.0,170379429.0,12443429.0,,134460477.0,143005214.0,8544737.0,131499627.0,138299296.0,6799669.0,769829.0,,,,,114203324.0,131503457.0,,20257153.0,11501757.0,-8755396.0,,,2960851.0,4705918.0,1745067.0,,,,,,8.54,15.07,8.04,FY2016,1,June 2014,MEDSTAR ST. MARY'S HOSPITAL,28,0.975,MedStar- St. Mary's,hscrc_name,high,15.07,8.04
MEDSTAR ST MARY'S HOSPITAL,False,2015,,,13257796.0,166124100.0,178739982.0,12615882.0,,143316668.0,152662680.0,9346012.0,140075188.0,147788648.0,7713460.0,-8804.0,,,,,120822142.0,139396080.0,,22494526.0,13266600.0,-9227927.0,,,3241480.0,4874032.0,1632552.0,,,,,,8.68,15.7,8.69,FY2016;FY2017,2,June 2015,MEDSTAR ST. MARY'S HOSPITAL,28,0.975,MedStar- St. Mary's,hscrc_name,high,15.7,8.69
MEDSTAR ST MARY'S HOSPITAL,False,2016,,,7987366.0,178043900.0,189597094.0,11553194.0,,146667166.0,157985802.0,11318636.0,145761191.0,154657111.0,8895921.0,460.0,,,,,130856640.0,149998897.0,,15810526.0,7986905.0,-7823621.0,,,905975.0,3328691.0,2422716.0,,,,,,5.06,10.78,5.06,FY2016;FY2017;FY2018,3,June 2016,MEDSTAR ST. MARY'S HOSPITAL,28,0.975,MedStar- St. Mary's,hscrc_name,high,10.78,5.06
MEDSTAR ST MARY'S HOSPITAL,False,2017,,,4364894.0,190011200.0,201478440.0,11467240.0,,162586705.0,172909545.0,10322840.0,160955162.0,169288567.0,8333405.0,212865.0,,,,,150392679.0,168757516.0,,12194026.0,4152029.0,-8041997.0,,,1631543.0,3620978.0,1989435.0,,,,,,2.52,7.5,2.4,FY2017;FY2018;FY2019,3,June 2017,MEDSTAR ST. MARY'S HOSPITAL,28,0.975,MedStar- St. Mary's,hscrc_name,high,7.5,2.4
MEDSTAR ST MARY'S HOSPITAL,False,2018,,,17194914.0,196820500.0,210145645.0,13325145.0,,169292608.0,179166774.0,9874165.0,168001259.0,176837894.0,8836635.0,246817.0,,,,,142378610.0,162218677.0,,26913998.0,16948097.0,-9965901.0,,,1291349.0,2328879.0,1037530.0,,,,,,9.58,15.9,9.46,FY2018;FY2019;FY2020,3,June 2018,MEDSTAR ST. MARY'S HOSPITAL,28,0.975,MedStar- St. Mary's,hscrc_name,high,15.9,9.46
MEDSTAR ST MARY'S HOSPITAL,False,2019,,,12275601.0,190672185.0,202478685.0,11806500.0,,161857118.0,172009953.0,10152836.0,162280832.0,170276632.0,7995800.0,285332.0,,,,,138596090.0,160019685.0,,23261027.0,11990269.0,-11270759.0,,,-423715.0,1733321.0,2157036.0,,,,,,7.12,14.37,6.97,FY2019;FY2020;FY2021,3,June 2019,MEDSTAR ST. MARY'S HOSPITAL,28,0.975,MedStar- St. Mary's,hscrc_name,high,14.37,6.97
MEDSTAR ST MARY'S HOSPITAL,False,2020,,,18366071.0,199026195.0,211960023.0,12933828.0,,169502248.0,179877624.0,10375375.0,169062031.0,177097602.0,8035571.0,1323389.0,,,,,139857846.0,162834942.0,22977096.0,29644403.0,17042682.0,-12601721.0,,,440217.0,2780021.0,2339804.0,,,,,,10.14,17.49,9.47,FY2020;FY2021;FY2022,3,June 2020,MEDSTAR ST. MARY'S HOSPITAL,28,0.975,MedStar- St. Mary's,hscrc_name,high,17.49,9.47
MEDSTAR ST MARY'S HOSPITAL,False,2021,,,,206507408.0,235676410.0,29169003.0,,177210224.0,196965584.0,19755360.0,171434271.0,189042735.0,17608465.0,793465.0,,,,,143704997.0,176289631.0,32584634.0,33505228.0,20675953.0,-12829274.0,,,5775954.0,7922849.0,2146895.0,,,,,,,,,FY2021;FY2022;FY2023,3,June 2021,MEDSTAR ST. MARY'S HOSPITAL,28,0.975,MedStar- St. Mary's,hscrc_name,high,18.91,10.5
MEDSTAR ST MARY'S HOSPITAL,False,2022,,,13474347.0,204364194.0,238700833.0,34336640.0,,181373905.0,200968167.0,19594262.0,178963251.0,197120200.0,18156949.0,2212794.0,,,,,158185301.0,189706615.0,31521314.0,23188604.0,11261552.0,-11927051.0,,,2410654.0,3847967.0,1437313.0,,,,,,6.7,12.78,5.6,FY2022;FY2023;FY2024,3,June 2022,MEDSTAR ST. MARY'S HOSPITAL,28,0.975,MedStar- St. Mary's,hscrc_name,high,12.78,5.6
MEDSTAR ST MARY'S HOSPITAL,False,2023,,,4377367.0,217557775.0,255099037.0,37541262.0,,182595432.0,203543536.0,20948104.0,179867136.0,198656505.0,18789369.0,2133116.0,,,,,163335536.0,201299285.0,37963749.0,19259896.0,2244251.0,-17015645.0,,,2728296.0,4887031.0,2158735.0,,,,,,2.14,10.55,1.1,FY2023;FY2024,2,June 2023,MEDSTAR ST. MARY'S HOSPITAL,28,0.975,MedStar- St. Mary's,hscrc_name,high,10.55,1.1
MEDSTAR ST MARY'S HOSPITAL,False,2024,,,6083361.0,236265893.0,307081727.0,70815833.0,,196555518.0,233725744.0,37170226.0,193437886.0,228882523.0,35444637.0,2396022.0,,,,,177561168.0,230038405.0,52477238.0,18994350.0,3687338.0,-15307012.0,,,3117632.0,4843220.0,1725588.0,,,,,,2.59,9.66,1.58,FY2024,1,June 2024,MEDSTAR ST. MARY'S HOSPITAL,28,0.975,MedStar- St. Mary's,hscrc_name,high,9.66,1.58
MEDSTAR UNION MEMORIAL,False,2011,,,,400597100.0,532224647.0,131627547.0,,341391855.0,397038051.0,,337555155.0,384611999.0,47056844.0,,14450.25,14736.57,14287.85,14275.36,302554958.0,384090530.0,,,,,12806.38,14256.01,3836700.0,12426052.0,8589352.0,,,,,,,,,FY2013,1,June 2011,MedStar Union Memorial,24,0.975,MEDSTAR UNION MEMORIAL HOSPITAL,cms_name,high,,
MEDSTAR UNION MEMORIAL,False,2012,,,4084294.0,422530700.0,564853369.0,142322669.0,,343260608.0,400299345.0,57038737.0,339127630.0,387588875.0,48461245.0,1030745.0,14352.56,14558.55,14179.75,14096.28,311843852.0,397245796.0,,31416756.0,3053549.0,-28363207.0,13038.95,14447.49,4132978.0,12710470.0,8577492.0,,,,,,,,,FY2013;FY2014,2,June 2012,MedStar Union Memorial,24,0.975,MEDSTAR UNION MEMORIAL HOSPITAL,cms_name,high,9.15,0.76
MEDSTAR UNION MEMORIAL,False,2013,,,-1472759.0,406581900.0,548450789.0,141868889.0,,331971361.0,391671878.0,59700517.0,325853133.0,377533429.0,51680296.0,4750979.0,14128.0,14518.68,13867.62,13994.59,311635984.0,397895616.0,,20335376.0,-6223738.0,-26559115.0,13262.57,14749.39,6118228.0,14138449.0,8020221.0,,,,,,-0.37,6.13,-1.59,FY2013;FY2014;FY2015,3,June 2013,MedStar Union Memorial,24,0.975,MEDSTAR UNION MEMORIAL HOSPITAL,cms_name,high,6.13,-1.59
MEDSTAR UNION MEMORIAL,False,2014,,,20389661.0,415164300.0,568828482.0,153664182.0,,347941658.0,409206476.0,61264818.0,343104896.0,395467034.0,52362138.0,5852483.0,,,,,301629439.0,394669299.0,,46312220.0,14537178.0,-31775042.0,,,4836762.0,13739442.0,8902680.0,,,,,,4.91,13.31,3.55,FY2014;FY2015,2,June 2014,MedStar Union Memorial,24,0.975,MEDSTAR UNION MEMORIAL HOSPITAL,cms_name,high,13.31,3.55
MEDSTAR UNION MEMORIAL,False,2015,,,9579971.0,419374600.0,557030761.0,137656161.0,,366279654.0,428918786.0,62639133.0,361044332.0,414368343.0,53324011.0,1393271.0,,,,,323965920.0,420732087.0,,42313734.0,8186700.0,-34127034.0,,,5235322.0,14550443.0,9315121.0,,,,,,2.23,11.55,1.91,FY2015,1,June 2015,MedStar Union Memorial,24,0.975,MEDSTAR UNION MEMORIAL HOSPITAL,cms_name,high,11.55,1.91
MEDSTAR UNION MEMORIAL HOSPITAL,False,2014,,,20389661.0,415164300.0,568828482.0,153664182.0,,347941658.0,409206476.0,61264818.0,343104896.0,395467034.0,52362138.0,5852483.0,,,,,301629439.0,394669299.0,,46312220.0,14537178.0,-31775042.0,,,4836762.0,13739442.0,8902680.0,,,,,,4.91,13.31,3.55,FY2016,1,June 2014,MEDSTAR UNION MEMORIAL HOSPITAL,24,1.0,MEDSTAR UNION MEMORIAL HOSPITAL,cms_name,high,13.31,3.55
MEDSTAR UNION MEMORIAL HOSPITAL,False,2015,,,9579971.0,419374600.0,557030761.0,137656161.0,,366279654.0,428918786.0,62639133.0,361044332.0,414368343.0,53324011.0,1393271.0,,,,,323965920.0,420732087.0,,42313734.0,8186700.0,-34127034.0,,,5235322.0,14550443.0,9315121.0,,,,,,2.23,11.55,1.91,FY2016;FY2017,2,June 2015,MEDSTAR UNION MEMORIAL HOSPITAL,24,1.0,MEDSTAR UNION MEMORIAL HOSPITAL,cms_name,high,11.55,1.91
MEDSTAR UNION MEMORIAL HOSPITAL,False,2016,,,4215211.0,426343800.0,556443659.0,130099859.0,,364510768.0,429225238.0,64714470.0,361444621.0,417273738.0,55829116.0,-617400.0,,,,,320066035.0,424392626.0,,44444733.0,4832611.0,-39612122.0,,,3066146.0,11951500.0,8885354.0,,,,,,0.98,12.19,1.13,FY2016;FY2017;FY2018,3,June 2016,MEDSTAR UNION MEMORIAL HOSPITAL,24,1.0,MEDSTAR UNION MEMORIAL HOSPITAL,cms_name,high,12.19,1.13
MEDSTAR UNION MEMORIAL HOSPITAL,False,2017,,,17108271.0,434442400.0,613983891.0,179541491.0,,373219507.0,454299962.0,81080456.0,371471942.0,444138147.0,72666205.0,6290841.0,,,,,318141201.0,443482532.0,,55078306.0,10817431.0,-44260875.0,,,1747565.0,10161815.0,8414250.0,,,,,,3.71,14.76,2.38,FY2017;FY2018;FY2019,3,June 2017,MEDSTAR UNION MEMORIAL HOSPITAL,24,1.0,MEDSTAR UNION MEMORIAL HOSPITAL,cms_name,high,14.76,2.38
MEDSTAR UNION MEMORIAL HOSPITAL,False,2018,,,12324708.0,440415067.0,580022801.0,139607734.0,,382512921.0,457194342.0,74681422.0,375131688.0,440305298.0,65173610.0,4312432.0,,,,,342650432.0,449182066.0,,39862489.0,8012276.0,-31850213.0,,,7381232.0,16889044.0,9507812.0,,,,,,2.67,10.42,1.75,FY2018;FY2019;FY2020,3,June 2018,MEDSTAR UNION MEMORIAL HOSPITAL,24,1.0,MEDSTAR UNION MEMORIAL HOSPITAL,cms_name,high,10.42,1.75
MEDSTAR UNION MEMORIAL HOSPITAL,False,2019,,,-8956083.0,420492952.0,545870701.0,125377749.0,,365259150.0,436178994.0,70919844.0,361643118.0,423889354.0,62246236.0,2524331.0,,,,,341829682.0,447659408.0,,23429468.0,-11480414.0,-34909882.0,,,3616032.0,12289640.0,8673608.0,,,,,,-2.04,6.41,-2.63,FY2019;FY2020;FY2021,3,June 2019,MEDSTAR UNION MEMORIAL HOSPITAL,24,1.0,MEDSTAR UNION MEMORIAL HOSPITAL,cms_name,high,6.41,-2.63
MEDSTAR UNION MEMORIAL HOSPITAL,False,2020,,,14786019.0,431562934.0,549370732.0,117807797.0,,372556419.0,442713927.0,70157509.0,367931369.0,420854577.0,52923207.0,2717353.0,,,,,329743972.0,430645261.0,100901289.0,42812446.0,12068667.0,-30743780.0,,,4625049.0,21859351.0,17234301.0,,,,,,3.3,11.49,2.73,FY2020;FY2021;FY2022,3,June 2020,MEDSTAR UNION MEMORIAL HOSPITAL,24,1.0,MEDSTAR UNION MEMORIAL HOSPITAL,cms_name,high,11.49,2.73
MEDSTAR UNION MEMORIAL HOSPITAL,False,2021,,,4209655.0,453671280.0,587203939.0,133532659.0,,389830154.0,458709898.0,68879744.0,367149854.0,427594057.0,60444204.0,14921399.0,,,,,364574112.0,469421642.0,104847530.0,25256042.0,-10711744.0,-35967787.0,,,22680301.0,31115841.0,8435540.0,,,,,,0.89,6.48,-2.34,FY2021;FY2022;FY2023,3,June 2021,MEDSTAR UNION MEMORIAL HOSPITAL,24,1.0,MEDSTAR UNION MEMORIAL HOSPITAL,cms_name,high,6.48,-2.34
MEDSTAR UNION MEMORIAL HOSPITAL,False,2022,,,-29938831.0,442852891.0,590968257.0,148115366.0,,398636760.0,474686213.0,76049452.0,392956967.0,459455440.0,66498473.0,-3868881.0,,,,,384331913.0,500756162.0,116424249.0,14304847.0,-26069949.0,-40374797.0,,,5679794.0,15230772.0,9550979.0,,,,,,-6.26,3.59,-5.49,FY2022;FY2023;FY2024,3,June 2022,MEDSTAR UNION MEMORIAL HOSPITAL,24,1.0,MEDSTAR UNION MEMORIAL HOSPITAL,cms_name,high,3.59,-5.49
MEDSTAR UNION MEMORIAL HOSPITAL,False,2023,,,-3318921.0,485128248.0,645296629.0,160168381.0,,424979454.0,507661871.0,82682417.0,409516689.0,482070224.0,72553536.0,5986365.0,,,,,389617319.0,516967157.0,127349838.0,35362135.0,-9305286.0,-44667421.0,,,15462765.0,25591646.0,10128881.0,,,,,,-0.65,8.32,-1.83,FY2023;FY2024,2,June 2023,MEDSTAR UNION MEMORIAL HOSPITAL,24,1.0,MEDSTAR UNION MEMORIAL HOSPITAL,cms_name,high,8.32,-1.83
MEDSTAR UNION MEMORIAL HOSPITAL,False,2024,,,-3083560.0,499090335.0,675958443.0,176868108.0,,431697299.0,520029228.0,88331929.0,423250694.0,501327819.0,78077125.0,9277144.0,,,,,387147600.0,532389932.0,145242332.0,44549699.0,-12360704.0,-56910403.0,,,8446605.0,18701409.0,10254804.0,,,,,,-0.58,10.32,-2.38,FY2024,1,June 2024,MEDSTAR UNION MEMORIAL HOSPITAL,24,1.0,MEDSTAR UNION MEMORIAL HOSPITAL,cms_name,high,10.32,-2.38
MEMORIAL HOSP AND MED CTR OF CUMBERLAND,False,2007,,,,97696500.0,117666900.0,19970400.0,,82149100.0,97486800.0,,81425000.0,95072200.0,13647200.0,,6706.47,6607.87,6647.35,6444.2,82213728.0,97519900.0,,,,,6711.74,6610.11,724100.0,2414600.0,1690500.0,,,,,,,,,FY2009,1,June 2007,Memorial Hosp and Med Ctr of Cumberland,,0.471,,UNMATCHED,none,,
MEMORIAL HOSP AND MED CTR OF CUMBERLAND,False,2008,,,,101185500.0,123571400.0,22385900.0,,84667100.0,101379900.0,,84603800.0,99866400.0,15262600.0,,7277.78,7135.69,7272.34,7029.17,82700644.0,98915700.0,,,,,7108.75,6962.25,63300.0,1513500.0,1450200.0,,,,,,,,,FY2009,1,June 2008,Memorial Hosp and Med Ctr of Cumberland,,0.471,,UNMATCHED,none,,
MEMORIAL HOSP AND MED CTR OF CUMBERLAND,False,2009,,,,106194800.0,129876100.0,23681300.0,,88733800.0,105234200.0,,88316900.0,103346800.0,15029900.0,,7946.07,7705.39,7908.74,7567.19,83282630.0,100317300.0,,,,,7457.92,7345.37,416900.0,1887400.0,1470500.0,,,,,,,,,FY2009,1,June 2009,Memorial Hosp and Med Ctr of Cumberland,,0.471,,UNMATCHED,none,,
MEMORIAL HOSPITAL AT EASTON,False,2007,,,,127272636.0,155966895.0,28694259.0,,114572706.0,128170528.0,,112740414.0,124891948.0,12151534.0,,7803.82,7094.0,7679.02,6912.54,109557554.0,124574494.0,,,,,7462.22,6894.97,1832292.0,3278580.0,1446288.0,,,,,,,,,FY2009,1,June 2007,Memorial Hospital at Easton,37,0.682,Easton,short_name,medium,,
MEMORIAL HOSPITAL AT EASTON,False,2008,,,,144112600.0,174463692.0,30351092.0,,127338515.0,141037544.0,,125016601.0,137205850.0,12189249.0,,7889.51,7218.08,7745.65,7021.98,125451524.0,137972084.0,,,,,7772.6,7061.2,2321914.0,3831694.0,1509780.0,,,,,,,,,FY2009;FY2010,2,June 2008,Memorial Hospital at Easton,37,0.682,Easton,short_name,medium,,
MEMORIAL HOSPITAL AT EASTON,False,2009,,,,160032300.0,192981071.0,32948771.0,,141015514.0,155779125.0,,139245218.0,152557641.0,13312423.0,,8625.55,7901.73,8517.27,7738.32,134106845.0,147694022.0,,,,,8202.96,7491.62,1770296.0,3221484.0,1451188.0,,,,,,,,,FY2009;FY2010;FY2011,3,June 2009,Memorial Hospital at Easton,37,0.682,Easton,short_name,medium,,
MEMORIAL HOSPITAL AT EASTON,False,2010,,,9911967.0,160769200.0,192417839.0,31648639.0,,139221175.0,153070254.0,,137414364.0,149791234.0,12376870.0,4540080.0,8471.95,7782.63,8362.0,7615.91,133188248.0,147698367.0,,,,,8104.83,7509.51,1806811.0,3279020.0,1472209.0,412.8,-1.78,-1.82,-12.68,-33.56,6.29,4.33,3.51,FY2010;FY2011;FY2012,3,June 2010,Memorial Hospital at Easton,37,0.682,Easton,short_name,medium,,
MEMORIAL HOSPITAL AT EASTON,False,2011,,,19019010.0,173171500.0,206661144.0,33489644.0,,149270216.0,163802666.0,,145233736.0,158344695.0,13110959.0,9777820.0,9198.51,8458.3,8949.77,8176.46,140221608.0,154561476.0,,,,,8640.91,7981.11,4036480.0,5457971.0,1421491.0,91.88,8.58,7.03,49.99,72.03,10.96,6.06,5.64,FY2011;FY2012,2,June 2011,Memorial Hospital at Easton,37,0.682,Easton,short_name,medium,,
MEMORIAL HOSPITAL AT EASTON,False,2012,,,13061338.0,184647500.0,221718171.0,37070671.0,,156541896.0,170803429.0,,152889603.0,166216458.0,13326855.0,-1952423.0,9731.15,8842.45,9504.11,8604.98,141357659.0,155789668.0,,,,,8787.25,8065.19,3652293.0,4586971.0,934678.0,-31.32,5.79,6.19,67.81,62.47,7.74,9.7,8.79,FY2012,1,June 2012,Memorial Hospital at Easton,37,0.682,Easton,short_name,medium,,
MERCY MEDICAL CENTER,False,2007,,,,325029000.0,329388128.0,4359128.0,,292499159.0,305116338.0,,285178259.0,289537387.0,4359128.0,,9746.74,10032.62,9502.79,9520.37,263534365.0,278902000.0,,,,,8781.57,9170.66,7320900.0,15578951.0,8258051.0,,,,,,,,,FY2009,1,June 2007,Mercy Medical Center,8,0.975,Mercy,hscrc_name,high,,
MERCY MEDICAL CENTER,False,2008,,,,353240000.0,359162547.0,5922547.0,,315462821.0,333459788.0,,310781321.0,316703868.0,5922547.0,,9657.12,10039.73,9513.81,9535.25,286723944.0,306485734.0,,,,,8777.35,9227.6,4681500.0,16755920.0,12074420.0,,,,,,,,,FY2009;FY2010,2,June 2008,Mercy Medical Center,8,0.975,Mercy,hscrc_name,high,,
MERCY MEDICAL CENTER,False,2009,,,,382169900.0,387730403.0,5560503.0,,337994222.0,355588388.0,,334232485.0,339792988.0,5560503.0,,10058.02,10429.83,9946.08,9966.54,304063622.0,324261908.0,,,,,9048.31,9510.99,3761737.0,15795400.0,12033663.0,,,,,,,,,FY2009;FY2010;FY2011,3,June 2009,Mercy Medical Center,8,0.975,Mercy,hscrc_name,high,,
MERCY MEDICAL CENTER,False,2010,,,31246825.0,388727200.0,393528323.0,4801123.0,,339231791.0,355316258.0,,335374561.0,340175684.0,4801123.0,6014865.0,10118.26,10468.71,10003.21,10022.63,307650947.0,330084298.0,,,,,9176.3,9725.3,3857230.0,15140574.0,11283344.0,1133.78,0.6,0.57,-6.93,-19.45,8.63,9.31,7.1,FY2010;FY2011;FY2012,3,June 2010,Mercy Medical Center,8,0.975,Mercy,hscrc_name,high,,
MERCY MEDICAL CENTER,False,2011,,,35419445.0,420066700.0,424714683.0,4647983.0,,362384623.0,379051802.0,,356258595.0,360906578.0,4647983.0,22557807.0,10847.66,11222.41,10664.29,10685.19,341721164.0,366190164.0,,,,,10229.12,10841.62,6126028.0,18145224.0,12019196.0,13.35,7.21,6.61,-34.57,-49.03,9.26,5.7,3.39,FY2011;FY2012;FY2013,3,June 2011,Mercy Medical Center,8,0.975,Mercy,hscrc_name,high,,
MERCY MEDICAL CENTER,False,2012,,,-14315107.0,459265700.0,459949668.0,683968.0,,394332059.0,408339014.0,14006955.0,385649759.0,386333727.0,683968.0,-22986000.0,11954.26,12360.48,11691.06,11694.38,372534729.0,399668121.0,,21797330.0,8670893.0,-13126437.0,11293.47,12098.01,8682300.0,22005287.0,13322987.0,-140.42,10.2,9.63,5.49,-32.58,-3.5,5.53,2.12,FY2012;FY2013;FY2014,3,June 2012,Mercy Medical Center,8,0.975,Mercy,hscrc_name,high,5.53,2.12
MERCY MEDICAL CENTER,False,2013,,,31020207.0,470759600.0,471386739.0,627139.0,,401836964.0,416801746.0,14964782.0,398432064.0,399059203.0,627139.0,27955631.0,11954.22,11871.25,11852.93,11365.91,386407071.0,413737170.0,,15429893.0,3064576.0,-12365317.0,11495.2,11783.97,3404900.0,17742543.0,14337643.0,,,,,,7.11,3.84,0.74,FY2013;FY2014;FY2015,3,June 2013,Mercy Medical Center,8,0.975,Mercy,hscrc_name,high,3.84,0.74
MERCY MEDICAL CENTER,False,2014,,,16016399.0,489187300.0,489937199.0,749899.0,,417579265.0,433214594.0,15635329.0,408619365.0,409369264.0,749899.0,9709384.0,,,,,403467951.0,426907582.0,,14111314.0,6307013.0,-7804301.0,,,8959900.0,23845330.0,14885430.0,,,,,,3.62,3.38,1.46,FY2014;FY2015;FY2016,3,June 2014,MERCY MEDICAL CENTER;Mercy Medical Center,8,0.975,Mercy,hscrc_name,high,3.38,1.46
MERCY MEDICAL CENTER,False,2015,,,16544255.0,495805900.0,496533840.0,727940.0,,435472105.0,451257459.0,15785354.0,422084601.0,422812541.0,727940.0,5922844.0,,,,,415561187.0,440636048.0,,19910918.0,10621411.0,-9289507.0,,,13387504.0,28444918.0,15057414.0,,,,,,3.62,4.57,2.35,FY2015;FY2016;FY2017,3,June 2015,MERCY MEDICAL CENTER;Mercy Medical Center,8,0.975,Mercy,hscrc_name,high,4.57,2.35
MERCY MEDICAL CENTER,False,2016,,,7945460.0,513599600.0,514328998.0,729398.0,,455037446.0,471172373.0,16134927.0,442251408.0,442980806.0,729398.0,-1562127.0,,,,,435680490.0,461664786.0,,19356956.0,9507587.0,-9849369.0,,,12786038.0,28191567.0,15405529.0,,,,,,1.65,4.25,2.02,FY2016;FY2017;FY2018,3,June 2016,MERCY MEDICAL CENTER,8,0.975,Mercy,hscrc_name,high,4.25,2.02
MERCY MEDICAL CENTER,False,2017,,,40081012.0,524091400.0,524919011.0,827611.0,,463362151.0,480293072.0,16930921.0,453324647.0,454152258.0,827611.0,23823750.0,,,,,435326226.0,464031532.0,,28035925.0,16261540.0,-11774385.0,,,10037504.0,26140814.0,16103310.0,,,,,,7.95,6.05,3.39,FY2017;FY2018;FY2019,3,June 2017,MERCY MEDICAL CENTER,8,0.975,Mercy,hscrc_name,high,6.05,3.39
MERCY MEDICAL CENTER,False,2018,,,29329295.0,539029100.0,544261241.0,5232141.0,,480633946.0,502639888.0,22005942.0,466732046.0,471964187.0,5232141.0,10506600.0,,,,,450635707.0,483817193.0,,29998239.0,18822695.0,-11175544.0,,,13901900.0,30675701.0,16773801.0,,,,,,5.72,6.24,3.74,FY2018;FY2019;FY2020,3,June 2018,MERCY MEDICAL CENTER,8,0.975,Mercy,hscrc_name,high,6.24,3.74
MERCY MEDICAL CENTER,False,2019,,,21359200.0,553679500.0,558673000.0,4993500.0,,488715700.0,511858500.0,23142800.0,477703200.0,482696700.0,4993500.0,3363300.0,,,,,461409400.0,493862600.0,,27306300.0,17995900.0,-9310400.0,,,11012500.0,29161800.0,18149300.0,,,,,,4.15,5.59,3.52,FY2019;FY2020;FY2021,3,June 2019,MERCY MEDICAL CENTER,8,0.975,Mercy,hscrc_name,high,5.59,3.52
MERCY MEDICAL CENTER,False,2020,,,5004508.0,548689700.0,552629823.0,3940123.0,,486233202.0,507755697.0,21522495.0,467797043.0,471737166.0,3940123.0,-6139000.0,,,,,465261610.0,496612189.0,31350579.0,20971592.0,11143508.0,-9828084.0,,,18436159.0,36018531.0,17582372.0,,,,,,0.97,4.31,2.19,FY2020;FY2021;FY2022,3,June 2020,MERCY MEDICAL CENTER,8,0.975,Mercy,hscrc_name,high,4.31,2.19
MERCY MEDICAL CENTER,False,2021,,,89240562.0,619894600.0,624409593.0,4514993.0,,546521323.0,568860807.0,22339485.0,533017150.0,537532143.0,4514993.0,51905000.0,,,,,497407597.0,531525246.0,34117649.0,49113726.0,37335562.0,-11778164.0,,,13504173.0,31328664.0,17824492.0,,,,,,14.34,8.99,6.56,FY2021;FY2022;FY2023,3,June 2021,MERCY MEDICAL CENTER,8,0.975,Mercy,hscrc_name,high,8.99,6.56
MERCY MEDICAL CENTER,False,2022,,,7485590.0,628565000.0,633089767.0,4524767.0,,569467306.0,581066862.0,11599556.0,543501058.0,548025825.0,4524767.0,-24446599.0,,,,,519261181.0,549134673.0,29873492.0,50206124.0,31932189.0,-18273935.0,,,25966248.0,33041037.0,7074789.0,,,,,,1.24,8.82,5.5,FY2022;FY2023;FY2024,3,June 2022,MERCY MEDICAL CENTER,8,0.975,Mercy,hscrc_name,high,8.82,5.5
MERCY MEDICAL CENTER,False,2023,,,46166587.0,653644800.0,658565493.0,4920693.0,,585676415.0,598129021.0,12452606.0,557725931.0,562646623.0,4920693.0,27789971.0,,,,,540448469.0,579752405.0,39303936.0,45227946.0,18376616.0,-26851330.0,,,27950484.0,35482398.0,7531913.0,,,,,,7.37,7.72,3.07,FY2023;FY2024,2,June 2023,MERCY MEDICAL CENTER,8,0.975,Mercy,hscrc_name,high,7.72,3.07
MERCY MEDICAL CENTER,False,2024,,,43580356.0,681875400.0,687552007.0,5676607.0,,607983319.0,621598236.0,13614918.0,574205419.0,579882027.0,5676607.0,27621850.0,,,,,564388570.0,605639730.0,41251160.0,43594749.0,15958507.0,-27636242.0,,,33777900.0,41716210.0,7938310.0,,,,,,6.71,7.17,2.57,FY2024,1,June 2024,MERCY MEDICAL CENTER,8,0.975,Mercy,hscrc_name,high,7.17,2.57
MERGED WITH WASHINGTON,False,2017,,,-2918100.0,,52879200.0,,3750000.0,,46565600.0,,,40252200.0,,76900.0,,,,,,49560600.0,,,-2995000.0,,,,,6313400.0,,,,,,,,,,FY2020,1,CY 2017,Merged with Washington,60,0.686,Ft. Washington,short_name,medium,,-6.43
MERITUS MEDICAL CENTER,False,2009,,,,243018300.0,284584700.0,41566400.0,,205595800.0,235079200.0,,203634400.0,230865600.0,27231200.0,,8273.02,8077.77,8194.1,7932.99,200960847.0,231305500.0,,,,,8086.52,7948.1,1961400.0,4213600.0,2252200.0,,,,,,,,,FY2011,1,June 2009,Meritus Medical Center,1,1.0,MERITUS MEDICAL CENTER,cms_name,high,,
MERITUS MEDICAL CENTER,False,2010,,,3017000.0,250295900.0,297358400.0,47062500.0,,213278000.0,243568700.0,,209148200.0,237455700.0,28307500.0,3183300.0,8578.96,8246.77,8412.85,8039.79,211006835.0,243735000.0,,,,,8487.61,8252.4,4129800.0,6113000.0,1983200.0,470.73,3.7,2.67,-51.0,-104.41,1.22,1.06,-0.07,FY2011;FY2012,2,June 2010,Meritus Medical Center,1,1.0,MERITUS MEDICAL CENTER,cms_name,high,,
MERITUS MEDICAL CENTER,False,2011,,,12310700.0,275699700.0,323727900.0,48028200.0,,237303697.0,268953800.0,,232040400.0,260918600.0,28878200.0,5176800.0,9351.14,9026.48,9143.74,8756.81,228333405.0,261819900.0,,,,,8997.66,8787.06,5263297.0,8035200.0,2771903.0,308.04,9.0,8.69,294.96,4389.78,4.49,3.78,2.65,FY2011;FY2012;FY2013,3,June 2011,Meritus Medical Center,1,1.0,MERITUS MEDICAL CENTER,cms_name,high,,
MERITUS MEDICAL CENTER,False,2012,,,4712400.0,295465200.0,352429600.0,56964400.0,,251506800.0,286111900.0,34605100.0,244455300.0,276163500.0,31708200.0,2553900.0,10008.22,9545.02,9727.62,9213.13,247646762.0,283953400.0,,3860038.0,2158500.0,-1701538.0,9854.62,9473.01,7051500.0,9948400.0,2896900.0,-61.72,7.03,6.39,-56.97,-69.74,1.63,1.53,0.75,FY2012;FY2013;FY2014,3,June 2012,Meritus Medical Center,1,1.0,MERITUS MEDICAL CENTER,cms_name,high,1.53,0.75
MERITUS MEDICAL CENTER,False,2013,,,9116228.0,301350700.0,357561600.0,56210900.0,,255299800.0,296950800.0,41651000.0,247469100.0,281423500.0,33954400.0,-1948200.0,10117.21,9931.34,9806.89,9412.04,244991246.0,285886372.0,,10308554.0,11064428.0,755874.0,9708.7,9561.3,7830700.0,15527300.0,7696600.0,,,,,,2.98,4.04,3.73,FY2013;FY2014;FY2015,3,June 2013,Meritus Medical Center,1,1.0,MERITUS MEDICAL CENTER,cms_name,high,4.04,3.73
MERITUS MEDICAL CENTER,False,2014,,,18982900.0,305141600.0,364612200.0,59470600.0,,251471700.0,296844000.0,45372300.0,247293500.0,283797700.0,36504200.0,14486000.0,,,,,246754400.0,292347100.0,,4717300.0,4496900.0,-220400.0,,,4178200.0,13046300.0,8868100.0,,,,,,6.1,1.88,1.51,FY2014;FY2015;FY2016,3,June 2014,MERITUS MEDICAL CENTER;Meritus Medical Center,1,1.0,MERITUS MEDICAL CENTER,cms_name,high,1.88,1.51
MERITUS MEDICAL CENTER,False,2015,,,18328621.0,312302400.0,376337000.0,64034600.0,,262237492.0,315094411.0,52856919.0,256037471.0,299284598.0,43247127.0,2068739.0,,,,,249895029.0,298834529.0,,12342463.0,16259882.0,3917419.0,,,6200021.0,15809813.0,9609792.0,,,,,,5.78,4.71,5.16,FY2015;FY2016;FY2017,3,June 2015,MERITUS MEDICAL CENTER;Meritus Medical Center,1,1.0,MERITUS MEDICAL CENTER,cms_name,high,4.71,5.16
MERITUS MEDICAL CENTER,False,2016,,,-20927920.0,321748760.0,391525472.0,69776712.0,,260540781.0,312389083.0,51848303.0,261006413.0,305095532.0,44089120.0,-34186290.0,,,,,247821201.0,299130713.0,,12719580.0,13258370.0,538790.0,,,-465632.0,7293551.0,7759183.0,,,,,,-6.7,4.88,4.24,FY2016;FY2017;FY2018,3,June 2016,MERITUS MEDICAL CENTER,1,1.0,MERITUS MEDICAL CENTER,cms_name,high,4.88,4.24
MERITUS MEDICAL CENTER,False,2017,,,38261089.0,325953100.0,396562100.0,70609000.0,,285454191.0,333351689.0,47897498.0,279636188.0,319198689.0,39562501.0,14073400.0,,,,,252744986.0,309164000.0,,32709205.0,24187689.0,-8521516.0,,,5818003.0,14153000.0,8334997.0,,,,,,11.48,11.46,7.26,FY2017;FY2018;FY2019,3,June 2017,MERITUS MEDICAL CENTER,1,1.0,MERITUS MEDICAL CENTER,cms_name,high,11.46,7.26
MERITUS MEDICAL CENTER,False,2018,,,29390800.0,334316871.0,409274971.0,74958100.0,,285793030.0,336929900.0,51136870.0,278234830.0,323835900.0,45601070.0,7196100.0,,,,,253102200.0,314735200.0,,32690830.0,22194700.0,-10496130.0,,,7558200.0,13094000.0,5535800.0,,,,,,8.54,11.44,6.59,FY2018;FY2019;FY2020,3,June 2018,MERITUS MEDICAL CENTER,1,1.0,MERITUS MEDICAL CENTER,cms_name,high,11.44,6.59
MERITUS MEDICAL CENTER,False,2019,,,12401000.0,369067100.0,388492600.0,19425500.0,,315394019.0,333115800.0,17721781.0,310873300.0,321340400.0,10467100.0,11039600.0,,,,,297295610.0,331754400.0,,18098409.0,1361400.0,-16737009.0,,,4520719.0,11775400.0,7254681.0,,,,,,3.6,5.74,0.41,FY2019;FY2020;FY2021,3,June 2019,MERITUS MEDICAL CENTER,1,1.0,MERITUS MEDICAL CENTER,cms_name,high,5.74,0.41
MERITUS MEDICAL CENTER,False,2020,,,18670100.0,362959000.0,380316300.0,17357300.0,,322058200.0,338269900.0,16211700.0,304201600.0,314200700.0,9999100.0,6792500.0,,,,,294409794.0,326392300.0,31982506.0,27648406.0,11877600.0,-15770806.0,,,17856600.0,24069200.0,6212600.0,,,,,,5.41,8.58,3.51,FY2020;FY2021;FY2022,3,June 2020,MERITUS MEDICAL CENTER,1,1.0,MERITUS MEDICAL CENTER,cms_name,high,8.58,3.51
MERITUS MEDICAL CENTER,False,2021,,,,429740600.0,448949771.0,19209171.0,,391956733.0,411415191.0,19458457.0,369962704.0,381605991.0,11643286.0,42270000.0,,,,,306473359.0,340027894.0,33554535.0,85483374.0,71387297.0,-14096078.0,,,21994029.0,29809200.0,7815171.0,,,,,,,,,FY2021;FY2022;FY2023,3,June 2021,MERITUS MEDICAL CENTER,1,1.0,MERITUS MEDICAL CENTER,cms_name,high,21.81,17.35
MERITUS MEDICAL CENTER,False,2022,,,-23409529.0,430476300.0,454037802.0,23561502.0,,378705202.0,401247188.0,22541986.0,367921730.0,381141401.0,13219671.0,-39660252.0,,,,,347434163.0,384996465.0,37562302.0,31271039.0,16250723.0,-15020316.0,,,10783472.0,20105787.0,9322315.0,,,,,,-6.43,8.26,4.05,FY2022;FY2023;FY2024,3,June 2022,MERITUS MEDICAL CENTER,1,1.0,MERITUS MEDICAL CENTER,cms_name,high,8.26,4.05
MERITUS MEDICAL CENTER,False,2023,,,86970834.0,440345460.0,487519174.0,47173714.0,,401478492.0,434093736.0,32615244.0,373443758.0,396206924.0,22763166.0,42948070.0,,,,,341796054.0,390070972.0,48274918.0,59682438.0,44022764.0,-15659674.0,,,28034734.0,37886812.0,9852078.0,,,,,,18.3,14.87,10.14,FY2023;FY2024,2,June 2023,MERITUS MEDICAL CENTER,1,1.0,MERITUS MEDICAL CENTER,cms_name,high,14.87,10.14
MERITUS MEDICAL CENTER,False,2024,,,102893540.0,487797440.0,569818940.0,82021500.0,,435595540.0,486181340.0,50585800.0,420773640.0,458782340.0,38008700.0,52247100.0,,,,,366897700.0,435534900.0,68637200.0,68697840.0,50646440.0,-18051400.0,,,14821900.0,27399000.0,12577100.0,,,,,,19.11,15.77,10.42,FY2024,1,June 2024,MERITUS MEDICAL CENTER,1,1.0,MERITUS MEDICAL CENTER,cms_name,high,15.77,10.42
MONTGOMERY GENERAL HOSPITAL,False,2007,,,,121270200.0,122288000.0,1017800.0,,106286600.0,107584200.0,,105525100.0,106357900.0,832800.0,,8062.82,8093.98,8005.05,8001.72,98753256.0,102648200.0,,,,,7491.34,7722.63,761500.0,1226300.0,464800.0,,,,,,,,,FY2009,1,June 2007,Montgomery General Hospital,18,0.975,Montgomery,short_name,high,,
MONTGOMERY GENERAL HOSPITAL,False,2008,,,,135140700.0,135821900.0,681200.0,,118176400.0,119155800.0,,116767100.0,117444400.0,677300.0,,8406.11,8433.27,8305.86,8312.14,110107267.0,114666300.0,,,,,7832.14,8115.52,1409300.0,1711400.0,302100.0,,,,,,,,,FY2009;FY2010,2,June 2008,Montgomery General Hospital,18,0.975,Montgomery,short_name,high,,
MONTGOMERY GENERAL HOSPITAL,False,2009,,,,140619400.0,144729400.0,4110000.0,,123134800.0,125915300.0,,121977000.0,124318200.0,2341200.0,,8439.03,8505.8,8359.68,8397.91,115736158.0,122776400.0,,,,,7931.97,8293.76,1157800.0,1597100.0,439300.0,,,,,,,,,FY2009;FY2010;FY2011,3,June 2009,Montgomery General Hospital,18,0.975,Montgomery,short_name,high,,
MONTGOMERY GENERAL HOSPITAL,False,2010,,,7127178.0,149773600.0,156373091.0,6599491.0,,125736633.0,129864731.0,,124219621.0,127723478.0,3503857.0,2791019.0,8837.23,8742.16,8730.61,8598.02,115963398.0,125528572.0,,,,,8150.33,8450.26,1517012.0,2141253.0,624241.0,2262.34,4.72,4.44,32.09,38.14,5.37,7.77,3.34,FY2010;FY2011;FY2012,3,June 2010,Montgomery General Hospital,18,0.975,Montgomery,short_name,high,,
MONTGOMERY GENERAL HOSPITAL,False,2011,,,9426314.0,156795100.0,164471400.0,7676300.0,,136899529.0,141447322.0,,135596229.0,139379122.0,3782893.0,988687.0,8860.73,9391.7,8776.38,9254.38,119548593.0,133009716.0,,,,,7737.7,8831.47,1303300.0,2068200.0,764900.0,32.26,0.27,0.52,77.54,94.59,6.62,12.67,5.97,FY2011;FY2012,2,June 2011,Montgomery General Hospital,18,0.975,Montgomery,short_name,high,,
MONTGOMERY GENERAL HOSPITAL,False,2012,,,9004630.0,165915000.0,173580307.0,7665307.0,,142313320.0,146494375.0,,139632555.0,142918959.0,3286403.0,179353.0,9004.73,8859.95,8835.11,8643.71,124575881.0,137669098.0,,,,,7882.42,8326.2,2680765.0,3575416.0,894651.0,-4.47,1.63,0.67,2.23,4.59,6.14,12.46,6.02,FY2012,1,June 2012,Montgomery General Hospital,18,0.975,Montgomery,short_name,high,,
MT WASHINGTON PEDIATRIC HOSPITAL,False,2005,,,1184100.0,,34816400.0,,776.0,,31407000.0,,,31031100.0,,-105200.0,,,,,,30117700.0,,,1289300.0,,,,,375900.0,,,,,,,,,,FY2007,1,YEAR 2005,Mt. Washington Pediatric Hospital,5034,0.947,MOUNT WASHINGTON PEDIATRIC HOSPITAL,cms_name,high,,4.11
MT WASHINGTON PEDIATRIC HOSPITAL,False,2006,,,1260200.0,,37169900.0,,759.0,,33945400.0,,,33228100.0,,210900.0,,,,,,32896100.0,,,1049300.0,,,,,717300.0,,,,,,,,,,FY2007,1,YEAR 2006,Mt. Washington Pediatric Hospital,5034,0.947,MOUNT WASHINGTON PEDIATRIC HOSPITAL,cms_name,high,,3.09
MT WASHINGTON PEDIATRIC HOSPITAL,False,2007,,,2039800.0,,41326500.0,,674.0,,37314900.0,,,37125900.0,,-531400.0,,,,,,34743700.0,,,2571200.0,,,,,189000.0,,,,,,,,,,FY2007;FY2009,2,YEAR 2007,Mt. Washington Pediatric Hospital,5034,0.947,MOUNT WASHINGTON PEDIATRIC HOSPITAL,cms_name,high,,6.89
MT WASHINGTON PEDIATRIC HOSPITAL,False,2008,,,1548600.0,,42926300.0,,766.0,,38602300.0,,,38456300.0,,-2042600.0,,,,,,35011100.0,,,3591200.0,,,,,146000.0,,,,,,,,,,FY2009;FY2010,2,YEAR 2008,Mt. Washington Pediatric Hospital,5034,0.947,MOUNT WASHINGTON PEDIATRIC HOSPITAL,cms_name,high,,9.3
MT WASHINGTON PEDIATRIC HOSPITAL,False,2009,,,1604600.0,,47388100.0,,705.0,,42592800.0,,,42414800.0,,-3290600.0,,,,,,37697600.0,,,4895200.0,,,,,178000.0,,,,,,,,,,FY2009;FY2010;FY2011,3,YEAR 2009,Mt. Washington Pediatric Hospital,5034,0.947,MOUNT WASHINGTON PEDIATRIC HOSPITAL,cms_name,high,,11.49
MT WASHINGTON PEDIATRIC HOSPITAL,False,2010,,,4563109.0,,50283400.0,,737.0,,45374671.0,,,45298185.0,,-537249.0,,,,,,40274313.0,,,5100358.0,,,,,76487.0,,,,,,,,,,FY2010;FY2011;FY2012,3,YEAR 2010,Mt. Washington Pediatric Hospital,5034,0.947,MOUNT WASHINGTON PEDIATRIC HOSPITAL,cms_name,high,,11.24
MT WASHINGTON PEDIATRIC HOSPITAL,False,2011,,,9693481.0,,49553000.0,,727.0,,47939537.0,,,47647556.0,,2662266.0,,,,,,40908322.0,,,7031215.0,,,,,291981.0,,,,,,,,,,FY2011;FY2012;FY2013,3,YEAR 2011,Mt. Washington Pediatric Hospital,5034,0.947,MOUNT WASHINGTON PEDIATRIC HOSPITAL,cms_name,high,,14.67
MT WASHINGTON PEDIATRIC HOSPITAL,False,2012,,,2047429.0,,49446660.0,,691.0,,46158136.0,,,45713951.0,,-3419720.0,,,,,,40690987.0,,,5467149.0,,,,,444185.0,,,,,,,,,,FY2012;FY2013;FY2014,3,YEAR 2012,Mt. Washington Pediatric Hospital,5034,0.947,MOUNT WASHINGTON PEDIATRIC HOSPITAL,cms_name,high,,11.84
MT WASHINGTON PEDIATRIC HOSPITAL,False,2013,,,7582203.0,,53308449.0,,790.0,,51866386.0,,,49434005.0,,-1320561.0,,,,,,42963622.0,,,8902764.0,,,,,2432381.0,,,,,,,,,,FY2013;FY2014,2,YEAR 2013,Mt. Washington Pediatric Hospital,5034,0.947,MOUNT WASHINGTON PEDIATRIC HOSPITAL,cms_name,high,,17.16
MT WASHINGTON PEDIATRIC HOSPITAL,False,2014,,,8389436.0,,55464000.0,,795.0,,51955377.0,,,50598699.0,,893535.0,,,,,,44459476.0,,,7495901.0,,,,,1356678.0,,,,,,,,,,FY2014,1,YEAR 2014,Mt. Washington Pediatric Hospital,5034,0.947,MOUNT WASHINGTON PEDIATRIC HOSPITAL,cms_name,high,,14.43
MT WASHINGTON PEDIATRIC HOSPITAL,False,2015,,,5366400.0,,68191600.0,,813.0,,59131200.0,,,57966400.0,,55100.0,,,,,,53819900.0,,,5311300.0,,,,,1164800.0,,,,,,,,,,FY2017,1,FY 2015,Mt. Washington Pediatric Hospital,5034,0.947,MOUNT WASHINGTON PEDIATRIC HOSPITAL,cms_name,high,,8.98
MT WASHINGTON PEDIATRIC HOSPITAL,False,2016,,,3570500.0,,66639000.0,,761.0,,57478400.0,,,56409800.0,,-55900.0,,,,,,53852000.0,,,3626400.0,,,,,1068600.0,,,,,,,,,,FY2017;FY2018,2,FY 2016,Mt. Washington Pediatric Hospital,5034,0.947,MOUNT WASHINGTON PEDIATRIC HOSPITAL,cms_name,high,,6.31
MT WASHINGTON PEDIATRIC HOSPITAL,False,2017,,,7185126.0,,67455663.0,,692.0,,58257582.0,,,57482642.0,,4115821.0,,,,,,55188277.0,,,3069305.0,,,,,774940.0,,,,,,,,,,FY2017;FY2018,2,FY 2017,Mt. Washington Pediatric Hospital,5034,0.947,MOUNT WASHINGTON PEDIATRIC HOSPITAL,cms_name,high,,5.27
MT WASHINGTON PEDIATRIC HOSPITAL,False,2018,,,6965600.0,,71618100.0,,597.0,,62887300.0,,,61906800.0,,2707700.0,,,,,,58629400.0,,,4257900.0,,,,,980500.0,,,,,,,,,,FY2018;FY2020,2,FY 2018,Mt. Washington Pediatric Hospital,5034,0.947,MOUNT WASHINGTON PEDIATRIC HOSPITAL,cms_name,high,,6.77
MT WASHINGTON PEDIATRIC HOSPITAL,False,2019,,,6078100.0,,74256300.0,,576.0,,65081100.0,,,64166400.0,,2462000.0,,,,,,61464900.0,,,3616100.0,,,,,914700.0,,,,,,,,,,FY2020,1,FY 2019,Mt. Washington Pediatric Hospital,5034,0.947,MOUNT WASHINGTON PEDIATRIC HOSPITAL,cms_name,high,,5.56
MT WASHINGTON PEDIATRIC HOSPITAL,False,2020,,,1932400.0,,71758600.0,,577.0,,62459700.0,,,60081600.0,,1387100.0,,,,,,61914500.0,,,545300.0,,,,,2378100.0,,,,,,,,,,FY2020;FY2022,2,FY 2020,Mt. Washington Pediatric Hospital,5034,0.947,MOUNT WASHINGTON PEDIATRIC HOSPITAL,cms_name,high,,0.87
MT WASHINGTON PEDIATRIC HOSPITAL,False,2021,,,14956296.0,,73483043.0,,542.0,,65854845.0,,,59843665.0,,10579226.0,,,,,,61477775.0,,,4377070.0,,,,,6011180.0,,,,,,,,,,FY2022,1,FY2021,Mt. Washington Pediatric Hospital,5034,0.947,MOUNT WASHINGTON PEDIATRIC HOSPITAL,cms_name,high,,6.65
MT WASHINGTON PEDIATRIC HOSPITAL,False,2022,,,-9950300.0,,69697681.0,,410.0,,60915626.0,,,59322840.0,,-6280329.0,,,,,,64585597.0,,,-3669971.0,,,,,1592786.0,,,,,,,,,,FY2022;FY2024,2,FY2022,Mt. Washington Pediatric Hospital,5034,0.947,MOUNT WASHINGTON PEDIATRIC HOSPITAL,cms_name,high,,-6.02
MT WASHINGTON PEDIATRIC HOSPITAL,False,2023,,,2718643.0,,75531222.0,,430.0,,65569877.0,,,63214893.0,,5656995.0,,,,,,68508229.0,,,-2938352.0,,,,,2354984.0,,,,,,,,,,FY2024,1,FY 2023,Mt. Washington Pediatric Hospital,5034,0.947,MOUNT WASHINGTON PEDIATRIC HOSPITAL,cms_name,high,,-4.48
MT WASHINGTON PEDIATRIC HOSPITAL,False,2024,,,4261732.0,,78198163.0,,450.0,,66412461.0,,,65069640.0,,8646870.0,,,,,,70797599.0,,,-4385138.0,,,,,1342821.0,,,,,,,,,,FY2024,1,FY 2024,Mt. Washington Pediatric Hospital,5034,0.947,MOUNT WASHINGTON PEDIATRIC HOSPITAL,cms_name,high,,-6.6
NORTHWEST HOSPITAL CENTER,False,2007,,,,191845500.0,209812059.0,17966559.0,,164858500.0,171743949.0,,163196500.0,170081949.0,6885449.0,,7900.81,7910.54,7821.16,7833.98,147809809.0,160991000.0,,,,,7083.75,7415.25,1662000.0,1662000.0,0.0,,,,,,,,,FY2009,1,June 2007,Northwest Hospital Center,40,1.0,NORTHWEST HOSPITAL CENTER,cms_name,high,,
NORTHWEST HOSPITAL CENTER,False,2008,,,,201205800.0,220716059.0,19510259.0,,172909500.0,181016196.0,,170962500.0,179069196.0,8106696.0,,8043.99,8028.3,7953.41,7941.95,154091772.0,168493000.0,,,,,7168.56,7472.88,1947000.0,1947000.0,0.0,,,,,,,,,FY2009;FY2010,2,June 2008,Northwest Hospital Center,40,1.0,NORTHWEST HOSPITAL CENTER,cms_name,high,,
NORTHWEST HOSPITAL CENTER,False,2009,,,,211714700.0,233976176.0,22261476.0,,179366557.0,189406389.0,,178142957.0,187087508.0,8944551.0,,8552.98,8445.57,8494.63,8342.18,159137100.0,176972000.0,,,,,7588.35,7891.13,1223600.0,2318881.0,1095281.0,,,,,,,,,FY2009;FY2010;FY2011,3,June 2009,Northwest Hospital Center,40,1.0,NORTHWEST HOSPITAL CENTER,cms_name,high,,
NORTHWEST HOSPITAL CENTER,False,2010,,,16901598.0,214481500.0,237775926.0,23294426.0,,179400280.0,190353894.0,,178377100.0,188104778.0,9727678.0,7322217.0,8254.9,8212.02,8207.81,8114.99,161514213.0,180774513.0,,,,,7431.89,7798.76,1023180.0,2249116.0,1225936.0,360.74,-3.49,-3.38,-11.58,-22.96,8.55,9.97,5.03,FY2010;FY2011;FY2012,3,June 2010,Northwest Hospital Center,40,1.0,NORTHWEST HOSPITAL CENTER,cms_name,high,,
NORTHWEST HOSPITAL CENTER,False,2011,,,23851636.0,227677300.0,255104734.0,27427434.0,,189077500.0,201881434.0,,187938400.0,199346649.0,11408249.0,12763168.0,8778.47,9373.36,8725.59,9255.67,170174366.0,190792966.0,,,,,7900.84,8858.52,1139100.0,2534785.0,1395685.0,41.12,6.34,6.31,5.69,15.75,11.11,10.0,5.49,FY2011;FY2012;FY2013,3,June 2011,Northwest Hospital Center,40,1.0,NORTHWEST HOSPITAL CENTER,cms_name,high,,
NORTHWEST HOSPITAL CENTER,False,2012,,,11695796.0,238730100.0,270071908.0,31341808.0,,197063249.0,213621425.0,16558176.0,193159085.0,205514471.0,12355386.0,1315681.0,8736.19,9624.66,8563.11,9259.41,178234237.0,203241310.0,,18829012.0,10380115.0,-8448897.0,7901.46,9156.99,3904164.0,8106954.0,4202790.0,-50.96,-0.48,-1.86,-0.39,-6.39,5.44,9.55,4.86,FY2012;FY2013;FY2014,3,June 2012,Northwest Hospital Center,40,1.0,NORTHWEST HOSPITAL CENTER,cms_name,high,9.55,4.86
NORTHWEST HOSPITAL CENTER,False,2013,,,23613990.0,248252700.0,284326939.0,36074239.0,,199596143.0,221173990.0,21577847.0,197370392.0,213558990.0,16188598.0,10330900.0,8301.79,9501.7,8209.22,9174.56,179749164.0,207890900.0,,19846980.0,13283090.0,-6563890.0,7476.3,8931.05,2225751.0,7615000.0,5389249.0,,,,,,10.25,9.94,6.01,FY2013;FY2014;FY2015,3,June 2013,Northwest Hospital Center,40,1.0,NORTHWEST HOSPITAL CENTER,cms_name,high,9.94,6.01
NORTHWEST HOSPITAL CENTER,False,2014,,,25618214.0,249134500.0,289423693.0,40289193.0,,200963933.0,223358548.0,22394615.0,198880687.0,215203372.0,16322685.0,16161910.0,,,,,177499465.0,213902245.0,,23464469.0,9456304.0,-14008165.0,,,2083246.0,8155176.0,6071930.0,,,,,,10.7,11.68,4.23,FY2014;FY2015;FY2016,3,June 2014,NORTHWEST HOSPITAL CENTER;Northwest Hospital Center,40,1.0,NORTHWEST HOSPITAL CENTER,cms_name,high,11.68,4.23
NORTHWEST HOSPITAL CENTER,False,2015,,,18792218.0,254115900.0,299990910.0,45875010.0,,209356962.0,235779930.0,26422968.0,208102926.0,226388075.0,18285149.0,2338720.0,,,,,175840331.0,219326432.0,,33516631.0,16453498.0,-17063133.0,,,1254036.0,9391855.0,8137819.0,,,,,,7.89,16.01,6.98,FY2015;FY2016;FY2017,3,June 2015,NORTHWEST HOSPITAL CENTER;Northwest Hospital Center,40,1.0,NORTHWEST HOSPITAL CENTER,cms_name,high,16.01,6.98
NORTHWEST HOSPITAL CENTER,False,2016,,,9135910.0,257944700.0,302015149.0,44070449.0,,216353578.0,249951267.0,33597689.0,213970769.0,230358090.0,16387321.0,-4775477.0,,,,,181171177.0,236039880.0,,35182401.0,13911387.0,-21271014.0,,,2382809.0,19593177.0,17210368.0,,,,,,3.73,16.26,5.57,FY2016;FY2017;FY2018,3,June 2016,NORTHWEST HOSPITAL CENTER,40,1.0,NORTHWEST HOSPITAL CENTER,cms_name,high,16.26,5.57
NORTHWEST HOSPITAL CENTER,False,2017,,,27676796.0,258801000.0,304068404.0,45267404.0,,219275228.0,258711572.0,39436344.0,217101689.0,233720720.0,16619031.0,13118772.0,,,,,182564913.0,244153548.0,,36710315.0,14558024.0,-22152291.0,,,2173539.0,24990852.0,22817313.0,,,,,,10.18,16.74,5.63,FY2017;FY2018;FY2019,3,June 2017,NORTHWEST HOSPITAL CENTER,40,1.0,NORTHWEST HOSPITAL CENTER,cms_name,high,16.74,5.63
NORTHWEST HOSPITAL CENTER,False,2018,,,28307116.0,266927631.0,330603372.0,63675741.0,,231298472.0,269874856.0,38576384.0,227262073.0,262501636.0,35239563.0,6622707.0,,,,,188597856.0,248190447.0,,42700615.0,21684409.0,-21016207.0,,,4036399.0,7373220.0,3336821.0,,,,,,10.24,18.46,8.03,FY2018;FY2019;FY2020,3,June 2018,NORTHWEST HOSPITAL CENTER,40,1.0,NORTHWEST HOSPITAL CENTER,cms_name,high,18.46,8.03
NORTHWEST HOSPITAL CENTER,False,2019,,,24055359.0,271508889.0,331383514.0,59874625.0,,231892267.0,267705360.0,35813093.0,228719337.0,260345696.0,31626359.0,5254218.0,,,,,191172135.0,248904219.0,,40720132.0,18801141.0,-21918991.0,,,3172930.0,7359664.0,4186734.0,,,,,,8.81,17.56,7.02,FY2019;FY2020;FY2021,3,June 2019,NORTHWEST HOSPITAL CENTER,40,1.0,NORTHWEST HOSPITAL CENTER,cms_name,high,17.56,7.02
NORTHWEST HOSPITAL CENTER,False,2020,,,14968533.0,268079109.0,321640535.0,53561426.0,,230158977.0,264612258.0,34453281.0,219172090.0,249416533.0,30244443.0,4551000.0,,,,,195049069.0,254194725.0,59145656.0,35109908.0,10417533.0,-24692375.0,,,10986887.0,15195725.0,4208838.0,,,,,,5.56,15.25,3.94,FY2020;FY2021;FY2022,3,June 2020,NORTHWEST HOSPITAL CENTER,40,1.0,NORTHWEST HOSPITAL CENTER,cms_name,high,15.25,3.94
NORTHWEST HOSPITAL CENTER,False,2021,,,22480412.0,274312444.0,325629539.0,51317095.0,,249450182.0,282287046.0,32836864.0,230429054.0,259717065.0,29288011.0,20351000.0,,,,,222822392.0,280157635.0,57335243.0,26627791.0,2129412.0,-24498379.0,,,19021128.0,22569981.0,3548853.0,,,,,,7.43,10.67,0.75,FY2021;FY2022;FY2023,3,June 2021,NORTHWEST HOSPITAL CENTER,40,1.0,NORTHWEST HOSPITAL CENTER,cms_name,high,10.67,0.75
NORTHWEST HOSPITAL CENTER,False,2022,,,-19147706.0,301664524.0,354883028.0,53218504.0,,266131499.0,298557982.0,32426483.0,260293639.0,290172077.0,29878438.0,-12378353.0,,,,,240746541.0,305327335.0,64580794.0,25384958.0,-6769353.0,-32154311.0,,,5837860.0,8385905.0,2548045.0,,,,,,-6.69,9.54,-2.27,FY2022;FY2023,2,June 2022,NORTHWEST HOSPITAL CENTER,40,1.0,NORTHWEST HOSPITAL CENTER,cms_name,high,9.54,-2.27
NORTHWEST HOSPITAL CENTER,False,2023,,,-1481030.0,310414480.0,364502301.0,54087821.0,,272945774.0,307462482.0,34516708.0,266499749.0,297877874.0,31378125.0,8876421.0,,,,,250976112.0,317819933.0,66843821.0,21969662.0,-10357451.0,-32327113.0,,,6446025.0,9584608.0,3138583.0,,,,,,-0.47,8.05,-3.37,FY2023,1,June 2023,NORTHWEST HOSPITAL CENTER,40,1.0,NORTHWEST HOSPITAL CENTER,cms_name,high,8.05,-3.37
PENINSULA REGIONAL HOSPITAL,False,2009,,,,385277000.0,418478200.0,33201200.0,,332602500.0,352511200.0,,331729600.0,350515000.0,18785400.0,,10662.89,10305.62,10634.91,10247.26,303144053.0,340475200.0,,,,,9718.48,9953.75,872900.0,1996200.0,1123300.0,,,,,,,,,FY2011,1,June 2009,Peninsula Regional Hospital,19,0.975,Peninsula,short_name,high,,
PENINSULA REGIONAL HOSPITAL,False,2010,,,,394310100.0,426582000.0,32271900.0,,333818900.0,352513300.0,,332910100.0,350432000.0,17521900.0,,10520.67,10176.28,10492.03,10116.2,304760053.0,345483300.0,,,,,9604.85,9973.34,908800.0,2081300.0,1172500.0,,,,,,,,,FY2011,1,June 2010,Peninsula Regional Hospital,19,0.975,Peninsula,short_name,high,,
PENINSULA REGIONAL HOSPITAL,False,2011,,,,406379600.0,457035000.0,50655400.0,,340813500.0,365025500.0,,339681900.0,362641000.0,22959100.0,,10757.59,10131.83,10721.88,10065.65,304199081.0,347492600.0,,,,,9601.88,9645.18,1131600.0,2384500.0,1252900.0,,,,,,,,,FY2011,1,June 2011,Peninsula Regional Hospital,19,0.975,Peninsula,short_name,high,,
PENINSULA REGIONAL MEDICAL CENTER,False,2007,,,,335381200.0,361937500.0,26556300.0,,291292300.0,306420900.0,,291084100.0,305012900.0,13928800.0,,10071.2,9762.46,10064.0,9717.6,263403613.0,284866900.0,,,,,9106.97,9075.75,208200.0,1408000.0,1199800.0,,,,,,,,,FY2009,1,June 2007,Peninsula Regional Medical Center,19,0.975,Peninsula,short_name,high,,
PENINSULA REGIONAL MEDICAL CENTER,False,2008,,,,366969200.0,399948600.0,32979400.0,,318224500.0,338080100.0,,318253000.0,336981400.0,18728400.0,,10574.41,10226.83,10575.36,10193.6,279212502.0,309880100.0,,,,,9278.07,9373.79,-28500.0,1098700.0,1127200.0,,,,,,,,,FY2009;FY2010,2,June 2008,Peninsula Regional Medical Center,19,0.975,Peninsula,short_name,high,,
PENINSULA REGIONAL MEDICAL CENTER,False,2009,,,,385277000.0,418478200.0,33201200.0,,332602500.0,352511200.0,,331729600.0,350515000.0,18785400.0,,10662.89,10305.62,10634.91,10247.26,303144053.0,340475200.0,,,,,9718.48,9953.75,872900.0,1996200.0,1123300.0,,,,,,,,,FY2009;FY2010,2,June 2009,Peninsula Regional Medical Center,19,0.975,Peninsula,short_name,high,,
PENINSULA REGIONAL MEDICAL CENTER,False,2010,,,19087000.0,394310100.0,426582000.0,32271900.0,,333818900.0,352513300.0,,332910100.0,350432000.0,17521900.0,12057000.0,10520.67,10176.28,10492.03,10116.2,304760053.0,345483300.0,,,,,9604.85,9973.34,908800.0,2081300.0,1172500.0,426.78,-1.33,-1.34,-1.36,-41.59,5.24,8.7,1.99,FY2010;FY2012,2,June 2010,Peninsula Regional Medical Center,19,0.975,Peninsula,short_name,high,,
PENINSULA REGIONAL MEDICAL CENTER,False,2011,,,30839000.0,406379600.0,457035000.0,50655400.0,,340813500.0,365025500.0,,339681900.0,362641000.0,22959100.0,13306100.0,10757.59,10131.83,10721.88,10065.65,304199081.0,347492600.0,,,,,9601.88,9645.18,1131600.0,2384500.0,1252900.0,61.57,2.25,2.19,26.0,149.4,8.11,10.74,4.8,FY2012;FY2013,2,June 2011,Peninsula Regional Medical Center,19,0.975,Peninsula,short_name,high,,
PENINSULA REGIONAL MEDICAL CENTER,False,2012,,,15837000.0,414765500.0,476776900.0,62011400.0,,338148800.0,363808300.0,25659500.0,336910100.0,361418500.0,24508400.0,9551000.0,10862.59,10067.94,10822.8,10001.81,309515853.0,357522300.0,,28632947.0,6286000.0,-22346947.0,9942.79,9893.98,1238700.0,2389800.0,1151100.0,-48.65,0.98,0.94,-21.8,-64.15,4.24,8.47,1.73,FY2012;FY2013;FY2014,3,June 2012,Peninsula Regional Medical Center,19,0.975,Peninsula,short_name,high,8.47,1.73
PENINSULA REGIONAL MEDICAL CENTER,False,2013,,,10719000.0,412641500.0,478086000.0,65444500.0,,341154600.0,366144600.0,24990000.0,335753200.0,359679500.0,23926300.0,13854000.0,10971.53,10101.24,10797.82,9922.88,315285076.0,369279600.0,,25869524.0,-3135000.0,-29004524.0,10139.56,10187.73,5401400.0,6465100.0,1063700.0,,,,,,2.82,7.58,-0.86,FY2013;FY2014;FY2015,3,June 2013,Peninsula Regional Medical Center,19,0.975,Peninsula,short_name,high,7.58,-0.86
PENINSULA REGIONAL MEDICAL CENTER,False,2014,,,29420000.0,416388900.0,481649700.0,65260800.0,,349032900.0,375887500.0,26854600.0,344224200.0,368536000.0,24311800.0,21729000.0,,,,,312613046.0,368196500.0,,36419854.0,7691000.0,-28728854.0,,,4808700.0,7351500.0,2542800.0,,,,,,7.4,10.43,2.05,FY2014;FY2015;FY2016,3,June 2014,PENINSULA REGIONAL MEDICAL CENTER;Peninsula Regional Medical Center,19,0.975,Peninsula,short_name,high,10.43,2.05
PENINSULA REGIONAL MEDICAL CENTER,False,2015,,,24068000.0,422383500.0,490555400.0,68171900.0,,362058400.0,393784200.0,31725800.0,359583600.0,386078500.0,26494900.0,8624000.0,,,,,313563770.0,378340200.0,,48494630.0,15444000.0,-33050630.0,,,2474800.0,7705700.0,5230900.0,,,,,,5.87,13.39,3.92,FY2015;FY2016;FY2017,3,June 2015,PENINSULA REGIONAL MEDICAL CENTER;Peninsula Regional Medical Center,19,0.975,Peninsula,short_name,high,13.39,3.92
PENINSULA REGIONAL MEDICAL CENTER,False,2016,,,6837000.0,430070800.0,503070500.0,72999700.0,,368192400.0,404821900.0,36629500.0,366877800.0,396784700.0,29906900.0,7654800.0,,,,,329763075.0,405639700.0,,38429325.0,-817800.0,-39247125.0,,,1314600.0,8037200.0,6722600.0,,,,,,1.66,10.44,-0.2,FY2016;FY2017;FY2018,3,June 2016,PENINSULA REGIONAL MEDICAL CENTER,19,0.975,Peninsula,short_name,high,10.44,-0.2
PENINSULA REGIONAL MEDICAL CENTER,False,2017,,,-5688000.0,437069300.0,515240700.0,78171400.0,,370695400.0,411636100.0,40940700.0,369748400.0,403365300.0,33616900.0,14818000.0,,,,,350622967.0,432142100.0,,20072433.0,-20506000.0,-40578433.0,,,947000.0,8270800.0,7323800.0,,,,,,-1.33,5.41,-4.98,FY2017;FY2018;FY2019,3,June 2017,PENINSULA REGIONAL MEDICAL CENTER,19,0.975,Peninsula,short_name,high,5.41,-4.98
PENINSULA REGIONAL MEDICAL CENTER,False,2018,,,45104018.0,450336518.0,542330918.0,91994400.0,,383444118.0,434259018.0,50814900.0,382238418.0,425253618.0,43015200.0,38206600.0,,,,,336127347.0,427361600.0,,47316771.0,6897418.0,-40419353.0,,,1205700.0,9005400.0,7799700.0,,,,,,9.55,12.34,1.59,FY2018;FY2019,2,June 2018,PENINSULA REGIONAL MEDICAL CENTER,19,0.975,Peninsula,short_name,high,12.34,1.59
PENINSULA REGIONAL MEDICAL CENTER,False,2019,,,41956953.0,455207753.0,569074853.0,113867100.0,,389767653.0,455995953.0,66228300.0,387514253.0,443849753.0,56335500.0,37215000.0,,,,,335947283.0,451254000.0,,53820370.0,4741953.0,-49078417.0,,,2253400.0,12146200.0,9892800.0,,,,,,8.51,13.81,1.04,FY2019,1,June 2019,PENINSULA REGIONAL MEDICAL CENTER,19,0.975,Peninsula,short_name,high,13.81,1.04
PRINCE GEORGE'S HOSPITAL CENTER,False,2007,,,,239828800.0,277653481.0,37824681.0,,226906444.0,244263724.0,,196440112.0,212248084.0,15807972.0,,12998.26,12407.7,11253.0,10781.43,194187354.0,225483531.0,,,,,11123.95,11453.74,30466332.0,32015640.0,1549308.0,,,,,,,,,FY2009,1,June 2007,Prince George's Hospital Center,,0.583,,UNMATCHED,none,,
PRINCE GEORGE'S HOSPITAL CENTER,False,2008,,,,241928700.0,275589072.0,33660372.0,,199000845.0,214492418.0,,197518266.0,211428706.0,13910441.0,,11446.55,11840.07,11361.27,11670.95,198288498.0,229159939.0,,,,,11405.58,12649.72,1482579.0,3063712.0,1581133.0,,,,,,,,,FY2009;FY2010,2,June 2008,Prince George's Hospital Center,,0.583,,UNMATCHED,none,,
PRINCE GEORGE'S HOSPITAL CENTER,False,2009,,,,260576400.0,295200314.0,34623914.0,,211849168.0,229270043.0,,210964197.0,226477928.0,15513731.0,,11608.47,12061.45,11559.98,11914.57,212101859.0,244485919.0,,,,,11622.32,12861.93,884971.0,2792115.0,1907144.0,,,,,,,,,FY2009;FY2010,2,June 2009,Prince George's Hospital Center,,0.583,,UNMATCHED,none,,
PRINCE GEORGE'S HOSPITAL CENTER,False,2010,,,,251597300.0,289274135.0,37676835.0,,206067664.0,225054593.0,,204287834.0,221226630.0,16938796.0,,11571.06,12097.36,11471.11,11891.59,209892050.0,245390149.0,,,,,11785.8,13190.46,1779830.0,3827963.0,2048133.0,,,,,,,,,FY2010,1,June 2010,Prince George's Hospital Center,,0.583,,UNMATCHED,none,,
PRINCE GEORGES HOSPITAL CENTER,False,2014,,,3192390.0,267282400.0,286350707.0,19068307.0,,222013833.0,230558098.0,8544265.0,218330120.0,225397957.0,7067837.0,22326150.0,,,,,217477104.0,249691862.0,,4536729.0,-19133763.0,-23670492.0,,,3683713.0,5160141.0,1476428.0,,,,,,1.26,2.04,-8.3,FY2016,1,June 2014,PRINCE GEORGES HOSPITAL CENTER,,0.599,,UNMATCHED,none,2.04,-8.3
PRINCE GEORGES HOSPITAL CENTER,False,2015,,,17696121.0,279091000.0,300157946.0,21066946.0,,244039679.0,253553109.0,9513431.0,237779691.0,245909673.0,8129982.0,18773845.0,,,,,220302096.0,254630833.0,,23737583.0,-1077724.0,-24815306.0,,,6259988.0,7643437.0,1383449.0,,,,,,6.5,9.73,-0.43,FY2016,1,June 2015,PRINCE GEORGES HOSPITAL CENTER,,0.599,,UNMATCHED,none,9.73,-0.43
PRINCE GEORGES HOSPITAL CENTER,False,2016,,,4642564.0,285682600.0,305762956.0,20080356.0,,258110053.0,268812464.0,10702411.0,253113614.0,261705330.0,8591716.0,7709817.0,,,,,227352248.0,271879717.0,,30757805.0,-3067254.0,-33825058.0,,,4996438.0,7107133.0,2110695.0,,,,,,1.68,11.92,-1.14,FY2016,1,June 2016,PRINCE GEORGES HOSPITAL CENTER,,0.599,,UNMATCHED,none,11.92,-1.14
PRINCE GEORGES' HOSPITAL CENTER,False,2009,,,,260576400.0,295200314.0,34623914.0,,211849168.0,229270043.0,,210964197.0,226477928.0,15513731.0,,11608.47,12061.45,11559.98,11914.57,212101859.0,244485919.0,,,,,11622.32,12861.93,884971.0,2792115.0,1907144.0,,,,,,,,,FY2011,1,June 2009,Prince Georges' Hospital Center,,0.599,,UNMATCHED,none,,
PRINCE GEORGES' HOSPITAL CENTER,False,2010,,,-3617321.0,251597300.0,289274135.0,37676835.0,,206067664.0,225054593.0,,204287834.0,221226630.0,16938796.0,16718235.0,11571.06,12097.36,11471.11,11891.59,209892050.0,245390149.0,,,,,11785.8,13190.46,1779830.0,3827963.0,2048133.0,-131.52,-0.32,-0.77,-1413.46,-33.65,-1.5,-1.86,-9.04,FY2011;FY2012,2,June 2010,Prince Georges' Hospital Center,,0.599,,UNMATCHED,none,,
PRINCE GEORGES' HOSPITAL CENTER,False,2011,,,6645359.0,263104300.0,296142645.0,33038345.0,,216057559.0,230842008.0,,214749210.0,227929011.0,13179800.0,18769249.0,12741.43,12967.55,12664.27,12803.91,212877166.0,242965897.0,,,,,12553.88,13648.61,1308349.0,2912997.0,1604648.0,283.71,10.11,10.4,183.16,40.38,2.62,1.47,-5.25,FY2011;FY2012;FY2013,3,June 2011,Prince Georges' Hospital Center,,0.599,,UNMATCHED,none,,
PRINCE GEORGES' HOSPITAL CENTER,False,2012,,,7369937.0,255903800.0,272172531.0,16268731.0,,205804685.0,213106183.0,7301497.0,204531176.0,210834986.0,6303810.0,22252141.0,13507.26,14135.34,13423.68,13984.69,203825149.0,227988386.0,,1979536.0,-14882204.0,-16861740.0,13377.34,15122.48,1273509.0,2271197.0,997687.0,10.9,6.01,6.0,-37.76,-22.75,3.13,0.96,-6.98,FY2012;FY2013;FY2014,3,June 2012,Prince Georges' Hospital Center,,0.599,,UNMATCHED,none,0.96,-6.98
PRINCE GEORGES' HOSPITAL CENTER,False,2013,,,1028098.0,249192555.0,265536772.0,16344218.0,,208655180.0,216487873.0,7832692.0,205002819.0,211574515.0,6571695.0,22342000.0,14133.04,14967.85,13885.66,14628.15,211129768.0,237801774.0,,-2474588.0,-21313902.0,-18839314.0,14300.66,16441.49,3652361.0,4913358.0,1260997.0,,,,,,0.43,-1.19,-9.85,FY2013;FY2014;FY2015,3,June 2013,Prince Georges' Hospital Center,,0.599,,UNMATCHED,none,-1.19,-9.85
PRINCE GEORGES' HOSPITAL CENTER,False,2014,,,3192390.0,267282400.0,286350707.0,19068307.0,,222013833.0,230558098.0,8544265.0,218330120.0,225397957.0,7067837.0,22326150.0,,,,,217477104.0,249691862.0,,4536729.0,-19133763.0,-23670492.0,,,3683713.0,5160141.0,1476428.0,,,,,,1.26,2.04,-8.3,FY2014;FY2015,2,June 2014,Prince Georges' Hospital Center,,0.599,,UNMATCHED,none,2.04,-8.3
PRINCE GEORGES' HOSPITAL CENTER,False,2015,,,17696121.0,279091000.0,300157946.0,21066946.0,,244039679.0,253553109.0,9513431.0,237779691.0,245909673.0,8129982.0,18773845.0,,,,,220302096.0,254630833.0,,23737583.0,-1077724.0,-24815306.0,,,6259988.0,7643437.0,1383449.0,,,,,,6.5,9.73,-0.43,FY2015,1,June 2015,Prince Georges' Hospital Center,,0.599,,UNMATCHED,none,9.73,-0.43
QUEEN ANNE EMERGENCY CENTER,False,2011,,,,3118500.0,3118500.0,0.0,,2863559.0,2863559.0,,2863559.0,2863559.0,0.0,,,,,,5051791.0,5051791.0,,,,,,,0.0,0.0,0.0,,,,,,,,,FY2011,1,June 2011,Queen Anne Emergency Center,88,0.629,Queen Anne's ED,short_name,medium,,
QUEEN ANNE S EMERGENCY CENTER,False,2012,,,-1925807.0,5262800.0,5262800.0,0.0,,4141819.0,4141820.0,1.0,4141820.0,4141820.0,0.0,-116436.0,,,,,5951191.0,5951191.0,,-1809372.0,-1809371.0,1.0,,,-1.0,0.0,1.0,,,,,,,,,FY2014,1,June 2012,Queen Anne’s Emergency Center,88,0.697,Queen Anne's ED,short_name,medium,-43.69,-43.69
QUEEN ANNE S EMERGENCY CENTER,False,2013,,,-3458234.0,4999900.0,4999900.0,0.0,,4054296.0,4054296.0,0.0,4038910.0,4038910.0,0.0,50254.0,,,,,7562784.0,7562784.0,,-3508488.0,-3508488.0,0.0,,,15386.0,15386.0,0.0,,,,,,,,,FY2014,1,June 2013,Queen Anne’s Emergency Center,88,0.697,Queen Anne's ED,short_name,medium,-86.54,-86.54
QUEEN ANNE S EMERGENCY CENTER,False,2014,,,-3347238.0,5190800.0,5190800.0,0.0,,4266776.0,4266776.0,0.0,4257207.0,4257207.0,0.0,-29398.0,,,,,7584616.0,7584616.0,,-3317840.0,-3317840.0,0.0,,,9569.0,9569.0,0.0,,,,,,,,,FY2014,1,June 2014,Queen Anne’s Emergency Center,88,0.697,Queen Anne's ED,short_name,medium,-77.76,-77.76
QUEEN ANNE'S EMERGENCY CENTER,False,2013,,,-3458234.0,4999900.0,4999900.0,0.0,,4054296.0,4054296.0,0.0,4038910.0,4038910.0,0.0,50254.0,,,,,7562784.0,7562784.0,,-3508488.0,-3508488.0,0.0,,,15386.0,15386.0,0.0,,,,,,-84.25,-86.54,-86.54,FY2015,1,June 2013,Queen Anne's Emergency Center,88,0.697,Queen Anne's ED,short_name,medium,-86.54,-86.54
QUEEN ANNE'S EMERGENCY CENTER,False,2014,,,-3347238.0,5190800.0,5190800.0,0.0,,4266776.0,4266776.0,0.0,4257207.0,4257207.0,0.0,-29398.0,,,,,7584616.0,7584616.0,,-3317840.0,-3317840.0,0.0,,,9569.0,9569.0,0.0,,,,,,-78.99,-77.76,-77.76,FY2015,1,June 2014,Queen Anne's Emergency Center,88,0.697,Queen Anne's ED,short_name,medium,-77.76,-77.76
QUEEN ANNE'S EMERGENCY CENTER,False,2015,,,-2956067.0,4794500.0,4794500.0,0.0,,4328360.0,4328360.0,0.0,4322561.0,4322561.0,0.0,6253.0,,,,,7275580.0,7290680.0,,-2947220.0,-2962320.0,-15100.0,,,5799.0,5799.0,0.0,,,,,,-68.2,-68.09,-68.44,FY2015,1,June 2015,Queen Anne's Emergency Center,88,0.697,Queen Anne's ED,short_name,medium,-68.09,-68.44
QUEEN ANNES EMERGENCY CENTER,False,2011,,,-2188232.0,3118500.0,3118500.0,0.0,,2863559.0,2863559.0,,2863559.0,2863559.0,0.0,0.0,,,,,5051791.0,5051791.0,,,,,,,0.0,0.0,0.0,,,,,,-76.42,-76.42,-76.42,FY2012;FY2013,2,June 2011,Queen Annes Emergency Center,88,0.663,Queen Anne's ED,short_name,medium,,
QUEEN ANNES EMERGENCY CENTER,False,2012,,,-1925807.0,5262800.0,5262800.0,0.0,,4141819.0,4141820.0,,4141820.0,4141820.0,0.0,-116436.0,,,,,5951191.0,5951191.0,,,,,,,-1.0,0.0,1.0,,,,,,-47.84,-43.69,-43.69,FY2012;FY2013,2,June 2012,Queen Annes Emergency Center,88,0.663,Queen Anne's ED,short_name,medium,,
QUEEN ANNES EMERGENCY CENTER,False,2013,,,,4999900.0,4999900.0,0.0,,4054296.0,4054296.0,,4038910.0,4038910.0,0.0,,,,,,7562784.0,7562784.0,,,,,,,15386.0,15386.0,0.0,,,,,,,,,FY2013,1,June 2013,Queen Annes Emergency Center,88,0.663,Queen Anne's ED,short_name,medium,,
SAINT AGNES HOSPITAL,False,2007,,,,323356800.0,384496085.0,61139285.0,,281979902.0,319619437.0,,277220735.0,312955171.0,35734436.0,,9580.21,9585.06,9418.52,9385.21,255868235.0,301489739.0,,,,,8693.07,9041.37,4759168.0,6664266.0,1905098.0,,,,,,,,,FY2009,1,June 2007,Saint Agnes Hospital,11,1.0,SAINT AGNES HOSPITAL,cms_name,high,,
SAINT AGNES HOSPITAL,False,2008,,,,333555200.0,424164098.0,90608898.0,,287101949.0,329314387.0,,284136736.0,322790204.0,38653468.0,,10089.97,9781.22,9985.76,9587.44,260314417.0,317966817.0,,,,,9148.54,9444.18,2965213.0,6524183.0,3558970.0,,,,,,,,,FY2009;FY2010,2,June 2008,Saint Agnes Hospital,11,1.0,SAINT AGNES HOSPITAL,cms_name,high,,
SAINT AGNES HOSPITAL,False,2009,,,,358890700.0,471361203.0,112470503.0,,310842634.0,361105844.0,,307252556.0,354254207.0,47001651.0,,10129.69,9636.43,10012.7,9453.59,275685027.0,343421097.0,,,,,8983.98,9164.5,3590078.0,6851637.0,3261559.0,,,,,,,,,FY2009;FY2010;FY2011,3,June 2009,Saint Agnes Hospital,11,1.0,SAINT AGNES HOSPITAL,cms_name,high,,
SAINT AGNES HOSPITAL,False,2010,,,42823157.0,357504800.0,482969323.0,125464523.0,,309668125.0,365248162.0,,307715930.0,359485295.0,51769365.0,27374372.0,10075.39,9608.26,10011.87,9456.66,275390240.0,349799377.0,,,,,8960.12,9201.86,1952195.0,5762867.0,3810672.0,320.28,-0.54,-0.01,-2.5,-12.64,10.97,11.07,4.23,FY2010;FY2011;FY2012,3,June 2010,Saint Agnes Hospital,11,1.0,SAINT AGNES HOSPITAL,cms_name,high,,
SAINT AGNES HOSPITAL,False,2011,,,53539924.0,376582900.0,516485612.0,139902712.0,,320954265.0,382394431.0,,318111245.0,375293496.0,57182251.0,34402050.0,11111.87,10643.1,11013.44,10445.46,278581383.0,363256557.0,,,,,9644.86,10110.44,2843020.0,7100935.0,4257915.0,25.03,10.29,10.0,23.62,23.88,12.85,13.2,5.0,FY2011;FY2012;FY2013,3,June 2011,Saint Agnes Hospital,11,1.0,SAINT AGNES HOSPITAL,cms_name,high,,
SAINT AGNES HOSPITAL,False,2012,,,43515023.0,401564200.0,560016893.0,158452693.0,,335387500.0,410004465.0,74616966.0,330910826.0,400095125.0,69184299.0,22026368.0,11236.66,10986.59,11086.68,10721.05,286983653.0,388515810.0,,48403847.0,21488655.0,-26915191.0,9614.96,10410.77,4476674.0,9909340.0,5432666.0,-18.72,1.12,0.67,14.23,12.28,10.6,14.43,5.24,FY2012;FY2013;FY2014,3,June 2012,Saint Agnes Hospital,11,1.0,SAINT AGNES HOSPITAL,cms_name,high,14.43,5.24
SAINT AGNES HOSPITAL,False,2013,,,41883345.0,404669900.0,571492213.0,166822313.0,,338350687.0,413488533.0,75137846.0,331731681.0,401403655.0,69671974.0,15657000.0,11258.74,9742.65,11038.49,9457.9,282897718.0,387262188.0,,55452969.0,26226345.0,-29226624.0,9413.52,9124.7,6619006.0,12084878.0,5465872.0,,,,,,9.76,16.39,6.34,FY2013;FY2014;FY2015,3,June 2013,Saint Agnes Hospital,11,1.0,SAINT AGNES HOSPITAL,cms_name,high,16.39,6.34
SAINT AGNES HOSPITAL,False,2014,,,44871382.0,410191100.0,574955975.0,164764875.0,,342482376.0,416955786.0,74473409.0,336783777.0,405983504.0,69199726.0,20935447.0,,,,,289084013.0,393019853.0,,53398364.0,23935933.0,-29462430.0,,,5698599.0,10972282.0,5273683.0,,,,,,10.22,15.59,5.74,FY2014;FY2015,2,June 2014,Saint Agnes Hospital,11,1.0,SAINT AGNES HOSPITAL,cms_name,high,15.59,5.74
SAINT AGNES HOSPITAL,False,2015,,,18700440.0,418876800.0,591150143.0,172273343.0,,358196882.0,438321207.0,80124325.0,353198398.0,427716710.0,74518312.0,1309904.0,,,,,304505439.0,420930671.0,,53691443.0,17390536.0,-36300907.0,,,4998484.0,10604497.0,5606012.0,,,,,,4.25,14.99,3.97,FY2015,1,June 2015,Saint Agnes Hospital,11,1.0,SAINT AGNES HOSPITAL,cms_name,high,14.99,3.97
SAINT JOSEPH MEDICAL CENTER,False,2007,,,,345174100.0,384965265.0,39791165.0,,306105791.0,330123202.0,,304510224.0,322621995.0,18111771.0,,10397.24,10557.17,10343.04,10317.29,293507383.0,328666600.0,,,,,9969.32,10510.59,1595568.0,7501207.0,5905639.0,,,,,,,,,FY2009,1,June 2007,Saint Joseph Medical Center,63,0.653,UNIVERSITY OF MD ST JOSEPH MEDICAL CENTER,cms_name,medium,,
SAINT JOSEPH MEDICAL CENTER,False,2008,,,,363810300.0,402069484.0,38259184.0,,323272073.0,345571631.0,,322493187.0,339832813.0,17339626.0,,10599.84,11196.47,10574.3,11010.54,322940196.0,363575748.0,,,,,10588.95,11779.8,778886.0,5738818.0,4959932.0,,,,,,,,,FY2009;FY2010,2,June 2008,Saint Joseph Medical Center,63,0.653,UNIVERSITY OF MD ST JOSEPH MEDICAL CENTER,cms_name,medium,,
SAINT JOSEPH MEDICAL CENTER,False,2009,,,,398844400.0,445852978.0,47008578.0,,340774543.0,367706822.0,,339694906.0,361378606.0,21683700.0,,10732.23,10362.16,10698.23,10183.83,322090976.0,372532167.0,,,,,10143.82,10498.14,1079638.0,6328216.0,5248578.0,,,,,,,,,FY2009;FY2010,2,June 2009,Saint Joseph Medical Center,63,0.653,UNIVERSITY OF MD ST JOSEPH MEDICAL CENTER,cms_name,medium,,
SAINT JOSEPH MEDICAL CENTER,False,2010,,,,375076400.0,415475097.0,40398697.0,,307388501.0,332461171.0,,307247166.0,326382248.0,19135082.0,,10853.16,10597.5,10848.17,10403.73,299994287.0,350177336.0,,,,,10592.09,11162.22,141335.0,6078923.0,5937588.0,,,,,,,,,FY2010,1,June 2010,Saint Joseph Medical Center,63,0.653,UNIVERSITY OF MD ST JOSEPH MEDICAL CENTER,cms_name,medium,,
SAINT JOSEPHS MEDICAL CENTER,False,2009,,,,398844400.0,445852978.0,47008578.0,,340774543.0,367706822.0,,339694906.0,361378606.0,21683700.0,,10732.23,10362.16,10698.23,10183.83,322090976.0,372532167.0,,,,,10143.82,10498.14,1079638.0,6328216.0,5248578.0,,,,,,,,,FY2011,1,June 2009,Saint Josephs Medical Center,63,0.64,UNIVERSITY OF MD ST JOSEPH MEDICAL CENTER,cms_name,medium,,
SAINT JOSEPHS MEDICAL CENTER,False,2010,,,-12273157.0,375076400.0,415475097.0,40398697.0,,307388501.0,332461171.0,,307247166.0,326382248.0,19135082.0,5443008.0,10853.16,10597.5,10848.17,10403.73,299994287.0,350177336.0,,,,,10592.09,11162.22,141335.0,6078923.0,5937588.0,14.04,1.13,1.4,-60.42,-267.15,-3.63,2.41,-5.33,FY2011;FY2012,2,June 2010,Saint Josephs Medical Center,63,0.64,UNIVERSITY OF MD ST JOSEPH MEDICAL CENTER,cms_name,medium,,
SAINT JOSEPHS MEDICAL CENTER,False,2011,,,-16039404.0,362195000.0,409223886.0,47028886.0,,294403778.0,323218585.0,,293912806.0,317006374.0,23093568.0,8418345.0,11017.95,10706.19,10999.57,10500.42,293587390.0,347676334.0,,,,,10987.39,11516.32,490972.0,6212211.0,5721239.0,-30.69,1.52,1.4,-88.96,-38.05,-4.84,0.28,-7.57,FY2011;FY2012,2,June 2011,Saint Josephs Medical Center,63,0.64,UNIVERSITY OF MD ST JOSEPH MEDICAL CENTER,cms_name,medium,,
SAINT JOSEPHS MEDICAL CENTER,False,2012,,,-24406902.0,354785600.0,403716687.0,48931087.0,,287100323.0,316539111.0,,286710810.0,310214823.0,23504013.0,3763186.0,11047.6,10704.3,11032.61,10490.43,286684281.0,344709199.0,,,,,11031.59,11656.92,389513.0,6324288.0,5934776.0,-52.17,0.27,0.3,-49.04,-15.18,-7.62,0.14,-8.9,FY2012,1,June 2012,Saint Josephs Medical Center,63,0.64,UNIVERSITY OF MD ST JOSEPH MEDICAL CENTER,cms_name,medium,,
SAINT MARY'S HOSPITAL,False,2007,,,,106160000.0,112758238.0,6598238.0,,89664116.0,98315817.0,,92658716.0,96911217.0,4252501.0,,5591.47,5926.11,5778.21,5841.45,82860617.0,90996208.0,,,,,5167.2,5484.92,-2994600.0,1404600.0,4399200.0,,,,,,,,,FY2009,1,June 2007,Saint Mary's Hospital,28,0.795,MEDSTAR SAINT MARY'S HOSPITAL,cms_name,medium,,
SAINT MARY'S HOSPITAL,False,2008,,,,114652300.0,121864317.0,7212017.0,,97685347.0,105106807.0,,96521141.0,103261881.0,6740740.0,,5989.62,6224.1,5918.24,6114.85,88622956.0,98402342.0,,,,,5433.96,5827.08,1164206.0,1844926.0,680720.0,,,,,,,,,FY2009;FY2010,2,June 2008,Saint Mary's Hospital,28,0.795,MEDSTAR SAINT MARY'S HOSPITAL,cms_name,medium,,
SAINT MARY'S HOSPITAL,False,2009,,,,124100600.0,132079516.0,7978916.0,,107208560.0,110237743.0,,105768160.0,108797343.0,3029183.0,,6094.25,5955.93,6012.37,5878.11,97770605.0,108436642.0,,,,,5557.75,5858.62,1440400.0,1440400.0,0.0,,,,,,,,,FY2009;FY2010;FY2011,3,June 2009,Saint Mary's Hospital,28,0.795,MEDSTAR SAINT MARY'S HOSPITAL,cms_name,medium,,
SAINT MARY'S HOSPITAL,False,2010,,,2407725.0,125978346.0,133939462.0,7961116.0,,104714071.0,111786134.0,,102454852.0,109069471.0,6614620.0,-1876534.0,5954.47,6088.16,5826.0,5940.2,93942446.0,107501875.0,,,,,5341.95,5854.83,2259219.0,2716663.0,457444.0,48.76,-2.29,-3.1,14.13,137.87,2.15,10.29,3.83,FY2010;FY2011;FY2012,3,June 2010,Saint Mary's Hospital,28,0.795,MEDSTAR SAINT MARY'S HOSPITAL,cms_name,medium,,
SAINT MARY'S HOSPITAL,False,2011,,,7451003.0,134162900.0,143441203.0,9278303.0,,110856885.0,118060590.0,,110583185.0,116389545.0,5806361.0,1437820.0,6863.77,7808.91,6846.82,7698.38,96751142.0,112047407.0,,,,,5990.4,7411.18,273700.0,1671044.0,1397344.0,209.46,15.27,17.52,30.95,40.36,6.24,12.72,5.09,FY2011;FY2012,2,June 2011,Saint Mary's Hospital,28,0.795,MEDSTAR SAINT MARY'S HOSPITAL,cms_name,medium,,
SAINT MARY'S HOSPITAL,False,2012,,,9640308.0,151897000.0,161983460.0,10086460.0,,120684064.0,131282445.0,,115905184.0,125323478.0,9418294.0,-1535.0,7339.03,7576.79,7048.41,7232.88,106515296.0,121640602.0,,,,,6477.4,7020.33,4778880.0,5958967.0,1180088.0,29.38,6.92,2.94,0.45,60.35,7.33,11.74,7.34,FY2012,1,June 2012,Saint Mary's Hospital,28,0.795,MEDSTAR SAINT MARY'S HOSPITAL,cms_name,medium,,
SHADY GROVE ADVENTIST HOSPITAL,False,2007,,,,284281331.0,297690265.0,13408934.0,,241370380.0,254153358.0,,239838057.0,249316220.0,9478163.0,,8181.18,8758.24,8129.24,8591.55,232476082.0,251743884.0,,,,,7879.71,8675.21,1532323.0,4837138.0,3304815.0,,,,,,,,,FY2009,1,December 2007,Shady Grove Adventist Hospital,5050,0.819,Shady Grove,short_name,medium,,
SHADY GROVE ADVENTIST HOSPITAL,False,2008,,,,304350850.0,335323485.0,30972635.0,,263513488.0,282679170.0,,261642638.0,277058535.0,15415897.0,,8482.8,8334.34,8422.58,8168.62,256440113.0,275947407.0,,,,,8255.1,8135.86,1870850.0,5620635.0,3749785.0,,,,,,,,,FY2009;FY2010,2,December 2008,Shady Grove Adventist Hospital,5050,0.819,Shady Grove,short_name,medium,,
SHADY GROVE ADVENTIST HOSPITAL,False,2009,,,,331274906.0,367128679.0,35853773.0,,286491123.0,307662115.0,,283847908.0,300461539.0,16613631.0,,8564.8,8382.96,8485.78,8186.77,270417774.0,292748994.0,,,,,8084.28,7976.62,2643215.0,7200576.0,4557361.0,,,,,,,,,FY2009;FY2010;FY2011,3,December 2009,Shady Grove Adventist Hospital,5050,0.819,Shady Grove,short_name,medium,,
SHADY GROVE ADVENTIST HOSPITAL,False,2010,,,24591710.0,335364985.0,369701154.0,34336169.0,,296145240.0,317980252.0,,292739292.0,309744548.0,17005256.0,2342788.0,9020.01,8824.09,8916.27,8595.55,270989498.0,295731330.0,,,,,8253.81,8206.68,3405948.0,8235704.0,4829756.0,80.06,5.31,5.07,56.51,49.19,7.68,8.49,7.0,FY2010;FY2011;FY2012,3,December 2010,Shady Grove Adventist Hospital,5050,0.819,Shady Grove,short_name,medium,,
SHADY GROVE ADVENTIST HOSPITAL,False,2011,,,25670010.0,358655535.0,380212042.0,21556507.0,,309139817.0,320728691.0,,306195153.0,313395625.0,7200472.0,1197213.0,9821.76,9612.24,9728.2,9392.47,282132916.0,296255894.0,,,,,8963.71,8878.79,2944664.0,7333066.0,4388402.0,4.38,8.89,9.11,7.36,10.0,7.97,8.74,7.63,FY2011;FY2012;FY2013,3,December 2011,Shady Grove Adventist Hospital,5050,0.819,Shady Grove,short_name,medium,,
SHADY GROVE ADVENTIST HOSPITAL,False,2012,,,8908624.0,348706200.0,379140634.0,30434434.0,,297499487.0,318823974.0,21324487.0,294975318.0,309958765.0,14983447.0,1005006.0,8831.79,8705.08,8756.85,8463.02,277340979.0,310920356.0,,20158508.0,7903618.0,-12254890.0,8233.35,8489.28,2524169.0,8865209.0,6341040.0,-65.3,-10.08,-9.98,-25.36,-67.7,2.78,6.78,2.48,FY2012;FY2013;FY2014;FY2015,4,December 2012;June 2012,Shady Grove Adventist Hospital,5050,0.819,Shady Grove,short_name,medium,6.78,2.48
SHADY GROVE ADVENTIST HOSPITAL,False,2013,,,15263693.0,375189800.0,402803820.0,27614020.0,,311964366.0,331157984.0,19193618.0,306717029.0,320089792.0,13372763.0,-260667.0,9568.05,9460.43,9407.11,9144.24,283029117.0,315633624.0,,28935249.0,15524360.0,-13410889.0,8680.59,9016.94,5247337.0,11068192.0,5820855.0,,,,,,4.61,9.28,4.69,FY2013;FY2014;FY2015;FY2016,4,December 2013;June 2013,SHADY GROVE ADVENTIST HOSPITAL;Shady Grove Adventist Hospital,5050,0.819,Shady Grove,short_name,medium,9.28,4.69
SHADY GROVE ADVENTIST HOSPITAL,False,2014,,,18326992.0,383323300.0,404445386.0,21122086.0,,325984778.0,343403552.0,17418774.0,322939414.0,334002137.0,11062723.0,1178041.0,,,,,294301624.0,326254601.0,,31683154.0,17148951.0,-14534203.0,,,3045364.0,9401415.0,6356051.0,,,,,,5.32,9.72,4.99,FY2014;FY2015;FY2016;FY2017,4,December 2014,SHADY GROVE ADVENTIST HOSPITAL;Shady Grove Adventist Hospital,5050,0.819,Shady Grove,short_name,medium,9.72,4.99
SHADY GROVE ADVENTIST HOSPITAL,False,2015,,,25279622.0,389913200.0,396332086.0,6418886.0,,334927320.0,342696451.0,7769131.0,333295244.0,335130801.0,1835557.0,-968436.0,,,,,295354588.0,316448393.0,,39572732.0,26248058.0,-13324674.0,,,1632076.0,7565650.0,5933574.0,,,,,,7.4,11.82,7.66,FY2016;FY2017;FY2018,3,December 2015,SHADY GROVE ADVENTIST HOSPITAL,5050,0.819,Shady Grove,short_name,medium,11.82,7.66
SHADY GROVE ADVENTIST HOSPITAL,False,2016,,,21833581.0,388714400.0,394782452.0,6068052.0,,336745464.0,344488162.0,7742698.0,335476280.0,337329011.0,1852731.0,991302.0,,,,,302300894.0,323645883.0,,34444570.0,20842279.0,-13602291.0,,,1269184.0,7159151.0,5889967.0,,,,,,6.32,10.23,6.05,FY2017;FY2018;FY2019,3,December 2016,SHADY GROVE ADVENTIST HOSPITAL,5050,0.819,Shady Grove,short_name,medium,10.23,6.05
SHADY GROVE ADVENTIST HOSPITAL,False,2017,,,24153052.0,401327600.0,415710437.0,14382837.0,,346531683.0,357596197.0,11064514.0,346401639.0,350403963.0,4002324.0,3576216.0,,,,,307385310.0,337019361.0,,39146373.0,20576836.0,-18569537.0,,,130044.0,7192234.0,7062190.0,,,,,,6.69,11.3,5.75,FY2018;FY2019;FY2020,3,December 2017,SHADY GROVE ADVENTIST HOSPITAL,5050,0.819,Shady Grove,short_name,medium,11.3,5.75
SHADY GROVE ADVENTIST HOSPITAL,False,2018,,,20758022.0,430186900.0,447032083.0,16845183.0,,363010636.0,378658099.0,15647463.0,362378332.0,367923016.0,5544684.0,819468.0,,,,,320390264.0,358719545.0,,42620372.0,19938554.0,-22681818.0,,,632304.0,10735083.0,10102779.0,,,,,,5.47,11.74,5.27,FY2019;FY2020;FY2021,3,December 2018,SHADY GROVE ADVENTIST HOSPITAL,5050,0.819,Shady Grove,short_name,medium,11.74,5.27
SHADY GROVE ADVENTIST HOSPITAL,False,2019,,,30081290.0,470396800.0,490987262.0,20590462.0,,400193506.0,418094953.0,17901447.0,399471978.0,406629545.0,7157567.0,6305997.0,,,,,354233923.0,394319660.0,40085737.0,45959583.0,23775293.0,-22184290.0,,,721528.0,11465408.0,10743880.0,,,,,,7.09,11.48,5.69,FY2020;FY2021;FY2022,3,December 2019,SHADY GROVE ADVENTIST HOSPITAL,5050,0.819,Shady Grove,short_name,medium,11.48,5.69
SHADY GROVE ADVENTIST HOSPITAL,False,2020,,,,474518900.0,491829302.0,17310402.0,,424098870.0,440348948.0,16250078.0,404941617.0,411319878.0,6378261.0,5154362.0,,,,,372035949.0,408607541.0,36571592.0,52062921.0,31741407.0,-20321514.0,,,19157253.0,29029070.0,9871817.0,,,,,,,,,FY2021;FY2022;FY2023,3,December 2020,SHADY GROVE ADVENTIST HOSPITAL,5050,0.819,Shady Grove,short_name,medium,12.28,7.21
SHADY GROVE ADVENTIST HOSPITAL,False,2021,,,,495127100.0,511380727.0,16253627.0,,439374981.0,455385798.0,16010817.0,418257656.0,423829064.0,5571408.0,6006212.0,,,,,385177238.0,428313338.0,43136100.0,54197743.0,27072460.0,-27125283.0,,,21117325.0,31556734.0,10439409.0,,,,,,,,,FY2022;FY2023,2,December 2021,SHADY GROVE ADVENTIST HOSPITAL,5050,0.819,Shady Grove,short_name,medium,12.34,5.94
SHADY GROVE ADVENTIST HOSPITAL,False,2022,,,,507181036.0,557469856.0,50288820.0,,435442074.0,460442616.0,25000542.0,431959166.0,449066026.0,17106860.0,-1518175.0,,,,,403089895.0,450309675.0,47219780.0,32352179.0,10132941.0,-22219238.0,,,3482908.0,11376590.0,7893682.0,,,,,,,,,FY2023,1,December 2022,SHADY GROVE ADVENTIST HOSPITAL,5050,0.819,Shady Grove,short_name,medium,7.43,2.2
SHEPPARD PRATT HOSPITAL,False,2005,,,49900.0,,68666600.0,,6149.0,,57545600.0,,,56264900.0,,1278800.0,,,,,,58774500.0,,,-1228900.0,,,,,1280700.0,,,,,,,,,,FY2007,1,YEAR 2005,Sheppard Pratt Hospital,4000,0.975,Sheppard Pratt,hscrc_name,high,,-2.14
SHEPPARD PRATT HOSPITAL,False,2006,,,1198900.0,,98522100.0,,7114.0,,75490800.0,,,73559700.0,,3335900.0,,,,,,77627800.0,,,-2137000.0,,,,,1931100.0,,,,,,,,,,FY2007,1,YEAR 2006,Sheppard Pratt Hospital,4000,0.975,Sheppard Pratt,hscrc_name,high,,-2.83
SHEPPARD PRATT HOSPITAL,False,2007,,,5477500.0,,107203600.0,,7873.0,,84347400.0,,,83124000.0,,6529100.0,,,,,,85399000.0,,,-1051600.0,,,,,1223400.0,,,,,,,,,,FY2007;FY2009,2,YEAR 2007,Sheppard Pratt Hospital,4000,0.975,Sheppard Pratt,hscrc_name,high,,-1.25
SHEPPARD PRATT HOSPITAL,False,2008,,,590200.0,,112116000.0,,7938.0,,89621900.0,,,88163000.0,,-534800.0,,,,,,88496900.0,,,1125000.0,,,,,1458900.0,,,,,,,,,,FY2009;FY2010,2,YEAR 2008,Sheppard Pratt Hospital,4000,0.975,Sheppard Pratt,hscrc_name,high,,1.26
SHEPPARD PRATT HOSPITAL,False,2009,,,-1874200.0,,110846600.0,,7953.0,,93727700.0,,,92702000.0,,-1704900.0,,,,,,93897000.0,,,-169300.0,,,,,1025700.0,,,,,,,,,,FY2009;FY2010;FY2011,3,YEAR 2009,Sheppard Pratt Hospital,4000,0.975,Sheppard Pratt,hscrc_name,high,,-0.18
SHEPPARD PRATT HOSPITAL,False,2010,,,5082626.0,,126018300.0,,8397.0,,97638534.0,,,97548922.0,,4403502.0,,,,,,96959410.0,,,679124.0,,,,,89612.0,,,,,,,,,,FY2010;FY2011;FY2012,3,YEAR 2010,Sheppard Pratt Hospital,4000,0.975,Sheppard Pratt,hscrc_name,high,,0.7
SHEPPARD PRATT HOSPITAL,False,2011,,,5759950.0,,126921400.0,,8294.0,,103268687.0,,,103073206.0,,4432073.0,,,,,,101940810.0,,,1327877.0,,,,,195481.0,,,,,,,,,,FY2011;FY2012;FY2013,3,YEAR 2011,Sheppard Pratt Hospital,4000,0.975,Sheppard Pratt,hscrc_name,high,,1.29
SHEPPARD PRATT HOSPITAL,False,2012,,,2657950.0,,140136100.0,,9389.0,,111450189.0,,,111243237.0,,-41437.0,,,,,,108750802.0,,,2699387.0,,,,,206952.0,,,,,,,,,,FY2012;FY2013;FY2014,3,YEAR 2012,Sheppard Pratt Hospital,4000,0.975,Sheppard Pratt,hscrc_name,high,,2.42
SHEPPARD PRATT HOSPITAL,False,2013,,,15518543.0,,137929400.0,,9676.0,,113639954.0,,,113722394.0,,8788759.0,,,,,,106910170.0,,,6729784.0,,,,,-82441.0,,,,,,,,,,FY2013;FY2014,2,YEAR 2013,Sheppard Pratt Hospital,4000,0.975,Sheppard Pratt,hscrc_name,high,,5.92
SHEPPARD PRATT HOSPITAL,False,2014,,,16835600.0,,139935300.0,,9139.0,,117095782.0,,,117893475.0,,9057994.0,,,,,,109318177.0,,,7777606.0,,,,,-797693.0,,,,,,,,,,FY2014,1,YEAR 2014,Sheppard Pratt Hospital,4000,0.975,Sheppard Pratt,hscrc_name,high,,6.64
SHEPPARD PRATT HOSPITAL,False,2015,,,12969400.0,,141782500.0,,9151.0,,210909500.0,,,121065900.0,,2875100.0,,,,,,200815200.0,,,10094300.0,,,,,89843600.0,,,,,,,,,,FY2017,1,FY 2015,Sheppard Pratt Hospital,4000,0.975,Sheppard Pratt,hscrc_name,high,,4.79
SHEPPARD PRATT HOSPITAL,False,2016,,,13721900.0,,145557100.0,,9092.0,,220546000.0,,,125739800.0,,2100400.0,,,,,,208924500.0,,,11621500.0,,,,,94806200.0,,,,,,,,,,FY2017;FY2018,2,FY 2016,Sheppard Pratt Hospital,4000,0.975,Sheppard Pratt,hscrc_name,high,,5.27
SHEPPARD PRATT HOSPITAL,False,2017,,,15559193.0,,151098310.0,,8630.0,,225861198.0,,,131820164.0,,6787795.0,,,,,,217089800.0,,,8771398.0,,,,,94041035.0,,,,,,,,,,FY2017;FY2018,2,FY 2017,Sheppard Pratt Hospital,4000,0.975,Sheppard Pratt,hscrc_name,high,,3.88
SHEPPARD PRATT HOSPITAL,False,2018,,,4972900.0,,156131000.0,,8345.0,,230158000.0,,,135551900.0,,3913700.0,,,,,,229098800.0,,,1059200.0,,,,,94606100.0,,,,,,,,,,FY2018;FY2020,2,FY 2018,Sheppard Pratt Hospital,4000,0.975,Sheppard Pratt,hscrc_name,high,,0.46
SHEPPARD PRATT HOSPITAL,False,2019,,,6231900.0,,159882500.0,,7958.0,,237893800.0,,,138976700.0,,7797800.0,,,,,,239459600.0,,,-1565900.0,,,,,98917100.0,,,,,,,,,,FY2020,1,FY 2019,Sheppard Pratt Hospital,4000,0.975,Sheppard Pratt,hscrc_name,high,,-0.66
SHEPPARD PRATT HOSPITAL,False,2020,,,1331600.0,,153498200.0,,7338.0,,222970400.0,,,133255900.0,,7520900.0,,,,,,229159700.0,,,-6189300.0,,,,,89714500.0,,,,,,,,,,FY2020;FY2022,2,FY 2020,Sheppard Pratt Hospital,4000,0.975,Sheppard Pratt,hscrc_name,high,,-2.78
SHEPPARD PRATT HOSPITAL,False,2021,,,18559900.0,,152435092.0,,6677.0,,145794355.0,,,130680445.0,,40348088.0,,,,,,167582543.0,,,-21788188.0,,,,,15113910.0,,,,,,,,,,FY2022,1,FY2021,Sheppard Pratt Hospital,4000,0.975,Sheppard Pratt,hscrc_name,high,,-14.94
SHEPPARD PRATT HOSPITAL,False,2022,,,-14860938.0,,166177984.0,,7825.0,,244537344.0,,,139132608.0,,-4714682.0,,,,,,254683600.0,,,-10146256.0,,,,,105404736.0,,,,,,,,,,FY2022;FY2024,2,FY2022,Sheppard Pratt Hospital,4000,0.975,Sheppard Pratt,hscrc_name,high,,-4.15
SHEPPARD PRATT HOSPITAL,False,2023,,,-49005807.0,,205167075.0,,8318.0,,282026307.0,,,170041167.0,,-55533838.0,,,,,,275498276.0,,,6528031.0,,,,,111985140.0,,,,,,,,,,FY2024,1,FY 2023,Sheppard Pratt Hospital,4000,0.975,Sheppard Pratt,hscrc_name,high,,2.31
SHEPPARD PRATT HOSPITAL,False,2024,,,11188654.0,,215215443.0,,7890.0,,297636629.0,,,177739183.0,,1697185.0,,,,,,288145160.0,,,9491469.0,,,,,119897445.0,,,,,,,,,,FY2024,1,FY 2024,Sheppard Pratt Hospital,4000,0.975,Sheppard Pratt,hscrc_name,high,,3.19
SINAI HOSPITAL,False,2014,,,57740993.0,699430000.0,892512993.0,193082993.0,,577715096.0,703032223.0,125317127.0,565895246.0,649651873.0,83756627.0,29800000.0,,,,,517159092.0,675091241.0,,60556006.0,27940993.0,-32615013.0,,,11819850.0,53380350.0,41560500.0,,,,,,7.88,10.48,3.97,FY2016,1,June 2014,SINAI HOSPITAL,12,0.975,Sinai,short_name,high,10.48,3.97
SINAI HOSPITAL,False,2015,,,45201800.0,717312400.0,909321900.0,192009500.0,,602308500.0,735854400.0,133545900.0,592096200.0,676044100.0,83947900.0,7728000.0,,,,,528171600.0,698380500.0,,74136800.0,37473800.0,-36663000.0,,,10212300.0,59810300.0,49598000.0,,,,,,6.08,12.31,5.09,FY2016;FY2017,2,June 2015,SINAI HOSPITAL,12,0.975,Sinai,short_name,high,12.31,5.09
SINAI HOSPITAL,False,2016,,,26647161.0,732671600.0,919376061.0,186704461.0,,625839669.0,755947147.0,130107478.0,615507214.0,689589161.0,74081947.0,-4248000.0,,,,,551295426.0,725051986.0,,74544243.0,30895161.0,-43649082.0,,,10332455.0,66357986.0,56025531.0,,,,,,3.53,11.91,4.09,FY2016;FY2017;FY2018,3,June 2016,SINAI HOSPITAL,12,0.975,Sinai,short_name,high,11.91,4.09
SINAI HOSPITAL,False,2017,,,57180068.0,769856900.0,957570387.0,187713487.0,,656448649.0,777238493.0,120789844.0,644901523.0,740871849.0,95970326.0,21790000.0,,,,,587087824.0,741848425.0,,69360825.0,35390068.0,-33970757.0,,,11547126.0,36366644.0,24819518.0,,,,,,7.16,10.57,4.55,FY2017;FY2018;FY2019,3,June 2017,SINAI HOSPITAL,12,0.975,Sinai,short_name,high,10.57,4.55
SINAI HOSPITAL,False,2018,,,58545043.0,783533500.0,980381516.0,196848016.0,,683018004.0,799512310.0,116494306.0,661090300.0,755055043.0,93964743.0,23993000.0,,,,,596332210.0,764960267.0,,86685794.0,34552043.0,-52133751.0,,,21927704.0,44457267.0,22529563.0,,,,,,7.11,12.69,4.32,FY2018;FY2019;FY2020,3,June 2018,SINAI HOSPITAL,12,0.975,Sinai,short_name,high,12.69,4.32
SINAI HOSPITAL,False,2019,,,41138421.0,790818977.0,1007336843.0,216517866.0,,696628329.0,814389967.0,117761637.0,677107349.0,765944860.0,88837511.0,22186000.0,,,,,616889933.0,795437546.0,,79738397.0,18952421.0,-60785976.0,,,19520980.0,48445106.0,28924127.0,,,,,,4.92,11.45,2.33,FY2019;FY2020;FY2021,3,June 2019,SINAI HOSPITAL,12,0.975,Sinai,short_name,high,11.45,2.33
SINAI HOSPITAL,False,2020,,,55263066.0,824393685.0,1017744072.0,193350387.0,,723356293.0,840752811.0,117396518.0,689783508.0,772287126.0,82503618.0,19821000.0,,,,,624406041.0,805310745.0,180904704.0,98950252.0,35442066.0,-63508186.0,,,33572786.0,68465685.0,34892900.0,,,,,,6.42,13.68,4.22,FY2020;FY2021;FY2022,3,June 2020,SINAI HOSPITAL,12,0.975,Sinai,short_name,high,13.68,4.22
SINAI HOSPITAL,False,2021,,,141115748.0,897075345.0,1115502035.0,218426690.0,,782812956.0,912993749.0,130180793.0,758440984.0,854989777.0,96548793.0,91437000.0,,,,,672695291.0,863315001.0,190619710.0,110117665.0,49678748.0,-60438917.0,,,24371972.0,58003972.0,33632000.0,,,,,,14.05,14.07,5.44,FY2021;FY2022;FY2023,3,June 2021,SINAI HOSPITAL,12,0.975,Sinai,short_name,high,14.07,5.44
SINAI HOSPITAL,False,2022,,,11515680.0,940026414.0,1184611646.0,244585232.0,,826179068.0,966462775.0,140283707.0,804616796.0,908072680.0,103455884.0,-42611000.0,,,,,715834671.0,912336095.0,196501424.0,110344397.0,54126680.0,-56217717.0,,,21562272.0,58390095.0,36827823.0,,,,,,1.25,13.36,5.6,FY2022;FY2023,2,June 2022,SINAI HOSPITAL,12,0.975,Sinai,short_name,high,13.36,5.6
SINAI HOSPITAL,False,2023,,,44391054.0,949076151.0,1200813012.0,251736860.0,,814114748.0,958412988.0,144298240.0,793704566.0,904511054.0,110806489.0,40413000.0,,,,,726701775.0,954434934.0,227733159.0,87412972.0,3978054.0,-83434918.0,,,20410182.0,53901934.0,33491752.0,,,,,,4.44,10.74,0.42,FY2023,1,June 2023,SINAI HOSPITAL,12,0.975,Sinai,short_name,high,10.74,0.42
SINAI HOSPITAL OF BALTIMORE,False,2007,,,,567654000.0,662982813.0,95328813.0,,494749284.0,542798414.0,,483991284.0,519209493.0,35218209.0,,13144.97,13861.33,12859.14,13258.94,445682167.0,525872401.0,,,,,11841.31,13429.09,10758000.0,23588921.0,12830921.0,,,,,,,,,FY2009,1,June 2007,Sinai Hospital of Baltimore,12,1.0,SINAI HOSPITAL OF BALTIMORE,cms_name,high,,
SINAI HOSPITAL OF BALTIMORE,False,2008,,,,602337500.0,707215017.0,104877517.0,,529518483.0,578833960.0,,512803742.0,551466537.0,38662795.0,,13125.01,13904.68,12710.71,13247.26,485322263.0,573504000.0,,,,,12029.54,13776.64,16714741.0,27367423.0,10652682.0,,,,,,,,,FY2009;FY2010,2,June 2008,Sinai Hospital of Baltimore,12,1.0,SINAI HOSPITAL OF BALTIMORE,cms_name,high,,
SINAI HOSPITAL OF BALTIMORE,False,2009,,,,627278200.0,737059589.0,109781389.0,,547144141.0,603023620.0,,536920130.0,577357862.0,40437732.0,,13750.04,14685.33,13493.11,14060.3,500512326.0,591050256.0,,,,,12578.16,14393.74,10224011.0,25665758.0,15441747.0,,,,,,,,,FY2009;FY2010;FY2011,3,June 2009,Sinai Hospital of Baltimore,12,1.0,SINAI HOSPITAL OF BALTIMORE,cms_name,high,,
SINAI HOSPITAL OF BALTIMORE,False,2010,,,19063000.0,619723100.0,778191100.0,158468000.0,,543402000.0,633376000.0,,534915500.0,598053900.0,63138400.0,9624000.0,13792.63,12802.62,13577.23,12088.65,497428352.0,623937000.0,,,,,12625.73,12611.83,8486500.0,35322100.0,26835600.0,718.6,0.31,0.62,-1.41,-21.17,2.97,8.46,1.49,FY2010;FY2011;FY2012,3,June 2010,Sinai Hospital of Baltimore,12,1.0,SINAI HOSPITAL OF BALTIMORE,cms_name,high,,
SINAI HOSPITAL OF BALTIMORE,False,2011,,,44208100.0,636490900.0,783041800.0,146550900.0,,561048000.0,654510776.0,,549875500.0,616173000.0,66297500.0,20566000.0,14164.14,13431.18,13882.08,12644.46,498388230.0,630868676.0,,,,,12582.24,12946.02,11172500.0,38337776.0,27165276.0,131.91,2.69,2.25,36.29,150.47,6.55,11.17,3.61,FY2011;FY2012;FY2013,3,June 2011,Sinai Hospital of Baltimore,12,1.0,SINAI HOSPITAL OF BALTIMORE,cms_name,high,,
SINAI HOSPITAL OF BALTIMORE,False,2012,,,23129417.0,676602700.0,830363769.0,153761069.0,,571753033.0,682763143.0,111010110.0,565251457.0,638062417.0,72810960.0,8966054.0,13598.54,13231.81,13443.91,12365.52,525697277.0,668599780.0,,46055756.0,14163363.0,-31892393.0,12503.16,12957.33,6501576.0,44700726.0,38199150.0,-47.68,-3.99,-3.16,-26.5,-40.09,3.34,8.06,2.07,FY2012;FY2013;FY2014,3,June 2012,Sinai Hospital of Baltimore,12,1.0,SINAI HOSPITAL OF BALTIMORE,cms_name,high,8.06,2.07
SINAI HOSPITAL OF BALTIMORE,False,2013,,,34266918.0,684516800.0,853938734.0,169421934.0,,580518587.0,695945539.0,115426952.0,564285587.0,645636828.0,81351241.0,18967000.0,14047.65,13499.58,13654.83,12523.72,530048218.0,680645621.0,,50470369.0,15299918.0,-35170451.0,12826.34,13202.8,16233000.0,50308711.0,34075711.0,,,,,,4.79,8.69,2.2,FY2013;FY2014;FY2015,3,June 2013,Sinai Hospital of Baltimore,12,1.0,SINAI HOSPITAL OF BALTIMORE,cms_name,high,8.69,2.2
SINAI HOSPITAL OF BALTIMORE,False,2014,,,57740993.0,699430000.0,892512993.0,193082993.0,,577715096.0,703032223.0,125317127.0,565895246.0,649651873.0,83756627.0,29800000.0,,,,,517159092.0,675091241.0,,60556006.0,27940993.0,-32615013.0,,,11819850.0,53380350.0,41560500.0,,,,,,7.88,10.48,3.97,FY2014;FY2015,2,June 2014,Sinai Hospital of Baltimore,12,1.0,SINAI HOSPITAL OF BALTIMORE,cms_name,high,10.48,3.97
SINAI HOSPITAL OF BALTIMORE,False,2015,,,45201800.0,717312400.0,909321900.0,192009500.0,,602308500.0,735854400.0,133545900.0,592096200.0,676044100.0,83947900.0,7728000.0,,,,,528171600.0,698380500.0,,74136800.0,37473800.0,-36663000.0,,,10212300.0,59810300.0,49598000.0,,,,,,6.08,12.31,5.09,FY2015,1,June 2015,Sinai Hospital of Baltimore,12,1.0,SINAI HOSPITAL OF BALTIMORE,cms_name,high,12.31,5.09
SOUTHERN MARYLAND HOSPITAL CENTER,False,2007,,,,216279800.0,260511705.0,44231905.0,,176859506.0,194814077.0,,176487362.0,193941438.0,17454076.0,,7471.79,6852.14,7456.07,6821.45,165625980.0,187878012.0,,,,,6997.2,6608.18,372144.0,872639.0,500495.0,,,,,,,,,FY2009,1,December 2007,Southern Maryland Hospital Center,62,0.851,MEDSTAR SOUTHERN MARYLAND HOSPITAL CENTER,cms_name,high,,
SOUTHERN MARYLAND HOSPITAL CENTER,False,2008,,,,226574600.0,272969544.0,46394944.0,,184084845.0,202646381.0,,183726110.0,188489867.0,4763757.0,,7104.6,7054.11,7090.76,6561.32,170857254.0,198519258.0,,,,,6594.1,6910.44,358735.0,14156514.0,13797779.0,,,,,,,,,FY2009;FY2010,2,December 2008,Southern Maryland Hospital Center,62,0.851,MEDSTAR SOUTHERN MARYLAND HOSPITAL CENTER,cms_name,high,,
SOUTHERN MARYLAND HOSPITAL CENTER,False,2009,,,,224831800.0,271393767.0,46561967.0,,188844852.0,207537056.0,,188617305.0,206819070.0,18201765.0,,7892.31,7247.4,7882.8,7222.32,179924946.0,204868146.0,,,,,7519.52,7154.2,227547.0,717986.0,490439.0,,,,,,,,,FY2009;FY2010;FY2011,3,December 2009,Southern Maryland Hospital Center,62,0.851,MEDSTAR SOUTHERN MARYLAND HOSPITAL CENTER,cms_name,high,,
SOUTHERN MARYLAND HOSPITAL CENTER,False,2010,,,3392618.0,223251200.0,272220065.0,48968865.0,,187095816.0,207372605.0,,186636112.0,206429497.0,19793385.0,121913.0,7871.25,7215.72,7851.91,7182.91,178386000.0,204101900.0,,,,,7504.82,7101.92,459704.0,943108.0,483404.0,24.75,-0.27,-0.39,-2.36,22.55,1.64,4.66,1.58,FY2010;FY2011;FY2012,3,December 2010,Southern Maryland Hospital Center,62,0.851,MEDSTAR SOUTHERN MARYLAND HOSPITAL CENTER,cms_name,high,,
SOUTHERN MARYLAND HOSPITAL CENTER,False,2011,,,5808522.0,249258400.0,284150973.0,34892573.0,,209033383.0,222964584.0,,208612308.0,222050781.0,13438473.0,27600.0,8684.94,8164.32,8667.45,8130.86,198573862.0,217183662.0,,,,,8250.37,7952.64,421075.0,913803.0,492728.0,71.21,10.34,10.39,20.09,76.75,2.6,5.0,2.59,FY2011;FY2012,2,December 2011,Southern Maryland Hospital Center,62,0.851,MEDSTAR SOUTHERN MARYLAND HOSPITAL CENTER,cms_name,high,,
SOUTHERN MARYLAND HOSPITAL CENTER,False,2012,,,-4683446.0,241038800.0,272461833.0,31423033.0,,199579263.0,213408141.0,,199310186.0,212510465.0,13200279.0,-154429.0,8436.36,8030.29,8424.99,7996.51,193980843.0,217937158.0,,,,,8199.71,8200.71,269077.0,897676.0,628599.0,-180.63,-2.86,-2.8,-46.48,-178.34,-2.2,2.81,-2.12,FY2012,1,December 2012,Southern Maryland Hospital Center,62,0.851,MEDSTAR SOUTHERN MARYLAND HOSPITAL CENTER,cms_name,high,,
ST AGNES HOSPITAL,False,2014,,,44871382.0,410191100.0,574955975.0,164764875.0,,342482376.0,416955786.0,74473409.0,336783777.0,405983504.0,69199726.0,20935447.0,,,,,289084013.0,393019853.0,,53398364.0,23935933.0,-29462430.0,,,5698599.0,10972282.0,5273683.0,,,,,,10.22,15.59,5.74,FY2016,1,June 2014,ST. AGNES HOSPITAL,11,0.975,St. Agnes,name_history,high,15.59,5.74
ST AGNES HOSPITAL,False,2015,,,18700440.0,418876800.0,591150143.0,172273343.0,,358196882.0,438321207.0,80124325.0,353198398.0,427716710.0,74518312.0,1309904.0,,,,,304505439.0,420930671.0,,53691443.0,17390536.0,-36300907.0,,,4998484.0,10604497.0,5606012.0,,,,,,4.25,14.99,3.97,FY2016;FY2017,2,June 2015,ST. AGNES HOSPITAL,11,0.975,St. Agnes,name_history,high,14.99,3.97
ST AGNES HOSPITAL,False,2016,,,3177083.0,432204400.0,611008537.0,178804137.0,,364948769.0,449426783.0,84478014.0,359834307.0,438315176.0,78480869.0,-7204699.0,,,,,312539167.0,439045002.0,,52409602.0,10381782.0,-42027820.0,,,5114462.0,11111607.0,5997146.0,,,,,,0.72,14.36,2.31,FY2016;FY2017;FY2018,3,June 2016,ST. AGNES HOSPITAL,11,0.975,St. Agnes,name_history,high,14.36,2.31
ST AGNES HOSPITAL,False,2017,,,38529217.0,431097200.0,606264353.0,175167153.0,,386715423.0,470007106.0,83291684.0,382173878.0,458940703.0,76766825.0,7476000.0,,,,,310077312.0,438953889.0,,76638111.0,31053217.0,-45584893.0,,,4541545.0,11066403.0,6524859.0,,,,,,8.07,19.82,6.61,FY2017;FY2018;FY2019,3,June 2017,ST. AGNES HOSPITAL,11,0.975,St. Agnes,name_history,high,19.82,6.61
ST AGNES HOSPITAL,False,2018,,,13293561.0,438695900.0,616914844.0,178218944.0,,379431130.0,466411369.0,86980239.0,377449830.0,457032113.0,79582283.0,-542000.0,,,,,318726099.0,452575808.0,,60705031.0,13835561.0,-46869471.0,,,1981300.0,9379255.0,7397955.0,,,,,,2.84,16.0,2.97,FY2018;FY2019;FY2020,3,June 2018,ST. AGNES HOSPITAL,11,0.975,St. Agnes,name_history,high,16.0,2.97
ST AGNES HOSPITAL,False,2019,,,4132817.0,430110500.0,611495691.0,181385191.0,,357252964.0,446923834.0,89670869.0,355477189.0,435786085.0,80308896.0,5812000.0,,,,,309352601.0,448603017.0,,47900363.0,-1679183.0,-49579546.0,,,1775776.0,11137749.0,9361973.0,,,,,,0.91,13.41,-0.38,FY2019;FY2020,2,June 2019,ST. AGNES HOSPITAL,11,0.975,St. Agnes,name_history,high,13.41,-0.38
ST AGNES HOSPITAL,False,2020,,,-4720479.0,420145400.0,584131647.0,163986247.0,,373270074.0,455912204.0,82642130.0,343989149.0,416756248.0,72767099.0,,,,,,323857482.0,460152903.0,,49412592.0,-4240699.0,-53653292.0,,,29280925.0,39155956.0,9875031.0,,,,,,-1.04,13.24,-0.93,FY2020,1,June 2020,ST. AGNES HOSPITAL,11,0.975,St. Agnes,name_history,high,13.24,-0.93
ST LUKE INSTITUTE,False,2005,,,-56451.0,,5915152.0,,75.0,,6626571.0,,,6425564.0,,83139.0,,,,,,6766161.0,,,-139590.0,,,,,201007.0,,,,,,,,,,FY2007,1,YEAR 2005,St. Luke Institute,,0.462,,UNMATCHED,none,,-2.11
ST LUKE INSTITUTE,False,2006,,,1179577.0,,6064593.0,,81.0,,5720744.0,,,5672237.0,,1776871.0,,,,,,6318038.0,,,-597294.0,,,,,48507.0,,,,,,,,,,FY2007,1,YEAR 2006,St. Luke Institute,,0.462,,UNMATCHED,none,,-10.44
ST LUKE INSTITUTE,False,2007,,,1422049.0,,6030458.0,,81.0,,5812055.0,,,5686441.0,,2172622.0,,,,,,6562628.0,,,-750573.0,,,,,125614.0,,,,,,,,,,FY2007;FY2009,2,YEAR 2007,St. Luke Institute,,0.462,,UNMATCHED,none,,-12.91
ST LUKE INSTITUTE,False,2008,,,1790751.0,,6416974.0,,80.0,,6245093.0,,,6103446.0,,2445670.0,,,,,,6900012.0,,,-654919.0,,,,,141647.0,,,,,,,,,,FY2009;FY2010,2,YEAR 2008,St. Luke Institute,,0.462,,UNMATCHED,none,,-10.49
ST LUKE INSTITUTE,False,2009,,,1790751.0,,6416974.0,,80.0,,6245093.0,,,6103446.0,,2445670.0,,,,,,6900012.0,,,-654919.0,,,,,141647.0,,,,,,,,,,FY2009;FY2010;FY2011,3,YEAR 2009,St. Luke Institute,,0.462,,UNMATCHED,none,,-10.49
ST LUKE INSTITUTE,False,2010,,,-2918723.0,,5707394.0,,70.0,,5456274.0,,,5345816.0,,-1197018.0,,,,,,7177979.0,,,-1721705.0,,,,,110458.0,,,,,,,,,,FY2010;FY2011;FY2012,3,YEAR 2010,St. Luke Institute,,0.462,,UNMATCHED,none,,-31.55
ST LUKE INSTITUTE,False,2011,,,-2728448.0,,6066087.0,,68.0,,5544377.0,,,5486648.0,,-1197018.0,,,,,,7075807.0,,,-1531430.0,,,,,57729.0,,,,,,,,,,FY2011;FY2012;FY2013,3,YEAR 2011,St. Luke Institute,,0.462,,UNMATCHED,none,,-27.62
ST LUKE INSTITUTE,False,2012,,,1998295.0,,6213526.0,,83.0,,6420951.0,,,6171824.0,,2997905.0,,,,,,7420561.0,,,-999610.0,,,,,249127.0,,,,,,,,,,FY2012;FY2013;FY2014,3,YEAR 2012,St. Luke Institute,,0.462,,UNMATCHED,none,,-15.57
ST LUKE INSTITUTE,False,2013,,,0.0,,0.0,,0.0,,0.0,,,0.0,,0.0,,,,,,0.0,,,0.0,,,,,0.0,,,,,,,,,,FY2013;FY2014,2,YEAR 2013,St. Luke Institute,,0.462,,UNMATCHED,none,,
ST LUKE INSTITUTE,False,2014,,,0.0,,0.0,,0.0,,0.0,,,0.0,,0.0,,,,,,0.0,,,0.0,,,,,0.0,,,,,,,,,,FY2014,1,YEAR 2014,St. Luke Institute,,0.462,,UNMATCHED,none,,
SUBURBAN HOSPITAL,False,2007,,,,198515100.0,221625700.0,23110600.0,,180633300.0,204844200.0,,175366300.0,193008700.0,17642400.0,,9609.69,9761.33,9329.49,9197.33,175082281.0,198087700.0,,,,,9314.38,9439.36,5267000.0,11835500.0,6568500.0,,,,,,,,,FY2009,1,June 2007,Suburban Hospital,22,1.0,SUBURBAN HOSPITAL,cms_name,high,,
SUBURBAN HOSPITAL,False,2008,,,,220977300.0,243008100.0,22030800.0,,199348300.0,223893400.0,,192441500.0,210676800.0,18235300.0,,10056.76,10271.02,9708.32,9664.72,186617041.0,209805300.0,,,,,9414.49,9624.74,6906800.0,13216600.0,6309800.0,,,,,,,,,FY2009;FY2010,2,June 2008,Suburban Hospital,22,1.0,SUBURBAN HOSPITAL,cms_name,high,,
SUBURBAN HOSPITAL,False,2009,,,,228243300.0,252973700.0,24730400.0,,204241200.0,228851100.0,,199185500.0,216444600.0,17259100.0,,10248.67,10361.03,9994.98,9799.33,195403393.0,221079100.0,,,,,9805.19,10009.16,5055700.0,12406500.0,7350800.0,,,,,,,,,FY2009;FY2010;FY2011,3,June 2009,Suburban Hospital,22,1.0,SUBURBAN HOSPITAL,cms_name,high,,
SUBURBAN HOSPITAL,False,2010,,,8908982.0,234114100.0,255632872.0,21518772.0,,208053811.0,231147640.0,,201587614.0,217593940.0,16006327.0,-211160.0,10778.99,10967.38,10443.99,10324.29,198393041.0,222027498.0,,,,,10278.48,10534.65,6466197.0,13553700.0,7087503.0,110.08,5.17,4.49,9.31,17.35,3.86,4.64,3.95,FY2010;FY2011;FY2012,3,June 2010,Suburban Hospital,22,1.0,SUBURBAN HOSPITAL,cms_name,high,,
SUBURBAN HOSPITAL,False,2011,,,21629544.0,253166900.0,270496454.0,17329554.0,,222576022.0,246001378.0,,217988385.0,232253327.0,14264942.0,5903537.0,10848.81,11222.42,10625.2,10595.24,208508731.0,230275371.0,,,,,10163.14,10505.01,4587637.0,13748051.0,9160414.0,142.78,0.65,1.74,45.61,72.43,8.59,6.32,6.39,FY2011;FY2012;FY2013,3,June 2011,Suburban Hospital,22,1.0,SUBURBAN HOSPITAL,cms_name,high,,
SUBURBAN HOSPITAL,False,2012,,,11442898.0,272892400.0,283241592.0,10349192.0,,234064038.0,253195980.0,19131942.0,229323220.0,236686293.0,7363073.0,-2603825.0,11160.23,11631.34,10934.19,10872.92,216882253.0,239149257.0,,17181785.0,14046723.0,-3135062.0,10341.0,10986.06,4740818.0,16509687.0,11768869.0,-47.1,2.87,2.91,22.14,-10.68,4.57,7.34,5.55,FY2012;FY2013;FY2014,3,June 2012,Suburban Hospital,22,1.0,SUBURBAN HOSPITAL,cms_name,high,7.34,5.55
SUBURBAN HOSPITAL,False,2013,,,38134858.0,280578500.0,290725616.0,10147116.0,,239366740.0,284854016.0,45487276.0,232362800.0,235455816.0,3093016.0,4362488.0,11769.8,13849.24,11425.41,11447.56,218871188.0,251081646.0,,20495552.0,33772370.0,13276817.0,10762.02,12207.27,7003940.0,49398200.0,42394260.0,,,,,,13.19,8.56,11.86,FY2013;FY2014;FY2015,3,June 2013,Suburban Hospital,22,1.0,SUBURBAN HOSPITAL,cms_name,high,8.56,11.86
SUBURBAN HOSPITAL,False,2014,,,16401687.0,289286600.0,298919410.0,9632810.0,,242369074.0,264642548.0,22273474.0,239648239.0,243272753.0,3624514.0,13775934.0,,,,,225204531.0,262016800.0,,17164544.0,2625753.0,-14538791.0,,,2720835.0,21369795.0,18648960.0,,,,,,5.87,7.08,0.99,FY2014;FY2015;FY2016,3,June 2014,SUBURBAN HOSPITAL;Suburban Hospital,22,1.0,SUBURBAN HOSPITAL,cms_name,high,7.08,0.99
SUBURBAN HOSPITAL,False,2015,,,9813980.0,295844600.0,298270700.0,2426100.0,,262846755.0,275104980.0,12258225.0,248692415.0,250847980.0,2155565.0,-2411000.0,,,,,226375634.0,262880000.0,,36471122.0,12224980.0,-24246141.0,,,14154340.0,24257000.0,10102660.0,,,,,,3.56,13.88,4.44,FY2015;FY2016;FY2017,3,June 2015,SUBURBAN HOSPITAL;Suburban Hospital,22,1.0,SUBURBAN HOSPITAL,cms_name,high,13.88,4.44
SUBURBAN HOSPITAL,False,2016,,,10231562.0,301899200.0,304167718.0,2268518.0,,263371152.0,287387992.0,24016840.0,260794287.0,263034992.0,2240705.0,-6697000.0,,,,,236670658.0,270459430.0,,26700494.0,16928562.0,-9771932.0,,,2576865.0,24353000.0,21776135.0,,,,,,3.55,10.14,5.89,FY2016;FY2017;FY2018,3,June 2016,SUBURBAN HOSPITAL,22,1.0,SUBURBAN HOSPITAL,cms_name,high,10.14,5.89
SUBURBAN HOSPITAL,False,2017,,,35570001.0,310897100.0,313271786.0,2374686.0,,273220227.0,294960001.0,21739774.0,265507832.0,267818001.0,2310170.0,23957000.0,,,,,250216327.0,283347000.0,,23003900.0,11613001.0,-11390898.0,,,7712395.0,27142000.0,19429605.0,,,,,,11.15,8.42,3.94,FY2017;FY2018;FY2019,3,June 2017,SUBURBAN HOSPITAL,22,1.0,SUBURBAN HOSPITAL,cms_name,high,8.42,3.94
SUBURBAN HOSPITAL,False,2018,,,29230041.0,329368123.0,331146751.0,1778628.0,,282592080.0,303712800.0,21120720.0,279840920.0,281560800.0,1719879.0,20828000.0,,,,,261990876.0,295310758.0,,20601204.0,8402041.0,-12199162.0,,,2751160.0,22152000.0,19400840.0,,,,,,9.01,7.29,2.77,FY2018;FY2019;FY2020,3,June 2018,SUBURBAN HOSPITAL,22,1.0,SUBURBAN HOSPITAL,cms_name,high,7.29,2.77
SUBURBAN HOSPITAL,False,2019,,,19984044.0,336635122.0,338130019.0,1494898.0,,291014299.0,310687014.0,19672715.0,288495017.0,289980014.0,1484998.0,9818000.0,,,,,263381101.0,300520970.0,,27633199.0,10166044.0,-17467155.0,,,2519283.0,20707000.0,18187717.0,,,,,,5.97,9.5,3.27,FY2019;FY2020;FY2021,3,June 2019,SUBURBAN HOSPITAL,22,1.0,SUBURBAN HOSPITAL,cms_name,high,9.5,3.27
SUBURBAN HOSPITAL,False,2020,,,4913027.0,323439291.0,324426317.0,987026.0,,279811924.0,315177027.0,35365102.0,274215001.0,275202027.0,987026.0,608000.0,,,,,270319563.0,310872000.0,40552437.0,9492361.0,4305027.0,-5187334.0,,,5596924.0,39975000.0,34378076.0,,,,,,1.54,3.39,1.37,FY2020;FY2021;FY2022,3,June 2020,SUBURBAN HOSPITAL,22,1.0,SUBURBAN HOSPITAL,cms_name,high,3.39,1.37
SUBURBAN HOSPITAL,False,2021,,,76479719.0,370254626.0,371075815.0,821189.0,,321331699.0,351854895.0,30523196.0,318252329.0,319073518.0,821189.0,60489545.0,,,,,297164021.0,335864721.0,38700700.0,24167678.0,15990174.0,-8177504.0,,,3079371.0,32781377.0,29702007.0,,,,,,18.55,7.52,4.54,FY2021;FY2022;FY2023,3,June 2021,SUBURBAN HOSPITAL,22,1.0,SUBURBAN HOSPITAL,cms_name,high,7.52,4.54
SUBURBAN HOSPITAL,False,2022,,,-42052756.0,392501910.0,393220919.0,719009.0,,340441900.0,357572857.0,17130957.0,337029398.0,337748407.0,719009.0,-42082464.0,,,,,316142049.0,357543149.0,41401100.0,24299851.0,29708.0,-24270143.0,,,3412502.0,19824450.0,16411948.0,,,,,,-11.64,7.14,0.01,FY2022;FY2023,2,June 2022,SUBURBAN HOSPITAL,22,1.0,SUBURBAN HOSPITAL,cms_name,high,7.14,0.01
SUBURBAN HOSPITAL,False,2023,,,16165765.0,404912474.0,405577225.0,664751.0,,346569765.0,362171271.0,15601506.0,339589552.0,340254303.0,664751.0,30181978.0,,,,,332427884.0,376187484.0,43759600.0,14141881.0,-14016213.0,-28158094.0,,,6980212.0,21916968.0,14936755.0,,,,,,4.12,4.08,-3.87,FY2023,1,June 2023,SUBURBAN HOSPITAL,22,1.0,SUBURBAN HOSPITAL,cms_name,high,4.08,-3.87
TIDALHEALTH MCCREADY PAVILION,False,2018,,,-690028.0,17147300.0,20177078.0,3029778.0,,14096434.0,16202219.0,2105785.0,13913545.0,16011756.0,2098212.0,63615.0,,,,,15791553.0,16955862.0,,-1695120.0,-753643.0,941477.0,,,182889.0,190463.0,7574.0,,,,,,-4.24,,-4.65,FY2020,1,June 2018,TIDALHEALTH MCCREADY PAVILION,45,0.651,Tidal- McCready,hscrc_name,medium,-12.03,-4.65
TIDALHEALTH MCCREADY PAVILION,False,2019,,,-389580.0,0.0,0.0,0.0,,0.0,0.0,0.0,0.0,0.0,0.0,282538.0,,,,,0.0,0.0,,0.0,0.0,0.0,,,0.0,0.0,0.0,,,,,,-2.43,,-4.27,FY2020;FY2021,2,June 2019,TIDALHEALTH MCCREADY PAVILION,45,0.651,Tidal- McCready,hscrc_name,medium,,
TIDALHEALTH MCCREADY PAVILION,False,2021,,,-4591301.0,5296499.0,5559399.0,262900.0,,4415599.0,4560899.0,145300.0,4415599.0,4560899.0,145300.0,0.0,,,,,6906000.0,9152200.0,2246200.0,-2490401.0,-4591301.0,-2100900.0,,,0.0,0.0,0.0,,,,,,-100.67,-56.4,-100.67,FY2021;FY2022;FY2023,3,June 2021,TIDALHEALTH MCCREADY PAVILION,45,0.651,Tidal- McCready,hscrc_name,medium,-56.4,-100.67
TIDALHEALTH MCCREADY PAVILION,False,2022,,,-3968125.0,5787875.0,5787875.0,0.0,,4781775.0,4781775.0,0.0,4781775.0,4781775.0,0.0,0.0,,,,,7076800.0,8749900.0,1673100.0,-2295025.0,-3968125.0,-1673100.0,,,0.0,0.0,0.0,,,,,,-82.98,-48.0,-82.98,FY2022;FY2023;FY2024,3,June 2022,TIDALHEALTH MCCREADY PAVILION,45,0.651,Tidal- McCready,hscrc_name,medium,-48.0,-82.98
TIDALHEALTH MCCREADY PAVILION,False,2023,,,-4127528.0,5920672.0,5920672.0,0.0,,4916572.0,4916572.0,0.0,4916572.0,4916572.0,0.0,0.0,,,,,7007600.0,9044100.0,2036500.0,-2091028.0,-4127528.0,-2036500.0,,,0.0,0.0,0.0,,,,,,-83.95,-42.53,-83.95,FY2023;FY2024,2,June 2023,TIDALHEALTH MCCREADY PAVILION,45,0.651,Tidal- McCready,hscrc_name,medium,-42.53,-83.95
TIDALHEALTH MCCREADY PAVILION,False,2024,,,-2998101.0,6300799.0,6300799.0,0.0,,4266099.0,4266099.0,0.0,4266099.0,4266099.0,0.0,0.0,,,,,5708600.0,7264200.0,1555600.0,-1442501.0,-2998101.0,-1555600.0,,,0.0,0.0,0.0,,,,,,-70.28,-33.81,-70.28,FY2024,1,June 2024,TIDALHEALTH MCCREADY PAVILION,45,0.651,Tidal- McCready,hscrc_name,medium,-33.81,-70.28
TIDALHEALTH PENINSULA REGIONAL,False,2018,,,45104018.0,450336518.0,542330918.0,91994400.0,,383444118.0,434259018.0,50814900.0,382238418.0,425253618.0,43015200.0,38206600.0,,,,,336127347.0,427361600.0,,47316771.0,6897418.0,-40419353.0,,,1205700.0,9005400.0,7799700.0,,,,,,9.55,12.34,1.59,FY2020,1,June 2018,"TIDALHEALTH PENINSULA REGIONAL, INC.",19,0.975,"TIDALHEALTH PENINSULA REGIONAL, INC",cms_name,high,12.34,1.59
TIDALHEALTH PENINSULA REGIONAL,False,2019,,,41956953.0,455207753.0,569074853.0,113867100.0,,389767653.0,455995953.0,66228300.0,387514253.0,443849753.0,56335500.0,37215000.0,,,,,335947283.0,451254000.0,,53820370.0,4741953.0,-49078417.0,,,2253400.0,12146200.0,9892800.0,,,,,,8.51,13.81,1.04,FY2020;FY2021,2,June 2019,"TIDALHEALTH PENINSULA REGIONAL, INC.",19,0.975,"TIDALHEALTH PENINSULA REGIONAL, INC",cms_name,high,13.81,1.04
TIDALHEALTH PENINSULA REGIONAL,False,2020,,,29359646.0,460021446.0,597577246.0,137555800.0,,402106146.0,482400646.0,80294500.0,383508046.0,452758646.0,69250600.0,35777000.0,,,,,355824715.0,488818000.0,132993285.0,46281431.0,-6417354.0,-52698785.0,,,18598100.0,29642000.0,11043900.0,,,,,,5.67,11.51,-1.33,FY2020;FY2021;FY2022,3,June 2020,"TIDALHEALTH PENINSULA REGIONAL, INC.",19,0.975,"TIDALHEALTH PENINSULA REGIONAL, INC",cms_name,high,11.51,-1.33
TIDALHEALTH PENINSULA REGIONAL,False,2021,,,154130228.0,508153000.0,549858300.0,41705300.0,,452334028.0,487665228.0,35331200.0,432966328.0,456345328.0,23379000.0,90351000.0,,,,,363703291.0,423886000.0,60182709.0,88630737.0,63779228.0,-24851509.0,,,19367700.0,31319900.0,11952200.0,,,,,,26.5,19.59,13.08,FY2021;FY2022;FY2023,3,June 2021,"TIDALHEALTH PENINSULA REGIONAL, INC.",19,0.975,"TIDALHEALTH PENINSULA REGIONAL, INC",cms_name,high,19.59,13.08
TIDALHEALTH PENINSULA REGIONAL,False,2022,,,-38632257.0,519263843.0,538143243.0,18879400.0,,446660943.0,473037743.0,26376800.0,442248543.0,456332743.0,14084200.0,-66174000.0,,,,,404379923.0,445496000.0,41116077.0,42281020.0,27541743.0,-14739277.0,,,4412400.0,16705000.0,12292600.0,,,,,,-9.5,9.47,5.82,FY2022;FY2023;FY2024,3,June 2022,"TIDALHEALTH PENINSULA REGIONAL, INC.;TidalHealth Peninsula Regional",19,0.975,"TIDALHEALTH PENINSULA REGIONAL, INC",cms_name,high,9.47,5.82
TIDALHEALTH PENINSULA REGIONAL,False,2023,,,49930012.0,547529412.0,566007512.0,18478100.0,,468813912.0,495444012.0,26630100.0,462958612.0,475899512.0,12940900.0,34897000.0,,,,,412864166.0,480411000.0,67546834.0,55949746.0,15033012.0,-40916734.0,,,5855300.0,19544500.0,13689200.0,,,,,,9.41,11.93,3.03,FY2023;FY2024,2,June 2023,"TIDALHEALTH PENINSULA REGIONAL, INC.;TidalHealth Peninsula Regional",19,0.975,"TIDALHEALTH PENINSULA REGIONAL, INC",cms_name,high,11.93,3.03
TIDALHEALTH PENINSULA REGIONAL,False,2024,,,94803030.0,604393730.0,625015530.0,20621800.0,,492317530.0,526674030.0,34356500.0,486449430.0,501049530.0,14600100.0,45620000.0,,,,,401716087.0,477491000.0,75774913.0,90601443.0,49183030.0,-41418413.0,,,5868100.0,25624500.0,19756400.0,,,,,,16.57,18.4,9.34,FY2024,1,June 2024,TidalHealth Peninsula Regional,19,0.975,"TIDALHEALTH PENINSULA REGIONAL, INC",cms_name,high,18.4,9.34
UM BALTIMORE WASHINGTON,False,2011,,,,353767500.0,362924667.0,9157167.0,,297316277.0,308060634.0,,295750514.0,304907681.0,9157167.0,,10001.71,10101.67,9949.04,9998.28,281461913.0,293156534.0,,,,,9468.37,9612.95,1565762.0,3152953.0,1587190.0,,,,,,,,,FY2013,1,June 2011,UM Baltimore Washington,43,0.71,UNIVERSITY OF MD BALTIMORE WASHINGTON MEDICAL CENTER,cms_name,medium,,
UM BALTIMORE WASHINGTON,False,2012,,,11252222.0,381065300.0,392143253.0,11077953.0,,315395249.0,328031225.0,12635976.0,312825359.0,323903313.0,11077953.0,-3288000.0,10325.25,10435.55,10241.12,10304.23,301328290.0,313491003.0,,14066959.0,14540222.0,473264.0,9864.73,9972.98,2569890.0,4127912.0,1558022.0,,,,,,,,,FY2013;FY2014,2,June 2012,UM Baltimore Washington,43,0.71,UNIVERSITY OF MD BALTIMORE WASHINGTON MEDICAL CENTER,cms_name,medium,4.46,4.43
UM BALTIMORE WASHINGTON,False,2013,,,-4380643.0,376812800.0,387757261.0,10944461.0,,309974788.0,322589317.0,12614529.0,308070323.0,319014784.0,10944461.0,24629.0,9501.09,9608.65,9442.71,9502.18,307055161.0,326994589.0,,2919627.0,-4405272.0,-7324899.0,9411.6,9739.87,1904465.0,3574533.0,1670068.0,,,,,,-1.34,0.94,-1.37,FY2013;FY2014;FY2015,3,June 2013,UM Baltimore Washington,43,0.71,UNIVERSITY OF MD BALTIMORE WASHINGTON MEDICAL CENTER,cms_name,medium,0.94,-1.37
UM BALTIMORE WASHINGTON,False,2014,,,19474047.0,393181900.0,422145124.0,28963224.0,,322338160.0,335400495.0,13062335.0,320033920.0,331401319.0,11367399.0,3103363.0,,,,,296252216.0,319029811.0,,26085945.0,16370685.0,-9715260.0,,,2304240.0,3999176.0,1694936.0,,,,,,5.7,8.09,4.88,FY2014;FY2015,2,June 2014,UM Baltimore Washington,43,0.71,UNIVERSITY OF MD BALTIMORE WASHINGTON MEDICAL CENTER,cms_name,medium,8.09,4.88
UM BALTIMORE WASHINGTON,False,2015,,,26587436.0,402010800.0,434859800.0,32849000.0,,342072687.0,358380436.0,16307749.0,340775694.0,355431436.0,14655742.0,-3607000.0,,,,,303700098.0,328186000.0,,38372589.0,30194436.0,-8178153.0,,,1296993.0,2949000.0,1652007.0,,,,,,7.42,11.22,8.43,FY2015,1,June 2015,UM Baltimore Washington,43,0.71,UNIVERSITY OF MD BALTIMORE WASHINGTON MEDICAL CENTER,cms_name,medium,11.22,8.43
UM BALTIMORE WASHINGTON MEDICAL CENTER,False,2014,,,19474047.0,393181900.0,422145124.0,28963224.0,,322338160.0,335400495.0,13062335.0,320033920.0,331401319.0,11367399.0,3103363.0,,,,,296252216.0,319029811.0,,26085945.0,16370685.0,-9715260.0,,,2304240.0,3999176.0,1694936.0,,,,,,5.7,8.09,4.88,FY2016,1,June 2014,UM-BALTIMORE WASHINGTON MEDICAL CENTER,43,0.826,UNIVERSITY OF MD BALTIMORE WASHINGTON MEDICAL CENTER,cms_name,medium,8.09,4.88
UM BALTIMORE WASHINGTON MEDICAL CENTER,False,2015,,,26587436.0,402010800.0,434859800.0,32849000.0,,342072687.0,358380436.0,16307749.0,340775694.0,355431436.0,14655742.0,-3607000.0,,,,,303700098.0,328186000.0,,38372589.0,30194436.0,-8178153.0,,,1296993.0,2949000.0,1652007.0,,,,,,7.42,11.22,8.43,FY2016;FY2017,2,June 2015,UM-BALTIMORE WASHINGTON MEDICAL CENTER,43,0.826,UNIVERSITY OF MD BALTIMORE WASHINGTON MEDICAL CENTER,cms_name,medium,11.22,8.43
UM BALTIMORE WASHINGTON MEDICAL CENTER,False,2016,,,24916967.0,413064200.0,417391200.0,4327000.0,,357690361.0,361230967.0,3540607.0,355972969.0,357634967.0,1661998.0,-5491000.0,,,,,322713452.0,330823000.0,,34976908.0,30407967.0,-4568941.0,,,1717392.0,3596000.0,1878608.0,,,,,,6.9,9.78,8.42,FY2016;FY2017;FY2018,3,June 2016,UM-BALTIMORE WASHINGTON MEDICAL CENTER,43,0.826,UNIVERSITY OF MD BALTIMORE WASHINGTON MEDICAL CENTER,cms_name,medium,9.78,8.42
UM BALTIMORE WASHINGTON MEDICAL CENTER,False,2017,,,44328000.0,416534000.0,421565000.0,5031000.0,,362958635.0,366867000.0,3908365.0,361101590.0,363186000.0,2084410.0,11671000.0,,,,,326029856.0,334210000.0,,36928779.0,32657000.0,-4271779.0,,,1857045.0,3681000.0,1823955.0,,,,,,12.08,10.17,8.9,FY2017;FY2018;FY2019,3,June 2017,UM-BALTIMORE WASHINGTON MEDICAL CENTER,43,0.826,UNIVERSITY OF MD BALTIMORE WASHINGTON MEDICAL CENTER,cms_name,medium,10.17,8.9
UM BALTIMORE WASHINGTON MEDICAL CENTER,False,2018,,,32049000.0,428075148.0,433025148.0,4950000.0,,367183941.0,372970000.0,5786059.0,364177501.0,367990000.0,3812499.0,4076000.0,,,,,336518698.0,344997000.0,,30665244.0,27973000.0,-2692244.0,,,3006441.0,4980000.0,1973559.0,,,,,,8.39,8.35,7.5,FY2018;FY2019;FY2020,3,June 2018,UM-BALTIMORE WASHINGTON MEDICAL CENTER,43,0.826,UNIVERSITY OF MD BALTIMORE WASHINGTON MEDICAL CENTER,cms_name,medium,8.35,7.5
UM BALTIMORE WASHINGTON MEDICAL CENTER,False,2019,,,13393000.0,448592881.0,457543881.0,8951000.0,,389193901.0,393659000.0,4465099.0,386589449.0,389018000.0,2428551.0,4478000.0,,,,,354689897.0,384744000.0,,34504004.0,8915000.0,-25589004.0,,,2604452.0,4641000.0,2036548.0,,,,,,3.34,8.87,2.26,FY2019;FY2020;FY2021,3,June 2019,UM-BALTIMORE WASHINGTON MEDICAL CENTER,43,0.826,UNIVERSITY OF MD BALTIMORE WASHINGTON MEDICAL CENTER,cms_name,medium,8.87,2.26
UM BALTIMORE WASHINGTON MEDICAL CENTER,False,2020,,,9489047.0,438784135.0,447875182.0,9091047.0,,401361078.0,408524047.0,7162969.0,375323247.0,378467047.0,3143800.0,-515000.0,,,,,356523644.0,398520000.0,41996356.0,44837434.0,10004047.0,-34833387.0,,,26037831.0,30057000.0,4019169.0,,,,,,2.31,11.17,2.45,FY2020;FY2021;FY2022,3,June 2020,UM-BALTIMORE WASHINGTON MEDICAL CENTER,43,0.826,UNIVERSITY OF MD BALTIMORE WASHINGTON MEDICAL CENTER,cms_name,medium,11.17,2.45
UM BALTIMORE WASHINGTON MEDICAL CENTER,False,2021,,,40185000.0,475475060.0,484305060.0,8830000.0,,438598368.0,444095000.0,5496632.0,414315577.0,417384000.0,3068423.0,30198000.0,,,,,392614049.0,434108000.0,41493951.0,45984319.0,9987000.0,-35997319.0,,,24282791.0,26711000.0,2428209.0,,,,,,8.4,10.48,2.25,FY2021;FY2022;FY2023,3,June 2021,UM-BALTIMORE WASHINGTON MEDICAL CENTER,43,0.826,UNIVERSITY OF MD BALTIMORE WASHINGTON MEDICAL CENTER,cms_name,medium,10.48,2.25
UM BALTIMORE WASHINGTON MEDICAL CENTER,False,2022,,,-15214000.0,514054373.0,523581373.0,9527000.0,,448519984.0,451914000.0,3394016.0,443233728.0,446536000.0,3302272.0,-21947000.0,,,,,405603829.0,445181000.0,39577171.0,42916155.0,6733000.0,-36183155.0,,,5286256.0,5378000.0,91744.0,,,,,,-3.18,9.57,1.49,FY2022;FY2023;FY2024,3,June 2022,UM Baltimore Washington Medical Center;UM-BALTIMORE WASHINGTON MEDICAL CENTER,43,0.826,UNIVERSITY OF MD BALTIMORE WASHINGTON MEDICAL CENTER,cms_name,medium,9.57,1.49
UM BALTIMORE WASHINGTON MEDICAL CENTER,False,2023,,,-17179000.0,511681319.0,520951319.0,9270000.0,,441052967.0,443954000.0,2901033.0,437420018.0,440247000.0,2826982.0,12913000.0,,,,,423626419.0,474046000.0,50419581.0,17426547.0,-30092000.0,-47518547.0,,,3632948.0,3707000.0,74052.0,,,,,,-3.73,3.95,-6.78,FY2023;FY2024,2,June 2023,UM Baltimore Washington Medical Center;UM-BALTIMORE WASHINGTON MEDICAL CENTER,43,0.826,UNIVERSITY OF MD BALTIMORE WASHINGTON MEDICAL CENTER,cms_name,medium,3.95,-6.78
UM BALTIMORE WASHINGTON MEDICAL CENTER,False,2024,,,14705000.0,535602424.0,545315424.0,9713000.0,,463729262.0,466767000.0,3037738.0,460416164.0,463393000.0,2976836.0,22458000.0,,,,,416256925.0,474520000.0,58263075.0,47472336.0,-7753000.0,-55225336.0,,,3313097.0,3374000.0,60903.0,,,,,,2.99,10.24,-1.66,FY2024,1,June 2024,UM Baltimore Washington Medical Center,43,0.826,UNIVERSITY OF MD BALTIMORE WASHINGTON MEDICAL CENTER,cms_name,medium,10.24,-1.66
UM BOWIE HEALTH CENTER,False,2015,,,1634401.0,20111300.0,30253611.0,10142311.0,,14678760.0,18902116.0,4223356.0,14488830.0,18712186.0,4223356.0,0.0,,,,,12222939.0,17267715.0,,2455821.0,1634401.0,-821420.0,,,189930.0,189930.0,0.0,,,,,,8.65,16.73,8.65,FY2017,1,June 2015,UM-BOWIE HEALTH CENTER,333,0.724,UM-Bowie ED,name_history,medium,16.73,8.65
UM BOWIE HEALTH CENTER,False,2016,,,1340930.0,20228300.0,30129646.0,9901346.0,,14161685.0,19905369.0,5743684.0,13863985.0,18149975.0,4285990.0,0.0,,,,,12614803.0,18564439.0,,1546882.0,1340930.0,-205952.0,,,297700.0,1755394.0,1457694.0,,,,,,6.74,10.92,6.74,FY2017;FY2018,2,June 2016,UM-BOWIE HEALTH CENTER,333,0.724,UM-Bowie ED,name_history,medium,10.92,6.74
UM BOWIE HEALTH CENTER,False,2017,,,-1656538.0,19933600.0,30683322.0,10749722.0,,13275580.0,18112884.0,4837304.0,13273305.0,17939761.0,4666456.0,13551.0,,,,,14818750.0,19782973.0,,-1543170.0,-1670089.0,-126919.0,,,2275.0,173123.0,170848.0,,,,,,-9.14,-11.62,-9.22,FY2017;FY2018;FY2019,3,June 2017,UM-BOWIE HEALTH CENTER,333,0.724,UM-Bowie ED,name_history,medium,-11.62,-9.22
UM BOWIE HEALTH CENTER,False,2018,,,-519269.0,20771309.0,30300732.0,9529424.0,,15520908.0,20651726.0,5130818.0,15464056.0,19416731.0,3952676.0,104000.0,,,,,15944244.0,21274995.0,,-423336.0,-623269.0,-199933.0,,,56852.0,1234995.0,1178143.0,,,,,,-2.5,-2.73,-3.02,FY2018;FY2019;FY2020,3,June 2018,UM-BOWIE HEALTH CENTER,333,0.724,UM-Bowie ED,name_history,medium,-2.73,-3.02
UM BOWIE HEALTH CENTER,False,2019,,,,21263153.0,29267225.0,8004072.0,,15979739.0,19576752.0,3597013.0,15979739.0,19544752.0,3565013.0,-12000.0,,,,,16646719.0,21762000.0,,-666980.0,-2185248.0,-1518268.0,,,0.0,32000.0,32000.0,,,,,,-11.23,-4.17,-11.16,FY2019;FY2020;FY2021,3,June 2019,UM-BOWIE HEALTH CENTER,333,0.724,UM-Bowie ED,name_history,medium,-4.17,-11.16
UM BOWIE HEALTH CENTER,False,2020,,,,19451935.0,19451935.0,0.0,,13903920.0,13903920.0,0.0,13903920.0,13903920.0,0.0,67000.0,,,,,15970300.0,16296000.0,325700.0,-2066380.0,-2392080.0,-325700.0,,,0.0,0.0,0.0,,,,,,-16.64,-14.86,-17.2,FY2020;FY2021;FY2022,3,June 2020,UM-BOWIE HEALTH CENTER,333,0.724,UM-Bowie ED,name_history,medium,-14.86,-17.2
UM BOWIE HEALTH CENTER,False,2021,,,-4731375.0,18240271.0,23070271.0,4830000.0,,13099000.0,15320000.0,2221000.0,13099000.0,15320000.0,2221000.0,-41000.0,,,,,14104374.0,20010374.0,5906000.0,-1005375.0,-4690375.0,-3685000.0,,,0.0,0.0,0.0,,,,,,-30.88,-7.68,-30.62,FY2021;FY2022;FY2023,3,June 2021,UM-BOWIE HEALTH CENTER,333,0.724,UM-Bowie ED,name_history,medium,-7.68,-30.62
UM BOWIE HEALTH CENTER,False,2022,,,-4926388.0,18495626.0,21592626.0,3097000.0,,12894997.0,14168997.0,1274000.0,12866997.0,14140997.0,1274000.0,145000.0,,,,,14602485.0,19240385.0,4637900.0,-1707488.0,-5071388.0,-3363900.0,,,28000.0,28000.0,0.0,,,,,,-34.77,-13.24,-35.79,FY2022;FY2023;FY2024,3,June 2022,UM Bowie Health Center;UM-BOWIE HEALTH CENTER,333,0.724,UM-Bowie ED,name_history,medium,-13.24,-35.79
UM BOWIE HEALTH CENTER,False,2023,,,1002495.0,21233764.0,21235764.0,2000.0,,16923000.0,16925000.0,2000.0,16923000.0,16925000.0,2000.0,-21000.0,,,,,13397505.0,15901505.0,2504000.0,3525495.0,1023495.0,-2502000.0,,,0.0,0.0,0.0,,,,,,5.92,20.83,6.05,FY2023;FY2024,2,June 2023,UM Bowie Health Center;UM-BOWIE HEALTH CENTER,333,0.724,UM-Bowie ED,name_history,medium,20.83,6.05
UM BOWIE HEALTH CENTER,False,2024,,,2395000.0,24028994.0,24029994.0,1000.0,,19467000.0,19468000.0,1000.0,19467000.0,19468000.0,1000.0,-404000.0,,,,,16058900.0,16669000.0,610100.0,3408100.0,2799000.0,-609100.0,,,0.0,0.0,0.0,,,,,,12.56,17.51,14.38,FY2024,1,June 2024,UM Bowie Health Center,333,0.724,UM-Bowie ED,name_history,medium,17.51,14.38
UM CAPITAL REGION MEDICAL CENTER,False,2019,,,,327529548.0,327997639.0,468091.0,,306972652.0,308970398.0,1997746.0,273336306.0,273804398.0,468091.0,,,,,,260939657.0,310215309.0,,46032995.0,-1244911.0,-47277906.0,,,33636346.0,35166000.0,1529654.0,,,,,,,,,FY2021,1,June 2019,UM CAPITAL REGION MEDICAL CENTER,3,1.0,UM-Capital Region Medical Center,name_history,high,15.0,-0.4
UM CAPITAL REGION MEDICAL CENTER,False,2020,,,,339579422.0,340196946.0,617524.0,,324257617.0,326255347.0,1997730.0,285779824.0,286263347.0,483523.0,,,,,,267430866.0,322177000.0,54746134.0,56826751.0,4078347.0,-52748404.0,,,38477794.0,39992000.0,1514206.0,,,,,,,,,FY2021;FY2022,2,June 2020,UM CAPITAL REGION MEDICAL CENTER,3,1.0,UM-Capital Region Medical Center,name_history,high,17.53,1.25
UM CAPITAL REGION MEDICAL CENTER,False,2021,,,-13205788.0,349896130.0,350640239.0,744110.0,,333308056.0,335455981.0,2147925.0,269214902.0,269752981.0,538079.0,-615000.0,,,,,293646698.0,348046769.0,54400071.0,39661358.0,-12590788.0,-52252146.0,,,64093153.0,65703000.0,1609847.0,,,,,,-3.94,11.9,-3.75,FY2021;FY2022;FY2023,3,June 2021,UM CAPITAL REGION MEDICAL CENTER,3,1.0,UM-Capital Region Medical Center,name_history,high,11.9,-3.75
UM CAPITAL REGION MEDICAL CENTER,False,2022,,,-40526509.0,386755056.0,387349056.0,594000.0,,324936171.0,326372077.0,1435905.0,305326990.0,305800077.0,473086.0,-1341000.0,,,,,310678725.0,365557586.0,54878861.0,14257446.0,-39185509.0,-53442955.0,,,19609181.0,20572000.0,962819.0,,,,,,-12.43,4.39,-12.01,FY2022;FY2023;FY2024,3,June 2022,UM CAPITAL REGION MEDICAL CENTER,3,1.0,UM-Capital Region Medical Center,name_history,high,4.39,-12.01
UM CAPITAL REGION MEDICAL CENTER,False,2023,,,-17178598.0,400129173.0,400653173.0,524000.0,,359473563.0,361324971.0,1851408.0,338915411.0,339334971.0,419561.0,1353000.0,,,,,332697620.0,379856569.0,47158949.0,26775943.0,-18531598.0,-45307541.0,,,20558153.0,21990000.0,1431847.0,,,,,,-4.72,7.45,-5.13,FY2023;FY2024,2,June 2023,UM CAPITAL REGION MEDICAL CENTER,3,1.0,UM-Capital Region Medical Center,name_history,high,7.45,-5.13
UM CAPITAL REGION MEDICAL CENTER,False,2024,,,-30612000.0,423296579.0,425081590.0,1785010.0,,374707978.0,376831000.0,2123022.0,368692721.0,369690000.0,997279.0,-9077000.0,,,,,352147075.0,398366000.0,46218925.0,22560904.0,-21535000.0,-44095904.0,,,6015257.0,7141000.0,1125743.0,,,,,,-8.32,6.02,-5.71,FY2024,1,June 2024,UM CAPITAL REGION MEDICAL CENTER,3,1.0,UM-Capital Region Medical Center,name_history,high,6.02,-5.71
UM CHARLES REGIONAL MEDICAL CENTER,False,2011,,,,115504200.0,116264200.0,760000.0,,95738125.0,96509983.0,,95590668.0,95875468.0,284800.0,,7586.68,7611.56,7574.99,7561.51,92856943.0,93575970.0,,,,,7358.36,7380.16,147457.0,634515.0,487058.0,,,,,,,,,FY2013,1,June 2011,UM Charles Regional Medical Center,35,0.975,UM-Charles Regional,name_history,high,,
UM CHARLES REGIONAL MEDICAL CENTER,False,2012,,,-656038.0,126393900.0,126819047.0,425147.0,,103547973.0,104237981.0,690007.0,103830122.0,104045927.0,215805.0,-8884000.0,8346.45,8373.9,8369.2,8358.48,94890378.0,96010018.0,,8657595.0,8227962.0,-429633.0,7648.61,7712.92,-282149.0,192054.0,474202.0,,,,,,,,,FY2013;FY2014,2,June 2012,UM Charles Regional Medical Center,35,0.975,UM-Charles Regional,name_history,high,8.36,7.89
UM CHARLES REGIONAL MEDICAL CENTER,False,2013,,,4734172.0,137003900.0,138003243.0,999343.0,,112589742.0,113915709.0,1325966.0,112746501.0,113589247.0,842746.0,-5266000.0,7893.33,7928.46,7904.32,7905.74,100889258.0,103915537.0,,11700484.0,10000172.0,-1700312.0,7073.05,7232.45,-156758.0,326462.0,483220.0,,,,,,4.36,10.39,8.78,FY2013;FY2014;FY2015,3,June 2013,UM Charles Regional Medical Center,35,0.975,UM-Charles Regional,name_history,high,10.39,8.78
UM CHARLES REGIONAL MEDICAL CENTER,False,2014,,,10169022.0,144785724.0,145576213.0,790489.0,,118691590.0,119751946.0,1060356.0,118662627.0,119241694.0,579067.0,-828000.0,,,,,105796706.0,108754924.0,,12894884.0,10997022.0,-1897862.0,,,28963.0,510252.0,481289.0,,,,,,8.56,10.86,9.18,FY2014;FY2015;FY2016,3,June 2014,UM Charles Regional Medical Center;UM-CHARLES REGIONAL MEDICAL CENTER,35,0.975,UM-Charles Regional,name_history,high,10.86,9.18
UM CHARLES REGIONAL MEDICAL CENTER,False,2015,,,14283818.0,148386400.0,149456173.0,1069773.0,,123759953.0,124972818.0,1212865.0,123706426.0,124428818.0,722392.0,-1005000.0,,,,,106346702.0,109684000.0,,17413251.0,15288818.0,-2124433.0,,,53527.0,544000.0,490473.0,,,,,,11.52,14.07,12.23,FY2015;FY2016;FY2017,3,June 2015,UM Charles Regional Medical Center;UM-CHARLES REGIONAL MEDICAL CENTER,35,0.975,UM-Charles Regional,name_history,high,14.07,12.23
UM CHARLES REGIONAL MEDICAL CENTER,False,2016,,,13560023.0,148692700.0,150144171.0,1451471.0,,127040723.0,128310023.0,1269300.0,126752451.0,127601183.0,848732.0,-1187000.0,,,,,109027757.0,113563000.0,,18012966.0,14747023.0,-3265943.0,,,288272.0,708840.0,420568.0,,,,,,10.53,14.18,11.49,FY2016;FY2017;FY2018,3,June 2016,UM-CHARLES REGIONAL MEDICAL CENTER,35,0.975,UM-Charles Regional,name_history,high,14.18,11.49
UM CHARLES REGIONAL MEDICAL CENTER,False,2017,,,16373044.0,148862300.0,150714359.0,1852059.0,,128974700.0,130368044.0,1393345.0,128909182.0,129861044.0,951862.0,2784000.0,,,,,111584695.0,116779000.0,,17390005.0,13589044.0,-3800961.0,,,65517.0,507000.0,441483.0,,,,,,12.26,13.48,10.42,FY2017;FY2018;FY2019,3,June 2017,UM-CHARLES REGIONAL MEDICAL CENTER,35,0.975,UM-Charles Regional,name_history,high,13.48,10.42
UM CHARLES REGIONAL MEDICAL CENTER,False,2018,,,15312935.0,156420846.0,158495781.0,2074935.0,,132264243.0,133791935.0,1527692.0,132146931.0,133241935.0,1095004.0,1381000.0,,,,,113933074.0,119860000.0,,18331170.0,13931935.0,-4399234.0,,,117312.0,550000.0,432688.0,,,,,,11.26,13.86,10.41,FY2018;FY2019;FY2020,3,June 2018,UM-CHARLES REGIONAL MEDICAL CENTER,35,0.975,UM-Charles Regional,name_history,high,13.86,10.41
UM CHARLES REGIONAL MEDICAL CENTER,False,2019,,,13109000.0,155775065.0,157910494.0,2135429.0,,131822921.0,133473000.0,1650079.0,131740776.0,132932000.0,1191224.0,916000.0,,,,,115439610.0,121280000.0,,16383311.0,12193000.0,-4190311.0,,,82145.0,541000.0,458855.0,,,,,,9.71,12.43,9.14,FY2019;FY2020;FY2021,3,June 2019,UM-CHARLES REGIONAL MEDICAL CENTER,35,0.975,UM-Charles Regional,name_history,high,12.43,9.14
UM CHARLES REGIONAL MEDICAL CENTER,False,2020,,,4146019.0,155189529.0,157112981.0,1923452.0,,136640849.0,138568979.0,1928130.0,128881555.0,129959979.0,1078425.0,-885000.0,,,,,122176524.0,133537960.0,11361436.0,14464325.0,5031019.0,-9433306.0,,,7759295.0,8609000.0,849705.0,,,,,,2.98,10.59,3.63,FY2020;FY2021;FY2022,3,June 2020,UM-CHARLES REGIONAL MEDICAL CENTER,35,0.975,UM-Charles Regional,name_history,high,10.59,3.63
UM CHARLES REGIONAL MEDICAL CENTER,False,2021,,,17154354.0,169385146.0,171337500.0,1952354.0,,151721456.0,153387354.0,1665898.0,144395398.0,145566354.0,1170956.0,3316000.0,,,,,126657282.0,139549000.0,12891718.0,25064174.0,13838354.0,-11225820.0,,,7326059.0,7821000.0,494941.0,,,,,,10.84,16.52,9.02,FY2021;FY2022;FY2023,3,June 2021,UM-CHARLES REGIONAL MEDICAL CENTER,35,0.975,UM-Charles Regional,name_history,high,16.52,9.02
UM CHARLES REGIONAL MEDICAL CENTER,False,2022,,,-5930418.0,175776450.0,178183032.0,2406582.0,,150694000.0,153100582.0,2406582.0,148767000.0,151173582.0,2406582.0,-3678000.0,,,,,142479255.0,155353000.0,12873745.0,8214745.0,-2252418.0,-10467163.0,,,1927000.0,1927000.0,0.0,,,,,,-3.77,5.45,-1.47,FY2022;FY2023;FY2024,3,June 2022,UM Charles Regional Medical Center;UM-CHARLES REGIONAL MEDICAL CENTER,35,0.975,UM-Charles Regional,name_history,high,5.45,-1.47
UM CHARLES REGIONAL MEDICAL CENTER,False,2023,,,8876106.0,180096132.0,182554237.0,2458106.0,,155072547.0,156615106.0,1542559.0,153328547.0,154871106.0,1542559.0,2420000.0,,,,,136124852.0,150159000.0,14034148.0,18947695.0,6456106.0,-12491589.0,,,1744000.0,1744000.0,0.0,,,,,,5.54,12.22,4.12,FY2023;FY2024,2,June 2023,UM Charles Regional Medical Center;UM-CHARLES REGIONAL MEDICAL CENTER,35,0.975,UM-Charles Regional,name_history,high,12.22,4.12
UM CHARLES REGIONAL MEDICAL CENTER,False,2024,,,11104000.0,190364427.0,192852633.0,2488205.0,,166259554.0,168465000.0,2205446.0,165861404.0,167272000.0,1410596.0,3210000.0,,,,,142859388.0,160571000.0,17711612.0,23400166.0,7894000.0,-15506166.0,,,398151.0,1193000.0,794849.0,,,,,,6.43,14.07,4.69,FY2024,1,June 2024,UM Charles Regional Medical Center,35,0.975,UM-Charles Regional,name_history,high,14.07,4.69
UM HARFORD MEMORIAL HOSPITAL,False,2011,,,,100465500.0,100687100.0,221600.0,,81459289.0,82099589.0,,80367789.0,80519589.0,151800.0,,8112.42,8158.2,8003.72,8001.19,77961016.0,80374000.0,,,,,7764.04,7986.73,1091500.0,1580000.0,488500.0,,,,,,,,,FY2013,1,December 2011,UM Harford Memorial Hospital,6,0.975,UM-Harford,name_history,high,,
UM HARFORD MEMORIAL HOSPITAL,False,2012,,,8268054.0,104451400.0,104614700.0,163300.0,,84034428.0,86500005.0,2465577.0,82984005.0,83088005.0,104000.0,5297000.0,7957.12,8177.79,7857.65,7855.22,80495251.0,83528951.0,,3539177.0,2971054.0,-568123.0,7622.0,7896.91,1050423.0,3412000.0,2361577.0,,,,,,9.01,4.21,3.43,FY2013;FY2015,2,December 2012,UM Harford Memorial Hospital,6,0.975,UM-Harford,name_history,high,4.21,3.43
UM HARFORD MEMORIAL HOSPITAL,False,2013,,,11524339.0,103499300.0,103630000.0,130700.0,,83201639.0,83742339.0,540700.0,80749039.0,80810339.0,61300.0,7340000.0,7909.88,7951.25,7676.72,7672.86,77131271.0,79558000.0,,6070368.0,4184339.0,-1886029.0,7332.78,7553.95,2452600.0,2932000.0,479400.0,,,,,,12.65,7.3,5.0,FY2013;FY2015;FY2016,3,December 2013,UM Harford Memorial Hospital;UM-HARFORD MEMORIAL HOSPITAL,6,0.975,UM-Harford,name_history,high,7.3,5.0
UM HARFORD MEMORIAL HOSPITAL,False,2015,,,9405600.0,104703700.0,104859700.0,156000.0,,88143200.0,88896700.0,753500.0,86689400.0,86781000.0,91600.0,501000.0,,,,,77762696.0,79992100.0,,10380504.0,8904600.0,-1475904.0,,,1453800.0,2115700.0,661900.0,,,,,,10.04,11.78,10.02,FY2015;FY2016;FY2017,3,June 2015,UM Harford Memorial Hospital;UM-HARFORD MEMORIAL HOSPITAL,6,0.975,UM-Harford,name_history,high,11.78,10.02
UM HARFORD MEMORIAL HOSPITAL,False,2016,,,8000958.0,104106100.0,104326100.0,220000.0,,89700767.0,90233958.0,533191.0,89067100.0,89287100.0,220000.0,490000.0,,,,,80295000.0,82723000.0,,9405767.0,7510958.0,-1894809.0,,,633667.0,946858.0,313191.0,,,,,,8.82,10.49,8.32,FY2016;FY2017;FY2018,3,June 2016,UM-HARFORD MEMORIAL HOSPITAL,6,0.975,UM-Harford,name_history,high,10.49,8.32
UM HARFORD MEMORIAL HOSPITAL,False,2017,,,13498958.0,105314800.0,105485800.0,171000.0,,89797200.0,90282958.0,485758.0,88949958.0,89120958.0,171000.0,8142000.0,,,,,80697100.0,84926000.0,,9100100.0,5356958.0,-3743142.0,,,847242.0,1162000.0,314758.0,,,,,,13.71,10.13,5.93,FY2017;FY2018;FY2019,3,June 2017,UM-HARFORD MEMORIAL HOSPITAL,6,0.975,UM-Harford,name_history,high,10.13,5.93
UM HARFORD MEMORIAL HOSPITAL,False,2018,,,6828000.0,105943546.0,106111546.0,168000.0,,89109523.0,89587000.0,477477.0,88285000.0,88453000.0,168000.0,4960000.0,,,,,83338100.0,87719000.0,,5771423.0,1868000.0,-3903423.0,,,824523.0,1134000.0,309477.0,,,,,,7.22,6.48,2.09,FY2018;FY2019;FY2020,3,June 2018,UM-HARFORD MEMORIAL HOSPITAL,6,0.975,UM-Harford,name_history,high,6.48,2.09
UM HARFORD MEMORIAL HOSPITAL,False,2019,,,4897914.0,108110067.0,108765748.0,655681.0,,92236433.0,93214914.0,978481.0,91212233.0,91867914.0,655681.0,4203000.0,,,,,84348600.0,92520000.0,,7887833.0,694914.0,-7192919.0,,,1024200.0,1347000.0,322800.0,,,,,,5.03,8.55,0.75,FY2019;FY2020;FY2021,3,June 2019,UM-HARFORD MEMORIAL HOSPITAL,6,0.975,UM-Harford,name_history,high,8.55,0.75
UM HARFORD MEMORIAL HOSPITAL,False,2020,,,-3096000.0,100311405.0,100917112.0,605707.0,,88073293.0,88679000.0,605707.0,80851293.0,81457000.0,605707.0,1046000.0,,,,,82958600.0,92821000.0,9862400.0,5114693.0,-4142000.0,-9256693.0,,,7222000.0,7222000.0,0.0,,,,,,-3.45,5.81,-4.67,FY2020;FY2021;FY2022,3,June 2020,UM-HARFORD MEMORIAL HOSPITAL,6,0.975,UM-Harford,name_history,high,5.81,-4.67
UM HARFORD MEMORIAL HOSPITAL,False,2021,,,,109164111.0,109692766.0,528654.0,,96869496.0,97408000.0,538504.0,90511346.0,91040000.0,528654.0,21001000.0,,,,,88026000.0,98858000.0,10832000.0,8843496.0,-1450000.0,-10293496.0,,,6358151.0,6368000.0,9849.0,,,,,,,,,FY2021;FY2022;FY2023,3,June 2021,UM-HARFORD MEMORIAL HOSPITAL,6,0.975,UM-Harford,name_history,high,9.13,-1.49
UM HARFORD MEMORIAL HOSPITAL,False,2022,,,,119935431.0,120270431.0,335000.0,,103370000.0,103705000.0,335000.0,99536000.0,99871000.0,335000.0,-13592000.0,,,,,95704640.0,105601000.0,9896360.0,7665360.0,-1896000.0,-9561360.0,,,3834000.0,3834000.0,0.0,,,,,,,,,FY2022;FY2023,2,June 2022,UM-HARFORD MEMORIAL HOSPITAL,6,0.975,UM-Harford,name_history,high,7.42,-1.83
UM HARFORD MEMORIAL HOSPITAL,False,2023,,,,118486830.0,118609830.0,123000.0,,103053990.0,103163000.0,109010.0,102318990.0,102428000.0,109010.0,9201000.0,,,,,94172877.0,104593000.0,10420123.0,8881113.0,-1430000.0,-10311113.0,,,735000.0,735000.0,0.0,,,,,,,,,FY2023,1,June 2023,UM-HARFORD MEMORIAL HOSPITAL,6,0.975,UM-Harford,name_history,high,8.62,-1.39
UM LAUREL MEDICAL CENTER,False,2017,,,-5522040.0,100491800.0,102582170.0,2090370.0,,81798949.0,82847084.0,1048135.0,81678189.0,82500149.0,821960.0,6357783.0,,,,,81820607.0,94726907.0,,-21658.0,-11879823.0,-11858165.0,,,120760.0,346935.0,226175.0,,,,,,-6.19,-0.03,-14.34,FY2019,1,June 2017,UM LAUREL MEDICAL CENTER,55,0.975,UM-Laurel,name_history,high,-0.03,-14.34
UM LAUREL MEDICAL CENTER,False,2018,,,9083000.0,102996000.0,102996000.0,0.0,,99696000.0,99696000.0,0.0,90095000.0,90095000.0,0.0,576000.0,,,,,82741400.0,91189000.0,,16954600.0,8507000.0,-8447600.0,,,9601000.0,9601000.0,0.0,,,,,,9.06,17.01,8.53,FY2019;FY2020,2,June 2018,UM LAUREL MEDICAL CENTER,55,0.975,UM-Laurel,name_history,high,17.01,8.53
UM LAUREL MEDICAL CENTER,False,2019,,,1941817.0,70705927.0,70705927.0,0.0,,69569908.0,69569908.0,0.0,60013408.0,60013408.0,0.0,-221900.0,,,,,57944391.0,67406191.0,,11625517.0,2163717.0,-9461800.0,,,9556500.0,9556500.0,0.0,,,,,,2.8,16.71,3.11,FY2019;FY2020;FY2021,3,June 2019,UM LAUREL MEDICAL CENTER,55,0.975,UM-Laurel,name_history,high,16.71,3.11
UM LAUREL MEDICAL CENTER,False,2020,,,-20882810.0,31679107.0,31679107.0,0.0,,23364000.0,23510190.0,146190.0,23059190.0,23059190.0,0.0,147000.0,,,,,38547000.0,44540000.0,5993000.0,-15183000.0,-21029810.0,-5846810.0,,,304810.0,451000.0,146190.0,,,,,,-88.27,-64.98,-89.45,FY2020;FY2021;FY2022,3,June 2020,UM LAUREL MEDICAL CENTER,55,0.975,UM-Laurel,name_history,high,-64.98,-89.45
UM LAUREL MEDICAL CENTER,False,2021,,,-15447226.0,26333899.0,26333899.0,0.0,,22001031.0,22001031.0,0.0,22001031.0,22001031.0,0.0,-61000.0,,,,,33033306.0,37387257.0,4353951.0,-11032275.0,-15386226.0,-4353951.0,,,0.0,0.0,0.0,,,,,,-70.21,-50.14,-69.93,FY2021;FY2022;FY2023,3,June 2021,UM LAUREL MEDICAL CENTER,55,0.975,UM-Laurel,name_history,high,-50.14,-69.93
UM LAUREL MEDICAL CENTER,False,2022,,,-15042021.0,34414585.0,34414585.0,0.0,,23322008.0,23322008.0,0.0,23271008.0,23271008.0,0.0,251000.0,,,,,31792997.0,38615029.0,6822032.0,-8470989.0,-15293021.0,-6822032.0,,,51000.0,51000.0,0.0,,,,,,-64.5,-36.32,-65.57,FY2022;FY2023;FY2024,3,June 2022,UM LAUREL MEDICAL CENTER,55,0.975,UM-Laurel,name_history,high,-36.32,-65.57
UM LAUREL MEDICAL CENTER,False,2023,,,-17686926.0,36009147.0,36009147.0,0.0,,27636000.0,27636000.0,0.0,27603000.0,27603000.0,0.0,-53000.0,,,,,37774191.0,45269926.0,7495735.0,-10138191.0,-17633926.0,-7495735.0,,,33000.0,33000.0,0.0,,,,,,-64.0,-36.68,-63.81,FY2023;FY2024,2,June 2023,UM LAUREL MEDICAL CENTER,55,0.975,UM-Laurel,name_history,high,-36.68,-63.81
UM LAUREL MEDICAL CENTER,False,2024,,,-14598000.0,42422550.0,42422550.0,0.0,,33542000.0,33542000.0,0.0,33535000.0,33535000.0,0.0,-872000.0,,,,,39999089.0,47268000.0,7268911.0,-6457089.0,-13726000.0,-7268911.0,,,7000.0,7000.0,0.0,,,,,,-44.68,-19.25,-40.92,FY2024,1,June 2024,UM LAUREL MEDICAL CENTER,55,0.975,UM-Laurel,name_history,high,-19.25,-40.92
UM LAUREL REGIONAL HOSPITAL,False,2015,,,-9114741.0,106467900.0,107985891.0,1517991.0,,91868363.0,92268492.0,400129.0,90359092.0,90482885.0,123792.0,7391088.0,,,,,96291469.0,108774321.0,,-4423106.0,-16505829.0,-12082723.0,,,1509271.0,1785607.0,276336.0,,,,,,-9.15,-4.81,-17.89,FY2017,1,June 2015,UM-LAUREL REGIONAL HOSPITAL,55,0.975,UM-Laurel,name_history,high,-4.81,-17.89
UM LAUREL REGIONAL HOSPITAL,False,2016,,,-1232453.0,106117500.0,108103172.0,1985672.0,,91636749.0,93306101.0,1669352.0,90443295.0,91863143.0,1419848.0,2833438.0,,,,,85066992.0,97371992.0,,6569757.0,-4065891.0,-10635648.0,,,1193454.0,1442958.0,249504.0,,,,,,-1.28,7.17,-4.36,FY2017;FY2018,2,June 2016,UM-LAUREL REGIONAL HOSPITAL,55,0.975,UM-Laurel,name_history,high,7.17,-4.36
UM LAUREL REGIONAL HOSPITAL,False,2017,,,-5522040.0,100491800.0,102582170.0,2090370.0,,81798949.0,82847084.0,1048135.0,81678189.0,82500149.0,821960.0,6357783.0,,,,,81820607.0,94726907.0,,-21658.0,-11879823.0,-11858165.0,,,120760.0,346935.0,226175.0,,,,,,-6.19,-0.03,-14.34,FY2017;FY2018,2,June 2017,UM-LAUREL REGIONAL HOSPITAL,55,0.975,UM-Laurel,name_history,high,-0.03,-14.34
UM LAUREL REGIONAL HOSPITAL,False,2018,,,9083000.0,102996000.0,102996000.0,0.0,,99696000.0,99696000.0,0.0,90095000.0,90095000.0,0.0,576000.0,,,,,82741400.0,91189000.0,,16954600.0,8507000.0,-8447600.0,,,9601000.0,9601000.0,0.0,,,,,,9.06,17.01,8.53,FY2018,1,June 2018,UM-LAUREL REGIONAL HOSPITAL,55,0.975,UM-Laurel,name_history,high,17.01,8.53
UM MEDICAL CENTER,False,2022,,,-19444000.0,1807461729.0,1839075400.0,31613671.0,,1589332222.0,1798373000.0,209040778.0,1552393415.0,1583708000.0,31314585.0,-56592000.0,,,,,1579289840.0,1761225000.0,181935160.0,10042382.0,37148000.0,27105618.0,,,36938807.0,214665000.0,177726193.0,,,,,,-1.12,0.63,2.07,FY2024,1,June 2022,UM Medical Center,,0.533,,UNMATCHED,none,0.63,2.07
UM MEDICAL CENTER,False,2023,,,72308000.0,1848222110.0,1876153214.0,27931105.0,,1647875455.0,1876965000.0,229089545.0,1604782180.0,1632360000.0,27577820.0,32593000.0,,,,,1628107439.0,1837250000.0,209142561.0,19768016.0,39715000.0,19946984.0,,,43093275.0,244605000.0,201511725.0,,,,,,3.79,1.2,2.12,FY2024,1,June 2023,UM Medical Center,,0.533,,UNMATCHED,none,1.2,2.12
UM MEDICAL CENTER,False,2024,,,51917888.0,1932484534.0,1956300910.0,23816376.0,,1673250703.0,1923101888.0,249851185.0,1642322174.0,1665893888.0,23571713.0,54496000.0,,,,,1669691292.0,1925680000.0,255988708.0,3559410.0,-2578112.0,-6137523.0,,,30928528.0,257208000.0,226279472.0,,,,,,2.62,0.21,-0.13,FY2024,1,June 2024,UM Medical Center,,0.533,,UNMATCHED,none,0.21,-0.13
UM MIDTOWN,False,2011,,,,183154500.0,191566568.0,8412068.0,,155249163.0,164792138.0,,155116834.0,163456583.0,8339749.0,,11455.23,11625.43,11445.47,11531.21,136759389.0,160525000.0,,,,,10090.94,11324.4,132329.0,1335555.0,1203226.0,,,,,,,,,FY2013,1,June 2011,UM Midtown,38,0.909,UMMS- Midtown,hscrc_name,high,,
UM MIDTOWN,False,2012,,,-4813010.0,185438390.0,193492549.0,8054159.0,,154907773.0,164074016.0,9166243.0,154041944.0,162050715.0,8008771.0,-678000.0,11556.93,11731.26,11492.34,11586.59,144339647.0,168209026.0,,10568126.0,-4135010.0,-14703136.0,10768.5,12026.91,865829.0,2023301.0,1157473.0,,,,,,,,,FY2013;FY2014,2,June 2012,UM Midtown,38,0.909,UMMS- Midtown,hscrc_name,high,6.82,-2.52
UM MIDTOWN,False,2013,,,-3684386.0,216173800.0,235203150.0,19029350.0,,177455864.0,184836341.0,7380478.0,177185337.0,183353590.0,6168253.0,-432000.0,14799.15,14167.52,14776.59,14053.87,159502922.0,188088728.0,,17952942.0,-3252386.0,-21205328.0,13301.95,14416.81,270527.0,1482751.0,1212224.0,,,,,,-2.0,10.12,-1.76,FY2013;FY2014;FY2015,3,June 2013,UM Midtown,38,0.909,UMMS- Midtown,hscrc_name,high,10.12,-1.76
UM MIDTOWN,False,2014,,,3078202.0,222427600.0,238235826.0,15808226.0,,175552882.0,182546280.0,6993398.0,174389612.0,180384509.0,5994896.0,-599000.0,,,,,152556172.0,178869079.0,,22996711.0,3677202.0,-19319509.0,,,1163270.0,2161772.0,998502.0,,,,,,1.69,13.1,2.01,FY2014;FY2015,2,June 2014,UM Midtown,38,0.909,UMMS- Midtown,hscrc_name,high,13.1,2.01
UM MIDTOWN,False,2015,,,943613.0,228795700.0,244584305.0,15788605.0,,185656395.0,193533638.0,7877242.0,185184700.0,191995664.0,6810964.0,-509000.0,,,,,162177865.0,192081025.0,,23478530.0,1452613.0,-22025917.0,,,471695.0,1537973.0,1066278.0,,,,,,0.49,12.65,0.75,FY2015,1,June 2015,UM Midtown,38,0.909,UMMS- Midtown,hscrc_name,high,12.65,0.75
UM PRINCE GEORGE S HOSPITAL CENTER,False,2015,,,17696121.0,279091000.0,300157946.0,21066946.0,,244039679.0,253553109.0,9513431.0,237779691.0,245909673.0,8129982.0,18773845.0,,,,,220302096.0,254630833.0,,23737583.0,-1077724.0,-24815306.0,,,6259988.0,7643437.0,1383449.0,,,,,,6.5,9.73,-0.43,FY2017,1,June 2015,UM-PRINCE GEORGE’S HOSPITAL CENTER,,0.541,,UNMATCHED,none,9.73,-0.43
UM PRINCE GEORGE S HOSPITAL CENTER,False,2016,,,4642564.0,285682600.0,305762956.0,20080356.0,,258110053.0,268812464.0,10702411.0,253113614.0,261705330.0,8591716.0,7709817.0,,,,,227352248.0,271879717.0,,30757805.0,-3067254.0,-33825058.0,,,4996438.0,7107133.0,2110695.0,,,,,,1.68,11.92,-1.14,FY2017;FY2018,2,June 2016,UM-PRINCE GEORGE’S HOSPITAL CENTER,,0.541,,UNMATCHED,none,11.92,-1.14
UM PRINCE GEORGE S HOSPITAL CENTER,False,2017,,,-13112956.0,293522700.0,310943989.0,17421289.0,,253554064.0,261859517.0,8305453.0,249393120.0,256523601.0,7130481.0,19445979.0,,,,,240080693.0,294418452.0,,13473371.0,-32558935.0,-46032306.0,,,4160944.0,5335916.0,1174972.0,,,,,,-4.66,5.31,-12.43,FY2017;FY2018;FY2019,3,June 2017,UM-PRINCE GEORGE’S HOSPITAL CENTER,,0.541,,UNMATCHED,none,5.31,-12.43
UM PRINCE GEORGE S HOSPITAL CENTER,False,2018,,,-548954.0,293380000.0,293380000.0,0.0,,281714152.0,283853046.0,2138894.0,248794046.0,248794046.0,0.0,1437000.0,,,,,240414549.0,285839000.0,,41299602.0,-1985954.0,-43285556.0,,,32920106.0,35059000.0,2138894.0,,,,,,-0.19,14.66,-0.7,FY2018;FY2019;FY2020,3,June 2018,UM-PRINCE GEORGE’S HOSPITAL CENTER,,0.541,,UNMATCHED,none,14.66,-0.7
UM PRINCE GEORGE S HOSPITAL CENTER,False,2019,,,-1717011.0,327529548.0,327997639.0,468091.0,,306972652.0,308970398.0,1997746.0,273336306.0,273804398.0,468091.0,-472100.0,,,,,260939657.0,310215309.0,,46032995.0,-1244911.0,-47277906.0,,,33636346.0,35166000.0,1529654.0,,,,,,-0.56,15.0,-0.4,FY2019;FY2020,2,June 2019,UM-PRINCE GEORGE’S HOSPITAL CENTER,,0.541,,UNMATCHED,none,15.0,-0.4
UM PRINCE GEORGE S HOSPITAL CENTER,False,2020,,,,339579422.0,340196946.0,617524.0,,324257617.0,326255347.0,1997730.0,285779824.0,286263347.0,483523.0,1117000.0,,,,,267430866.0,322177000.0,,56826751.0,4078347.0,-52748404.0,,,38477794.0,39992000.0,1514206.0,,,,,,1.59,17.53,1.25,FY2020,1,June 2020,UM-PRINCE GEORGE’S HOSPITAL CENTER,,0.541,,UNMATCHED,none,17.53,1.25
UM QUEEN ANNE'S FREESTANDING EMERGENCY,False,2019,,,,7158252.0,7158252.0,0.0,,5253051.0,5253051.0,0.0,5140248.0,5140248.0,0.0,,,,,,6693891.0,6710491.0,,-1440841.0,-1457441.0,-16600.0,,,112803.0,112803.0,0.0,,,,,,,,,FY2021,1,June 2019,UM-QUEEN ANNE'S FREESTANDING EMERGENCY,88,0.643,UM-Queen Anne's ED,name_history,medium,-27.43,-27.74
UM QUEEN ANNE'S FREESTANDING EMERGENCY,False,2020,,,,7448491.0,7448491.0,0.0,,6677317.0,6677317.0,0.0,6046317.0,6046317.0,0.0,,,,,,4906800.0,6053000.0,1146200.0,1770517.0,624317.0,-1146200.0,,,631000.0,631000.0,0.0,,,,,,,,,FY2021;FY2022,2,June 2020,UM-QUEEN ANNE'S FREESTANDING EMERGENCY,88,0.643,UM-Queen Anne's ED,name_history,medium,26.52,9.35
UM QUEEN ANNE'S FREESTANDING EMERGENCY,False,2021,,,828546.0,8274204.0,8274204.0,0.0,,6881546.0,6881546.0,0.0,6678546.0,6678546.0,0.0,0.0,,,,,5762200.0,6053000.0,290800.0,1119346.0,828546.0,-290800.0,,,203000.0,203000.0,0.0,,,,,,12.04,16.27,12.04,FY2021;FY2022;FY2023,3,June 2021,UM-QUEEN ANNE'S FREESTANDING EMERGENCY,88,0.643,UM-Queen Anne's ED,name_history,medium,16.27,12.04
UM QUEEN ANNE'S FREESTANDING EMERGENCY,False,2022,,,-1378000.0,8125994.0,8125994.0,0.0,,6882000.0,6882000.0,0.0,6747000.0,6747000.0,0.0,0.0,,,,,7637000.0,8260000.0,623000.0,-755000.0,-1378000.0,-623000.0,,,135000.0,135000.0,0.0,,,,,,-20.02,-10.97,-20.02,FY2022;FY2023;FY2024,3,June 2022,UM Queen Anne's Freestanding Emergency;UM-QUEEN ANNE'S FREESTANDING EMERGENCY,88,0.643,UM-Queen Anne's ED,name_history,medium,-10.97,-20.02
UM QUEEN ANNE'S FREESTANDING EMERGENCY,False,2023,,,-2476000.0,8648591.0,8648591.0,0.0,,7011000.0,7011000.0,0.0,6824000.0,6824000.0,0.0,0.0,,,,,9260600.0,9487000.0,226400.0,-2249600.0,-2476000.0,-226400.0,,,187000.0,187000.0,0.0,,,,,,-35.32,-32.09,-35.32,FY2023;FY2024,2,June 2023,UM Queen Anne's Freestanding Emergency;UM-QUEEN ANNE'S FREESTANDING EMERGENCY,88,0.643,UM-Queen Anne's ED,name_history,medium,-32.09,-35.32
UM QUEEN ANNE'S FREESTANDING EMERGENCY,False,2024,,,-1457452.0,9099940.0,9099940.0,0.0,,7402037.0,7402037.0,0.0,7402000.0,7402000.0,0.0,0.0,,,,,8726488.0,8859488.0,133000.0,-1324452.0,-1457452.0,-133000.0,,,37.0,37.0,0.0,,,,,,-19.69,-17.89,-19.69,FY2024,1,June 2024,UM Queen Anne's Freestanding Emergency,88,0.643,UM-Queen Anne's ED,name_history,medium,-17.89,-19.69
UM QUEEN ANNE'S FREESTANDING EMERGENCY CENTER,False,2014,,,-3347238.0,5190800.0,5190800.0,0.0,,4266776.0,4266776.0,0.0,4257207.0,4257207.0,0.0,-29398.0,,,,,7584616.0,7584616.0,,-3317840.0,-3317840.0,0.0,,,9569.0,9569.0,0.0,,,,,,-78.99,-77.76,-77.76,FY2016,1,June 2014,UM-QUEEN ANNE'S FREESTANDING EMERGENCY CENTER,,0.607,,UNMATCHED,none,-77.76,-77.76
UM QUEEN ANNE'S FREESTANDING EMERGENCY CENTER,False,2015,,,-2956067.0,4794500.0,4794500.0,0.0,,4328360.0,4328360.0,0.0,4322561.0,4322561.0,0.0,6253.0,,,,,7275580.0,7290680.0,,-2947220.0,-2962320.0,-15100.0,,,5799.0,5799.0,0.0,,,,,,-68.2,-68.09,-68.44,FY2016;FY2017,2,June 2015,UM-QUEEN ANNE'S FREESTANDING EMERGENCY CENTER,,0.607,,UNMATCHED,none,-68.09,-68.44
UM QUEEN ANNE'S FREESTANDING EMERGENCY CENTER,False,2016,,,-1958423.0,6243200.0,6243200.0,0.0,,4957019.0,4957019.0,0.0,4951239.0,4951239.0,0.0,-44000.0,,,,,6871442.0,6871442.0,,-1914423.0,-1914423.0,0.0,,,5780.0,5780.0,0.0,,,,,,-39.51,-38.62,-38.62,FY2016;FY2017;FY2018,3,June 2016,UM-QUEEN ANNE'S FREESTANDING EMERGENCY CENTER,,0.607,,UNMATCHED,none,-38.62,-38.62
UM QUEEN ANNE'S FREESTANDING EMERGENCY CENTER,False,2017,,,-2092589.0,6432800.0,6432800.0,0.0,,5157021.0,5157021.0,0.0,5146413.0,5146413.0,0.0,-107203.0,,,,,7117707.0,7142407.0,,-1960686.0,-1985386.0,-24700.0,,,10608.0,10608.0,0.0,,,,,,-41.44,-38.02,-38.5,FY2017;FY2018;FY2019,3,June 2017,UM-QUEEN ANNE'S FREESTANDING EMERGENCY CENTER,,0.607,,UNMATCHED,none,-38.02,-38.5
UM QUEEN ANNE'S FREESTANDING EMERGENCY CENTER,False,2018,,,-1306145.0,7034873.0,7034873.0,0.0,,5387165.0,5387165.0,0.0,5378088.0,5378088.0,0.0,-21013.0,,,,,6655997.0,6672297.0,,-1268832.0,-1285132.0,-16300.0,,,9077.0,9077.0,0.0,,,,,,-24.34,-23.55,-23.86,FY2018;FY2019;FY2020,3,June 2018,UM-QUEEN ANNE'S FREESTANDING EMERGENCY CENTER,,0.607,,UNMATCHED,none,-23.55,-23.86
UM QUEEN ANNE'S FREESTANDING EMERGENCY CENTER,False,2019,,,-1457441.0,7158252.0,7158252.0,0.0,,5253051.0,5253051.0,0.0,5140248.0,5140248.0,0.0,0.0,,,,,6693891.0,6710491.0,,-1440841.0,-1457441.0,-16600.0,,,112803.0,112803.0,0.0,,,,,,-27.74,-27.43,-27.74,FY2019;FY2020,2,June 2019,UM-QUEEN ANNE'S FREESTANDING EMERGENCY CENTER,,0.607,,UNMATCHED,none,-27.43,-27.74
UM QUEEN ANNE'S FREESTANDING EMERGENCY CENTER,False,2020,,,624317.0,7448491.0,7448491.0,0.0,,6677317.0,6677317.0,0.0,6046317.0,6046317.0,0.0,,,,,,4906800.0,6053000.0,,1770517.0,624317.0,-1146200.0,,,631000.0,631000.0,0.0,,,,,,9.35,26.52,9.35,FY2020,1,June 2020,UM-QUEEN ANNE'S FREESTANDING EMERGENCY CENTER,,0.607,,UNMATCHED,none,26.52,9.35
UM REHABILITATION & ORTHOPAEDIC INSTIT,False,2020,,,,114262341.0,115267641.0,1005300.0,,111450466.0,113680175.0,2229710.0,102220208.0,102949175.0,728967.0,,,,,,102942041.0,108289000.0,5346959.0,8508425.0,5391175.0,-3117250.0,,,9230257.0,10731000.0,1500743.0,,,,,,,,,FY2022,1,June 2020,UM-REHABILITATION & ORTHOPAEDIC INSTIT,2001,0.947,UMD REHABILITATION &  ORTHOPAEDIC INSTITUTE,cms_name,high,7.63,4.74
UM REHABILITATION & ORTHOPAEDIC INSTIT,False,2021,,,,128090957.0,129695008.0,1604052.0,,118020533.0,120217000.0,2196467.0,112396821.0,113034000.0,637179.0,,,,,,106775081.0,111255000.0,4479919.0,11245452.0,8962000.0,-2283452.0,,,5623712.0,7183000.0,1559288.0,,,,,,,,,FY2022,1,June 2021,UM-REHABILITATION & ORTHOPAEDIC INSTIT,2001,0.947,UMD REHABILITATION &  ORTHOPAEDIC INSTITUTE,cms_name,high,9.53,7.45
UM REHABILITATION & ORTHOPAEDIC INSTIT,False,2022,,,,135127734.0,135499960.0,372227.0,,119192501.0,120684960.0,1492459.0,116733734.0,117105960.0,372227.0,,,,,,103360706.0,115219000.0,11858294.0,15831796.0,5465960.0,-10365835.0,,,2458768.0,3579000.0,1120232.0,,,,,,,,,FY2022,1,June 2022,UM-REHABILITATION & ORTHOPAEDIC INSTIT,2001,0.947,UMD REHABILITATION &  ORTHOPAEDIC INSTITUTE,cms_name,high,13.28,4.53
UM REHABILITATION & ORTHOPAEDIC INSTITUTE,False,2011,,,,103574600.0,105502833.0,1928233.0,,88826129.0,91924378.0,,88207600.0,89350833.0,1143233.0,,16917.66,17187.77,16799.86,16706.57,87246523.0,90594000.0,,,,,16616.81,16939.02,618529.0,2573545.0,1955016.0,,,,,,,,,FY2013,1,June 2011,UM Rehabilitation & Orthopaedic Institute,2001,0.987,UMD REHABILITATION &  ORTHOPAEDIC INSTITUTE,cms_name,high,,
UM REHABILITATION & ORTHOPAEDIC INSTITUTE,False,2012,,,,117995400.0,119663220.0,1667820.0,,100756006.0,103514802.0,,99715400.0,100632220.0,916820.0,,17856.15,18089.38,17671.73,17585.64,95494655.0,98824910.0,,,,,16923.72,17269.81,1040606.0,2882582.0,1841976.0,,,,,,,,,FY2013,1,June 2012,UM Rehabilitation & Orthopaedic Institute,2001,0.987,UMD REHABILITATION &  ORTHOPAEDIC INSTITUTE,cms_name,high,,
UM REHABILITATION & ORTHOPAEDIC INSTITUTE,False,2013,,,,115227400.0,116666375.0,1438975.0,,97727740.0,100344862.0,,97022400.0,97829375.0,806975.0,,16002.78,16228.66,15887.28,15821.84,98425900.0,101635160.0,,,,,16117.1,16437.34,705340.0,2515487.0,1810147.0,,,,,,,,,FY2013,1,June 2013,UM Rehabilitation & Orthopaedic Institute,2001,0.987,UMD REHABILITATION &  ORTHOPAEDIC INSTITUTE,cms_name,high,,
UM REHABILITATION & ORTHOPAEDIC INSTITUTE,False,2014,,,1802113.0,118262200.0,119468191.0,1205991.0,,100786810.0,103269613.0,2482803.0,98687200.0,99299191.0,611991.0,1269000.0,,,,,99422003.0,102736500.0,,1364808.0,533113.0,-831695.0,,,2099610.0,3970422.0,1870812.0,,,,,,1.72,1.35,0.52,FY2016,1,June 2014,UM-REHABILITATION & ORTHOPAEDIC INSTITUTE,2001,0.987,UMD REHABILITATION &  ORTHOPAEDIC INSTITUTE,cms_name,high,1.35,0.52
UM REHABILITATION & ORTHOPAEDIC INSTITUTE,False,2015,,,-633008.0,120364600.0,121407637.0,1043037.0,,103610897.0,106100992.0,2490095.0,101157600.0,101730637.0,573037.0,-524000.0,,,,,102984560.0,106210000.0,,626337.0,-109008.0,-735345.0,,,2453297.0,4370355.0,1917058.0,,,,,,-0.6,0.6,-0.1,FY2016;FY2017,2,June 2015,UM-REHABILITATION & ORTHOPAEDIC INSTITUTE,2001,0.987,UMD REHABILITATION &  ORTHOPAEDIC INSTITUTE,cms_name,high,0.6,-0.1
UM REHABILITATION & ORTHOPAEDIC INSTITUTE,False,2016,,,2225521.0,118766800.0,119850801.0,1084001.0,,104714812.0,107138921.0,2424109.0,100742920.0,101419921.0,677001.0,-1057000.0,,,,,100941425.0,103856400.0,,3773387.0,3282521.0,-490867.0,,,3971892.0,5719000.0,1747108.0,,,,,,2.1,3.6,3.06,FY2016;FY2017;FY2018,3,June 2016,UM-REHABILITATION & ORTHOPAEDIC INSTITUTE,2001,0.987,UMD REHABILITATION &  ORTHOPAEDIC INSTITUTE,cms_name,high,3.6,3.06
UM REHABILITATION & ORTHOPAEDIC INSTITUTE,False,2017,,,6787031.0,124286800.0,125278366.0,991566.0,,107933846.0,110443031.0,2509184.0,107250465.0,107841031.0,590566.0,3350000.0,,,,,103671463.0,107006000.0,,4262383.0,3437031.0,-825352.0,,,683381.0,2602000.0,1918619.0,,,,,,5.96,3.95,3.11,FY2017;FY2018;FY2019,3,June 2017,UM-REHABILITATION & ORTHOPAEDIC INSTITUTE,2001,0.987,UMD REHABILITATION &  ORTHOPAEDIC INSTITUTE,cms_name,high,3.95,3.11
UM REHABILITATION & ORTHOPAEDIC INSTITUTE,False,2018,,,6040318.0,124902916.0,125823691.0,920775.0,,110892643.0,113204318.0,2311675.0,109968315.0,110469318.0,501002.0,2052000.0,,,,,106248833.0,109216000.0,,4643810.0,3988318.0,-655493.0,,,924328.0,2735000.0,1810672.0,,,,,,5.23,4.19,3.52,FY2018;FY2019;FY2020,3,June 2018,UM-REHABILITATION & ORTHOPAEDIC INSTITUTE,2001,0.987,UMD REHABILITATION &  ORTHOPAEDIC INSTITUTE,cms_name,high,4.19,3.52
UM REHABILITATION & ORTHOPAEDIC INSTITUTE,False,2019,,,4687506.0,124572575.0,125768675.0,1196099.0,,109356455.0,111656506.0,2300051.0,108883741.0,109643506.0,759765.0,2108000.0,,,,,105860423.0,109077000.0,,3496032.0,2579506.0,-916526.0,,,472714.0,2013000.0,1540286.0,,,,,,4.12,3.2,2.31,FY2019;FY2020;FY2021,3,June 2019,UM-REHABILITATION & ORTHOPAEDIC INSTITUTE,2001,0.987,UMD REHABILITATION &  ORTHOPAEDIC INSTITUTE,cms_name,high,3.2,2.31
UM REHABILITATION & ORTHOPAEDIC INSTITUTE,False,2020,,,5592175.0,114262341.0,115267641.0,1005300.0,,111450466.0,113680175.0,2229710.0,102220208.0,102949175.0,728967.0,201000.0,,,,,102942041.0,108289000.0,,8508425.0,5391175.0,-3117250.0,,,9230257.0,10731000.0,1500743.0,,,,,,4.91,7.63,4.74,FY2020;FY2021,2,June 2020,UM-REHABILITATION & ORTHOPAEDIC INSTITUTE,2001,0.987,UMD REHABILITATION &  ORTHOPAEDIC INSTITUTE,cms_name,high,7.63,4.74
UM REHABILITATION & ORTHOPAEDIC INSTITUTE,False,2021,,,17409000.0,128090957.0,129695008.0,1604052.0,,118020533.0,120217000.0,2196467.0,112396821.0,113034000.0,637179.0,8447000.0,,,,,106775081.0,111255000.0,4479919.0,11245452.0,8962000.0,-2283452.0,,,5623712.0,7183000.0,1559288.0,,,,,,13.49,9.53,7.45,FY2021;FY2023,2,June 2021,UM-REHABILITATION & ORTHOPAEDIC INSTITUTE,2001,0.987,UMD REHABILITATION &  ORTHOPAEDIC INSTITUTE,cms_name,high,9.53,7.45
UM REHABILITATION & ORTHOPAEDIC INSTITUTE,False,2022,,,397960.0,135127734.0,135499960.0,372227.0,,119192501.0,120684960.0,1492459.0,116733734.0,117105960.0,372227.0,-5068000.0,,,,,103360706.0,115219000.0,11858294.0,15831796.0,5465960.0,-10365835.0,,,2458768.0,3579000.0,1120232.0,,,,,,0.34,13.28,4.53,FY2023;FY2024,2,June 2022,UM Rehabilitation & Orthopaedic Institute;UM-REHABILITATION & ORTHOPAEDIC INSTITUTE,2001,0.987,UMD REHABILITATION &  ORTHOPAEDIC INSTITUTE,cms_name,high,13.28,4.53
UM REHABILITATION & ORTHOPAEDIC INSTITUTE,False,2023,,,6616005.0,143817412.0,145723005.0,1905592.0,,124752276.0,126667005.0,1914729.0,123222412.0,123762005.0,539592.0,4334000.0,,,,,111076164.0,124385000.0,13308836.0,13676111.0,2282005.0,-11394107.0,,,1529864.0,2905000.0,1375137.0,,,,,,5.05,10.96,1.8,FY2023;FY2024,2,June 2023,UM Rehabilitation & Orthopaedic Institute;UM-REHABILITATION & ORTHOPAEDIC INSTITUTE,2001,0.987,UMD REHABILITATION &  ORTHOPAEDIC INSTITUTE,cms_name,high,10.96,1.8
UM REHABILITATION & ORTHOPAEDIC INSTITUTE,False,2024,,,3399000.0,147461509.0,148420149.0,958640.0,,124819130.0,126296000.0,1476870.0,124544393.0,124908000.0,363607.0,6968000.0,,,,,117321902.0,129865000.0,12543098.0,7497229.0,-3569000.0,-11066229.0,,,274737.0,1388000.0,1113263.0,,,,,,2.55,6.01,-2.83,FY2024,1,June 2024,UM Rehabilitation & Orthopaedic Institute,2001,0.987,UMD REHABILITATION &  ORTHOPAEDIC INSTITUTE,cms_name,high,6.01,-2.83
UM REHABILITATION & ORTHOPEDIC INSTITUTE,False,2012,,,4372892.0,117995400.0,119663220.0,1667820.0,,100756006.0,103514802.0,2758796.0,99715400.0,100632220.0,916820.0,-317000.0,,,,,95494655.0,98824910.0,,5261351.0,4689892.0,-571459.0,,,1040606.0,2882582.0,1841976.0,,,,,,,,,FY2014,1,June 2012,UM Rehabilitation & Orthopedic Institute,2001,0.974,UMD REHABILITATION &  ORTHOPAEDIC INSTITUTE,cms_name,high,5.22,4.53
UM REHABILITATION & ORTHOPEDIC INSTITUTE,False,2013,,,-385298.0,115227400.0,116666375.0,1438975.0,,97727740.0,100344862.0,2617121.0,97022400.0,97829375.0,806975.0,905000.0,,,,,98425900.0,101635160.0,,-698160.0,-1290298.0,-592139.0,,,705340.0,2515487.0,1810147.0,,,,,,-0.38,-0.71,-1.29,FY2014;FY2015,2,June 2013,UM Rehabilitation & Orthopedic Institute,2001,0.974,UMD REHABILITATION &  ORTHOPAEDIC INSTITUTE,cms_name,high,-0.71,-1.29
UM REHABILITATION & ORTHOPEDIC INSTITUTE,False,2014,,,1802113.0,118262200.0,119468191.0,1205991.0,,100786810.0,103269613.0,2482803.0,98687200.0,99299191.0,611991.0,1269000.0,,,,,99422003.0,102736500.0,,1364808.0,533113.0,-831695.0,,,2099610.0,3970422.0,1870812.0,,,,,,1.72,1.35,0.52,FY2014;FY2015,2,June 2014,UM Rehabilitation & Orthopedic Institute,2001,0.974,UMD REHABILITATION &  ORTHOPAEDIC INSTITUTE,cms_name,high,1.35,0.52
UM REHABILITATION & ORTHOPEDIC INSTITUTE,False,2015,,,-633008.0,120364600.0,121407637.0,1043037.0,,103610897.0,106100992.0,2490095.0,101157600.0,101730637.0,573037.0,-524000.0,,,,,102984560.0,106210000.0,,626337.0,-109008.0,-735345.0,,,2453297.0,4370355.0,1917058.0,,,,,,-0.6,0.6,-0.1,FY2015,1,June 2015,UM Rehabilitation & Orthopedic Institute,2001,0.974,UMD REHABILITATION &  ORTHOPAEDIC INSTITUTE,cms_name,high,0.6,-0.1
UM SAINT JOSEPH,False,2011,,,,362195000.0,409223886.0,47028886.0,,294403778.0,323218585.0,,293912806.0,317006374.0,23093568.0,,11017.95,10706.19,10999.57,10500.42,293587390.0,347676334.0,,,,,10987.39,11516.32,490972.0,6212211.0,5721239.0,,,,,,,,,FY2013,1,June 2011,UM Saint Joseph,63,0.75,UM-St. Joe,name_history,medium,,
UM SAINT JOSEPH,False,2012,,,-24406902.0,354785600.0,403716687.0,48931087.0,,287100323.0,316539111.0,29438788.0,286710810.0,310214823.0,23504013.0,3763186.0,11047.6,10704.3,11032.61,10490.43,286684281.0,344709199.0,,416042.0,-28170088.0,-28586130.0,11031.59,11656.92,389513.0,6324288.0,5934776.0,,,,,,,,,FY2013;FY2014,2,June 2012,UM Saint Joseph,63,0.75,UM-St. Joe,name_history,medium,0.14,-8.9
UM SAINT JOSEPH,False,2013,,,-72512468.0,337661500.0,388501041.0,50839541.0,,251692492.0,284392532.0,32700040.0,251556991.0,275579532.0,24022541.0,-6660000.0,10113.43,9931.97,10107.98,9624.19,284063416.0,350245000.0,,-32370924.0,-65852468.0,-33481543.0,11414.14,12231.77,135501.0,8813000.0,8677499.0,,,,,,-25.05,-12.86,-23.16,FY2013;FY2014;FY2015,3,June 2013,UM Saint Joseph,63,0.75,UM-St. Joe,name_history,medium,-12.86,-23.16
UM SAINT JOSEPH,False,2014,,,-14131000.0,362415700.0,366061700.0,3646000.0,,296029390.0,302215000.0,6185610.0,295642876.0,299059000.0,3416124.0,-5413000.0,,,,,288289144.0,310933000.0,,7740245.0,-8718000.0,-16458245.0,,,386513.0,3156000.0,2769487.0,,,,,,-4.65,2.61,-2.88,FY2014;FY2015,2,June 2014,UM Saint Joseph,63,0.75,UM-St. Joe,name_history,medium,2.61,-2.88
UM SAINT JOSEPH,False,2015,,,7725079.0,390826300.0,393870764.0,3044464.0,,324392467.0,329866000.0,5473533.0,323889336.0,326739000.0,2849664.0,-2797000.0,,,,,294947644.0,319343921.0,,29444823.0,10522079.0,-18922744.0,,,503132.0,3127000.0,2623868.0,,,,,,2.34,9.08,3.19,FY2015,1,June 2015,UM Saint Joseph,63,0.75,UM-St. Joe,name_history,medium,9.08,3.19
UM SHOCK TRAUMA,False,2014,,,20616085.0,202364100.0,207529360.0,5165260.0,,169344825.0,174510085.0,5165260.0,166218825.0,171384085.0,5165260.0,1500000.0,,,,,149776000.0,155394000.0,,19568825.0,19116085.0,-452740.0,,,3126000.0,3126000.0,0.0,,,,,,11.75,11.56,10.95,FY2016,1,June 2014,UM-SHOCK TRAUMA,8992,1.0,UM-Shock Trauma,name_history,high,11.56,10.95
UM SHOCK TRAUMA,False,2015,,,19293917.0,197941300.0,203259629.0,5318329.0,,173265126.0,178583455.0,5318329.0,169890126.0,175208455.0,5318329.0,1500000.0,,,,,155366237.0,160789537.0,,17898888.0,17793917.0,-104971.0,,,3375000.0,3375000.0,0.0,,,,,,10.71,10.33,9.96,FY2016;FY2017,2,June 2015,UM-SHOCK TRAUMA,8992,1.0,UM-Shock Trauma,name_history,high,10.33,9.96
UM SHOCK TRAUMA,False,2016,,,20774000.0,202325400.0,206767463.0,4442063.0,,177194937.0,181637000.0,4442063.0,173816937.0,178259000.0,4442063.0,1500000.0,,,,,159078900.0,162363000.0,,18116037.0,19274000.0,1157963.0,,,3378000.0,3378000.0,0.0,,,,,,11.34,10.22,10.61,FY2016;FY2017;FY2018,3,June 2016,UM-SHOCK TRAUMA,8992,1.0,UM-Shock Trauma,name_history,high,10.22,10.61
UM SHOCK TRAUMA,False,2017,,,46841000.0,213195100.0,218688406.0,5493306.0,,204507694.0,210001000.0,5493306.0,201031694.0,206525000.0,5493306.0,0.0,,,,,162417200.0,163160000.0,,42090494.0,46841000.0,4750506.0,,,3476000.0,3476000.0,0.0,,,,,,22.31,20.58,22.31,FY2017;FY2018;FY2019,3,June 2017,UM-SHOCK TRAUMA,8992,1.0,UM-Shock Trauma,name_history,high,20.58,22.31
UM SHOCK TRAUMA,False,2018,,,24578000.0,215034043.0,220860018.0,5825975.0,,182700025.0,188526000.0,5825975.0,179265025.0,185091000.0,5825975.0,0.0,,,,,162982400.0,163948000.0,,19717625.0,24578000.0,4860375.0,,,3435000.0,3435000.0,0.0,,,,,,13.04,10.79,13.04,FY2018;FY2019;FY2020,3,June 2018,UM-SHOCK TRAUMA,8992,1.0,UM-Shock Trauma,name_history,high,10.79,13.04
UM SHOCK TRAUMA,False,2019,,,33630000.0,223249658.0,223905830.0,656172.0,,196128828.0,196785000.0,656172.0,192528828.0,193185000.0,656172.0,0.0,,,,,162005100.0,163155000.0,,34123728.0,33630000.0,-493728.0,,,3600000.0,3600000.0,0.0,,,,,,17.09,17.4,17.09,FY2019;FY2020;FY2021,3,June 2019,UM-SHOCK TRAUMA,8992,1.0,UM-Shock Trauma,name_history,high,17.4,17.09
UM SHOCK TRAUMA,False,2020,,,28635000.0,220774523.0,221484639.0,710117.0,,187563883.0,188274000.0,710117.0,183955883.0,184666000.0,710117.0,0.0,,,,,157626900.0,159639000.0,2012100.0,29936983.0,28635000.0,-1301983.0,,,3608000.0,3608000.0,0.0,,,,,,15.21,15.96,15.21,FY2020;FY2021;FY2022,3,June 2020,UM-SHOCK TRAUMA,8992,1.0,UM-Shock Trauma,name_history,high,15.96,15.21
UM SHOCK TRAUMA,False,2021,,,37273000.0,244113394.0,245012465.0,899071.0,,212771929.0,213671000.0,899071.0,209225929.0,210125000.0,899071.0,0.0,,,,,174012800.0,176398000.0,2385200.0,38759129.0,37273000.0,-1486129.0,,,3546000.0,3546000.0,0.0,,,,,,17.44,18.22,17.44,FY2021;FY2022;FY2023,3,June 2021,UM-SHOCK TRAUMA,8992,1.0,UM-Shock Trauma,name_history,high,18.22,17.44
UM SHOCK TRAUMA,False,2022,,,27519000.0,255045568.0,255868031.0,822463.0,,220061537.0,220884000.0,822463.0,215985537.0,216808000.0,822463.0,0.0,,,,,190569100.0,193365000.0,2795900.0,29492437.0,27519000.0,-1973437.0,,,4076000.0,4076000.0,0.0,,,,,,12.46,13.4,12.46,FY2022;FY2023;FY2024,3,June 2022,UM Shock Trauma;UM-SHOCK TRAUMA,8992,1.0,UM-Shock Trauma,name_history,high,13.4,12.46
UM SHOCK TRAUMA,False,2023,,,36982000.0,261221517.0,262139051.0,917534.0,,221733466.0,222651000.0,917534.0,217718466.0,218636000.0,917534.0,0.0,,,,,182973500.0,185669000.0,2695500.0,38759966.0,36982000.0,-1777966.0,,,4015000.0,4015000.0,0.0,,,,,,16.61,17.48,16.61,FY2023;FY2024,2,June 2023,UM Shock Trauma;UM-SHOCK TRAUMA,8992,1.0,UM-Shock Trauma,name_history,high,17.48,16.61
UM SHOCK TRAUMA,False,2024,,,51140000.0,274780143.0,275831934.0,1051791.0,,242086209.0,243138000.0,1051791.0,231604209.0,232656000.0,1051791.0,0.0,,,,,189484400.0,191998000.0,2513600.0,52601809.0,51140000.0,-1461809.0,,,10482000.0,10482000.0,0.0,,,,,,21.03,21.73,21.03,FY2024,1,June 2024,UM Shock Trauma,8992,1.0,UM-Shock Trauma,name_history,high,21.73,21.03
UM SHORE MEDICAL CENTER AT CAMBRIDGE,False,2020,,,,38594808.0,40952373.0,2357565.0,,34251074.0,35303511.0,1052437.0,31063967.0,32038511.0,974544.0,,,,,,25977130.0,34558000.0,8580870.0,8273944.0,745511.0,-7528434.0,,,3187107.0,3265000.0,77893.0,,,,,,,,,FY2022,1,June 2020,UM-SHORE MEDICAL CENTER AT CAMBRIDGE,10,0.666,UMMS- Cambridge,hscrc_name,medium,24.16,2.11
UM SHORE MEDICAL CENTER AT CAMBRIDGE,False,2021,,,1895280.0,36868084.0,39650292.0,2782208.0,,35049385.0,36453280.0,1403895.0,33971039.0,35366280.0,1395241.0,0.0,,,,,28082509.0,34558000.0,6475491.0,6966876.0,1895280.0,-5071596.0,,,1078346.0,1087000.0,8654.0,,,,,,5.2,19.88,5.2,FY2022;FY2023,2,June 2021,UM-SHORE MEDICAL CENTER AT CAMBRIDGE,10,0.666,UMMS- Cambridge,hscrc_name,medium,19.88,5.2
UM SHORE MEDICAL CENTER AT CAMBRIDGE,False,2022,,,-7139999.0,23879668.0,29666492.0,5786824.0,,18990635.0,21051001.0,2060365.0,18668361.0,20618001.0,1949640.0,0.0,,,,,22137535.0,28191000.0,6053465.0,-3146900.0,-7139999.0,-3993099.0,,,322275.0,433000.0,110725.0,,,,,,-33.92,-16.57,-33.92,FY2022;FY2023,2,June 2022,UM-SHORE MEDICAL CENTER AT CAMBRIDGE,10,0.666,UMMS- Cambridge,hscrc_name,medium,-16.57,-33.92
UM SHORE MEDICAL CENTER AT CAMBRIDGE,False,2023,,,-1278000.0,17419653.0,26789796.0,9370143.0,,13061982.0,20556000.0,7494018.0,12611857.0,20005000.0,7393143.0,0.0,,,,,18453167.0,21834000.0,3380833.0,-5391185.0,-1278000.0,4113185.0,,,450125.0,551000.0,100875.0,,,,,,-6.22,-41.27,-6.22,FY2023,1,June 2023,UM-SHORE MEDICAL CENTER AT CAMBRIDGE,10,0.666,UMMS- Cambridge,hscrc_name,medium,-41.27,-6.22
UM SHORE MEDICAL CENTER CAMBRIDGE,False,2019,,,,45196511.0,47918937.0,2722426.0,,38209904.0,39671242.0,1461338.0,37486519.0,38777497.0,1290978.0,,,,,,33888382.0,36861891.0,,4321523.0,2809351.0,-1512172.0,,,723385.0,893746.0,170360.0,,,,,,,,,FY2021,1,June 2019,UM-SHORE MEDICAL CENTER - CAMBRIDGE,10,0.683,UMMS- Cambridge,hscrc_name,medium,11.31,7.08
UM SHORE MEDICAL CENTER CAMBRIDGE,False,2020,,,,38594808.0,40952373.0,2357565.0,,34251074.0,35303511.0,1052437.0,31063967.0,32038511.0,974544.0,,,,,,25977130.0,34558000.0,,8273944.0,745511.0,-7528434.0,,,3187107.0,3265000.0,77893.0,,,,,,,,,FY2021,1,June 2020,UM-SHORE MEDICAL CENTER - CAMBRIDGE,10,0.683,UMMS- Cambridge,hscrc_name,medium,24.16,2.11
UM SHORE MEDICAL CENTER CAMBRIDGE,False,2021,,,,36868084.0,39650292.0,2782208.0,,35049385.0,36453280.0,1403895.0,33971039.0,35366280.0,1395241.0,,,,,,28082509.0,34558000.0,,6966876.0,1895280.0,-5071596.0,,,1078346.0,1087000.0,8654.0,,,,,,,,,FY2021,1,June 2021,UM-SHORE MEDICAL CENTER - CAMBRIDGE,10,0.683,UMMS- Cambridge,hscrc_name,medium,19.88,5.2
UM SHORE MEDICAL CHESTERTOWN,False,2011,,,,62310300.0,65187668.0,2877368.0,,51549234.0,53543137.0,,51340374.0,53045123.0,1704749.0,,9381.84,9508.92,9343.83,9420.48,49886918.0,53012104.0,,,,,9079.3,9414.61,208861.0,498014.0,289153.0,,,,,,,,,FY2013,1,June 2011,UM Shore Medical Chestertown,30,0.758,UMMS- Chestertown,hscrc_name,medium,,
UM SHORE MEDICAL CHESTERTOWN,False,2012,,,-1947852.0,65051700.0,68631069.0,3579369.0,,49732928.0,52142104.0,2409176.0,49528431.0,51685740.0,2157309.0,204000.0,8997.38,9143.2,8960.38,9063.17,50318541.0,54293956.0,,-585613.0,-2151852.0,-1566239.0,9103.32,9520.53,204497.0,456364.0,251867.0,,,,,,,,,FY2013;FY2014,2,June 2012,UM Shore Medical Chestertown,30,0.758,UMMS- Chestertown,hscrc_name,medium,-1.18,-4.13
UM SHORE MEDICAL CHESTERTOWN,False,2013,,,1065985.0,62791800.0,66382797.0,3590997.0,,48224262.0,51679691.0,3455429.0,48143539.0,51375536.0,3231997.0,1251802.0,10271.7,10675.42,10254.5,10612.59,46820546.0,51865507.0,,1403716.0,-185817.0,-1589533.0,9972.71,10713.8,80723.0,304155.0,223432.0,,,,,,2.01,2.91,-0.36,FY2013;FY2014;FY2015,3,June 2013,UM Shore Medical Chestertown,30,0.758,UMMS- Chestertown,hscrc_name,medium,2.91,-0.36
UM SHORE MEDICAL CHESTERTOWN,False,2014,,,6550008.0,64508977.0,68064801.0,3555824.0,,49324288.0,52934190.0,3609902.0,49270622.0,52650446.0,3379824.0,969715.0,,,,,40990213.0,47353897.0,,8334074.0,5580293.0,-2753782.0,,,53666.0,283744.0,230078.0,,,,,,12.14,16.9,10.54,FY2014;FY2015,2,June 2014,UM Shore Medical Chestertown,30,0.758,UMMS- Chestertown,hscrc_name,medium,16.9,10.54
UM SHORE MEDICAL CHESTERTOWN,False,2015,,,1174180.0,64477400.0,68233875.0,3756475.0,,46905538.0,50703512.0,3797974.0,46873264.0,50444404.0,3571140.0,-166984.0,,,,,43026022.0,49362348.0,,3879516.0,1341164.0,-2538352.0,,,32274.0,259108.0,226834.0,,,,,,2.32,8.27,2.65,FY2015,1,June 2015,UM Shore Medical Chestertown,30,0.758,UMMS- Chestertown,hscrc_name,medium,8.27,2.65
UM SHORE MEDICAL DORCHESTER,False,2011,,,,56094100.0,57681478.0,1587378.0,,47817692.0,48732303.0,,47446616.0,48060082.0,613466.0,,7751.22,7682.09,7691.07,7576.12,41944947.0,44051259.0,,,,,6799.25,6944.17,371076.0,672221.0,301145.0,,,,,,,,,FY2013,1,June 2011,UM Shore Medical Dorchester,10,0.731,UM-Dorchester,name_history,medium,,
UM SHORE MEDICAL DORCHESTER,False,2012,,,5576088.0,59359900.0,61832767.0,2472867.0,,47836711.0,48833574.0,996863.0,47614371.0,48348709.0,734338.0,-186965.0,8104.01,7942.03,8066.34,7863.18,40439854.0,43070521.0,,7396857.0,5763053.0,-1633805.0,6850.91,7004.76,222340.0,484865.0,262525.0,,,,,,,,,FY2013;FY2014,2,June 2012,UM Shore Medical Dorchester,10,0.731,UM-Dorchester,name_history,medium,15.46,11.8
UM SHORE MEDICAL DORCHESTER,False,2013,,,6630853.0,59897900.0,63148813.0,3250913.0,,47007498.0,48583761.0,1576264.0,46893694.0,48190528.0,1296834.0,376979.0,8011.99,7854.36,7992.59,7790.79,38660406.0,42329887.0,,8347091.0,6253874.0,-2093218.0,6589.31,6843.32,113804.0,393233.0,279429.0,,,,,,13.54,17.76,12.87,FY2013;FY2014;FY2015,3,June 2013,UM Shore Medical Dorchester,10,0.731,UM-Dorchester,name_history,medium,17.76,12.87
UM SHORE MEDICAL DORCHESTER,False,2014,,,6224482.0,58994300.0,62343201.0,3348901.0,,44890664.0,46110269.0,1219605.0,44745961.0,45695987.0,950026.0,-211918.0,,,,,36608786.0,39673868.0,,8281878.0,6436401.0,-1845477.0,,,144703.0,414282.0,269579.0,,,,,,13.56,18.45,13.96,FY2014;FY2015,2,June 2014,UM Shore Medical Dorchester,10,0.731,UM-Dorchester,name_history,medium,18.45,13.96
UM SHORE MEDICAL DORCHESTER,False,2015,,,6542898.0,56007200.0,59208367.0,3201167.0,,43941853.0,45312398.0,1370545.0,43898251.0,45005618.0,1107367.0,45254.0,,,,,35650610.0,38814754.0,,8291243.0,6497644.0,-1793599.0,,,43602.0,306780.0,263178.0,,,,,,14.43,18.87,14.34,FY2015,1,June 2015,UM Shore Medical Dorchester,10,0.731,UM-Dorchester,name_history,medium,18.87,14.34
UM SHORE MEDICAL EASTON,False,2011,,,,173171500.0,206661144.0,33489644.0,,149270216.0,163802666.0,,145233736.0,158344695.0,13110959.0,,9198.51,8458.3,8949.77,8176.46,140221608.0,154561476.0,,,,,8640.91,7981.11,4036480.0,5457971.0,1421491.0,,,,,,,,,FY2013,1,June 2011,UM Shore Medical Easton,37,0.694,UNIVERSITY OF MD SHORE MEDICAL CENTER AT EASTON,cms_name,medium,,
UM SHORE MEDICAL EASTON,False,2012,,,13061338.0,184647500.0,221718171.0,37070671.0,,156541896.0,170803429.0,14261533.0,152889603.0,166216458.0,13326855.0,-1952423.0,9731.15,8842.45,9504.11,8604.98,141357659.0,155789668.0,,15184237.0,15013761.0,-170476.0,8787.25,8065.19,3652293.0,4586971.0,934678.0,,,,,,,,,FY2013;FY2014,2,June 2012,UM Shore Medical Easton,37,0.694,UNIVERSITY OF MD SHORE MEDICAL CENTER AT EASTON,cms_name,medium,9.7,8.79
UM SHORE MEDICAL EASTON,False,2013,,,14371024.0,186358600.0,226239474.0,39880874.0,,150423955.0,166386967.0,15963011.0,149505473.0,163817692.0,14312219.0,4002174.0,9685.93,8825.2,9626.79,8688.92,137324774.0,156018117.0,,13099182.0,10368850.0,-2730332.0,8842.46,8275.23,918482.0,2569275.0,1650793.0,,,,,,8.43,8.71,6.23,FY2013;FY2014;FY2015,3,June 2013,UM Shore Medical Easton,37,0.694,UNIVERSITY OF MD SHORE MEDICAL CENTER AT EASTON,cms_name,medium,8.71,6.23
UM SHORE MEDICAL EASTON,False,2014,,,17180916.0,187483400.0,231055953.0,43572553.0,,153637519.0,170127691.0,16490172.0,152823340.0,167472165.0,14648824.0,7882051.0,,,,,140191581.0,160828827.0,,13445938.0,9298864.0,-4147074.0,,,814178.0,2655526.0,1841348.0,,,,,,9.65,8.75,5.47,FY2014;FY2015,2,June 2014,UM Shore Medical Easton,37,0.694,UNIVERSITY OF MD SHORE MEDICAL CENTER AT EASTON,cms_name,medium,8.75,5.47
UM SHORE MEDICAL EASTON,False,2015,,,19502785.0,192831500.0,238263100.0,45431600.0,,163824075.0,181758590.0,17934515.0,163132861.0,178826076.0,15693215.0,-296359.0,,,,,140456749.0,161959446.0,,23367326.0,19799144.0,-3568182.0,,,691214.0,2932514.0,2241300.0,,,,,,10.75,14.26,10.89,FY2015,1,June 2015,UM Shore Medical Easton,37,0.694,UNIVERSITY OF MD SHORE MEDICAL CENTER AT EASTON,cms_name,medium,14.26,10.89
UM SHORE REGIONAL HEALTH AT CAMBRIDGE,False,2022,,,-7139999.0,23879668.0,29666492.0,5786824.0,,18990635.0,21051001.0,2060365.0,18668361.0,20618001.0,1949640.0,0.0,,,,,22137535.0,28191000.0,6053465.0,-3146900.0,-7139999.0,-3993099.0,,,322275.0,433000.0,110725.0,,,,,,-33.92,-16.57,-33.92,FY2024,1,June 2022,UM Shore Regional Health at Cambridge,10,0.661,UMMS- Cambridge,hscrc_name,medium,-16.57,-33.92
UM SHORE REGIONAL HEALTH AT CAMBRIDGE,False,2023,,,-1278000.0,17419653.0,26789796.0,9370143.0,,13061982.0,20556000.0,7494018.0,12611857.0,20005000.0,7393143.0,0.0,,,,,18453167.0,21834000.0,3380833.0,-5391185.0,-1278000.0,4113185.0,,,450125.0,551000.0,100875.0,,,,,,-6.22,-41.27,-6.22,FY2024,1,June 2023,UM Shore Regional Health at Cambridge,10,0.661,UMMS- Cambridge,hscrc_name,medium,-41.27,-6.22
UM SHORE REGIONAL HEALTH AT CAMBRIDGE,False,2024,,,-2831000.0,17364760.0,27815020.0,10450260.0,,13216754.0,17450000.0,4233246.0,13216754.0,16635000.0,3418246.0,0.0,,,,,17727400.0,20281000.0,2553600.0,-4510646.0,-2831000.0,1679646.0,,,0.0,815000.0,815000.0,,,,,,-16.22,-34.13,-16.22,FY2024,1,June 2024,UM Shore Regional Health at Cambridge,10,0.661,UMMS- Cambridge,hscrc_name,medium,-34.13,-16.22
UM SHORE REGIONAL HEALTH AT CHESTERTOWN,False,2014,,,6550008.0,64508977.0,68064801.0,3555824.0,,49324288.0,52934190.0,3609902.0,49270622.0,52650446.0,3379824.0,969715.0,,,,,40990213.0,47353897.0,,8334074.0,5580293.0,-2753782.0,,,53666.0,283744.0,230078.0,,,,,,12.14,16.9,10.54,FY2016,1,June 2014,UM-SHORE REGIONAL HEALTH AT CHESTERTOWN,30,0.705,UNIVERSITY OF MD SHORE MEDICAL CTR AT CHESTERTOWN,cms_name,medium,16.9,10.54
UM SHORE REGIONAL HEALTH AT CHESTERTOWN,False,2015,,,1174180.0,64477400.0,68233875.0,3756475.0,,46905538.0,50703512.0,3797974.0,46873264.0,50444404.0,3571140.0,-166984.0,,,,,43026022.0,49362348.0,,3879516.0,1341164.0,-2538352.0,,,32274.0,259108.0,226834.0,,,,,,2.32,8.27,2.65,FY2016;FY2017,2,June 2015,UM-SHORE REGIONAL HEALTH AT CHESTERTOWN,30,0.705,UNIVERSITY OF MD SHORE MEDICAL CTR AT CHESTERTOWN,cms_name,medium,8.27,2.65
UM SHORE REGIONAL HEALTH AT CHESTERTOWN,False,2016,,,4546900.0,60065200.0,64105468.0,4040268.0,,49496277.0,53561900.0,4065623.0,49733012.0,53581368.0,3848356.0,-403000.0,,,,,42567673.0,48612000.0,,6928604.0,4949900.0,-1978704.0,,,-236735.0,-19468.0,217267.0,,,,,,8.43,14.0,9.24,FY2016;FY2017;FY2018,3,June 2016,UM-SHORE REGIONAL HEALTH AT CHESTERTOWN,30,0.705,UNIVERSITY OF MD SHORE MEDICAL CTR AT CHESTERTOWN,cms_name,medium,14.0,9.24
UM SHORE REGIONAL HEALTH AT CHESTERTOWN,False,2017,,,7849589.0,59206500.0,63054639.0,3848139.0,,48164878.0,52213589.0,4048711.0,48155807.0,51810589.0,3654782.0,1684000.0,,,,,41001663.0,46048000.0,,7163216.0,6165589.0,-997626.0,,,9071.0,403000.0,393929.0,,,,,,14.54,14.87,11.81,FY2017;FY2018;FY2019,3,June 2017,UM-SHORE REGIONAL HEALTH AT CHESTERTOWN,30,0.705,UNIVERSITY OF MD SHORE MEDICAL CTR AT CHESTERTOWN,cms_name,medium,14.87,11.81
UM SHORE REGIONAL HEALTH AT CHESTERTOWN,False,2018,,,8135300.0,59412493.0,63724181.0,4311688.0,,50884130.0,53753600.0,2869471.0,50803189.0,53243600.0,2440411.0,641000.0,,,,,40471696.0,46259300.0,,10412434.0,7494300.0,-2918134.0,,,80940.0,510000.0,429060.0,,,,,,14.84,20.46,13.94,FY2018;FY2019;FY2020,3,June 2018,UM-SHORE REGIONAL HEALTH AT CHESTERTOWN,30,0.705,UNIVERSITY OF MD SHORE MEDICAL CTR AT CHESTERTOWN,cms_name,medium,20.46,13.94
UM SHORE REGIONAL HEALTH AT CHESTERTOWN,False,2019,,,-11697630.0,50208134.0,54146545.0,3938411.0,,42042365.0,43864370.0,1822005.0,41277938.0,42677370.0,1399432.0,-4287000.0,,,,,40809067.0,51275000.0,,1233298.0,-7410630.0,-8643928.0,,,764427.0,1187000.0,422573.0,,,,,,-26.48,2.93,-16.89,FY2019;FY2020,2,June 2019,UM-SHORE REGIONAL HEALTH AT CHESTERTOWN,30,0.705,UNIVERSITY OF MD SHORE MEDICAL CTR AT CHESTERTOWN,cms_name,medium,2.93,-16.89
UM SHORE REGIONAL HEALTH AT CHESTERTOWN,False,2020,,,-1703863.0,44652158.0,47612733.0,2960575.0,,40664541.0,42162534.0,1497993.0,35211673.0,36171783.0,960110.0,-45000.0,,,,,34381753.0,43821397.0,9439644.0,6282788.0,-1658863.0,-7941651.0,,,5452868.0,5990751.0,537883.0,,,,,,-4.04,15.45,-3.93,FY2020;FY2022,2,June 2020,UM-SHORE REGIONAL HEALTH AT CHESTERTOWN,30,0.705,UNIVERSITY OF MD SHORE MEDICAL CTR AT CHESTERTOWN,cms_name,medium,15.45,-3.93
UM SHORE REGIONAL HEALTH AT CHESTERTOWN,False,2021,,,-7759947.0,44183000.0,47248025.0,3065025.0,,36802445.0,38553053.0,1750607.0,35679039.0,36972053.0,1293014.0,634000.0,,,,,37841701.0,46947000.0,9105299.0,-1039256.0,-8393947.0,-7354691.0,,,1123407.0,1581000.0,457593.0,,,,,,-19.77,-2.82,-21.77,FY2022;FY2023,2,June 2021,UM-SHORE REGIONAL HEALTH AT CHESTERTOWN,30,0.705,UNIVERSITY OF MD SHORE MEDICAL CTR AT CHESTERTOWN,cms_name,medium,-2.82,-21.77
UM SHORE REGIONAL HEALTH AT CHESTERTOWN,False,2022,,,4880000.0,54346448.0,57026699.0,2680252.0,,48441671.0,49885000.0,1443329.0,47554455.0,48573000.0,1018545.0,-324000.0,,,,,35804495.0,44681000.0,8876505.0,12637176.0,5204000.0,-7433175.0,,,887216.0,1312000.0,424784.0,,,,,,9.85,26.09,10.43,FY2022;FY2023;FY2024,3,June 2022,UM Shore Regional Health at Chestertown;UM-SHORE REGIONAL HEALTH AT CHESTERTOWN,30,0.705,UNIVERSITY OF MD SHORE MEDICAL CTR AT CHESTERTOWN,cms_name,medium,26.09,10.43
UM SHORE REGIONAL HEALTH AT CHESTERTOWN,False,2023,,,2714000.0,55202536.0,57963949.0,2761413.0,,46219438.0,48003000.0,1783562.0,45105334.0,46599000.0,1493666.0,576000.0,,,,,36282108.0,45865000.0,9582892.0,9937329.0,2138000.0,-7799329.0,,,1114104.0,1404000.0,289896.0,,,,,,5.59,21.5,4.45,FY2023;FY2024,2,June 2023,UM Shore Regional Health at Chestertown;UM-SHORE REGIONAL HEALTH AT CHESTERTOWN,30,0.705,UNIVERSITY OF MD SHORE MEDICAL CTR AT CHESTERTOWN,cms_name,medium,21.5,4.45
UM SHORE REGIONAL HEALTH AT CHESTERTOWN,False,2024,,,2941000.0,56459168.0,59556393.0,3097225.0,,46148240.0,47993000.0,1844760.0,45921730.0,47473000.0,1551270.0,1420000.0,,,,,37395369.0,46472000.0,9076631.0,8752871.0,1521000.0,-7231871.0,,,226509.0,520000.0,293491.0,,,,,,5.95,18.97,3.17,FY2024,1,June 2024,UM Shore Regional Health at Chestertown,30,0.705,UNIVERSITY OF MD SHORE MEDICAL CTR AT CHESTERTOWN,cms_name,medium,18.97,3.17
UM SHORE REGIONAL HEALTH AT DORCHESTER,False,2014,,,6224482.0,58994300.0,62343201.0,3348901.0,,44890664.0,46110269.0,1219605.0,44745961.0,45695987.0,950026.0,-211918.0,,,,,36608786.0,39673868.0,,8281878.0,6436401.0,-1845477.0,,,144703.0,414282.0,269579.0,,,,,,13.56,18.45,13.96,FY2016,1,June 2014,UM-SHORE REGIONAL HEALTH AT DORCHESTER,10,0.661,UM-Dorchester,name_history,medium,18.45,13.96
UM SHORE REGIONAL HEALTH AT DORCHESTER,False,2015,,,6542898.0,56007200.0,59208367.0,3201167.0,,43941853.0,45312398.0,1370545.0,43898251.0,45005618.0,1107367.0,45254.0,,,,,35650610.0,38814754.0,,8291243.0,6497644.0,-1793599.0,,,43602.0,306780.0,263178.0,,,,,,14.43,18.87,14.34,FY2016;FY2017,2,June 2015,UM-SHORE REGIONAL HEALTH AT DORCHESTER,10,0.661,UM-Dorchester,name_history,medium,18.87,14.34
UM SHORE REGIONAL HEALTH AT DORCHESTER,False,2016,,,4579237.0,51452800.0,54323872.0,2871072.0,,42401061.0,44281566.0,1880505.0,42352628.0,43954300.0,1601672.0,-322815.0,,,,,36427923.0,39379514.0,,5973138.0,4902052.0,-1071086.0,,,48433.0,327266.0,278833.0,,,,,,10.42,14.09,11.07,FY2016;FY2017;FY2018,3,June 2016,UM-SHORE REGIONAL HEALTH AT DORCHESTER,10,0.661,UM-Dorchester,name_history,medium,14.09,11.07
UM SHORE REGIONAL HEALTH AT DORCHESTER,False,2017,,,-14546.0,49851200.0,52640771.0,2789571.0,,42147750.0,43645332.0,1497582.0,42072925.0,43310094.0,1237169.0,-751000.0,,,,,40362846.0,42908878.0,,1784904.0,736454.0,-1048450.0,,,74825.0,335238.0,260413.0,,,,,,-0.03,4.23,1.69,FY2017;FY2018;FY2019,3,June 2017,UM-SHORE REGIONAL HEALTH AT DORCHESTER,10,0.661,UM-Dorchester,name_history,medium,4.23,1.69
UM SHORE REGIONAL HEALTH AT DORCHESTER,False,2018,,,4175014.0,51060002.0,53538343.0,2478341.0,,42933336.0,44417047.0,1483712.0,42857327.0,44129413.0,1272086.0,-147090.0,,,,,38031023.0,40094943.0,,4902312.0,4322104.0,-580208.0,,,76008.0,287634.0,211626.0,,,,,,9.43,11.42,9.73,FY2018;FY2019;FY2020,3,June 2018,UM-SHORE REGIONAL HEALTH AT DORCHESTER,10,0.661,UM-Dorchester,name_history,medium,11.42,9.73
UM SHORE REGIONAL HEALTH AT DORCHESTER,False,2019,,,2809351.0,45196511.0,47918937.0,2722426.0,,38209904.0,39671242.0,1461338.0,37486519.0,38777497.0,1290978.0,0.0,,,,,33888382.0,36861891.0,,4321523.0,2809351.0,-1512172.0,,,723385.0,893746.0,170360.0,,,,,,7.08,11.31,7.08,FY2019;FY2020,2,June 2019,UM-SHORE REGIONAL HEALTH AT DORCHESTER,10,0.661,UM-Dorchester,name_history,medium,11.31,7.08
UM SHORE REGIONAL HEALTH AT DORCHESTER,False,2020,,,745511.0,38594808.0,40952373.0,2357565.0,,34251074.0,35303511.0,1052437.0,31063967.0,32038511.0,974544.0,,,,,,25977130.0,34558000.0,,8273944.0,745511.0,-7528434.0,,,3187107.0,3265000.0,77893.0,,,,,,2.11,24.16,2.11,FY2020,1,June 2020,UM-SHORE REGIONAL HEALTH AT DORCHESTER,10,0.661,UM-Dorchester,name_history,medium,24.16,2.11
UM SHORE REGIONAL HEALTH AT EASTON,False,2014,,,17180916.0,187483400.0,231055953.0,43572553.0,,153637519.0,170127691.0,16490172.0,152823340.0,167472165.0,14648824.0,7882051.0,,,,,140191581.0,160828827.0,,13445938.0,9298864.0,-4147074.0,,,814178.0,2655526.0,1841348.0,,,,,,9.65,8.75,5.47,FY2016,1,June 2014,UM-SHORE REGIONAL HEALTH AT EASTON,37,0.687,UNIVERSITY OF MD SHORE MEDICAL CENTER AT EASTON,cms_name,medium,8.75,5.47
UM SHORE REGIONAL HEALTH AT EASTON,False,2015,,,19502785.0,192831500.0,238263100.0,45431600.0,,163824075.0,181758590.0,17934515.0,163132861.0,178826076.0,15693215.0,-296359.0,,,,,140456749.0,161959446.0,,23367326.0,19799144.0,-3568182.0,,,691214.0,2932514.0,2241300.0,,,,,,10.75,14.26,10.89,FY2016;FY2017,2,June 2015,UM-SHORE REGIONAL HEALTH AT EASTON,37,0.687,UNIVERSITY OF MD SHORE MEDICAL CENTER AT EASTON,cms_name,medium,14.26,10.89
UM SHORE REGIONAL HEALTH AT EASTON,False,2016,,,19341807.0,199614100.0,245089382.0,45475282.0,,172632016.0,192040827.0,19408811.0,172262074.0,189616236.0,17354162.0,-3721000.0,,,,,146753345.0,168978020.0,,25878671.0,23062807.0,-2815864.0,,,369942.0,2424591.0,2054649.0,,,,,,9.88,14.99,12.01,FY2016;FY2017;FY2018,3,June 2016,UM-SHORE REGIONAL HEALTH AT EASTON,37,0.687,UNIVERSITY OF MD SHORE MEDICAL CENTER AT EASTON,cms_name,medium,14.99,12.01
UM SHORE REGIONAL HEALTH AT EASTON,False,2017,,,21764327.0,203067800.0,250069898.0,47002098.0,,174708312.0,196935222.0,22226910.0,174176326.0,192705291.0,18528965.0,8333000.0,,,,,158069606.0,183503895.0,,16638706.0,13431327.0,-3207379.0,,,531986.0,4229931.0,3697945.0,,,,,,10.6,9.52,6.82,FY2017;FY2018;FY2019,3,June 2017,UM-SHORE REGIONAL HEALTH AT EASTON,37,0.687,UNIVERSITY OF MD SHORE MEDICAL CENTER AT EASTON,cms_name,medium,9.52,6.82
UM SHORE REGIONAL HEALTH AT EASTON,False,2018,,,29714746.0,210980106.0,257607002.0,46626896.0,,178958567.0,202774801.0,23816234.0,178488454.0,198427146.0,19938692.0,7541234.0,,,,,156724781.0,180601289.0,,22233786.0,22173512.0,-60274.0,,,470113.0,4347655.0,3877542.0,,,,,,14.13,12.42,10.94,FY2018;FY2019;FY2020,3,June 2018,UM-SHORE REGIONAL HEALTH AT EASTON,37,0.687,UNIVERSITY OF MD SHORE MEDICAL CENTER AT EASTON,cms_name,medium,12.42,10.94
UM SHORE REGIONAL HEALTH AT EASTON,False,2019,,,34644115.0,231728135.0,269406829.0,37678693.0,,200877637.0,221445847.0,20568211.0,196989242.0,213292422.0,16303180.0,1851000.0,,,,,157397558.0,188652733.0,,43480078.0,32793115.0,-10686963.0,,,3888395.0,8153425.0,4265030.0,,,,,,15.51,21.65,14.81,FY2019;FY2020,2,June 2019,UM-SHORE REGIONAL HEALTH AT EASTON,37,0.687,UNIVERSITY OF MD SHORE MEDICAL CENTER AT EASTON,cms_name,medium,21.65,14.81
UM SHORE REGIONAL HEALTH AT EASTON,False,2020,,,14213280.0,237513527.0,266695686.0,29182159.0,,210496459.0,230220280.0,19723821.0,197945917.0,210123280.0,12177364.0,2068000.0,,,,,159566268.0,218075000.0,58508732.0,50930191.0,12145280.0,-38784911.0,,,12550543.0,20097000.0,7546457.0,,,,,,6.1,24.2,5.28,FY2020;FY2022,2,June 2020,UM-SHORE REGIONAL HEALTH AT EASTON,37,0.687,UNIVERSITY OF MD SHORE MEDICAL CENTER AT EASTON,cms_name,medium,24.2,5.28
UM SHORE REGIONAL HEALTH AT EASTON,False,2021,,,50418658.0,247289146.0,280786146.0,33497000.0,,219312121.0,236127658.0,16815537.0,209291732.0,224955658.0,15663926.0,28052000.0,,,,,160589613.0,213761000.0,53171387.0,58722509.0,22366658.0,-36355851.0,,,10020389.0,11172000.0,1151611.0,,,,,,19.08,26.78,9.47,FY2022;FY2023,2,June 2021,UM-SHORE REGIONAL HEALTH AT EASTON,37,0.687,UNIVERSITY OF MD SHORE MEDICAL CENTER AT EASTON,cms_name,medium,26.78,9.47
UM SHORE REGIONAL HEALTH AT EASTON,False,2022,,,23381999.0,285433473.0,324639596.0,39206124.0,,250878255.0,275490999.0,24612744.0,247710351.0,264913999.0,17203649.0,-20369000.0,,,,,180470544.0,231740000.0,51269456.0,70407711.0,43750999.0,-26656712.0,,,3167904.0,10577000.0,7409096.0,,,,,,9.17,28.06,15.88,FY2022;FY2023;FY2024,3,June 2022,UM Shore Regional Health at Easton;UM-SHORE REGIONAL HEALTH AT EASTON,37,0.687,UNIVERSITY OF MD SHORE MEDICAL CENTER AT EASTON,cms_name,medium,28.06,15.88
UM SHORE REGIONAL HEALTH AT EASTON,False,2023,,,12433000.0,290053309.0,336630479.0,46577169.0,,249879358.0,267236000.0,17356642.0,246944836.0,259938000.0,12993164.0,12801000.0,,,,,205561089.0,267604000.0,62042911.0,44318269.0,-368000.0,-44686269.0,,,2934521.0,7298000.0,4363479.0,,,,,,4.44,17.74,-0.14,FY2023;FY2024,2,June 2023,UM Shore Regional Health at Easton;UM-SHORE REGIONAL HEALTH AT EASTON,37,0.687,UNIVERSITY OF MD SHORE MEDICAL CENTER AT EASTON,cms_name,medium,17.74,-0.14
UM SHORE REGIONAL HEALTH AT EASTON,False,2024,,,10083452.0,298649102.0,352114498.0,53465396.0,,251123207.0,275760000.0,24636793.0,247367645.0,264856000.0,17488355.0,16711000.0,,,,,211813764.0,282387548.0,70573785.0,39309444.0,-6627548.0,-45936992.0,,,3755563.0,10904000.0,7148437.0,,,,,,3.44,15.65,-2.4,FY2024,1,June 2024,UM Shore Regional Health at Easton,37,0.687,UNIVERSITY OF MD SHORE MEDICAL CENTER AT EASTON,cms_name,medium,15.65,-2.4
UM SHORE REGIONAL HEALTH CHESTERTOWN,False,2019,,,,50208134.0,54146545.0,3938411.0,,42042365.0,43864370.0,1822005.0,41277938.0,42677370.0,1399432.0,,,,,,40809067.0,51275000.0,,1233298.0,-7410630.0,-8643928.0,,,764427.0,1187000.0,422573.0,,,,,,,,,FY2021,1,June 2019,UM-SHORE REGIONAL HEALTH - CHESTERTOWN,30,0.705,UMMS- Chestertown,hscrc_name,medium,2.93,-16.89
UM SHORE REGIONAL HEALTH CHESTERTOWN,False,2020,,,,44652158.0,47612733.0,2960575.0,,40664541.0,42162534.0,1497993.0,35211673.0,36171783.0,960110.0,,,,,,34381753.0,43821397.0,,6282788.0,-1658863.0,-7941651.0,,,5452868.0,5990751.0,537883.0,,,,,,,,,FY2021,1,June 2020,UM-SHORE REGIONAL HEALTH - CHESTERTOWN,30,0.705,UMMS- Chestertown,hscrc_name,medium,15.45,-3.93
UM SHORE REGIONAL HEALTH CHESTERTOWN,False,2021,,,,44183000.0,47248025.0,3065025.0,,36802445.0,38553053.0,1750607.0,35679039.0,36972053.0,1293014.0,,,,,,37841701.0,46947000.0,,-1039256.0,-8393947.0,-7354691.0,,,1123407.0,1581000.0,457593.0,,,,,,,,,FY2021,1,June 2021,UM-SHORE REGIONAL HEALTH - CHESTERTOWN,30,0.705,UMMS- Chestertown,hscrc_name,medium,-2.82,-21.77
UM SHORE REGIONAL HEALTH EASTON,False,2019,,,,231728135.0,269406829.0,37678693.0,,200877637.0,221445847.0,20568211.0,196989242.0,213292422.0,16303180.0,,,,,,157397558.0,188652733.0,,43480078.0,32793115.0,-10686963.0,,,3888395.0,8153425.0,4265030.0,,,,,,,,,FY2021,1,June 2019,UM-SHORE REGIONAL HEALTH - EASTON,37,0.674,UNIVERSITY OF MD SHORE MEDICAL CENTER AT EASTON,cms_name,medium,21.65,14.81
UM SHORE REGIONAL HEALTH EASTON,False,2020,,,,237513527.0,266695686.0,29182159.0,,210496459.0,230220280.0,19723821.0,197945917.0,210123280.0,12177364.0,,,,,,159566268.0,218075000.0,,50930191.0,12145280.0,-38784911.0,,,12550543.0,20097000.0,7546457.0,,,,,,,,,FY2021,1,June 2020,UM-SHORE REGIONAL HEALTH - EASTON,37,0.674,UNIVERSITY OF MD SHORE MEDICAL CENTER AT EASTON,cms_name,medium,24.2,5.28
UM SHORE REGIONAL HEALTH EASTON,False,2021,,,,247289146.0,280786146.0,33497000.0,,219312121.0,236127658.0,16815537.0,209291732.0,224955658.0,15663926.0,,,,,,160589613.0,213761000.0,,58722509.0,22366658.0,-36355851.0,,,10020389.0,11172000.0,1151611.0,,,,,,,,,FY2021,1,June 2021,UM-SHORE REGIONAL HEALTH - EASTON,37,0.674,UNIVERSITY OF MD SHORE MEDICAL CENTER AT EASTON,cms_name,medium,26.78,9.47
UM ST JOSEPH MEDICAL CENTER,False,2014,,,-14131000.0,362415700.0,366061700.0,3646000.0,,296029390.0,302215000.0,6185610.0,295642876.0,299059000.0,3416124.0,-5413000.0,,,,,288289144.0,310933000.0,,7740245.0,-8718000.0,-16458245.0,,,386513.0,3156000.0,2769487.0,,,,,,-4.65,2.61,-2.88,FY2016,1,June 2014,UM-ST. JOSEPH MEDICAL CENTER,63,0.74,UNIVERSITY OF MD ST JOSEPH MEDICAL CENTER,cms_name,medium,2.61,-2.88
UM ST JOSEPH MEDICAL CENTER,False,2015,,,7725079.0,390826300.0,393870764.0,3044464.0,,324392467.0,329866000.0,5473533.0,323889336.0,326739000.0,2849664.0,-2797000.0,,,,,294947644.0,319343921.0,,29444823.0,10522079.0,-18922744.0,,,503132.0,3127000.0,2623868.0,,,,,,2.34,9.08,3.19,FY2016;FY2017,2,June 2015,UM-ST. JOSEPH MEDICAL CENTER,63,0.74,UNIVERSITY OF MD ST JOSEPH MEDICAL CENTER,cms_name,medium,9.08,3.19
UM ST JOSEPH MEDICAL CENTER,False,2016,,,22824900.0,402082700.0,404901392.0,2818692.0,,346358512.0,351957252.0,5598741.0,345943269.0,348621000.0,2677731.0,-3502000.0,,,,,301275913.0,325630352.0,,45082599.0,26326900.0,-18755699.0,,,415243.0,3336252.0,2921010.0,,,,,,6.49,13.02,7.48,FY2016;FY2017;FY2018,3,June 2016,UM-ST. JOSEPH MEDICAL CENTER,63,0.74,UNIVERSITY OF MD ST JOSEPH MEDICAL CENTER,cms_name,medium,13.02,7.48
UM ST JOSEPH MEDICAL CENTER,False,2017,,,20566000.0,408176900.0,408176900.0,0.0,,360070600.0,362865000.0,2794400.0,359500143.0,359634000.0,133857.0,-3206000.0,,,,,313497766.0,339093000.0,,46572834.0,23772000.0,-22800834.0,,,570456.0,3231000.0,2660544.0,,,,,,5.65,12.93,6.55,FY2017;FY2018;FY2019,3,June 2017,UM-ST. JOSEPH MEDICAL CENTER,63,0.74,UNIVERSITY OF MD ST JOSEPH MEDICAL CENTER,cms_name,medium,12.93,6.55
UM ST JOSEPH MEDICAL CENTER,False,2018,,,27501000.0,414387182.0,414387182.0,0.0,,361462235.0,364411000.0,2948765.0,361011915.0,361145000.0,133085.0,-1861000.0,,,,,311529009.0,335049000.0,,49933226.0,29362000.0,-20571226.0,,,450321.0,3266000.0,2815679.0,,,,,,7.59,13.81,8.06,FY2018;FY2019;FY2020,3,June 2018,UM-ST. JOSEPH MEDICAL CENTER,63,0.74,UNIVERSITY OF MD ST JOSEPH MEDICAL CENTER,cms_name,medium,13.81,8.06
UM ST JOSEPH MEDICAL CENTER,False,2019,,,8548000.0,389173561.0,395324643.0,6151082.0,,336675045.0,345298000.0,8622955.0,335403596.0,341266000.0,5862404.0,-1326000.0,,,,,291400740.0,335424000.0,,45274304.0,9874000.0,-35400304.0,,,1271448.0,4032000.0,2760552.0,,,,,,2.49,13.45,2.86,FY2019;FY2020;FY2021,3,June 2019,UM-ST. JOSEPH MEDICAL CENTER,63,0.74,UNIVERSITY OF MD ST JOSEPH MEDICAL CENTER,cms_name,medium,13.45,2.86
UM ST JOSEPH MEDICAL CENTER,False,2020,,,7090000.0,372898286.0,379530218.0,6631932.0,,337316792.0,348580000.0,11263208.0,316620539.0,322523000.0,5902461.0,-1186000.0,,,,,290647657.0,340304000.0,49656343.0,46669135.0,8276000.0,-38393135.0,,,20696253.0,26057000.0,5360747.0,,,,,,2.04,13.84,2.37,FY2020;FY2021;FY2022,3,June 2020,UM-ST. JOSEPH MEDICAL CENTER,63,0.74,UNIVERSITY OF MD ST JOSEPH MEDICAL CENTER,cms_name,medium,13.84,2.37
UM ST JOSEPH MEDICAL CENTER,False,2021,,,23981000.0,416739095.0,424200905.0,7461810.0,,369072350.0,379506000.0,10433650.0,357801028.0,364442000.0,6640972.0,-1774000.0,,,,,305618333.0,353751000.0,48132667.0,63454017.0,25755000.0,-37699017.0,,,11271322.0,15064000.0,3792678.0,,,,,,6.35,17.19,6.79,FY2021;FY2022;FY2023,3,June 2021,UM-ST. JOSEPH MEDICAL CENTER,63,0.74,UNIVERSITY OF MD ST JOSEPH MEDICAL CENTER,cms_name,medium,17.19,6.79
UM ST JOSEPH MEDICAL CENTER,False,2022,,,-1979000.0,431502933.0,437429211.0,5926278.0,,374115933.0,381984000.0,7868067.0,371749613.0,377024000.0,5274387.0,-937000.0,,,,,327302815.0,383026000.0,55723185.0,46813118.0,-1042000.0,-47855118.0,,,2366320.0,4960000.0,2593680.0,,,,,,-0.52,12.51,-0.27,FY2022;FY2023;FY2024,3,June 2022,UM St. Joseph Medical Center;UM-ST. JOSEPH MEDICAL CENTER,63,0.74,UNIVERSITY OF MD ST JOSEPH MEDICAL CENTER,cms_name,medium,12.51,-0.27
UM ST JOSEPH MEDICAL CENTER,False,2023,,,-4561000.0,458422525.0,464160378.0,5737853.0,,393990953.0,402521000.0,8530047.0,392131055.0,398038000.0,5906945.0,2780000.0,,,,,349064558.0,409862000.0,60797442.0,44926395.0,-7341000.0,-52267395.0,,,1859898.0,4483000.0,2623102.0,,,,,,-1.13,11.4,-1.82,FY2023;FY2024,2,June 2023,UM St. Joseph Medical Center;UM-ST. JOSEPH MEDICAL CENTER,63,0.74,UNIVERSITY OF MD ST JOSEPH MEDICAL CENTER,cms_name,medium,11.4,-1.82
UM ST JOSEPH MEDICAL CENTER,False,2024,,,178000.0,487466803.0,492582803.0,5116000.0,,413026266.0,420472000.0,7445734.0,411770889.0,416346000.0,4575111.0,4109000.0,,,,,357491230.0,424403000.0,66911770.0,55535036.0,-3931000.0,-59466036.0,,,1255377.0,4126000.0,2870623.0,,,,,,0.04,13.45,-0.93,FY2024,1,June 2024,UM St. Joseph Medical Center,63,0.74,UNIVERSITY OF MD ST JOSEPH MEDICAL CENTER,cms_name,medium,13.45,-0.93
UM UPPER CHESAPEAKE,False,2011,,,,259833100.0,260107000.0,273900.0,,217061606.0,219647506.0,,215725606.0,215908506.0,182900.0,,9313.93,9414.96,9256.6,9254.69,190492953.0,198755260.0,,,,,8173.89,8519.44,1336000.0,3739000.0,2403000.0,,,,,,,,,FY2013,1,December 2011,UM Upper Chesapeake,49,1.0,UM-Upper Chesapeake,name_history,high,,
UM UPPER CHESAPEAKE,False,2012,,,15544812.0,283588000.0,283898400.0,310400.0,,238600630.0,244998812.0,6398182.0,237245612.0,237450812.0,205200.0,-3602000.0,9322.46,9561.98,9269.51,9267.39,217111969.0,225852000.0,,21488661.0,19146812.0,-2341849.0,8482.86,8814.7,1355018.0,7548000.0,6192982.0,,,,,,6.33,9.01,7.82,FY2013;FY2015,2,December 2012,UM Upper Chesapeake,49,1.0,UM-Upper Chesapeake,name_history,high,9.01,7.82
UM UPPER CHESAPEAKE,False,2013,,,22400000.0,290000800.0,290227400.0,226600.0,,244484700.0,247248300.0,2763600.0,241546300.0,241667300.0,121000.0,4122000.0,9348.17,9446.46,9235.81,9233.23,220046741.0,228970300.0,,24437959.0,18278000.0,-6159959.0,8413.75,8748.12,2938400.0,5581000.0,2642600.0,,,,,,8.91,10.0,7.39,FY2013;FY2015,2,December 2013,UM Upper Chesapeake,49,1.0,UM-Upper Chesapeake,name_history,high,10.0,7.39
UM UPPER CHESAPEAKE,False,2015,,,23343566.0,320267600.0,321357334.0,1089734.0,,274551832.0,275641566.0,1089734.0,268193832.0,269283566.0,1089734.0,-10687000.0,,,,,231433257.0,241611000.0,,43118575.0,34030566.0,-9088009.0,,,6358000.0,6358000.0,0.0,,,,,,8.46,15.71,12.35,FY2015,1,June 2015,UM Upper Chesapeake,49,1.0,UM-Upper Chesapeake,name_history,high,15.71,12.35
UM UPPER CHESAPEAKE MEDICAL CENTER,False,2013,,,22400000.0,290000800.0,290227400.0,226600.0,,244484700.0,247248300.0,2763600.0,241546300.0,241667300.0,121000.0,4122000.0,,,,,220046741.0,228970300.0,,24437959.0,18278000.0,-6159959.0,,,2938400.0,5581000.0,2642600.0,,,,,,8.91,10.0,7.39,FY2016,1,December 2013,UM-UPPER CHESAPEAKE MEDICAL CENTER,49,0.98,UMD UPPER CHESAPEAKE MEDICAL CENTER,cms_name,high,10.0,7.39
UM UPPER CHESAPEAKE MEDICAL CENTER,False,2015,,,23343566.0,320267600.0,321357334.0,1089734.0,,274551832.0,275641566.0,1089734.0,268193832.0,269283566.0,1089734.0,-10687000.0,,,,,231433257.0,241611000.0,,43118575.0,34030566.0,-9088009.0,,,6358000.0,6358000.0,0.0,,,,,,8.46,15.71,12.35,FY2016;FY2017,2,June 2015,UM-UPPER CHESAPEAKE MEDICAL CENTER,49,0.98,UMD UPPER CHESAPEAKE MEDICAL CENTER,cms_name,high,15.71,12.35
UM UPPER CHESAPEAKE MEDICAL CENTER,False,2016,,,30135972.0,330967000.0,331953000.0,986000.0,,288265774.0,290421972.0,2156199.0,284816000.0,285802000.0,986000.0,790000.0,,,,,248188841.0,261076000.0,,40076933.0,29345972.0,-10730960.0,,,3449774.0,4619972.0,1170199.0,,,,,,10.22,13.9,10.1,FY2016;FY2017;FY2018,3,June 2016,UM-UPPER CHESAPEAKE MEDICAL CENTER,49,0.98,UMD UPPER CHESAPEAKE MEDICAL CENTER,cms_name,high,13.9,10.1
UM UPPER CHESAPEAKE MEDICAL CENTER,False,2017,,,24210952.0,341416000.0,342511000.0,1095000.0,,298629666.0,300770952.0,2141287.0,296121934.0,296833952.0,712018.0,7659000.0,,,,,271742558.0,284219000.0,,26887108.0,16551952.0,-10335156.0,,,2507731.0,3937000.0,1429269.0,,,,,,7.79,9.0,5.5,FY2017;FY2018;FY2019,3,June 2017,UM-UPPER CHESAPEAKE MEDICAL CENTER,49,0.98,UMD UPPER CHESAPEAKE MEDICAL CENTER,cms_name,high,9.0,5.5
UM UPPER CHESAPEAKE MEDICAL CENTER,False,2018,,,42761000.0,343214125.0,344417125.0,1203000.0,,299699201.0,301850000.0,2150799.0,297072704.0,297870000.0,797296.0,3777000.0,,,,,250715131.0,262866000.0,,48984070.0,38984000.0,-10000070.0,,,2626497.0,3980000.0,1353503.0,,,,,,13.87,16.34,12.92,FY2018;FY2019;FY2020,3,June 2018,UM-UPPER CHESAPEAKE MEDICAL CENTER,49,0.98,UMD UPPER CHESAPEAKE MEDICAL CENTER,cms_name,high,16.34,12.92
UM UPPER CHESAPEAKE MEDICAL CENTER,False,2019,,,25213000.0,323916502.0,325102770.0,1186268.0,,279556560.0,281658000.0,2101440.0,276119372.0,276845000.0,725628.0,4401000.0,,,,,236923709.0,260846000.0,,42632852.0,20812000.0,-21820852.0,,,3437189.0,4813000.0,1375811.0,,,,,,8.74,15.25,7.39,FY2019;FY2020;FY2021,3,June 2019,UM-UPPER CHESAPEAKE MEDICAL CENTER,49,0.98,UMD UPPER CHESAPEAKE MEDICAL CENTER,cms_name,high,15.25,7.39
UM UPPER CHESAPEAKE MEDICAL CENTER,False,2020,,,1551000.0,312240520.0,314717397.0,2476877.0,,283088797.0,286261000.0,3172203.0,257831953.0,259779000.0,1947047.0,-1053000.0,,,,,255977292.0,283657000.0,27679708.0,27111505.0,2604000.0,-24507505.0,,,25256845.0,26482000.0,1225155.0,,,,,,0.54,9.58,0.91,FY2020;FY2021;FY2022,3,June 2020,UM-UPPER CHESAPEAKE MEDICAL CENTER,49,0.98,UMD UPPER CHESAPEAKE MEDICAL CENTER,cms_name,high,9.58,0.91
UM UPPER CHESAPEAKE MEDICAL CENTER,False,2021,,,59014000.0,347850019.0,351128622.0,3278603.0,,315775471.0,323424000.0,7648529.0,294951397.0,298230000.0,3278603.0,30356000.0,,,,,261461782.0,294766000.0,33304218.0,54313689.0,28658000.0,-25655689.0,,,20824074.0,25194000.0,4369926.0,,,,,,16.51,17.2,8.86,FY2021;FY2022;FY2023,3,June 2021,UM-UPPER CHESAPEAKE MEDICAL CENTER,49,0.98,UMD UPPER CHESAPEAKE MEDICAL CENTER,cms_name,high,17.2,8.86
UM UPPER CHESAPEAKE MEDICAL CENTER,False,2022,,,1221000.0,366388840.0,369589519.0,3200679.0,,322460224.0,325830000.0,3369776.0,317079321.0,320280000.0,3200679.0,-23964000.0,,,,,270200776.0,300645000.0,30444224.0,52259448.0,25185000.0,-27074448.0,,,5380903.0,5550000.0,169097.0,,,,,,0.35,16.21,7.73,FY2022;FY2023,2,June 2022,UM-UPPER CHESAPEAKE MEDICAL CENTER,49,0.98,UMD UPPER CHESAPEAKE MEDICAL CENTER,cms_name,high,16.21,7.73
UM UPPER CHESAPEAKE MEDICAL CENTER,False,2023,,,28918000.0,367721755.0,369055020.0,1333265.0,,322868764.0,324124000.0,1255236.0,318326764.0,319582000.0,1255236.0,14197000.0,,,,,277702378.0,309403000.0,31700622.0,45166385.0,14721000.0,-30445385.0,,,4542000.0,4542000.0,0.0,,,,,,8.5,13.99,4.54,FY2023,1,June 2023,UM-UPPER CHESAPEAKE MEDICAL CENTER,49,0.98,UMD UPPER CHESAPEAKE MEDICAL CENTER,cms_name,high,13.99,4.54
UM UPPER CHESAPEAKE MEDICAL CENTER ABERDEEN,False,2022,,,-15488000.0,119935431.0,120270431.0,335000.0,,103370000.0,103705000.0,335000.0,99536000.0,99871000.0,335000.0,-13592000.0,,,,,95704640.0,105601000.0,9896360.0,7665360.0,-1896000.0,-9561360.0,,,3834000.0,3834000.0,0.0,,,,,,-12.96,7.42,-1.83,FY2024,1,June 2022,UM Upper Chesapeake Medical Center -Aberdeen,49,0.879,UM-Upper Chesapeake,name_history,high,7.42,-1.83
UM UPPER CHESAPEAKE MEDICAL CENTER ABERDEEN,False,2023,,,7771000.0,118486830.0,118609830.0,123000.0,,103053990.0,103163000.0,109010.0,102318990.0,102428000.0,109010.0,9201000.0,,,,,94172877.0,104593000.0,10420123.0,8881113.0,-1430000.0,-10311113.0,,,735000.0,735000.0,0.0,,,,,,7.5,8.62,-1.39,FY2024,1,June 2023,UM Upper Chesapeake Medical Center -Aberdeen,49,0.879,UM-Upper Chesapeake,name_history,high,8.62,-1.39
UM UPPER CHESAPEAKE MEDICAL CENTER ABERDEEN,False,2024,,,5229035.0,81124210.0,81142245.0,18035.0,,69333134.0,69351035.0,17901.0,68935134.0,68953035.0,17901.0,8795000.0,,,,,69656668.0,72917000.0,3260332.0,-323534.0,-3565965.0,-3242431.0,,,398000.0,398000.0,0.0,,,,,,6.22,-0.47,-5.14,FY2024,1,June 2024,UM Upper Chesapeake Medical Center -Aberdeen,49,0.879,UM-Upper Chesapeake,name_history,high,-0.47,-5.14
UM UPPER CHESAPEAKE MEDICAL CENTER BEL AIR,False,2022,,,1221000.0,366388840.0,369589519.0,3200679.0,,322460224.0,325830000.0,3369776.0,317079321.0,320280000.0,3200679.0,-23964000.0,,,,,270200776.0,300645000.0,30444224.0,52259448.0,25185000.0,-27074448.0,,,5380903.0,5550000.0,169097.0,,,,,,0.35,16.21,7.73,FY2024,1,June 2022,UM Upper Chesapeake Medical Center     Bel Air,49,0.888,UM-Upper Chesapeake,name_history,high,16.21,7.73
UM UPPER CHESAPEAKE MEDICAL CENTER BEL AIR,False,2023,,,28918000.0,367721755.0,369055020.0,1333265.0,,322868764.0,324124000.0,1255236.0,318326764.0,319582000.0,1255236.0,14197000.0,,,,,277702378.0,309403000.0,31700622.0,45166385.0,14721000.0,-30445385.0,,,4542000.0,4542000.0,0.0,,,,,,8.5,13.99,4.54,FY2024,1,June 2023,UM Upper Chesapeake Medical Center     Bel Air,49,0.888,UM-Upper Chesapeake,name_history,high,13.99,4.54
UM UPPER CHESAPEAKE MEDICAL CENTER BEL AIR,False,2024,,,22776000.0,416111220.0,417939220.0,1828000.0,,352885018.0,354685000.0,1799982.0,349853018.0,351653000.0,1799982.0,16801000.0,,,,,304482065.0,348710000.0,44227935.0,48402953.0,5975000.0,-42427953.0,,,3032000.0,3032000.0,0.0,,,,,,6.01,13.72,1.68,FY2024,1,June 2024,UM Upper Chesapeake Medical Center     Bel Air,49,0.888,UM-Upper Chesapeake,name_history,high,13.72,1.68
UMMC MIDTOWN CAMPUS,False,2014,,,3078202.0,222427600.0,238235826.0,15808226.0,,175552882.0,182546280.0,6993398.0,174389612.0,180384509.0,5994896.0,-599000.0,,,,,152556172.0,178869079.0,,22996711.0,3677202.0,-19319509.0,,,1163270.0,2161772.0,998502.0,,,,,,1.69,13.1,2.01,FY2016,1,June 2014,UMMC MIDTOWN CAMPUS,38,0.975,UMMC Midtown,name_history,high,13.1,2.01
UMMC MIDTOWN CAMPUS,False,2015,,,943613.0,228795700.0,244584305.0,15788605.0,,185656395.0,193533638.0,7877242.0,185184700.0,191995664.0,6810964.0,-509000.0,,,,,162177865.0,192081025.0,,23478530.0,1452613.0,-22025917.0,,,471695.0,1537973.0,1066278.0,,,,,,0.49,12.65,0.75,FY2016;FY2017,2,June 2015,UMMC MIDTOWN CAMPUS,38,0.975,UMMC Midtown,name_history,high,12.65,0.75
UMMC MIDTOWN CAMPUS,False,2016,,,1178500.0,226817000.0,232421180.0,5604180.0,,186840024.0,192987000.0,6146976.0,187121556.0,192160180.0,5038625.0,-544000.0,,,,,162862836.0,191264500.0,,23977188.0,1722500.0,-22254688.0,,,-281532.0,826820.0,1108352.0,,,,,,0.61,12.83,0.89,FY2016;FY2017;FY2018,3,June 2016,UMMC MIDTOWN CAMPUS,38,0.975,UMMC Midtown,name_history,high,12.83,0.89
UMMC MIDTOWN CAMPUS,False,2017,,,10684000.0,239136400.0,242942028.0,3805628.0,,201908227.0,215372000.0,13463773.0,201669034.0,205151000.0,3481966.0,-462000.0,,,,,170320562.0,204226000.0,,31587664.0,11146000.0,-20441664.0,,,239193.0,10221000.0,9981807.0,,,,,,4.97,15.64,5.18,FY2017;FY2018;FY2019,3,June 2017,UMMC MIDTOWN CAMPUS,38,0.975,UMMC Midtown,name_history,high,15.64,5.18
UMMC MIDTOWN CAMPUS,False,2018,,,2578000.0,236967134.0,243321115.0,6353981.0,,204600134.0,229134000.0,24533866.0,204450456.0,210524000.0,6073544.0,-3463000.0,,,,,173682412.0,223093000.0,,30917722.0,6041000.0,-24876722.0,,,149678.0,18610000.0,18460322.0,,,,,,1.14,15.11,2.64,FY2018;FY2019;FY2020,3,June 2018,UMMC MIDTOWN CAMPUS,38,0.975,UMMC Midtown,name_history,high,15.11,2.64
UMMC MIDTOWN CAMPUS,False,2019,,,-4545847.0,230207703.0,236798596.0,6590893.0,,197922326.0,223106153.0,25183828.0,197828239.0,203649000.0,5820761.0,478000.0,,,,,179378271.0,228130000.0,,18544055.0,-5023847.0,-23567901.0,,,94086.0,19457153.0,19363067.0,,,,,,-2.03,9.37,-2.25,FY2019;FY2020;FY2021,3,June 2019,UMMC MIDTOWN CAMPUS,38,0.975,UMMC Midtown,name_history,high,9.37,-2.25
UMMC MIDTOWN CAMPUS,False,2020,,,-7372652.0,216538489.0,221197346.0,4658857.0,,198608546.0,225833000.0,27224454.0,180483143.0,185142000.0,4658857.0,-983000.0,,,,,180775342.0,232222652.0,51447311.0,17833205.0,-6389652.0,-24222857.0,,,18125403.0,40691000.0,22565597.0,,,,,,-3.28,8.98,-2.83,FY2020;FY2021;FY2022,3,June 2020,UMMC MIDTOWN CAMPUS,38,0.975,UMMC Midtown,name_history,high,8.98,-2.83
UMMC MIDTOWN CAMPUS,False,2021,,,,238162665.0,241877319.0,3714655.0,,195404372.0,222985000.0,27580628.0,194556345.0,198271000.0,3714655.0,-1286000.0,,,,,188617781.0,245964000.0,57346219.0,6786591.0,-22979000.0,-29765591.0,,,848026.0,24714000.0,23865974.0,,,,,,,,,FY2021;FY2022;FY2023,3,June 2021,UMMC MIDTOWN CAMPUS,38,0.975,UMMC Midtown,name_history,high,3.47,-10.31
UMMC MIDTOWN CAMPUS,False,2022,,,-35594000.0,245010325.0,248958244.0,3947919.0,,202366141.0,232705000.0,30338859.0,201317081.0,204299000.0,2981919.0,-1160000.0,,,,,207147111.0,267139000.0,59991889.0,-4780970.0,-34434000.0,-29653030.0,,,1049060.0,28406000.0,27356940.0,,,,,,-15.37,-2.36,-14.8,FY2022;FY2023;FY2024,3,June 2022,UMMC MIDTOWN CAMPUS,38,0.975,UMMC Midtown,name_history,high,-2.36,-14.8
UMMC MIDTOWN CAMPUS,False,2023,,,-7448000.0,267729206.0,270662104.0,2932897.0,,230488900.0,262779000.0,32290100.0,229407103.0,231392000.0,1984897.0,-1525000.0,,,,,209845923.0,268702000.0,58856077.0,20642977.0,-5923000.0,-26565977.0,,,1081797.0,31387000.0,30305203.0,,,,,,-2.85,8.96,-2.25,FY2023;FY2024,2,June 2023,UMMC MIDTOWN CAMPUS,38,0.975,UMMC Midtown,name_history,high,8.96,-2.25
UMMC MIDTOWN CAMPUS,False,2024,,,-14808000.0,279245359.0,282043403.0,2798044.0,,232325873.0,265210000.0,32884127.0,231979956.0,233945000.0,1965044.0,-481000.0,,,,,212108034.0,279537000.0,67428966.0,20217839.0,-14327000.0,-34544839.0,,,345917.0,31265000.0,30919083.0,,,,,,-5.59,8.7,-5.4,FY2024,1,June 2024,UMMC MIDTOWN CAMPUS,38,0.975,UMMC Midtown,name_history,high,8.7,-5.4
UNION HOSPITAL OF CECIL COUNTY,False,2007,,,,102995100.0,110293000.0,7297900.0,,87901600.0,93201500.0,,87294100.0,90803300.0,3509200.0,,6494.98,6432.77,6450.1,6267.24,87195400.0,93814000.0,,,,,6442.8,6475.04,607500.0,2398200.0,1790700.0,,,,,,,,,FY2009,1,June 2007,Union Hospital of Cecil County,32,1.0,UNION HOSPITAL OF CECIL COUNTY,cms_name,high,,
UNION HOSPITAL OF CECIL COUNTY,False,2008,,,,116438100.0,129274900.0,12836800.0,,100465900.0,108397900.0,,98597600.0,104540500.0,5942900.0,,6322.27,6145.43,6204.7,5926.74,93647500.0,103933800.0,,,,,5893.19,5892.35,1868300.0,3857400.0,1989100.0,,,,,,,,,FY2009;FY2010,2,June 2008,Union Hospital of Cecil County,32,1.0,UNION HOSPITAL OF CECIL COUNTY,cms_name,high,,
UNION HOSPITAL OF CECIL COUNTY,False,2009,,,,126780200.0,142961800.0,16181600.0,,106494800.0,116059200.0,,105285300.0,112987400.0,7702100.0,,6756.83,6531.4,6680.09,6358.53,99599700.0,113610800.0,,,,,6319.36,6393.61,1209500.0,3071800.0,1862300.0,,,,,,,,,FY2009;FY2010;FY2011,3,June 2009,Union Hospital of Cecil County,32,1.0,UNION HOSPITAL OF CECIL COUNTY,cms_name,high,,
UNION HOSPITAL OF CECIL COUNTY,False,2010,,,3199100.0,126899200.0,155273400.0,28374200.0,,106085900.0,119774400.0,,104653300.0,116451100.0,11797800.0,5193800.0,6955.97,6419.16,6862.04,6241.05,102497000.0,121769100.0,,,,,6720.65,6526.07,1432600.0,3323300.0,1890700.0,157.98,2.95,2.72,-47.95,-181.47,2.55,3.38,-1.67,FY2010;FY2011;FY2012,3,June 2010,Union Hospital of Cecil County,32,1.0,UNION HOSPITAL OF CECIL COUNTY,cms_name,high,,
UNION HOSPITAL OF CECIL COUNTY,False,2011,,,11011200.0,137717900.0,171110300.0,33392400.0,,114766200.0,130571800.0,,113936800.0,127859500.0,13922700.0,6581100.0,8257.01,7561.73,8197.34,7404.65,102914000.0,126141700.0,,,,,7404.29,7305.17,829400.0,2712300.0,1882900.0,244.2,18.7,19.46,230.25,322.09,8.02,10.33,3.39,FY2011;FY2012;FY2013,3,June 2011,Union Hospital of Cecil County,32,1.0,UNION HOSPITAL OF CECIL COUNTY,cms_name,high,,
UNION HOSPITAL OF CECIL COUNTY,False,2012,,,4256400.0,148428400.0,185326700.0,36898300.0,,121942200.0,139363300.0,17421100.0,121323300.0,136827500.0,15504200.0,-732300.0,9162.11,8387.42,9115.61,8234.81,106988700.0,134374600.0,,14953500.0,4988700.0,-9964800.0,8038.58,8087.18,618900.0,2535800.0,1916900.0,-61.34,10.96,11.2,26.17,12.61,3.06,12.26,3.58,FY2012;FY2013;FY2014,3,June 2012,Union Hospital of Cecil County,32,1.0,UNION HOSPITAL OF CECIL COUNTY,cms_name,high,12.26,3.58
UNION HOSPITAL OF CECIL COUNTY,False,2013,,,9281500.0,153372900.0,189329600.0,35956700.0,,128735700.0,146053500.0,17317800.0,125947900.0,141178600.0,15230700.0,4169500.0,10035.8,9223.98,9818.47,8916.11,112982000.0,140941500.0,,15753700.0,5112000.0,-10641700.0,8807.7,8901.14,2787800.0,4874900.0,2087100.0,,,,,,6.15,12.24,3.5,FY2013;FY2014;FY2015,3,June 2013,Union Hospital of Cecil County,32,1.0,UNION HOSPITAL OF CECIL COUNTY,cms_name,high,12.24,3.5
UNION HOSPITAL OF CECIL COUNTY,False,2014,,,10810500.0,157913800.0,189850700.0,31936900.0,,132904600.0,149788499.0,16883899.0,130347100.0,145150300.0,14803200.0,7438200.0,,,,,117995300.0,146416200.0,,14909300.0,3372300.0,-11537000.0,,,2557500.0,4638199.0,2080699.0,,,,,,6.86,11.22,2.25,FY2014;FY2015;FY2016,3,June 2014,UNION HOSPITAL OF CECIL COUNTY;Union Hospital of Cecil County,32,1.0,UNION HOSPITAL OF CECIL COUNTY,cms_name,high,11.22,2.25
UNION HOSPITAL OF CECIL COUNTY,False,2015,,,2163183.0,157025000.0,193187400.0,36162400.0,,134801783.0,153379283.0,18577500.0,132874783.0,149448883.0,16574100.0,-466100.0,,,,,120149000.0,150750000.0,,14652783.0,2629283.0,-12023500.0,,,1927000.0,3930400.0,2003400.0,,,,,,1.4,10.87,1.71,FY2015;FY2016;FY2017,3,June 2015,UNION HOSPITAL OF CECIL COUNTY;Union Hospital of Cecil County,32,1.0,UNION HOSPITAL OF CECIL COUNTY,cms_name,high,10.87,1.71
UNION HOSPITAL OF CECIL COUNTY,False,2016,,,2859969.0,160304000.0,197689100.0,37385100.0,,137799069.0,155761669.0,17962600.0,136329669.0,152147469.0,15817800.0,-257800.0,,,,,121512400.0,152643900.0,,16286669.0,3117769.0,-13168900.0,,,1469400.0,3614200.0,2144800.0,,,,,,1.84,11.82,2.0,FY2016;FY2017;FY2018,3,June 2016,UNION HOSPITAL OF CECIL COUNTY,32,1.0,UNION HOSPITAL OF CECIL COUNTY,cms_name,high,11.82,2.0
UNION HOSPITAL OF CECIL COUNTY,False,2017,,,5978843.0,160871300.0,196999200.0,36127900.0,,140903543.0,158039043.0,17135500.0,137576843.0,152778743.0,15201900.0,5022800.0,,,,,123418300.0,157083000.0,,17485243.0,956043.0,-16529200.0,,,3326700.0,5260300.0,1933600.0,,,,,,3.66,12.41,0.6,FY2017;FY2018,2,June 2017,UNION HOSPITAL OF CECIL COUNTY,32,1.0,UNION HOSPITAL OF CECIL COUNTY,cms_name,high,12.41,0.6
UNION HOSPITAL OF CECIL COUNTY,False,2018,,,-9659220.0,166233700.0,201359900.0,35126200.0,,136410380.0,151574780.0,15164400.0,138794480.0,152005780.0,13211300.0,3008800.0,,,,,127785200.0,164242800.0,,8625180.0,-12668020.0,-21293200.0,,,-2384100.0,-431000.0,1953100.0,,,,,,-6.22,6.32,-8.36,FY2018,1,June 2018,UNION HOSPITAL OF CECIL COUNTY,32,1.0,UNION HOSPITAL OF CECIL COUNTY,cms_name,high,6.32,-8.36
UNION MEMORIAL HOSPITAL,False,2007,,,,368210000.0,414889549.0,46679549.0,,315072253.0,343974598.0,,311376653.0,332564261.0,21187608.0,,12027.51,12302.02,11886.44,11893.94,295851912.0,334248308.0,,,,,11293.8,11954.16,3695600.0,11410337.0,7714737.0,,,,,,,,,FY2009,1,June 2007,Union Memorial Hospital,24,0.832,Union Mem,short_name,medium,,
UNION MEMORIAL HOSPITAL,False,2008,,,,413393800.0,472741731.0,59347931.0,,356734422.0,392808272.0,,352995022.0,380520214.0,27525192.0,,13003.82,13290.26,12867.51,12874.51,317897600.0,369616498.0,,,,,11588.12,12505.6,3739400.0,12288058.0,8548658.0,,,,,,,,,FY2009;FY2010,2,June 2008,Union Memorial Hospital,24,0.832,Union Mem,short_name,medium,,
UNION MEMORIAL HOSPITAL,False,2009,,,,413847100.0,510095980.0,96248880.0,,357374722.0,402410378.0,,353456109.0,389727831.0,36271722.0,,13155.34,13144.36,13011.09,12730.1,326289867.0,392085514.0,,,,,12011.07,12807.11,3918613.0,12682547.0,8763934.0,,,,,,,,,FY2009;FY2010;FY2011,3,June 2009,Union Memorial Hospital,24,0.832,Union Mem,short_name,medium,,
UNION MEMORIAL HOSPITAL,False,2010,,,14712858.0,399909200.0,516736666.0,116827466.0,,340745526.0,392251859.0,,336918166.0,379735165.0,42816999.0,6635897.0,13083.43,13157.03,12936.47,12737.19,311343631.0,384174898.0,,,,,11954.5,12886.11,3827360.0,12516694.0,8689334.0,115.7,-0.55,-0.57,-5.41,-21.77,3.69,8.63,2.06,FY2010;FY2011;FY2012,3,June 2010,Union Memorial Hospital,24,0.832,Union Mem,short_name,medium,,
UNION MEMORIAL HOSPITAL,False,2011,,,21374313.0,400597100.0,532224647.0,131627547.0,,341391855.0,397038051.0,,337555155.0,384611999.0,47056844.0,8426792.0,14450.25,14736.57,14287.85,14275.36,302554958.0,384090530.0,,,,,12806.38,14256.01,3836700.0,12426052.0,8589352.0,45.28,10.45,10.45,32.09,60.3,5.27,11.38,3.26,FY2011;FY2012,2,June 2011,Union Memorial Hospital,24,0.832,Union Mem,short_name,medium,,
UNION MEMORIAL HOSPITAL,False,2012,,,4084294.0,422530700.0,564853369.0,142322669.0,,343260608.0,400299345.0,,339127630.0,387588875.0,48461245.0,1030745.0,14352.56,14558.55,14179.75,14096.28,311843852.0,397245796.0,,,,,13038.95,14447.49,4132978.0,12710470.0,8577492.0,-80.89,-0.68,-0.76,-19.11,-76.42,1.02,9.15,0.76,FY2012,1,June 2012,Union Memorial Hospital,24,0.832,Union Mem,short_name,medium,,
UNIVERSITY MEIMS,False,2013,,,18029000.0,188680900.0,192289900.0,3609000.0,,157514000.0,161123000.0,3609000.0,154423000.0,158032000.0,3609000.0,1500000.0,,,,,136670900.0,144594000.0,,20843100.0,16529000.0,-4314100.0,,,3091000.0,3091000.0,0.0,,,,,,11.13,13.23,10.26,FY2015,1,June 2013,University MEIMS,,0.609,,UNMATCHED,none,13.23,10.26
UNIVERSITY MEIMS,False,2014,,,20616085.0,202364100.0,207529360.0,5165260.0,,169344825.0,174510085.0,5165260.0,166218825.0,171384085.0,5165260.0,1500000.0,,,,,149776000.0,155394000.0,,19568825.0,19116085.0,-452740.0,,,3126000.0,3126000.0,0.0,,,,,,11.75,11.56,10.95,FY2015,1,June 2014,University MEIMS,,0.609,,UNMATCHED,none,11.56,10.95
UNIVERSITY MEIMS,False,2015,,,19293917.0,197941300.0,203259629.0,5318329.0,,173265126.0,178583455.0,5318329.0,169890126.0,175208455.0,5318329.0,1500000.0,,,,,155366237.0,160789537.0,,17898888.0,17793917.0,-104971.0,,,3375000.0,3375000.0,0.0,,,,,,10.71,10.33,9.96,FY2015,1,June 2015,University MEIMS,,0.609,,UNMATCHED,none,10.33,9.96
UNIVERSITY MIEMSS,False,2007,,,,184358000.0,185197332.0,839332.0,,137044000.0,137883332.0,,130344000.0,131183332.0,839332.0,,17482.95,17510.31,16628.22,16659.45,129403496.0,134581596.0,,,,,16508.24,17091.01,6700000.0,6700000.0,0.0,,,,,,,,,FY2009,1,June 2007,University MIEMSS,,0.593,,UNMATCHED,none,,
UNIVERSITY MIEMSS,False,2008,,,,179581300.0,180831630.0,1250330.0,,132559245.0,133809575.0,,125795245.0,127045575.0,1250330.0,,16992.06,17033.74,16125.02,16172.69,128907439.0,134287939.0,,,,,16523.96,17094.63,6764000.0,6764000.0,0.0,,,,,,,,,FY2009;FY2010,2,June 2008,University MIEMSS,,0.593,,UNMATCHED,none,,
UNIVERSITY MIEMSS,False,2009,,,,154824600.0,156187735.0,1363135.0,,128199844.0,129562979.0,,125289009.0,126652144.0,1363135.0,,16837.33,16867.85,16455.03,16488.89,140611809.0,145996709.0,,,,,18467.48,19007.36,2910834.0,2910834.0,0.0,,,,,,,,,FY2009;FY2010;FY2011,3,June 2009,University MIEMSS,,0.593,,UNMATCHED,none,,
UNIVERSITY MIEMSS,False,2010,,,1697358.0,164471100.0,166323100.0,1852000.0,,142804990.0,144656990.0,,139630090.0,141482090.0,1852000.0,1966000.0,17447.54,17477.02,17059.64,17093.43,138860132.0,144925632.0,,,,,16965.57,17509.47,3174900.0,3174900.0,0.0,109.13,3.62,3.67,131.78,98.37,1.16,2.76,-0.19,FY2010;FY2011;FY2012,3,June 2010,University MIEMSS,,0.593,,UNMATCHED,none,,
UNIVERSITY MIEMSS,False,2011,,,17052647.0,180648800.0,184101800.0,3453000.0,,156462047.0,159915047.0,,153261047.0,156714047.0,3453000.0,1966000.0,18371.94,18425.21,17996.07,18056.39,138690000.0,144828400.0,,,,,16285.13,16686.94,3201000.0,3201000.0,0.0,904.66,5.3,5.49,350.51,5715.9,10.53,11.36,9.43,FY2011;FY2012;FY2013,3,June 2011,University MIEMSS,,0.593,,UNMATCHED,none,,
UNIVERSITY MIEMSS,False,2012,,,21736408.0,181819200.0,184865200.0,3046000.0,,157354408.0,160400408.0,3046000.0,154091408.0,157137408.0,3046000.0,1500000.0,17755.08,17800.57,17386.9,17438.45,133571300.0,140164000.0,,23783108.0,20236408.0,-3546700.0,15071.52,15554.82,3263000.0,3263000.0,0.0,27.47,-3.36,-3.39,33.82,34.13,13.43,15.11,12.62,FY2012;FY2013;FY2014,3,June 2012,University MIEMSS,,0.593,,UNMATCHED,none,15.11,12.62
UNIVERSITY MIEMSS,False,2013,,,18029000.0,188680900.0,192289900.0,3609000.0,,157514000.0,161123000.0,3609000.0,154423000.0,158032000.0,3609000.0,1500000.0,18454.62,18523.15,18092.47,18167.8,136670900.0,144594000.0,,20843100.0,16529000.0,-4314100.0,16012.6,16622.93,3091000.0,3091000.0,0.0,,,,,,,,,FY2013;FY2014,2,June 2013,University MIEMSS,,0.593,,UNMATCHED,none,13.23,10.26
UNIVERSITY MIEMSS,False,2014,,,20616085.0,202364100.0,207529360.0,5165260.0,,169344825.0,174510085.0,5165260.0,166218825.0,171384085.0,5165260.0,1500000.0,,,,,149776000.0,155394000.0,,19568825.0,19116085.0,-452740.0,,,3126000.0,3126000.0,0.0,,,,,,,,,FY2014,1,June 2014,University MIEMSS,,0.593,,UNMATCHED,none,11.56,10.95
UNIVERSITY OF MARYLAND MEDICAL CENTER,False,2007,,,,850019727.0,862138262.0,12118535.0,,749271206.0,783226661.0,,732145727.0,743235662.0,11089935.0,,21931.82,22603.47,21430.54,21449.35,707064558.0,753299238.0,,,,,20696.39,21739.78,17125479.0,39990999.0,22865520.0,,,,,,,,,FY2009,1,June 2007,University of Maryland Medical Center,2,1.0,UNIVERSITY OF MARYLAND MEDICAL CENTER,cms_name,high,,
UNIVERSITY OF MARYLAND MEDICAL CENTER,False,2008,,,,877294500.0,888541670.0,11247170.0,,788111505.0,822269179.0,,765351210.0,776598380.0,11247170.0,,23369.4,24073.63,22694.5,22736.52,774992564.0,819155601.0,,,,,22980.39,23982.47,22760295.0,45670799.0,22910504.0,,,,,,,,,FY2009;FY2010,2,June 2008,University of Maryland Medical Center,2,1.0,UNIVERSITY OF MARYLAND MEDICAL CENTER,cms_name,high,,
UNIVERSITY OF MARYLAND MEDICAL CENTER,False,2009,,,,940100100.0,953752912.0,13652812.0,,838431058.0,877361852.0,,819239930.0,831876742.0,12636812.0,,23757.79,24505.05,23213.99,23234.64,760178731.0,813799400.0,,,,,21540.43,22729.73,19191128.0,45485110.0,26293982.0,,,,,,,,,FY2009;FY2010;FY2011,3,June 2009,University of Maryland Medical Center,2,1.0,UNIVERSITY OF MARYLAND MEDICAL CENTER,cms_name,high,,
UNIVERSITY OF MARYLAND MEDICAL CENTER,False,2010,,,48906993.0,1013735200.0,1025919843.0,12184643.0,,889072548.0,932566000.0,,873940200.0,886124843.0,12184643.0,-23281000.0,23553.37,24412.18,23152.48,23196.47,798890900.0,860378007.0,,,,,21164.27,22522.48,15132348.0,46441157.0,31308809.0,502.05,-0.86,-0.26,15.24,13.57,5.38,10.14,7.74,FY2010;FY2011;FY2012,3,June 2010,University of Maryland Medical Center,2,1.0,UNIVERSITY OF MARYLAND MEDICAL CENTER,cms_name,high,,
UNIVERSITY OF MARYLAND MEDICAL CENTER,False,2011,,,136966013.0,1113137000.0,1123800168.0,10663168.0,,975310618.0,1022168213.0,,961486655.0,971498213.0,10011558.0,61751700.0,24491.13,25424.23,24144.0,24163.92,883383327.0,946953900.0,,,,,22182.73,23553.43,13823963.0,50670000.0,36846037.0,180.05,3.98,4.28,1.94,4.19,12.67,9.43,7.36,FY2011;FY2012;FY2013,3,June 2011,University of Maryland Medical Center,2,1.0,UNIVERSITY OF MARYLAND MEDICAL CENTER,cms_name,high,,
UNIVERSITY OF MARYLAND MEDICAL CENTER,False,2012,,,-55550450.0,1179258000.0,1190260797.0,11002797.0,,1029532944.0,1078552847.0,,1016430615.0,1027144847.0,10714232.0,-114569797.0,27387.61,28426.41,27039.07,27071.5,938351058.0,1019533500.0,,,,,24962.0,26870.9,13102329.0,51408000.0,38305671.0,-140.56,11.83,11.99,-0.81,-21.53,-5.15,8.86,5.47,FY2012;FY2013,2,June 2012,University of Maryland Medical Center,2,1.0,UNIVERSITY OF MARYLAND MEDICAL CENTER,cms_name,high,,
UNIVERSITY OF MARYLAND MEDICAL CENTER,False,2013,,,124816000.0,1241601500.0,1252675500.0,11074000.0,,1104773709.0,1158335000.0,53561291.0,1068680949.0,1079170000.0,10489051.0,90290000.0,28682.64,29807.37,27745.59,27770.22,1054664631.0,1123809000.0,,50109078.0,34526000.0,-15583078.0,27381.69,28918.92,36092760.0,79165000.0,43072240.0,,,,,,10.0,4.54,2.98,FY2013;FY2015,2,June 2013,University of Maryland Medical Center,2,1.0,UNIVERSITY OF MARYLAND MEDICAL CENTER,cms_name,high,4.54,2.98
UNIVERSITY OF MARYLAND MEDICAL CENTER,False,2014,,,173762036.0,1296211400.0,1306731286.0,10519886.0,,1105494581.0,1166437027.0,60942446.0,1086670121.0,1097078037.0,10407916.0,149439000.0,,,,,1060074815.0,1142114001.0,,45419769.0,24323036.0,-21096733.0,,,18824460.0,69358990.0,50534530.0,,,,,,13.21,4.11,2.09,FY2015;FY2016,2,June 2014,UNIVERSITY OF MARYLAND MEDICAL CENTER;University of Maryland Medical Center,2,1.0,UNIVERSITY OF MARYLAND MEDICAL CENTER,cms_name,high,4.11,2.09
UNIVERSITY OF MARYLAND MEDICAL CENTER,False,2015,,,-6223997.0,1313670900.0,1325362129.0,11691229.0,,1149160942.0,1237424003.0,88263061.0,1124828668.0,1135996003.0,11167335.0,-41947000.0,,,,,1100361772.0,1201701000.0,,48799170.0,35723003.0,-13076167.0,,,24332274.0,101428000.0,77095726.0,,,,,,-0.52,4.25,2.89,FY2015;FY2016;FY2017,3,June 2015,UNIVERSITY OF MARYLAND MEDICAL CENTER;University of Maryland Medical Center,2,1.0,UNIVERSITY OF MARYLAND MEDICAL CENTER,cms_name,high,4.25,2.89
UNIVERSITY OF MARYLAND MEDICAL CENTER,False,2016,,,-51452000.0,1345458400.0,1357280041.0,11821641.0,,1190933659.0,1303707000.0,112773341.0,1173234222.0,1184688000.0,11453778.0,-71817000.0,,,,,1159018353.0,1283342000.0,,31915307.0,20365000.0,-11550307.0,,,17699437.0,119019000.0,101319563.0,,,,,,-4.18,2.68,1.56,FY2016;FY2017;FY2018,3,June 2016,UNIVERSITY OF MARYLAND MEDICAL CENTER,2,1.0,UNIVERSITY OF MARYLAND MEDICAL CENTER,cms_name,high,2.68,1.56
UNIVERSITY OF MARYLAND MEDICAL CENTER,False,2017,,,76260000.0,1389993000.0,1405853726.0,15860726.0,,1219141811.0,1318739000.0,99597189.0,1185195229.0,1200776000.0,15580771.0,64456000.0,,,,,1188774203.0,1306935000.0,,30367608.0,11804000.0,-18563608.0,,,33946582.0,117963000.0,84016418.0,,,,,,5.51,2.49,0.9,FY2017;FY2018;FY2019,3,June 2017,UNIVERSITY OF MARYLAND MEDICAL CENTER,2,1.0,UNIVERSITY OF MARYLAND MEDICAL CENTER,cms_name,high,2.49,0.9
UNIVERSITY OF MARYLAND MEDICAL CENTER,False,2018,,,23998000.0,1478505421.0,1495454428.0,16949007.0,,1274408715.0,1378051000.0,103642285.0,1265042071.0,1281667000.0,16624929.0,4226000.0,,,,,1245985149.0,1358279000.0,,28423566.0,19772000.0,-8651566.0,,,9366644.0,96384000.0,87017356.0,,,,,,1.74,2.23,1.43,FY2018;FY2019;FY2020,3,June 2018,UNIVERSITY OF MARYLAND MEDICAL CENTER,2,1.0,UNIVERSITY OF MARYLAND MEDICAL CENTER,cms_name,high,2.23,1.43
UNIVERSITY OF MARYLAND MEDICAL CENTER,False,2019,,,10014000.0,1557658199.0,1583705074.0,26046874.0,,1344356334.0,1476763000.0,132406666.0,1337491092.0,1363125000.0,25633908.0,9492000.0,,,,,1350827204.0,1476241000.0,,-6470870.0,522000.0,6992870.0,,,6865242.0,113638000.0,106772758.0,,,,,,0.67,-0.48,0.04,FY2019;FY2020;FY2021,3,June 2019,UNIVERSITY OF MARYLAND MEDICAL CENTER,2,1.0,UNIVERSITY OF MARYLAND MEDICAL CENTER,cms_name,high,-0.48,0.04
UNIVERSITY OF MARYLAND MEDICAL CENTER,False,2020,,,57932000.0,1602321913.0,1631128625.0,28806711.0,,1427815992.0,1596544000.0,168728008.0,1372923644.0,1401412000.0,28488356.0,-6072000.0,,,,,1381323834.0,1532540000.0,151216166.0,46492159.0,64004000.0,17511841.0,,,54892348.0,195132000.0,140239652.0,,,,,,3.64,3.26,4.01,FY2020;FY2021;FY2022,3,June 2020,UNIVERSITY OF MARYLAND MEDICAL CENTER,2,1.0,UNIVERSITY OF MARYLAND MEDICAL CENTER,cms_name,high,3.26,4.01
UNIVERSITY OF MARYLAND MEDICAL CENTER,False,2021,,,103519000.0,1736124541.0,1773208902.0,37084360.0,,1557730727.0,1745653000.0,187922273.0,1508103277.0,1544771000.0,36667723.0,48828000.0,,,,,1524984774.0,1690962000.0,165977226.0,32745954.0,54691000.0,21945046.0,,,49627450.0,200882000.0,151254550.0,,,,,,5.77,2.1,3.13,FY2021;FY2022;FY2023,3,June 2021,UNIVERSITY OF MARYLAND MEDICAL CENTER,2,1.0,UNIVERSITY OF MARYLAND MEDICAL CENTER,cms_name,high,2.1,3.13
UNIVERSITY OF MARYLAND MEDICAL CENTER,False,2022,,,-19444000.0,1807461729.0,1839075400.0,31613671.0,,1589332222.0,1798373000.0,209040778.0,1552393415.0,1583708000.0,31314585.0,-56592000.0,,,,,1579289840.0,1761225000.0,181935160.0,10042382.0,37148000.0,27105618.0,,,36938807.0,214665000.0,177726193.0,,,,,,-1.12,0.63,2.07,FY2022;FY2023,2,June 2022,UNIVERSITY OF MARYLAND MEDICAL CENTER,2,1.0,UNIVERSITY OF MARYLAND MEDICAL CENTER,cms_name,high,0.63,2.07
UNIVERSITY OF MARYLAND MEDICAL CENTER,False,2023,,,72308000.0,1848222110.0,1876153214.0,27931105.0,,1647875455.0,1876965000.0,229089545.0,1604782180.0,1632360000.0,27577820.0,32593000.0,,,,,1628107439.0,1837250000.0,209142561.0,19768016.0,39715000.0,19946984.0,,,43093275.0,244605000.0,201511725.0,,,,,,3.79,1.2,2.12,FY2023,1,June 2023,UNIVERSITY OF MARYLAND MEDICAL CENTER,2,1.0,UNIVERSITY OF MARYLAND MEDICAL CENTER,cms_name,high,1.2,2.12
UNIVERSITY UMCC,False,2007,,,,61862800.0,66890754.0,5027954.0,,49910000.0,54937954.0,,49887000.0,54914954.0,5027954.0,,18958.75,19300.04,18950.02,19291.96,50816422.0,55706848.0,,,,,19303.07,19570.16,23000.0,23000.0,0.0,,,,,,,,,FY2009,1,June 2007,University UMCC,2,0.622,UNIVERSITY OF MARYLAND MEDICAL CENTER,cms_name,medium,,
UNIVERSITY UMCC,False,2008,,,,60224500.0,65578288.0,5353788.0,,48191890.0,53545678.0,,48156890.0,53510678.0,5353788.0,,16838.23,17181.45,16826.0,17170.22,51929971.0,57328504.0,,,,,18144.31,18395.27,35000.0,35000.0,0.0,,,,,,,,,FY2009;FY2010,2,June 2008,University UMCC,2,0.622,UNIVERSITY OF MARYLAND MEDICAL CENTER,cms_name,medium,,
UNIVERSITY UMCC,False,2009,,,,52896400.0,58506895.0,5610495.0,,41370168.0,46980663.0,,41266652.0,46877147.0,5610495.0,,16018.41,16446.38,15978.33,16410.15,66041802.0,71438652.0,,,,,25571.2,25008.32,103515.0,103515.0,0.0,,,,,,,,,FY2009;FY2010;FY2011,3,June 2009,University UMCC,2,0.622,UNIVERSITY OF MARYLAND MEDICAL CENTER,cms_name,medium,,
UNIVERSITY UMCC,False,2010,,,-11782651.0,55208300.0,64979300.0,9771000.0,,41806000.0,51577000.0,,41627000.0,51398000.0,9771000.0,806000.0,17647.24,18497.95,17571.68,18433.75,60541351.0,64165651.0,,,,,25555.84,23012.83,179000.0,179000.0,0.0,53.51,10.17,9.97,24.06,48.53,-22.49,-44.81,-24.41,FY2010;FY2011;FY2012,3,June 2010,University UMCC,2,0.622,UNIVERSITY OF MARYLAND MEDICAL CENTER,cms_name,medium,,
UNIVERSITY UMCC,False,2011,,,-11295992.0,59320800.0,59320800.0,0.0,,51831776.0,51831776.0,,51737776.0,51737776.0,0.0,138758.0,15179.39,15179.39,15151.87,15151.87,57727800.0,58704000.0,,,,,16906.1,17191.99,94000.0,94000.0,0.0,4.13,-21.72,-21.56,44.97,9.17,-24.82,-23.06,-25.58,FY2011;FY2012;FY2013,3,June 2011,University UMCC,2,0.622,UNIVERSITY OF MARYLAND MEDICAL CENTER,cms_name,medium,,
UNIVERSITY UMCC,False,2012,,,-6523022.0,0.0,0.0,0.0,,0.0,0.0,,0.0,0.0,0.0,349202.0,0.0,0.0,0.0,0.0,0.0,0.0,,,,,0.0,0.0,0.0,0.0,0.0,42.25,9.88,9.93,42.81,39.9,-12.5,-11.38,-13.26,FY2012;FY2013,2,June 2012,University UMCC,2,0.622,UNIVERSITY OF MARYLAND MEDICAL CENTER,cms_name,medium,,
UPMC WESTERN MARYLAND,False,2017,,,20451600.0,329028900.0,408214900.0,79186000.0,,274587500.0,328707700.0,54120200.0,270829300.0,323334700.0,52505400.0,13294500.0,,,,,243710720.0,321550600.0,,30876780.0,7157100.0,-23719680.0,,,3758200.0,5373000.0,1614800.0,,,,,,5.98,11.24,2.18,FY2019,1,June 2017,UPMC - WESTERN MARYLAND,27,0.865,Western Maryland,hscrc_name,high,11.24,2.18
UPMC WESTERN MARYLAND,False,2018,,,21785897.0,332245500.0,411803600.0,79558100.0,,278459600.0,332631797.0,54172197.0,275121700.0,327223997.0,52102297.0,11141000.0,,,,,243235979.0,321986900.0,,35223621.0,10644897.0,-24578724.0,,,3337900.0,5407800.0,2069900.0,,,,,,6.34,12.65,3.2,FY2019,1,June 2018,UPMC - WESTERN MARYLAND,27,0.865,Western Maryland,hscrc_name,high,12.65,3.2
UPMC WESTERN MARYLAND,False,2019,,,14893926.0,336123500.0,331454762.0,79792200.0,12154.0,280709400.0,370872820.0,57767700.0,277797300.0,270020744.0,54663500.0,9700064.0,,,,,245593369.0,365678758.0,,35116031.0,5193862.0,-25696031.0,,,2912100.0,100852076.0,3104200.0,,,,,,5.85,12.51,2.78,FY2019;FY2021,2,June 2019,UPMC - WESTERN MARYLAND,27,0.865,Western Maryland,hscrc_name,high,12.51,1.4
UPMC WESTERN MARYLAND,False,2020,,,39769317.0,317291500.0,319034512.0,68840700.0,10595.0,263513000.0,284335932.0,47537500.0,263149900.0,258945680.0,44511300.0,52149555.0,,,,,219103095.0,296716170.0,78784005.0,44409905.0,-12380238.0,-31246505.0,,,363100.0,25390253.0,3026200.0,,,,,,38.87,16.85,4.23,FY2021;FY2022;FY2023,3,December 2020;June 2020,UPMC - WESTERN MARYLAND,27,0.865,Western Maryland,hscrc_name,high,16.85,-4.35
UPMC WESTERN MARYLAND,False,2021,,,42794400.0,357297100.0,441039720.0,83742620.0,11682.0,309729310.0,370742520.0,61013210.0,301478620.0,358349890.0,56871270.0,3724850.0,,,,,237708128.0,331672970.0,93964842.0,72021182.0,39069550.0,-32951632.0,,,8250690.0,12392630.0,4141940.0,,,,,,11.35,23.25,10.54,FY2022;FY2023;FY2024,3,December 2021,UPMC - WESTERN MARYLAND;UPMC Western Maryland,27,0.865,Western Maryland,hscrc_name,high,23.25,10.54
UPMC WESTERN MARYLAND,False,2022,,,20550485.0,367681700.0,451296500.0,83614800.0,13293.0,309866185.0,371481125.0,61614940.0,307537025.0,363954425.0,56417400.0,2499050.0,,,,,254536007.0,353429690.0,98893683.0,55330179.0,18051435.0,-37278743.0,,,2329160.0,7526700.0,5197540.0,,,,,,5.5,17.86,4.86,FY2023;FY2024,2,December 2022,UPMC - WESTERN MARYLAND;UPMC Western Maryland,27,0.865,Western Maryland,hscrc_name,high,17.86,4.86
UPMC WESTERN MARYLAND,False,2023,,,40534620.0,387908800.0,471977900.0,84069100.0,,323879100.0,381243700.0,57364600.0,323501600.0,374007500.0,50505900.0,20205550.0,,,,,260119667.0,360914630.0,100794963.0,63759433.0,20329070.0,-43430363.0,,,377500.0,7236200.0,6858700.0,,,,,,10.1,19.69,5.33,FY2024,1,December 2023,UPMC Western Maryland,27,0.865,Western Maryland,hscrc_name,high,19.69,5.33
UPPER CHESAPEAKE MEDICAL CENTER,False,2007,,,,169024300.0,169120300.0,96000.0,,147100687.0,149522987.0,,146891259.0,146964059.0,72800.0,,7267.66,7383.14,7257.31,7256.78,143333188.0,145021377.0,,,,,7081.52,7160.86,209428.0,2558928.0,2349500.0,,,,,,,,,FY2009,1,December 2007,Upper Chesapeake Medical Center,49,0.975,Upper Chesapeake,short_name,high,,
UPPER CHESAPEAKE MEDICAL CENTER,False,2008,,,,196899000.0,196996400.0,97400.0,,170594201.0,173216036.0,,170264950.0,170350350.0,85400.0,,7177.39,7284.1,7163.54,7163.59,164803083.0,169677231.0,,,,,6933.74,7135.28,329251.0,2865686.0,2536435.0,,,,,,,,,FY2009;FY2010,2,December 2008,Upper Chesapeake Medical Center,49,0.975,Upper Chesapeake,short_name,high,,
UPPER CHESAPEAKE MEDICAL CENTER,False,2009,,,,219562700.0,219681500.0,118800.0,,187905400.0,190380600.0,,187017300.0,187124300.0,107000.0,,7757.86,7855.8,7721.19,7721.43,171205099.0,177257000.0,,,,,7068.37,7314.27,888100.0,3256300.0,2368200.0,,,,,,,,,FY2009;FY2010;FY2011,3,December 2009,Upper Chesapeake Medical Center,49,0.975,Upper Chesapeake,short_name,high,,
UPPER CHESAPEAKE MEDICAL CENTER,False,2010,,,10861050.0,226352700.0,226535100.0,182400.0,,189667350.0,192157050.0,,188744950.0,188878050.0,133100.0,25000.0,8073.43,7831.44,8034.16,7697.8,174081113.0,181321000.0,,,,,7409.98,7389.81,922400.0,3279000.0,2356600.0,-70.33,4.07,4.05,-6.67,-17.43,5.65,8.22,5.64,FY2010;FY2011;FY2012,3,December 2010,Upper Chesapeake Medical Center,49,0.975,Upper Chesapeake,short_name,high,,
UPPER CHESAPEAKE MEDICAL CENTER,False,2011,,,9117246.0,259833100.0,260107000.0,273900.0,,217061606.0,219647506.0,,215725606.0,215908506.0,182900.0,-11775000.0,9313.93,9414.96,9256.6,9254.69,190492953.0,198755260.0,,,,,8173.89,8519.44,1336000.0,3739000.0,2403000.0,-16.06,15.37,15.22,70.46,92.8,4.15,12.24,9.51,FY2011;FY2012,2,December 2011,Upper Chesapeake Medical Center,49,0.975,Upper Chesapeake,short_name,high,,
UPPER CHESAPEAKE MEDICAL CENTER,False,2012,,,15544812.0,283588000.0,283898400.0,310400.0,,238600630.0,244998812.0,,237245612.0,237450812.0,205200.0,-3602000.0,9322.46,9561.98,9269.51,9267.39,217111969.0,225852000.0,,,,,8482.86,8814.7,1355018.0,7548000.0,6192982.0,70.5,0.09,0.14,-19.12,-8.35,6.33,9.01,7.82,FY2012,1,December 2012,Upper Chesapeake Medical Center,49,0.975,Upper Chesapeake,short_name,high,,
WASHINGTON ADVENTIST HOSPITAL,False,2007,,,,259383175.0,259816226.0,433051.0,,220580634.0,224828070.0,,218752469.0,219181454.0,428985.0,,9709.55,9899.31,9629.08,9650.69,225792348.0,231640767.0,,,,,9938.96,10199.28,1828165.0,5646616.0,3818451.0,,,,,,,,,FY2009,1,December 2007,Washington Adventist Hospital,16,0.975,Washington Adventist,name_history,high,,
WASHINGTON ADVENTIST HOSPITAL,False,2008,,,,279418776.0,279972324.0,553548.0,,229596810.0,233475314.0,,227431160.0,227980960.0,549800.0,,10172.5,10342.95,10076.55,10099.55,229896023.0,234379490.0,,,,,10185.76,10383.01,2165649.0,5494353.0,3328704.0,,,,,,,,,FY2009;FY2010,2,December 2008,Washington Adventist Hospital,16,0.975,Washington Adventist,name_history,high,,
WASHINGTON ADVENTIST HOSPITAL,False,2009,,,,284247984.0,284778125.0,530141.0,,236361478.0,239571410.0,,233793878.0,234320523.0,526645.0,,10261.38,10397.85,10149.91,10169.95,236950644.0,241160143.0,,,,,10286.96,10466.8,2567600.0,5250887.0,2683287.0,,,,,,,,,FY2009;FY2010;FY2011,3,December 2009,Washington Adventist Hospital,16,0.975,Washington Adventist,name_history,high,,
WASHINGTON ADVENTIST HOSPITAL,False,2010,,,4543188.0,265356838.0,266064689.0,707851.0,,227797617.0,230697621.0,,225153003.0,225857400.0,704397.0,485679.0,11057.21,11183.88,10928.84,10949.24,222235425.0,226640112.0,,,,,10787.22,10987.18,2644614.0,4840221.0,2195607.0,373.7,7.76,7.67,1044.08,355.39,1.97,2.44,1.76,FY2010;FY2011;FY2012,3,December 2010,Washington Adventist Hospital,16,0.975,Washington Adventist,name_history,high,,
WASHINGTON ADVENTIST HOSPITAL,False,2011,,,2058647.0,270695934.0,271270030.0,574096.0,,222113273.0,224999670.0,,219464572.0,220034135.0,569563.0,-427994.0,11502.87,11645.48,11365.7,11388.47,218674356.0,222513029.0,,,,,11324.77,11516.78,2648701.0,4965535.0,2316834.0,-54.69,4.03,4.0,-38.17,-38.72,0.92,1.55,1.11,FY2011;FY2012;FY2013,3,December 2011,Washington Adventist Hospital,16,0.975,Washington Adventist,name_history,high,,
WASHINGTON ADVENTIST HOSPITAL,False,2012,,,-7395623.0,260716100.0,261401658.0,685558.0,,206488551.0,210278561.0,3790010.0,203900463.0,204582850.0,682387.0,-1012274.0,10797.1,10966.44,10661.77,10669.39,203178114.0,216661910.0,,3310437.0,-6383349.0,-9693786.0,10624.0,11299.34,2588088.0,5695711.0,3107623.0,-459.25,-6.14,-6.19,-3.74,-356.71,-3.53,1.6,-3.04,FY2012;FY2013;FY2014;FY2015,4,December 2012;June 2012,Washington Adventist Hospital,16,0.975,Washington Adventist,name_history,high,1.6,-3.04
WASHINGTON ADVENTIST HOSPITAL,False,2013,,,-12230677.0,245900400.0,245924351.0,23951.0,,199999849.0,202675038.0,2675189.0,196111014.0,196134413.0,23399.0,-1509711.0,10874.01,11018.42,10662.57,10662.84,199029900.0,213396004.0,,969949.0,-10720966.0,-11690915.0,10821.27,11601.27,3888835.0,6540625.0,2651790.0,,,,,,-6.08,0.48,-5.29,FY2013;FY2014;FY2015;FY2016,4,December 2013;June 2013,WASHINGTON ADVENTIST HOSPITAL;Washington Adventist Hospital,16,0.975,Washington Adventist,name_history,high,0.48,-5.29
WASHINGTON ADVENTIST HOSPITAL,False,2014,,,2625923.0,260306100.0,260309891.0,3791.0,,211284922.0,214836404.0,3551482.0,209906016.0,209909807.0,3791.0,-1500747.0,,,,,194645259.0,210709734.0,,16639663.0,4126670.0,-12512993.0,,,1378906.0,4926597.0,3547691.0,,,,,,1.23,7.88,1.92,FY2014;FY2015;FY2016;FY2017,4,December 2014,WASHINGTON ADVENTIST HOSPITAL;Washington Adventist Hospital,16,0.975,Washington Adventist,name_history,high,7.88,1.92
WASHINGTON ADVENTIST HOSPITAL,False,2015,,,8433093.0,260621900.0,260621900.0,0.0,,224047912.0,227604820.0,3556908.0,222422118.0,222422118.0,0.0,-1216081.0,,,,,202140053.0,217955646.0,,21907859.0,9649174.0,-12258685.0,,,1625794.0,5182702.0,3556908.0,,,,,,3.73,9.78,4.24,FY2016;FY2017;FY2018,3,December 2015,WASHINGTON ADVENTIST HOSPITAL,16,0.975,Washington Adventist,name_history,high,9.78,4.24
WASHINGTON ADVENTIST HOSPITAL,False,2016,,,12283273.0,263177900.0,263191450.0,13550.0,,228053079.0,231769747.0,3716668.0,227111427.0,227124977.0,13550.0,-366429.0,,,,,204234173.0,219120045.0,,23818906.0,12649702.0,-11169204.0,,,941652.0,4644770.0,3703118.0,,,,,,5.31,10.44,5.46,FY2017;FY2018,2,December 2016,WASHINGTON ADVENTIST HOSPITAL,16,0.975,Washington Adventist,name_history,high,10.44,5.46
WASHINGTON ADVENTIST HOSPITAL,False,2017,,,5820123.0,271147900.0,309883540.0,38735640.0,,232966808.0,251734386.0,18767578.0,233023360.0,247978619.0,14955259.0,-2205496.0,,,,,205395368.0,243708767.0,,27571440.0,8025619.0,-19545821.0,,,-56552.0,3755767.0,3812319.0,,,,,,2.33,11.83,3.19,FY2018,1,December 2017,WASHINGTON ADVENTIST HOSPITAL,16,0.975,Washington Adventist,name_history,high,11.83,3.19
WASHINGTON COUNTY HOSPITAL,False,2007,,,,206966700.0,251003000.0,44036300.0,,177059800.0,207734800.0,,175218800.0,204111200.0,28892400.0,,7702.04,7451.04,7621.96,7321.06,171175839.0,203255000.0,,,,,7446.09,7290.35,1841000.0,3623600.0,1782600.0,,,,,,,,,FY2009,1,June 2007,Washington County Hospital,16,0.677,Washington Adventist,name_history,medium,,
WASHINGTON COUNTY HOSPITAL,False,2008,,,,229868300.0,277956300.0,48088000.0,,194949500.0,226485700.0,,194093600.0,223748900.0,29655300.0,,8096.9,7779.29,8061.35,7685.29,185543944.0,218839600.0,,,,,7706.25,7516.66,855900.0,2736800.0,1880900.0,,,,,,,,,FY2009;FY2010,2,June 2008,Washington County Hospital,16,0.677,Washington Adventist,name_history,medium,,
WASHINGTON COUNTY HOSPITAL,False,2009,,,,243018300.0,284584700.0,41566400.0,,205595800.0,235079200.0,,203634400.0,230865600.0,27231200.0,,8273.02,8077.77,8194.1,7932.99,200960847.0,231305500.0,,,,,8086.52,7948.1,1961400.0,4213600.0,2252200.0,,,,,,,,,FY2009;FY2010,2,June 2009,Washington County Hospital,16,0.677,Washington Adventist,name_history,medium,,
WASHINGTON COUNTY HOSPITAL,False,2010,,,,250295900.0,297358400.0,47062500.0,,213278000.0,243568700.0,,209148200.0,237455700.0,28307500.0,,8578.96,8246.77,8412.85,8039.79,211006835.0,243735000.0,,,,,8487.61,8252.4,4129800.0,6113000.0,1983200.0,,,,,,,,,FY2010,1,June 2010,Washington County Hospital,16,0.677,Washington Adventist,name_history,medium,,
WESTERN MARYLAND REGIONAL M C,False,2010,,,1740800.0,278853100.0,322886200.0,44033100.0,,235700700.0,270290400.0,,234206000.0,265762000.0,31556000.0,6751000.0,8877.56,9162.79,8821.26,9009.28,232833577.0,275300600.0,,,,,8769.57,9332.64,1494700.0,4528400.0,3033700.0,,,,,,0.63,1.22,-1.85,FY2012,1,June 2010,Western Maryland Regional M. C.,27,0.919,Western Maryland,hscrc_name,high,,
WESTERN MARYLAND REGIONAL M C,False,2011,,,10990000.0,304982500.0,356893400.0,51910900.0,,249432900.0,290325700.0,,247155600.0,285425300.0,38269700.0,8160100.0,9606.65,9898.84,9518.94,9731.76,234036619.0,287495800.0,,,,,9013.68,9802.36,2277300.0,4900400.0,2623100.0,,,,,,3.68,6.17,0.97,FY2012;FY2013,2,June 2011,Western Maryland Regional M. C.,27,0.919,Western Maryland,hscrc_name,high,,
WESTERN MARYLAND REGIONAL M C,False,2012,,,-1723700.0,308555800.0,366166600.0,57610800.0,,242617800.0,288565200.0,45947400.0,239944900.0,283516200.0,43571300.0,8144000.0,9919.64,10300.38,9810.36,10120.15,240958708.0,298432900.0,,1659092.0,-9867700.0,-11526792.0,9851.81,10652.61,2672900.0,5049000.0,2376100.0,,,,,,-0.58,0.68,-3.42,FY2012;FY2013;FY2014,3,June 2012,Western Maryland Regional M. C.,27,0.919,Western Maryland,hscrc_name,high,0.68,-3.42
WESTERN MARYLAND REGIONAL M C,False,2013,,,15201700.0,314237400.0,374794000.0,60556600.0,,260010400.0,300745100.0,40734700.0,253404700.0,291258100.0,37853400.0,4332300.0,11823.5,11794.66,11523.11,11422.59,230006375.0,289875700.0,,30004025.0,10869400.0,-19134625.0,10459.12,11368.38,6605700.0,9487000.0,2881300.0,,,,,,4.98,11.54,3.61,FY2013;FY2014;FY2015,3,June 2013,Western Maryland Regional M. C.,27,0.919,Western Maryland,hscrc_name,high,11.54,3.61
WESTERN MARYLAND REGIONAL M C,False,2014,,,25261700.0,317898800.0,380730300.0,62831500.0,,260760899.0,301341799.0,40580900.0,255447200.0,293355000.0,37907800.0,5514799.0,,,,,221999899.0,281594900.0,,38761001.0,19746900.0,-19014101.0,,,5313699.0,7986799.0,2673100.0,,,,,,8.23,14.86,6.55,FY2014;FY2015,2,June 2014,Western Maryland Regional M. C.,27,0.919,Western Maryland,hscrc_name,high,14.86,6.55
WESTERN MARYLAND REGIONAL M C,False,2015,,,21186600.0,322958900.0,391843100.0,68884200.0,,266603000.0,311591100.0,44988100.0,262636400.0,305112200.0,42475800.0,-450600.0,,,,,225634304.0,289953900.0,,40968696.0,21637200.0,-19331496.0,,,3966600.0,6478900.0,2512300.0,,,,,,6.81,15.37,6.94,FY2015,1,June 2015,Western Maryland Regional M. C.,27,0.919,Western Maryland,hscrc_name,high,15.37,6.94
WESTERN MARYLAND REGIONAL MEDICAL CENTER,False,2014,,,16835600.0,317898800.0,140175500.0,62831500.0,9139.0,260760899.0,204622100.0,40580900.0,255447200.0,117408500.0,37907800.0,6058100.0,,,,,221999899.0,193844600.0,,38761001.0,10777500.0,-19014101.0,,,5313699.0,87213600.0,2673100.0,,,,,,8.23,14.86,6.55,FY2016,1,June 2014,WESTERN MARYLAND REGIONAL MEDICAL CENTER,27,1.0,WESTERN MARYLAND REGIONAL MEDICAL CENTER,cms_name,high,14.86,5.27
WESTERN MARYLAND REGIONAL MEDICAL CENTER,False,2015,,,23691759.0,322958900.0,350995883.0,68884200.0,16781.0,266603000.0,378479272.0,44988100.0,262636400.0,274488326.0,42475800.0,4168263.0,,,,,225634304.0,358955776.0,,40968696.0,19523496.0,-19331496.0,,,3966600.0,103990946.0,2512300.0,,,,,,6.81,15.37,6.94,FY2016;FY2017,2,June 2015,WESTERN MARYLAND REGIONAL MEDICAL CENTER,27,1.0,WESTERN MARYLAND REGIONAL MEDICAL CENTER,cms_name,high,15.37,5.16
WESTERN MARYLAND REGIONAL MEDICAL CENTER,False,2016,,,7960700.0,325608000.0,399221400.0,73613400.0,16756.0,273142400.0,319167000.0,46024600.0,268769800.0,312546600.0,43776800.0,1976900.0,,,,,237078721.0,313183200.0,,36063679.0,5983800.0,-30079879.0,,,4372600.0,6620400.0,2247800.0,,,,,,2.48,13.2,1.87,FY2016;FY2017;FY2018,3,June 2016,WESTERN MARYLAND REGIONAL MEDICAL CENTER,27,1.0,WESTERN MARYLAND REGIONAL MEDICAL CENTER,cms_name,high,13.2,1.87
WESTERN MARYLAND REGIONAL MEDICAL CENTER,False,2017,,,20451600.0,329028900.0,408214900.0,79186000.0,16643.0,274587500.0,328707700.0,54120200.0,270829300.0,323334700.0,52505400.0,13294500.0,,,,,243710720.0,321550600.0,,30876780.0,7157100.0,-23719680.0,,,3758200.0,5373000.0,1614800.0,,,,,,5.98,11.24,2.18,FY2017;FY2018,2,June 2017,WESTERN MARYLAND REGIONAL MEDICAL CENTER,27,1.0,WESTERN MARYLAND REGIONAL MEDICAL CENTER,cms_name,high,11.24,2.18
WESTERN MARYLAND REGIONAL MEDICAL CENTER,False,2018,,,21785897.0,332245500.0,411803600.0,79558100.0,,278459600.0,332631797.0,54172197.0,275121700.0,327223997.0,52102297.0,11141000.0,,,,,243235979.0,321986900.0,,35223621.0,10644897.0,-24578724.0,,,3337900.0,5407800.0,2069900.0,,,,,,6.34,12.65,3.2,FY2018,1,June 2018,WESTERN MARYLAND REGIONAL MEDICAL CENTER,27,1.0,WESTERN MARYLAND REGIONAL MEDICAL CENTER,cms_name,high,12.65,3.2
WHITE OAK HOSPITAL ADVENTIST,False,2016,,,12283273.0,263177900.0,263191450.0,13550.0,,228053079.0,231769747.0,3716668.0,227111427.0,227124977.0,13550.0,-366429.0,,,,,204234173.0,219120045.0,,23818906.0,12649702.0,-11169204.0,,,941652.0,4644770.0,3703118.0,,,,,,5.31,10.44,5.46,FY2019,1,December 2016,WHITE OAK HOSPITAL-ADVENTIST,16,0.808,White Oak,short_name,medium,10.44,5.46
WHITE OAK HOSPITAL ADVENTIST,False,2017,,,5820123.0,271147900.0,309883540.0,38735640.0,,232966808.0,251734386.0,18767578.0,233023360.0,247978619.0,14955259.0,-2205496.0,,,,,205395368.0,243708767.0,,27571440.0,8025619.0,-19545821.0,,,-56552.0,3755767.0,3812319.0,,,,,,2.33,11.83,3.19,FY2019,1,December 2017,WHITE OAK HOSPITAL-ADVENTIST,16,0.808,White Oak,short_name,medium,11.83,3.19
WHITE OAK HOSPITAL ADVENTIST,False,2018,,,5563376.0,279406300.0,316733097.0,37326797.0,,238697248.0,257347697.0,18650449.0,238456548.0,252652474.0,14195926.0,-145880.0,,,,,212891465.0,251638441.0,,25805783.0,5709256.0,-20096527.0,,,240700.0,4695223.0,4454523.0,,,,,,2.16,10.81,2.22,FY2019,1,December 2018,WHITE OAK HOSPITAL-ADVENTIST,16,0.808,White Oak,short_name,medium,10.81,2.22
WVU MEDICINE GARRETT REGIONAL MEDICAL CENTER,False,2022,,,-23964008.0,71160321.0,339906894.0,17246325.0,11682.0,64773235.0,382112751.0,7828785.0,60123816.0,273322820.0,7433904.0,-13432685.0,,,,,58082898.0,392644075.0,19426077.0,6690337.0,-10531324.0,-11597292.0,,,4649419.0,108789931.0,394881.0,,,,,,-9.13,10.33,-6.76,FY2024,1,December 2022;June 2022,WVU Medicine Garrett Regional Medical Center,17,0.673,GARRETT REGIONAL MEDICAL CENTER,cms_name,medium,10.33,-2.76
WVU MEDICINE GARRETT REGIONAL MEDICAL CENTER,False,2023,,,17684754.0,90382193.0,436523992.0,18633299.0,12633.0,75450528.0,458337892.0,8597105.0,73879927.0,336356907.0,8156212.0,11344964.0,,,,,51834206.0,451998103.0,21052326.0,23616322.0,6339790.0,-12455221.0,,,1570601.0,121980985.0,440892.0,,,,,,15.08,31.3,13.28,FY2024,1,December 2023,WVU Medicine Garrett Regional Medical Center,17,0.673,GARRETT REGIONAL MEDICAL CENTER,cms_name,medium,31.3,1.38
