fiscal_year,hosp_num,setting,volume,revenue,volume_md_resident,volume_nonmd_resident,revenue_md_resident,revenue_nonmd_resident,medicare_volume_md_resident,medicare_volume_nonmd_resident,medicare_revenue_md_resident,medicare_revenue_nonmd_resident,medicare_ffs_volume_md_resident,medicare_nonffs_volume_md_resident,medicare_ffs_revenue_md_resident,medicare_nonffs_revenue_md_resident,medicaid_volume,medicaid_revenue,months_reported,medicare_revenue_share,medicare_volume_share,md_resident_revenue_share,medicare_advantage_share_of_medicare_revenue,medicaid_revenue_share
2017,1,inpatient,33879314.0,192822272.0,27409850.0,6469464.0,164891888.0,27930384.0,16318684.0,3243975.0,95295258.0,12773445.0,14580240.0,1738444.0,84935202.0,10360056.0,,,12,0.5779256891036386,0.5953583839386206,0.8551495959968773,0.10871533607684865,
2017,1,outpatient,20535244.0,133130799.0,16569133.0,3966111.0,111639596.0,21491203.0,8359228.0,1468413.0,40235108.0,7279148.0,7522246.0,836982.0,35400125.0,4834983.0,,,12,0.3604017699956564,0.5045060595506113,0.8385707652817437,0.12016826200640496,
2017,2,inpatient,221170937.07,912970145.21,197743269.18,23427667.53,835144085.14,77826059.21,80087888.5,9324865.63,308405115.56,30904486.47,74335105.98,5752782.29,284092346.61,24312768.72,,,12,0.36928372127343784,0.4050094288018385,0.9147550875805488,0.07883386978148216,
2017,2,outpatient,109803797.81,477022945.96,101421932.53,8381865.0600000005,449973200.66,27049744.45,34189854.59,2889864.88,127128410.28,9000464.54,31571933.32,2617920.93,116046006.04,11082403.97,,,12,0.2825244038834621,0.33710513827851635,0.943294666369638,0.08717488046606603,
2017,3,inpatient,36660334.08,219819474.04,30487131.86,6173202.05,183912049.5,35907421.27,12023401.59,1737887.66,71580090.63,10754124.12,11394997.41,628402.62,67451871.93,4128218.7,,,12,0.38920827006498016,0.39437627800518193,0.836650393706856,0.057672722452097855,
2017,3,outpatient,7922613.68,73703220.8,6867849.88,1054763.54,62548411.04,11154807.27,1509950.31,188538.82,11182544.73,1698552.76,1452666.36,57283.34,10688598.58,493946.14999999997,,,12,0.17878223513701588,0.2198577919411366,0.8486523432908104,0.04417117587509976,
2017,4,inpatient,56850414.5,350774645.0,51406078.5,5444336.0,320511835.0,30262810.0,22319937.0,2586414.0,119498946.0,13876159.0,21387836.0,932101.0,114915652.0,4583294.0,,,12,0.37283785792184554,0.4341886728434265,0.9137257768445607,0.03835426297400146,
2017,4,outpatient,30467574.0,153857882.0,26674820.0,3792754.0,138555321.0,15302561.0,7376961.0,1449086.0,31717804.0,4729644.0,7071696.0,305265.0,30336788.0,1381016.0,,,12,0.22891797854519064,0.27655148188441386,0.9005409355628592,0.04354071927552109,
2017,5,inpatient,38246104.0,226219134.0,36102611.0,2143493.0,215949013.0,10270121.0,18855423.0,838923.0,106238251.0,3940324.0,17963166.0,892257.0,101127801.0,5110450.0,,,12,0.491959882215345,0.5222731120472145,0.9546010064736611,0.04810367218865454,
2017,5,outpatient,22580662.0,119894333.0,21015422.0,1565240.0,112473014.0,7421319.0,6771634.0,472344.0,32752130.57,1949044.0,6424963.0,346671.0,31095219.0,1656911.57,,,12,0.291199901249201,0.3222221281114412,0.9381011694689523,0.05058942857041743,
2017,6,inpatient,5618587.52,49981806.26,5490179.56,128407.75,48752701.9,1229104.22,3319640.71,30868.52,27016987.85,309744.39,3080566.59,239073.97,25249330.52,1767657.21,,,12,0.55416390881097,0.60465066282823,0.9754089647419637,0.0654276198299434,
2017,6,outpatient,7070711.96,55333032.4,6903098.35,167613.34,53764488.83,1568543.49,2692014.69,32706.16,19117917.73,272303.31,2501015.0100000002,190999.52,17605589.93,1512327.55,,,12,0.3555863386044584,0.38997194498902077,0.9716526728797173,0.0791052441671952,
2017,8,inpatient,57065665.82,227263626.44,53013742.64,4051923.04,214518119.07,12745506.81,23759268.87,1631184.98,82983617.64,5180112.53,21774247.58,1985021.17,75737793.39,7245823.96,,,12,0.38683733569806933,0.44817188311607953,0.9439175218240876,0.0873163181609396,
2017,8,outpatient,58454054.63,296827692.35,54500493.910000004,3953560.55,282738148.24,14089543.27,20007310.51,1135394.3499999999,90306401.69,4144710.84,18459053.96,1548256.42,82474131.91,7832269.41,,,12,0.3193994239975857,0.3671032879635788,0.9525329190196091,0.08672994675268188,
2017,9,inpatient,286524523.14,1378228582.8,212573901.1,73950621.86,1064763961.11,313464621.69,71240656.09,26956072.57,338717875.55,111954033.78,68934487.91,2306168.05,324666463.61,14051411.94,,,12,0.3181154583752927,0.335133596934304,0.772559773028965,0.04148411688395168,
2017,9,outpatient,232257457.51,974681174.8100001,178942409.0,53315048.3,777204314.9,197476859.91,54325480.410000004,17769468.94,199695118.31,61871195.64,53072758.53,1252721.75,194500434.23,5194684.08,,,12,0.25694031090871394,0.30359198087022515,0.7973933784568115,0.026013074951266195,
2017,10,inpatient,2806354.67,26351501.91,2768823.32,37530.909999999996,25889594.67,461906.77999999997,1847224.42,13784.25,16084770.59,110973.12,1662008.96,185215.23,14846425.14,1238345.27,,,12,0.621283214164743,0.6671514237318689,0.9824713125810597,0.07698868088114896,
2017,10,outpatient,2937864.74,23499605.79,2876428.22,61436.13,22996595.48,503009.82,1144315.98,12117.37,8476750.26,100675.96,1077110.13,67205.7,7959855.2,516894.76,,,12,0.3686089215845962,0.39782532101565876,0.9785949468899581,0.06097793896785158,
2017,11,inpatient,38146795.81,242546007.94,37675249.88,471545.83,239950152.95,2595854.99,19146072.87,193994.02,120211018.04,955155.19,17010376.54,2135696.21,106420860.86,13790157.18,,,12,0.500983294080455,0.508187017497759,0.989297473860538,0.11471624984834043,
2017,11,outpatient,31609473.68,188551060.58,31056694.2,552779.4,185552107.5,2998953.08,12078056.24,240880.75,67731587.13,1043524.84,10777336.05,1300720.06,60259110.79,7472476.34,,,12,0.36502731250303905,0.3889034731842129,0.9840947429795677,0.1103248374448656,
2017,12,inpatient,75864524.53999999,407266314.5,72004028.47,3860495.37,392017120.83,15249193.120000001,37358104.730000004,1103718.68,197377439.85,4553088.53,33811066.5,3547038.08,179115853.56,18261586.25,,,12,0.5034918868647924,0.5188335364536585,0.9625571938383329,0.0925211425575191,
2017,12,outpatient,78405159.67,362590566.25,75008955.43,3396203.34,349806091.12,12784474.63,32095121.53,943165.16,130299857.8,2652378.03,29917574.94,2177546.37,119818982.25,10480875.53,,,12,0.37249167784016946,0.42788386194701605,0.9647412913628168,0.08043658455934247,
2017,13,inpatient,5078404.4,62158334.82,5015615.14,62789.27,61254958.96,903375.84,1790347.51,12350.0,20402757.34,261791.84,1595317.35,195030.15,18200120.69,2202636.58,,,12,0.3330792753174999,0.3569547224071901,0.9854665369879032,0.10795778939553864,
2017,13,outpatient,3722574.64,47333072.56,3705846.96,16727.69,46953046.36,380026.18,890511.0,2066.0,10291431.93,22777.91,804001.0,86510.0,9335189.8,956242.11,,,12,0.21918560621377325,0.24029891401667597,0.9919712332319378,0.09291633239224077,
2017,15,inpatient,43420606.08,298287626.81,42834100.24,586504.72,294836006.38,3451618.08,22202372.27,235549.45,149058236.18,1395795.41,18799514.25,3402857.46,126208909.05,22849325.919999998,,,12,0.5055632044747139,0.5183340410000403,0.9884285497628147,0.15329126726286743,
2017,15,outpatient,39653233.97,219714119.88,39151553.02,501679.92,217113246.61,2600871.01,15725489.52,252856.54,79139622.77,1012117.58,13264231.32,2461257.69,66669891.86,12469729.67,,,12,0.3645084950166965,0.4016568515677235,0.9881624664294654,0.15756620051425096,
2017,16,inpatient,29633663.24,158518564.65,26818641.24,2815022.0,143913617.34,14604947.31,14369323.0,2625187.0,68552543.57000001,9299035.06,13415716.0,953607.0,64006749.410000004,4545794.16,,,12,0.47634508003535675,0.535796085693117,0.9078660134082913,0.06631109399111096,
2017,16,outpatient,23176272.77,107514303.67999999,21743076.27,1433196.5,100133841.98,7380461.7,8751993.0,672227.0,34558251.78,2889669.07,8206164.0,545829.0,32332020.11,2226231.67,,,12,0.3451206015534929,0.4025186174817203,0.9313536762330079,0.06441968431077852,
2017,17,inpatient,4728286.5,21433172.98,3194708.0,1533578.5,14786365.94,6646807.04,1989868.5,1016650.5,8655121.73,4060882.53,1781292.5,208576.0,7794828.63,860293.1,,,12,0.5853447537495478,0.6228639675363131,0.6898822658594528,0.09939699600273559,
2017,17,outpatient,7827651.0,33822346.77,5718711.0,2108940.0,24405655.66,9416691.11,2715395.5,958981.5,10724387.28,3960760.29,2524328.0,191067.5,9876047.95,848339.33,,,12,0.439422215465282,0.4748264949916161,0.7215837453847972,0.07910375743163203,
2017,18,inpatient,12241140.0,80684247.1,11941371.35,299768.03,78528271.48,2155973.33,7380138.24,220014.41999999998,46136790.35,1392398.86,7085185.36,294952.63,44156093.33,1980696.1300000001,,,12,0.5875182208964114,0.61803104716277,0.9732788530910145,0.04293094762280099,
2017,18,outpatient,19821823.0,97777197.79,19108154.78,713667.66,94757993.05,3019202.71,7329133.0,288756.01,36381123.43,1109101.07,7045820.92,283311.84,34954052.09,1427070.4,,,12,0.3839372517187351,0.38356047898833273,0.9691215865432707,0.03922557264472028,
2017,19,inpatient,57416323.0,244462317.0,43279864.0,14136459.0,191321353.0,53140964.0,26192623.0,9550141.0,107491439.0,34543662.0,25427399.0,765224.0,104234366.0,3257073.0,,,12,0.5618371254148511,0.605191897090989,0.7826210409353193,0.0303007665568604,
2017,19,outpatient,50258507.0,192606954.0,38560243.0,11698264.0,152295795.0,40311159.0,18655701.0,7068255.0,65333859.0,22658192.0,18137863.0,517838.0,63369452.0,1964407.0,,,12,0.4289931905211171,0.48380662435140775,0.7907076657263372,0.030067212163298055,
2017,22,inpatient,51269692.17,195709879.8,43411599.65,7858092.39,170685463.46,25024416.34,6831952.0,685298.0,96044811.1,13083700.73,6528405.5,303546.5,92047243.74,3997567.36,,,12,0.562700590624743,0.15737618643592186,0.8721351402107396,0.041621898301593935,
2017,22,outpatient,27565389.03,115187224.36,23780225.59,3785163.3,101279256.33,13907968.03,2242682.52,203817.0,39829478.23,4512928.3,2175336.52,67346.0,38413916.82,1415561.41,,,12,0.3932639285997806,0.09430871509238697,0.8792577205738304,0.035540546170996126,
2017,23,inpatient,73991834.0,295707961.23,72224381.0,1767453.0,290077248.42,5630712.81,35394276.0,898898.0,133337495.97,2816200.0,33905684.0,1488592.0,127017272.0,6320223.97,,,12,0.45966202691271374,0.4900599425005802,0.9809585349458331,0.04740019995142256,
2017,23,outpatient,87478075.0,306066640.37,86351161.0,1126914.0,300987384.59,5079255.78,34097570.0,380602.0,106110863.54,1659944.0,32626461.0,1471109.0,101512447.0,4598416.54,,,12,0.3525425614915471,0.3948710081616621,0.9834047390010888,0.04333596378910404,
2017,24,inpatient,46776569.0,242545573.12,44798480.65,1978087.6,234534747.47,8010823.6,27609774.59,936657.95,143521811.29,3561645.7600000002,24044231.35,3565542.92,122643800.72,20878009.51,,,12,0.6119426346765878,0.6163105129771851,0.9669718744112611,0.14546924486490714,
2017,24,outpatient,37048416.86,191896881.32,35413863.08,1634552.93,184156438.91,7740440.14,14686575.91,346667.11,71463602.15,1438041.1199999999,12294804.65,2391770.81,59292376.99,12171223.790000001,,,12,0.3880592097294265,0.414712619089959,0.9596635320138823,0.17031360614110885,
2017,27,inpatient,29024662.97,175472710.4,21031308.27,7993354.7,128968917.85,46503792.55,24660137.14,9472613.16,84811916.26,30378532.38,22675920.79,1984216.35,78345199.17,6466717.09,,,12,0.6576151655288159,1.1725441338890137,0.7349799154296301,0.07624774176986623,
2017,27,outpatient,32465474.49,153556246.98,23459744.88,9005729.61,112993330.4,40562916.58,33320884.57,12651999.34,53727017.68,19540863.28,31644937.47,1675947.1,50640274.74,3086742.94,,,12,0.47548839820726263,1.4203430063046791,0.7358432667002918,0.057452340987633986,
2017,28,inpatient,14018551.0,81837279.0,13669940.46,348610.1,80018237.4,1819039.48,7879048.49,174796.94,42799439.12,880664.15,7562720.04,316328.19,41141057.79,1658380.36,,,12,0.5348710557825908,0.5763776742887144,0.9777724574640367,0.03874771244899436,
2017,28,outpatient,18673251.0,108173903.0,18335376.09,337874.31,106204686.74,1969213.98,7083441.34,115647.75,34988630.84,514446.46,6660873.43,422567.64,33098152.17,1890477.6199999999,,,12,0.32944526191820306,0.38632648194564523,0.9817958287037123,0.0540311974093811,
2017,29,inpatient,61163540.39,356374051.71,54000890.980000004,7162649.37,327022939.78,29351111.93,24483420.26,2248331.27,152872842.02,9794224.86,22783619.58,1699800.54,142537243.74,10335598.28,,,12,0.467468251991261,0.4533891907277564,0.917639593036688,0.06760911973264562,
2017,29,outpatient,49880115.83,288845543.08,43604036.43,6276079.26,259713385.99,29132157.09,13451801.56,2193830.4699999997,73249359.46,10244264.88,13013870.04,437931.36,70331651.92,2917707.54,,,12,0.28203921480897554,0.30849899828872335,0.8991427848276288,0.039832533164925514,
2017,30,inpatient,3006193.8,21587976.06,2956230.84,49962.49,21119317.43,468658.12,2257357.66,24619.64,16323281.06,304984.93,2170295.63,87061.68,15686036.38,637244.38,,,12,0.7729076052814459,0.7635931637868985,0.9782907564517653,0.03903898840298471,
2017,30,outpatient,5224666.51,37618570.93,5108072.08,116594.03,36428225.73,1190344.58,3238479.97,29016.42,17733024.47,300766.59,3125640.49,112839.2,17038989.03,694035.18,,,12,0.4867935265756354,0.6339926139021907,0.9683575114478703,0.039138003851183996,
2017,32,inpatient,9646090.0,67431177.0,9078096.0,567994.0,63329839.0,4101338.0,5339766.0,339637.0,33574454.0,2249247.0,5126696.0,213070.0,32020740.0,1553714.0,,,12,0.5301522083452636,0.5882032972552835,0.9391774223368516,0.046276672138882737,
2017,32,outpatient,14253203.0,93440048.0,12928548.0,1324655.0,85117520.0,8322528.0,5174159.0,503826.0,30336228.0,2568371.0,4957993.0,216166.0,28970258.0,1365970.0,,,12,0.3564040399673299,0.4002119186160735,0.910931895069232,0.04502768109469641,
2017,33,inpatient,19333969.0,138562450.0,18570140.0,763829.0,132894816.0,5667634.0,11402787.0,390167.0,78624172.0,2629778.0,10832960.0,569827.0,75194277.0,3429895.0,,,12,0.5916270804724242,0.6140388279248299,0.9590968981856196,0.043623925222385805,
2017,33,outpatient,14531723.0,96473723.0,13676610.0,855113.0,91404196.0,5069527.0,4949256.0,231185.0,33360842.0,1280249.0,4760201.0,189055.0,31982874.0,1377968.0,,,12,0.3649815157282276,0.36187739505623107,0.9474517325303181,0.04130495267475563,
2017,34,inpatient,14722770.0,116534369.33,14189794.0,532975.38,114190114.55,2344253.21,7023738.01,251869.02,52793367.29,1061599.14,6030496.41,993241.1900000001,45585049.8,7208316.55,,,12,0.46232870067648074,0.49498519922135586,0.9798835760344523,0.13653829865414518,
2017,34,outpatient,9856464.0,77103123.05,9605461.040000001,251002.42,75766630.18,1336491.22,2610844.56,21050.51,18886521.45,140810.34,2182912.14,427932.17,15591909.35,3294610.95,,,12,0.24927229052065514,0.2718083545524432,0.9826661642598666,0.1744424434495321,
2017,35,inpatient,11752989.72,75244397.75,11362916.51,390072.73,72853036.98,2391360.08,6189724.42,176806.16,40139207.73,1143555.59,6171708.78,18015.27,40006082.03,133125.44,,,12,0.5509613517006741,0.5447302560528978,0.9682187532692426,0.0033165936132940215,
2017,35,outpatient,13102548.17,73940675.15,12664739.15,437808.58,71378235.58,2562438.96,3709504.65,83994.88,20423107.89,487895.14,3689355.81,20148.47,20322339.78,100767.66,,,12,0.2861251433864597,0.2929002015805434,0.9653446554984559,0.0049340022362287,
2017,37,inpatient,18611960.78,105485259.17,18158658.86,453301.3,103166161.03,2319097.31,11769146.33,344868.78,64635688.97,1556669.41,11258057.93,511087.93,61957160.24,2678528.18,,,12,0.6265202497086655,0.6481286101984737,0.9780149552814527,0.04144039032744297,
2017,37,outpatient,19610980.86,97582532.18,19209789.63,401190.64,95451041.09,2131490.49,9719052.62,205980.91,45237686.9,955226.38,9215666.74,503385.47,42880261.57,2357424.9899999998,,,12,0.4739360239910401,0.5059426889725913,0.9781570426347589,0.052111970163531945,
2017,38,inpatient,15327608.65,119674228.74,14808132.36,519475.92,116416124.23,3258103.86,7924848.36,233586.47,61233766.64,1654563.96,6984015.72,940832.45,53540928.9,7692837.59,,,12,0.5259904248231302,0.5351686605264785,0.9727752203268556,0.12563064485689787,
2017,38,outpatient,15517353.58,119462301.82,15115478.73,401874.52,117121544.66,2340756.47,5150206.09,117351.46,36141342.04,636203.86,4204627.52,945578.42,30525599.75,5615742.2,,,12,0.3085797932815617,0.3407239811583526,0.9804058927013901,0.15538278002473424,
2017,39,inpatient,10472743.0,66312946.0,10297495.0,175248.0,65276061.0,1036885.0,5729003.0,73372.0,32852405.0,412996.0,5539913.0,189090.0,31806392.71,1046012.29,,,12,0.5032841212646088,0.5563491897786792,0.9843637620925483,0.03183974780537376,
2017,39,outpatient,16309086.0,82879023.0,16102411.0,206675.0,81505099.0,1373924.0,6155760.0,80915.0,27708764.0,396724.0,6032913.0,122847.0,27048029.0,660735.0,,,12,0.33996356473353895,0.38228809337930825,0.9834225362429767,0.023845704557590514,
2017,40,inpatient,18690469.55,135561016.06,18543076.66,147391.56,134538312.91,1022701.95,9916519.3,55854.54,79295470.3,417958.52999999997,9104627.35,811891.83,72927817.71,6367652.59,,,12,0.5893895098346079,0.5347828454698305,0.9924557724652392,0.0803028541972088,
2017,40,outpatient,20177953.88,123239870.17,19671443.2,506509.37,120158532.97,3081336.03,7250273.15,94892.92,44338574.78,358954.72,6755289.1,494983.9,41055277.45,3283297.33,,,12,0.36900063344706463,0.3685684408757564,0.9749972375356325,0.07405058340939302,
2017,43,inpatient,41592965.87,232972061.9,40640448.64,952516.48,228448150.9,4523909.92,22658002.11,670214.58,125731457.25,3027248.56,21078647.89,1579353.79,117313399.0,8418057.81,,,12,0.550371962980069,0.5575234247709329,0.9805817445958742,0.06695267830437876,
2017,43,outpatient,31231279.080000002,183561914.42,30569671.87,661606.48,179998778.73,3563134.65,12530900.12,147693.88,66015587.58,829893.3,11193299.51,1337600.34,59814349.07,6201238.24,,,12,0.3667557527099895,0.4099128107520638,0.9805889162724282,0.09393596978115393,
2017,44,inpatient,44111978.0,235552056.26,42488871.0,1623107.0,227523880.76,8028175.5,7221663.0,225451.0,98016372.26,3528467.0,7045742.0,175921.0,95341229.86,2675142.4,,,12,0.4307959759327024,0.16996598944697777,0.9659176165665114,0.02729281178560525,
2017,44,outpatient,54329162.0,227091221.45,51001301.0,3327861.0,214996566.33,12094655.12,4705703.0,187435.0,76306834.97,3969954.75,4525573.0,180130.0,73079968.31,3226866.66,,,12,0.35492117977770865,0.09226633257845716,0.9467409834568927,0.042288042234599844,
2017,45,inpatient,437963.0,3245746.23,428567.0,9396.0,3115222.38,130523.85,208314.0,8264.0,2333087.06,112024.09,205833.0,2481.0,2302124.99,30961.94,,,12,0.7489311437214315,0.48607102273390157,0.959786181435386,0.013270803533580953,
2017,45,outpatient,1539948.0,13463116.6,1498514.0,41434.0,12892957.44,570159.16,442811.0,23658.0,5260013.82,199246.02,420185.0,22626.0,5054028.88,205984.59,,,12,0.4079757374891327,0.2955000754080376,0.9576502843331238,0.03916046555178062,
2017,48,inpatient,30206866.36,186159938.47,29407651.36,799215.0,182197852.62,3962085.85,14068658.22,297165.0,79951399.23,1580027.85,13430963.22,637695.0,76043059.19,3908340.04,,,12,0.4388163640805922,0.4784012856985938,0.978716764291161,0.048883947968899104,
2017,48,outpatient,23181048.92,116876646.92,22200945.41,980103.51,113226334.26,3650312.66,6070106.57,386641.0,27272835.21,1205488.07,5870317.57,199789.0,26028936.86,1243898.35,,,12,0.24087007133317398,0.27341658014553893,0.9687678184120172,0.04560942565824274,
2017,49,inpatient,26219040.99,132741449.5,25317836.25,901204.48,128249142.35,4492307.03,15036357.43,508389.83,71774530.87,2174009.79,14185430.110000001,850927.19,67665874.76,4108655.9,,,12,0.5596492074319124,0.5939037318009354,0.9661574650049305,0.05724392552898339,
2017,49,outpatient,47288970.45,208674680.25,45489009.86,1799960.33,200853957.14,7820722.9,20326101.58,747128.67,84586639.68,2761716.04,19076122.37,1249979.02,79301840.78,5284798.64,,,12,0.42113504201981494,0.44683543657153585,0.9625219355763215,0.06247793575903876,
2017,51,inpatient,27207395.0,140666616.0,25171928.0,2035467.0,129669861.0,10996755.0,5800467.0,296823.0,73966570.0,4224061.0,5433569.0,366898.0,69703558.0,4263012.0,,,12,0.5704222201641752,0.23043395801863092,0.9218239884294934,0.057634306957859475,
2017,51,outpatient,16967958.0,91915067.0,16037351.0,930607.0,86952155.0,4962912.0,1851755.0,92765.0,28067822.0,1598810.0,1728175.0,123580.0,26331610.0,1736212.0,,,12,0.32279616301631625,0.11546514134410353,0.946005457407761,0.06185773873013731,
2017,55,inpatient,8954848.09,59297378.81,8440917.38,513930.34,55927516.23,3369859.9,5129564.78,184687.64,30448890.54,1317636.97,5036258.3,93305.65,29953452.77,495437.77,,,12,0.544434879152866,0.6077022850802978,0.9431701257690044,0.016271127164687822,
2017,55,outpatient,6087511.37,41194435.72,5821811.63,265699.46,39245056.7,1949377.07,1611800.93,39421.01,8960921.56,309937.68,1596893.52,14906.95,8818112.51,142809.05,,,12,0.22833249110836423,0.27685556188289107,0.952678584232832,0.01593687089478328,
2017,60,inpatient,3014162.0,19523338.0,2718664.0,295498.0,17544942.0,1978396.0,1683199.0,146387.0,11314788.0,887663.0,1656469.0,26730.0,11128941.0,185847.0,,,12,0.6449031293463381,0.6191272625083497,0.8986650745891916,0.01642514203536116,
2017,60,outpatient,3888014.33,28659085.0,3365204.33,522810.0,24648992.0,4010093.0,954452.0,74307.0,6993432.0,621265.0,939814.0,14638.0,6899209.0,94223.0,,,12,0.28372081097677343,0.28362378815790956,0.8600760282472382,0.013473070160687915,
2017,61,inpatient,8519262.36,38066930.3,6101943.05,2417319.31,27021692.78,11045237.52,3804916.14,1619367.69,17826756.86,7620488.58,3655071.15,149844.99,17054037.61,772719.25,,,12,0.6597202109112277,0.6235581205563694,0.7098469082493895,0.04334603630197265,
2017,61,outpatient,12574149.71,69199963.85,9359336.54,3214813.17,50237378.1,18962585.75,4575535.48,1617194.03,22452855.55,9010784.88,4368502.1,207033.38,21292662.32,1160193.23,,,12,0.4469352581519377,0.48887391327847274,0.725974051213323,0.05167241322229056,
2017,62,inpatient,23093587.0,163277626.72,21589801.53,1503784.95,152549972.76,10727651.08,11466025.64,553237.83,76610180.96,4146702.51,10683842.32,782183.14,71297054.95,5313124.63,,,12,0.5021972772196253,0.531085273019645,0.9342980776025331,0.0693527226201712,
2017,62,outpatient,14800465.0,107044998.43,13980817.0,819647.43,100270368.56,6774627.3,4659663.25,241993.76,31257052.65,1772883.49,4320748.14,338914.88,28746848.12,2510203.44,,,12,0.3117277127718578,0.33328976768668095,0.936712317535974,0.08030838569803542,
2017,63,inpatient,54807799.0,243572765.54,51649073.02,3158725.74,233095312.17,10477452.4,28184330.35,1525289.05,122740636.22,4764315.9,26582015.45,1602314.76,115404395.96,7336239.45,,,12,0.5265684456600456,0.5456889872754583,0.9569842985246256,0.059770257641899,
2017,63,outpatient,40317393.0,164604126.29,38740020.88,1577371.8800000001,158194643.96,6409481.15,15834518.83,635216.11,60657940.6,2263058.05,14926622.69,907895.99,57206478.19,3451461.77,,,12,0.38343864925880516,0.408738004531504,0.961061229299272,0.056900411320591385,
2017,65,inpatient,8804159.0,57097854.0,8471468.0,332691.0,55050961.0,2046893.0,3884011.0,144045.0,23652500.0,984798.0,3723878.0,160133.0,22710077.0,942423.0,,,12,0.42964735892621386,0.45848145799523765,0.9641511395507089,0.03984454074622133,
2017,65,outpatient,6996478.0,39242512.0,6586460.0,410018.0,37364933.0,1877579.0,1341656.0,101276.0,6996268.0,453917.0,1301390.0,40266.0,6776583.0,219685.0,,,12,0.18724155078773994,0.20369910391925253,0.9521544645256145,0.03140031228077598,
2017,87,outpatient,1390186.24,14290669.92,1353504.47,36681.77,13916595.36,374074.56,123973.6,4893.3099999999995,1143551.3,44330.47,119870.92,4102.68,1106374.76,37176.54,,,12,0.08217177193258568,0.09159452572772073,0.9738238611559786,0.03250972649849639,
2017,88,outpatient,962704.0,6432806.1,923363.54,39340.12,6197326.99,235478.94,216057.46,7737.2699999999995,1339798.24,57898.72,207654.18,8403.06,1278432.04,61366.0,,,12,0.21618969632583482,0.23398959417435952,0.9633940295511162,0.045802418728360175,
2017,333,outpatient,2211430.0,19933602.88,2063994.94,147434.94,18579631.05,1353971.03,414469.58,19492.97,3106404.27,159299.01,402508.27,11960.92,3010111.57,96292.7,,,12,0.16719407730112057,0.20080939733311556,0.9320759103032759,0.03099812246910155,
2017,2001,inpatient,8483611.26,72082151.27,8147030.26,336580.91,69197348.66,2884802.07,3312823.63,178267.28,27390681.67,1382590.78,3159566.67,153256.84,26083169.04,1307512.37,,,12,0.39583426533556443,0.40662959683176625,0.9599789606834247,0.04773566374699137,
2017,2001,outpatient,8673988.88,52204671.83,8095593.4399999995,578395.29,49777356.38,2427314.81,1477540.91,72921.25,9290519.13,284145.18,1364029.09,113511.72,8433002.53,857516.52,,,12,0.18664147326499705,0.182511748020785,0.9535038653646873,0.09230017268152377,
2017,2004,inpatient,19498271.0,158209091.38,19241880.22,256390.02000000002,156337312.35,1871777.18,11893092.58,135157.44,98557264.33,894713.59,10357053.22,1536038.91,86060996.38,12496266.62,,,12,0.6304142168528203,0.618083703048849,0.9881689540488909,0.12679193872669456,
2017,2004,outpatient,19366060.0,139368717.76,18901153.97,464905.32,136853636.79,2515078.8,9091177.18,212460.11,63193429.24,913540.91,7970500.03,1120676.8,54243634.29,8949793.55,,,12,0.4617592248349925,0.48098529827488623,0.9819537625772585,0.14162538190497478,
2017,3028,inpatient,686353.0,40518374.0,506564.0,179789.0,29960017.0,10558357.0,423591.0,153681.0,25233447.0,8971149.0,420491.0,3100.0,25031944.0,201503.0,,,12,0.8422374059400567,0.8362043098206742,0.7394180477232378,0.007985551874858794,
2017,3028,outpatient,35728.0,2448546.0,33010.0,2718.0,2269213.0,179333.0,18632.0,1528.0,1291294.0,103491.0,18504.0,128.0,1282602.0,8692.0,,,12,0.5690492695044493,0.5644350196910027,0.9267593910835247,0.006731232391693914,
2017,3029,inpatient,2147916.0,58412596.21,2049139.0,98777.0,55643098.36,2769497.85,833002.0,50701.0,23432191.65,1424091.18,815226.0,17776.0,22915609.66,516581.99,,,12,0.42111586774694476,0.40651317455770447,0.9525873179811536,0.0220458247233566,
2017,3029,outpatient,653824.0,13165779.02,634396.0,19428.0,12776127.0,389652.02,230045.0,6855.0,4685283.12,120609.02,227521.0,2524.0,4632231.12,53052.0,,,12,0.3667217083862739,0.3626205083260298,0.9704041804584382,0.011323115090641524,
2017,3478,inpatient,922.0,1041860.0,922.0,0.0,1041860.0,0.0,0.0,0.0,0.0,0.0,0.0,0.0,0.0,0.0,,,5,0.0,0.0,1.0,,
2017,3478,outpatient,355.0,181185.0,355.0,0.0,181185.0,0.0,0.0,0.0,0.0,0.0,0.0,0.0,0.0,0.0,,,4,0.0,0.0,1.0,,
2017,4000,inpatient,2839757.39,134288348.21,2555212.0,284545.39,122574573.18,11713775.03,485249.93,55658.17,21778039.77,1904211.74,485249.93,0.0,21778039.77,0.0,,,12,0.1776717569150258,0.18990593735470873,0.9127714713440215,0.0,
2017,4000,outpatient,157599.24,16581027.14,151028.0,6571.24,15477456.9,1103570.24,12805.55,594.94,1697767.93,130042.34,12805.55,0.0,1697767.93,0.0,,,12,0.10969295155976172,0.08478924437852584,0.9334437950868706,0.0,
2017,4003,inpatient,950380.0,20463745.0,650938.0,299442.0,13704337.0,6759408.0,195030.0,35574.0,1806165.0,347690.0,186163.0,8867.0,1756111.0,50054.0,,,12,0.13179513901329193,0.29961378810270717,0.6696886127148282,0.027712861228071633,
2017,4003,outpatient,16882.0,1516207.0,14347.0,2535.0,1268838.0,247369.0,1158.0,255.0,123591.0,32791.0,1127.0,31.0,120221.0,3370.0,,,12,0.09740486965239062,0.0807137380637067,0.8368501134739518,0.027267357655492715,
2017,4013,inpatient,456235.0,35643752.14,436306.0,19929.0,34143197.56,1500554.58,75095.0,4692.0,5329407.22,318193.32,73261.0,1834.0,5132806.03,196601.19,,,12,0.15608986857878812,0.17211544191461955,0.9579013294081334,0.03688987947143585,
2017,4013,outpatient,202186.0,4783749.68,200713.0,1473.0,4735688.77,48060.91,0.0,0.0,0.0,0.0,0.0,0.0,0.0,0.0,,,12,0.0,0.0,0.9899532974727056,,
2017,5033,inpatient,4769665.06,56643594.8,4679123.72,90541.1,55376855.02,1266739.78,3650236.71,82950.75,45411696.11,1169400.51,3355164.93,295071.68,43145267.13,2266428.98,,,12,0.8200483052639778,0.7801111764576296,0.9776366633425604,0.049908485569666164,
2017,5033,outpatient,10131.82,2788419.2,10111.82,20.0,2786419.4,1999.8,8879.38,20.0,2199899.32,1451.1399999999999,8448.01,431.39,2143858.4,56040.92,,,12,0.7895076096584742,0.8781188747426278,0.9992828194555538,0.02547431125166219,
2017,5034,inpatient,7245741.72,44497222.15,7159731.79,86009.8,43889072.87,608148.98,966.9799999999999,0.0,1857.8799999999999,0.0,966.9799999999999,0.0,1857.8799999999999,0.0,,,12,4.2331265586381024e-05,0.00013505813183541053,0.9863328708936048,0.0,
2017,5034,outpatient,1334727.29,14666137.48,1291764.9,42962.24,14291790.32,374346.93,31850.06,4117.47,61110.95,6782.669999999999,31850.06,0.0,61110.95,0.0,,,12,0.004275947843600885,0.02465623582123961,0.9744754090495543,0.0,
2017,5050,inpatient,43590150.0,234747088.57,42061761.0,1528389.0,227586648.37,7160440.2,16707090.0,655973.0,86948217.6,2867144.02,16019390.0,687700.0,83646089.1,3302128.5,,,12,0.38204445745272164,0.39720376900054183,0.9694972140288556,0.03797810456783878,
2017,5050,outpatient,28670065.23,157619962.03,27467232.23,1202833.0,151784108.65,5835853.38,7591590.0,336078.0,38484082.08,1485195.11,7257265.0,334325.0,36886582.85,1597499.23,,,12,0.2535448698963651,0.2763871487462208,0.9629751631402548,0.04151064917383629,
2017,8992,inpatient,34854029.269999996,187194770.4,31368456.68,3485572.55,168944810.13,18249959.91,8603163.45,844657.52,51016372.29,4447859.81,7911755.44,691407.93,46991941.28,4024430.88,,,12,0.301970639114299,0.27426161056515197,0.9025081724718951,0.07888508530405347,
2017,8992,outpatient,3164933.26,26000441.93,2924005.67,240927.5,24211710.28,1788731.41,456039.44,49359.54,6043780.9799999995,375146.18,410089.82999999996,45949.55,5322460.03,721320.89,,,12,0.24962222453952143,0.15596393833258196,0.931203798196364,0.11934927694881492,
2018,1,inpatient,31004553.0,202555811.0,25309381.0,5695172.0,174749516.0,27806295.0,16102399.0,2896130.0,99672324.0,13105336.0,14041303.0,2061096.0,87326679.0,12345645.0,,,12,0.5703725325339385,0.636222553210606,0.8627227979156816,0.12386231708613517,
2018,1,outpatient,20244751.0,131761060.0,16615502.0,3629249.0,110785325.0,20975735.0,6450196.0,1293329.0,40674019.0,7028480.0,5605714.0,844482.0,35717970.0,4956049.0,,,12,0.36714266081721564,0.38820349815491584,0.8408047491421213,0.12184802785286598,
2018,2,inpatient,235024299.95,993533100.66,212537812.59,22486487.04,916691524.95,76841574.63,89870663.79,9167950.99,348728127.22,29572692.92,82709623.06,7161040.52,314450493.96,34277632.98,,,12,0.38042036795204476,0.42284552896649347,0.9226582630624441,0.09829328437959772,
2018,2,outpatient,122808101.78999999,484972319.85,113210945.41,9597156.06,456815086.47,28157232.39,38892096.46,3449222.88,133261694.72,9663170.49,34633613.31,4258483.01,117384937.8,15876756.77,,,12,0.2917191193263088,0.3435365398561952,0.941940535103717,0.1191396882904657,
2018,3,inpatient,35734959.52,228125358.45,29514471.46,6220485.74,191079257.49,37046097.63,11898912.6,1962591.1,76192327.14,12256150.47,11023295.6,875615.67,70082802.74,6109524.4,,,12,0.39874724311186666,0.4031551984973272,0.8376063879451627,0.0801855597450649,
2018,3,outpatient,7761637.99,65037732.33,6757121.8,1004514.52,55757910.76,9279819.26,1546585.93,157525.61,10314412.03,1240687.2,1488055.89,58529.27,9761494.5,552917.53,,,12,0.18498562606473098,0.22888235195050058,0.8573163417981059,0.05360630624332351,
2018,4,inpatient,55959302.0,366017926.0,50426678.0,5532624.0,334642462.0,31375464.0,20080915.0,2600747.0,116965026.0,14130315.0,18931068.0,1149847.0,110663639.0,6301387.0,,,12,0.34952236874231457,0.3982200651805776,0.9142788869854424,0.053874112762562036,
2018,4,outpatient,28733718.0,149336816.0,25417914.0,3315804.0,134571018.0,14765798.0,7867581.0,1293910.0,34281277.0,4879138.0,7438866.0,428715.0,32557697.0,1723580.0,,,12,0.25474487381822436,0.30952898023024233,0.9011241943178968,0.050277590300968074,
2018,5,inpatient,37420991.0,239870436.0,35263189.47,2157800.78,228065462.35,11804972.76,18720537.46,985766.0,115089358.0,5075370.5,17750812.4,969725.0,109178232.0,5911126.0,,,12,0.5046329979739697,0.530880437684924,0.9507860416362439,0.05136118667027407,
2018,5,outpatient,22380735.0,115974703.0,21035699.86,1345034.41,109549417.43,6425284.72,7326191.38,482820.74,34109826.0,1908373.0,6816572.53,509618.79000000004,31858906.5,2250919.5,,,12,0.31136474113881557,0.3482741923852492,0.9445975251171801,0.06599035421640673,
2018,6,inpatient,6014930.94,54712915.52,5868447.55,146483.12,53253082.17,1459832.86,3364441.5,45981.61,28551162.48,532751.68,3070774.48,293666.88,26168140.17,2383022.13,,,12,0.5361410329050256,0.5733103127078302,0.9733183045332986,0.08346497736017927,
2018,6,outpatient,6808874.32,51230630.39,6632721.24,176152.83,49751704.79,1478925.11,2601773.15,39129.21,18689678.85,286443.18,2327106.8,274666.15,16598108.28,2091570.49,,,12,0.37565906392330484,0.3922633042844417,0.9711320046475813,0.111910456396098,
2018,8,inpatient,57602663.46,227540351.97,53718148.53,3884514.78,214086055.32,13454296.08,24467818.85,1735536.78,84053175.09,5526185.74,22093977.560000002,2373841.16,74993437.24,9059737.42,,,12,0.39261396527841824,0.4554851483076608,0.9408707223421457,0.10778578453817217,
2018,8,outpatient,62734889.35,311489076.95,59211635.08,3523254.15,297396643.1,14092433.07,20537470.17,1253559.21,95178277.39,4768831.65,18262732.45,2274737.58,83921391.05,11256885.61,,,12,0.32003816989284634,0.3468485567448377,0.9547578554343269,0.11827158379715239,
2018,9,inpatient,276745513.71999997,1449222916.29,206762141.23,69983372.31,1134427031.62,314795884.67,73005261.15,26344173.65,372035079.66,114341839.47,69029495.56,3975765.42,350825558.93,21209520.73,,,12,0.32794976608475335,0.35308814619398693,0.7827829789802971,0.057009464670329524,
2018,9,outpatient,235418104.37,960677190.38,180884867.58,54533236.62,765366511.37,195310679.01,53621491.13,17820704.43,197129769.97,60282144.8,51900012.97,1721478.02,189910181.89000002,7219588.08,,,12,0.25756257563077756,0.2964398948755888,0.7966947888783078,0.0366235301806455,
2018,10,inpatient,2147607.41,24798044.419999998,2117205.91,30401.2,24427438.99,370604.92,1433126.3599999999,13144.13,15133001.03,154603.88,1353769.37,79356.75,14275446.700000001,857554.01,,,12,0.6195082929567477,0.6768951254249993,0.9850550541920515,0.05666780887016169,
2018,10,outpatient,2954442.11,26261958.04,2911935.15,42506.63,25841900.48,420057.06,1190614.57,11965.84,9490381.92,112517.86,1079877.77,110736.65,8722975.13,767406.61,,,12,0.36724783176628034,0.4088739991342184,0.984005093627817,0.08086150973363568,
2018,11,inpatient,38148321.52,252414497.23,37634150.38,514171.06,249070512.77,3343984.46,19779801.57,273801.44,125587208.65,1564259.83,17614049.87,2165751.57,111714319.7,13872888.95,,,12,0.5042235118613636,0.5255811907610282,0.9867520110901041,0.11046418738919872,
2018,11,outpatient,30751833.62,186281443.54,30427351.91,324481.57,184193398.93,2088044.61,11896258.47,122577.04000000001,67862963.88,665615.87,10565775.790000001,1330482.53,59702606.24,8160357.64,,,12,0.3684332026783996,0.3909725205528081,0.9887909145950352,0.1202475868049281,
2018,12,inpatient,74953539.6,409942845.95,70941020.77,4012518.36,393817273.08,16125572.459999999,37836186.13,1195332.77,202483821.8,4589620.57,33784255.23,4051930.8200000003,179877050.28,22606771.52,,,12,0.514156781942034,0.5333470778869934,0.9606638509994468,0.11164729764104046,
2018,12,outpatient,81616835.8,373590633.58,77847735.39,3769099.7600000002,359240674.25,14349958.88,34711288.839999996,1189294.73,139922965.53,3549070.23,31302614.02,3408674.66,125145455.1,14777510.43,,,12,0.3894964450284544,0.4458869441237319,0.9615890816306369,0.10561175839881443,
2018,13,inpatient,4455593.06,61803723.95,4444504.49,11088.53,61495538.9,308185.02,1451984.13,1600.91,19964489.05,129506.05,1310290.72,141693.28,18007165.98,1957323.06,,,12,0.324649387697292,0.32669201555919675,0.9950134873709336,0.0980402280818702,
2018,13,outpatient,3365042.45,46495478.42,3355563.05,9479.31,46324222.660000004,171255.75999999998,759972.96,578.93,10124835.52,16510.48,713180.29,46792.48,9214968.94,909866.54,,,12,0.21856460699431407,0.22648150211333387,0.9963167222745184,0.08986482182379196,
2018,15,inpatient,43033438.96,301120170.92,42400546.17,632891.72,297721838.06,3398330.63,21261440.47,273487.74,144330213.09,1430278.86,17896899.92,3364540.07,121862058.62,22468153.16,,,12,0.4847820839427744,0.5014426084219471,0.988714363273582,0.1556718630075709,
2018,15,outpatient,47971296.02,234451675.08,47433037.56,538257.54,231773763.54,2677909.31,20498354.78,193654.01,88710126.24,861410.74,17272455.71,3225898.46,74346697.68,14363427.19,,,12,0.38274446980143295,0.4321535333694535,0.9885779807754146,0.16191417822065315,
2018,16,inpatient,29395498.04,164885731.8,26342573.04,3052925.0,149359861.76,15525870.040000001,12790931.5,2212266.0,64530869.69,8516601.87,12044784.5,746147.0,60397570.1,4133299.59,,,12,0.43204960777007084,0.4855612046924024,0.9058386079225321,0.06405150914370081,
2018,16,outpatient,25685867.169999998,112188747.67,24037741.77,1648125.4,104161821.6,8026926.08,10239801.0,779760.4,37212286.98,3005415.73,9416195.5,823605.5,34272462.01,2939824.97,,,12,0.35725457186128934,0.42598847670373324,0.9284515939725883,0.07900145915729473,
2018,17,inpatient,4734466.0,22573455.27,3309243.5,1425222.5,16091118.14,6482337.13,2150257.0,927489.5,9794180.99,4006478.78,1928825.5,221431.5,8738005.47,1056175.52,,,12,0.6086700069433459,0.6497729768147916,0.7128336334661628,0.10783704335037002,
2018,17,outpatient,8235050.5,35145567.64,5993532.5,2241518.0,25493268.74,9652298.9,2987522.5,1109285.0,11907867.05,4504893.13,2800813.5,186709.0,11037030.15,870836.9,,,12,0.46709847887478084,0.4984577125426449,0.7253622704612546,0.0731312246217932,
2018,18,inpatient,13089328.0,87892266.31,12682533.09,406794.37,85301446.39,2590817.57,8012380.4,257696.61000000002,51605982.99,1577134.64,7426207.7,586172.41,48351171.72,3254810.28,,,12,0.6049836805117743,0.6317649907271009,0.970522777159232,0.06307040562778746,
2018,18,outpatient,17997567.0,95036681.5,17430254.09,567312.19,92267364.51,2769314.91,6772238.95,231951.97999999998,35758648.6,1010236.25,6384734.91,387503.71,33876529.06,1882118.69,,,12,0.38755467645469005,0.3885335758751409,0.9708605461986802,0.05263394349863657,
2018,19,inpatient,54319511.0,254809388.0,41132200.0,13187311.0,202052370.0,52757018.0,25362392.0,9566082.0,113957969.0,36436327.0,24206145.0,1156247.0,108559174.0,5398795.0,,,12,0.5640021396433014,0.6166067460529706,0.7929549675775682,0.04737531782441647,
2018,19,outpatient,45036776.0,195527130.0,34785913.0,10250863.0,156003952.0,39523178.0,16630223.0,6016735.0,65771570.0,21513792.0,15930892.0,699331.0,62617717.0,3153853.0,,,12,0.4216019476224551,0.47807349486557965,0.7978634576183878,0.04795161496068894,
2018,22,inpatient,53012896.37,212602934.26,45607099.39,7405796.83,187045038.65,25557895.61,26510443.69,3905987.9699999997,108668413.85,13076470.26,25473407.62,1037035.94,104196631.08,4471782.77,,,12,0.580974585769907,0.5812788808010182,0.8797857814194404,0.0411507135474767,
2018,22,outpatient,28940375.14,116765188.27,24616275.73,4324099.29,102023520.74,14741667.53,10977432.44,1791778.23,40809215.29,5376036.7,10654554.67,322877.64,39374560.62,1434654.67,,,12,0.39999810822054954,0.44594204908997415,0.8737494646442708,0.03515516433739297,
2018,23,inpatient,68865668.0,302040182.0,67037030.0,1828638.0,295061100.0,6979082.0,33485042.0,895887.0,135426775.0,3199398.0,31456321.0,2028721.0,127166621.0,8260154.0,,,12,0.45897875050286197,0.49950067895310996,0.9768935313381581,0.06099350737695703,
2018,23,outpatient,90798064.5,330940760.0,89253009.5,1545055.0,324530687.0,6410073.0,34754819.0,476605.0,117290327.0,1999392.0,32734650.0,2020169.0,110566965.0,6723362.0,,,12,0.36141521186870074,0.3893966062847438,0.9806307539754244,0.05732239112949186,
2018,24,inpatient,53126870.0,258553967.29,50358519.65,2768349.69,249609201.39,8944763.92,29836180.42,1664283.26,147859556.35,4984918.56,25669602.91,4166577.12,124192466.23,23667088.94,,,12,0.5923642058330132,0.5924753274593131,0.9654046464892672,0.16006465543544154,
2018,24,outpatient,38773231.35,181861104.36,37037340.28,1735890.3800000001,174333174.41,7527927.7,15649423.1,412972.51,67041587.42,1523002.47,12733394.26,2916028.46,53891172.64,13150413.47,,,12,0.3845601254430803,0.42253096420237873,0.9586061572841973,0.19615307417492533,
2018,27,inpatient,27190855.03,173019545.72,20191915.4,6998939.63,129413583.28,43605962.44,23027781.64,7979801.07,86540254.64,28183683.75,21603163.63,1424618.01,81153099.23,5387155.41,,,12,0.6687107523540322,1.1404456280556723,0.7479708881529018,0.06225028378307994,
2018,27,outpatient,34051683.42,159225984.61,25291559.4,8760124.02,118719185.67,40506798.94,35407161.36,12843118.49,57661277.21,19230312.15,33667977.25,1739184.11,54442550.31,3218726.9,,,12,0.4856946826629964,1.399959599169674,0.7456018310125995,0.0558212904004455,
2018,28,inpatient,14126252.0,84066145.0,13885974.38,240277.1,82623913.59,1442229.29,8292104.17,128672.19,44635998.48,667748.75,8092868.71,199235.26,43352510.3,1283487.28,,,12,0.5402309881070836,0.5971568103959011,0.9828440877121224,0.028754532747264312,
2018,28,outpatient,21512445.0,112754407.0,21243397.52,269046.83,111106281.57,1648123.22,8858558.120000001,62287.93,38900803.72,396953.08999999997,8464998.89,393558.88,37191323.3,1709479.35,,,12,0.3501224518569765,0.41700288815195136,0.98538305088155,0.043944576628917015,
2018,29,inpatient,57432459.53,365794371.88,51763084.86,5669374.59,339472296.67,26322075.21,24090241.88,1951269.13,158782974.72,9880604.89,21870544.3,2219697.5,143554875.09,15228099.63,,,12,0.4677347055343148,0.4653942465978447,0.9280413335100874,0.09590511613007272,
2018,29,outpatient,52743068.55,304429812.85,46145405.05,6597663.35,274912990.99,29516821.86,16831426.14,2463221.31,84156860.09,11036077.57,16173405.39,658020.66,79857115.49,4299744.6,,,12,0.30612180161781155,0.36474760860290684,0.9030422757098903,0.051092027380794824,
2018,30,inpatient,2351387.16,19820462.96,2283013.94,68372.94,19351428.59,469034.0,1747074.54,49858.36,14952350.08,302620.04,1656462.1400000001,90612.02,14034122.95,918226.9,,,12,0.7726742245648336,0.7652491775849604,0.976335851945206,0.06141020609383699,
2018,30,outpatient,4531480.63,39592030.24,4431074.46,100405.76,38461719.4,1130310.19,2621418.88,26320.1,19333215.14,301973.19,2492222.24,129196.33,18333068.15,1000146.75,,,12,0.5026612289205147,0.5915989233906938,0.9714510513063297,0.051732044709455395,
2018,32,inpatient,8521142.0,67748523.0,7915962.0,605180.0,63317615.0,4430908.0,4552760.0,296706.0,33100855.0,1808025.0,4273689.0,279071.0,30732778.0,2368077.0,,,12,0.522774823404198,0.5751366669016349,0.9345977180934262,0.07154126381327612,
2018,32,outpatient,14924737.0,98485098.0,13584274.0,1340463.0,90166367.0,8318731.0,5665013.0,419693.0,33250866.0,2258716.0,5169410.0,495603.0,30337410.0,2913456.0,,,12,0.3687723827222627,0.41702729199955774,0.9155330992309111,0.0876204547574791,
2018,33,inpatient,22726154.0,145178490.0,21758562.0,967592.0,139252840.0,5925650.0,13589312.0,439489.0,82292137.0,2292398.0,12733310.0,856002.0,77339124.0,4953013.0,,,12,0.5909548200237783,0.6245500966470119,0.9591836917438664,0.060188168403015226,
2018,33,outpatient,14755365.0,89815254.0,13946433.0,808932.0,85028067.0,4787187.0,5137763.0,189621.0,32278798.0,1248354.0,4815426.0,322337.0,30286148.0,1992650.0,,,12,0.37962521246072783,0.36839262053601807,0.9466996218704675,0.06173247219428679,
2018,34,inpatient,11939526.0,114463561.22,11692679.41,246846.17,112590827.63,1872731.91,6099319.43,104812.27,51526632.58,784593.8099999999,5431852.64,667466.51,45280196.93,6246434.59,,,12,0.4576450290367228,0.5216357360130512,0.9836390413679285,0.12122730085847966,
2018,34,outpatient,9764759.0,80058210.03,9555133.23,209625.27,78678097.67,1380110.47,2554110.24,18661.18,18935149.15,177649.25,2122182.94,431926.93,15701723.870000001,3233424.18,,,12,0.24066607748219593,0.26730242043940605,0.9827611389327486,0.1707630689563383,
2018,35,inpatient,11114251.04,78366130.24,10773110.78,341139.58,75971462.15,2394667.5,5666131.04,168947.6,40373572.28,1116681.61,5634507.92,31622.920000000002,40146834.92,226737.09,,,12,0.5314307654140628,0.52595124618221,0.9694425629711942,0.005615977908210008,
2018,35,outpatient,14042519.87,78374068.36,13536206.06,506313.39,75478908.71000001,2895158.9899999998,4068293.01,110854.8,22196212.37,676184.85,4048899.58,19392.98,22096540.02,99671.87,,,12,0.2940717181707117,0.3005489863235725,0.9630597248480008,0.0044904900141753325,
2018,37,inpatient,16476437.96,101896026.0,16016359.31,460077.98,99766948.26,2129076.9,10521663.11,270317.18,61708805.28,1350226.44,9881581.94,640080.7,57965134.34,3743670.61,,,12,0.6185295466709307,0.6569322594698956,0.9791053898412093,0.06066671673537219,
2018,37,outpatient,24654323.81,109084079.63,24147262.05,507061.24,106895191.26,2188887.42,12013474.34,280181.07,51247954.15,1086029.05,11411056.91,602416.98,47330310.86,3917643.02,,,12,0.47942244684655794,0.4975087575197785,0.9799339337378613,0.07644486662888571,
2018,38,inpatient,13078175.1,117926794.13,12781721.7,296452.89,115663098.58,2263694.92,6008507.55,118526.15,55127773.27,961338.01,5114020.48,894486.86,46272953.19,8854819.98,,,12,0.4766236937001139,0.47008593138121607,0.980804230567783,0.16062357419429285,
2018,38,outpatient,14012676.4,119040339.75,13567581.35,445094.61,116423797.19,2616541.86,4457478.73,174268.2,36945720.78,920848.37,3567597.9499999997,889880.68,29659751.87,7285968.84,,,12,0.31733822183883714,0.3285389352023307,0.9780196984862856,0.19720738115749922,
2018,39,inpatient,10766633.0,68867845.0,10665106.0,101527.0,68051560.0,816285.0,5730913.0,55140.0,34263771.0,366970.0,5483757.0,247156.0,32741680.0,1522091.0,,,12,0.5034972159345061,0.5373517150228043,0.9881470808328618,0.04442275194986565,
2018,39,outpatient,15939462.0,81120013.0,15801628.0,137834.0,80067479.0,1052534.0,5691596.0,42184.0,26695730.0,297054.0,5515867.0,175729.0,25733180.0,962550.0,,,12,0.3334153932834578,0.3601904816389805,0.9870249774244982,0.036056328109401764,
2018,40,inpatient,20473334.88,140979967.09,20117830.13,355504.2,138997981.68,1981984.85,11177985.34,123788.08,82707149.27,744342.34,10044158.87,1133826.37,74988668.45,7718480.82,,,12,0.5950241022952959,0.5556257940229462,0.9859413684730489,0.09332301848299457,
2018,40,outpatient,20637909.38,125947563.58,20121948.62,515960.16000000003,122698314.32000001,3249248.75,7638670.99,56146.56,45914024.84,278734.1,6916068.09,722602.77,41515173.64,4398851.2,,,12,0.3742025723373442,0.3796188497573055,0.9742015711329254,0.09580626432400562,
2018,43,inpatient,40671983.0,247536069.2,39719443.89,952538.86,242183822.0,5352246.35,15042464.25,534799.15,130538106.16,3085117.41,19176281.58,-4133817.41,119416277.52,11121827.78,,,12,0.5390042368726017,0.3787178967474713,0.9783779098646203,0.0851998554840992,
2018,43,outpatient,29562801.0,180539077.84,29031959.14,530841.55,177303828.79,3235247.83,10640276.84,230046.13999999998,66030720.79,1184874.56,10153266.09,487010.60000000003,59599378.37,6431341.65,,,12,0.3724156508103798,0.36650219810139895,0.9820800621743111,0.09739923437234374,
2018,44,inpatient,44912736.27,239524467.78,43119498.15,1793237.99,230901591.76,8622876.02,21095389.44,812281.5,104952723.73,3619462.54,19295226.93,1800162.39,96210443.6,8742280.13,,,12,0.45453443144336686,0.4892308664311299,0.9640000201235391,0.08329731539402709,
2018,44,outpatient,55815152.03,224028473.05,52955172.51,2859979.4,213166227.8,10862245.25,23956633.82,1248736.5,82268100.24,3812536.79,22342823.74,1613809.97,76388713.34,5879386.9,,,12,0.3859340247705035,0.45239459498457973,0.9515139968499643,0.07146618048609507,
2018,45,inpatient,355054.0,2702200.31,348441.0,6613.0,2617960.21,84240.1,167032.0,5737.0,1906336.54,67081.18,157903.0,9129.0,1805752.34,100584.2,,,12,0.7281762850016731,0.47936953458404724,0.9688253680941957,0.05276308662687649,
2018,45,outpatient,1758538.0,14260847.46,1714603.0,43935.0,13699435.12,561412.34,501167.0,24632.0,5648923.47,268601.13,473027.0,28140.0,5348736.31,300187.16,,,12,0.41234718223914624,0.2922933180450518,0.9606326102586331,0.05314059600810984,
2018,48,inpatient,28800580.59,191006487.2,27940275.59,860305.0,186291368.78,4715118.42,13327279.09,366109.0,81090388.85,1940575.85,12703246.59,624032.5,77177518.64,3912870.21,,,12,0.43528795446107515,0.47699168345962617,0.9753143545587388,0.04825319332526545,
2018,48,outpatient,22360381.16,121994601.12,21601254.53,759126.63,118487060.19,3507540.93,5751046.92,225496.0,29473285.48,999148.51,5440174.92,310872.0,27344038.75,2129246.73,,,12,0.2487468710316392,0.2662367091695021,0.9712483921599956,0.07224327710071093,
2018,49,inpatient,26420001.07,141620637.42,25375994.99,1044005.72,136341909.39,5278727.4,14605168.54,490528.52,74201321.21,2312838.52,13575476.94,1029691.33,68783710.66,5417610.3,,,12,0.5442297349507583,0.5755505762731867,0.9627262796851772,0.07301231584094593,
2018,49,outpatient,42808989.19,201593487.16,41223102.4,1585886.53,194392662.78,7200823.71,20203528.41,698550.65,89575093.95,2687872.91,18800579.93,1402948.31,82853779.08,6721314.6,,,12,0.4607946239790687,0.49010208435937613,0.9642804711528956,0.07503552944919908,
2018,51,inpatient,26438941.0,141188035.0,23685065.0,2753876.0,127401102.0,13786933.0,5140942.0,244187.0,70361400.0,4399504.0,4847079.0,293863.0,66337850.0,4023550.0,,,12,0.5522825069440922,0.21705416472363492,0.9023505568301167,0.05718405261976026,
2018,51,outpatient,18669622.0,106520106.0,17551332.0,1118290.0,100506819.0,6013287.0,2039001.0,108885.0,31349585.0,1517131.0,1877822.0,161179.0,29057776.0,2291809.0,,,12,0.31191500548833406,0.11617357588586438,0.943547868793897,0.07310492307952401,
2018,55,inpatient,7873385.8,57867262.62,7492947.96,380436.23,55481741.8,2385518.47,4623343.62,231939.51,31480185.37,1323884.35,4535684.37,87658.41,30851847.39,628337.98,,,12,0.567397207598122,0.6170259882600333,0.9587759864214569,0.01995979288606076,
2018,55,outpatient,6932869.46,45155904.54,6691124.23,241744.0,43334840.26,1821062.46,1805519.77,37101.67,9598057.97,300590.19,1793108.23,12411.06,9506827.209999999,91230.76,,,12,0.22148594323675028,0.26983802839960125,0.9596716243744632,0.009505127004353776,
2018,60,inpatient,2757903.9,20744444.0,2497375.0,260528.9,18714667.0,2029777.0,1484141.0,109627.0,11509825.0,847697.0,1456598.0,27543.0,11290019.0,219806.0,,,12,0.6150162864239048,0.5942803944141348,0.9021532223278677,0.019097249523776425,
2018,60,outpatient,4040623.6,31678229.0,3468350.6,572273.0,27106239.0,4571990.0,1020266.0,78375.0,7978255.0,637898.0,996766.0,23500.0,7835889.0,142366.0,,,12,0.2943327917974899,0.2941646095409155,0.8556740656177465,0.017844252909940832,
2018,61,inpatient,7882258.05,38025843.2,5701619.81,2180638.24,27569109.68,10456733.52,3513246.57,1476948.8,18615933.72,7204495.35,3250835.1,262411.47,17418926.45,1197007.27,,,12,0.6752460973922898,0.6161839419454381,0.7250098185856927,0.06430014674547306,
2018,61,outpatient,15974283.07,72375373.45,11467131.19,4507151.88,51475958.06,20899415.39,5919758.03,2517440.7,23575381.71,10432518.5,5649599.18,270158.85,22075118.11,1500263.6,,,12,0.4579882065044949,0.516237054579298,0.7112358196750693,0.06363687419591732,
2018,62,inpatient,22252076.0,158516282.78,20753495.06,1498580.35,147778059.73,10738220.120000001,11205127.23,640095.81,74954434.7,4561221.82,10367338.54,837788.39,69133115.2,5821318.29,,,12,0.5072094926469232,0.5399151900730499,0.9322579178512326,0.07766476144206047,
2018,62,outpatient,17267985.0,105727292.94,16001398.24,1266586.17,98037155.43,7690135.03,5690322.93,374579.42,31240159.45,1983069.72,5249901.62,440421.08,28419798.14,2820360.17,,,12,0.3186563228296229,0.3556141060082759,0.927264405470363,0.09027995438096267,
2018,63,inpatient,53145253.99,246542983.09,50092397.51,3052856.28,235631801.89000002,10911180.35,27621004.61,1317783.92,124458645.72,4565503.66,25775405.56,1845598.97,116003322.94,8455321.96,,,12,0.5281912064573568,0.5514011303708509,0.9557432904264938,0.0679367986939397,
2018,63,outpatient,43240745.95,167844199.02,41677655.71,1563090.04,161394341.60999998,6449856.23,17182693.9,670076.52,61610800.07,2293036.67,16011686.77,1171006.95,57143235.3,4467564.0,,,12,0.3817407689476432,0.4122759211688876,0.9615723543163296,0.07251267626656548,
2018,65,inpatient,9201201.0,54701260.0,8961823.0,239378.0,53148931.0,1552329.0,3763605.0,127372.0,21187446.0,812103.0,3536138.0,227467.0,19931839.0,1255607.0,,,12,0.3986429378984123,0.4199597559559032,0.9716216957342482,0.059261838354655864,
2018,65,outpatient,8026238.0,41323858.0,7738435.0,287803.0,39876869.0,1446989.0,1899683.0,61881.0,8096404.0,283072.0,1811475.0,88208.0,7686450.0,409954.0,,,12,0.2030350978658831,0.245486716629396,0.964984174517297,0.050634083971106185,
2018,87,outpatient,1444963.49,14185518.85,1406007.46,38956.03,13807030.28,378488.57,128521.13,5242.22,1133879.63,42934.89,120820.31999999999,7700.8099999999995,1064152.97,69726.66,,,12,0.08212335361083889,0.09140856905552977,0.9733186657462304,0.06149388185058057,
2018,88,outpatient,924738.0,7034872.63,892742.19,31995.48,6788667.6,246204.79,214545.71,7556.09,1465033.92,57520.46,201646.4,12899.18,1375029.73,90004.09,,,12,0.2158058114378733,0.2403221360021083,0.965002205022154,0.061434816471689614,
2018,333,outpatient,2333139.0,20721062.1,2168022.28,165116.65,19237772.96,1483288.31,486847.74,23225.07,3600533.04,177484.3,463300.13,23547.23,3425584.32,174948.72,,,12,0.18715955570774134,0.22455845795090262,0.9284163556461712,0.04858967215587612,
2018,2001,inpatient,8628086.28,75066238.13,8174967.33,453118.87,71807015.55,3259222.39,3522061.29,275177.95,30924757.48,1681199.54,3282734.45,239326.69999999998,29077079.39,1847678.03,,,12,0.43066484859639875,0.4308349070796837,0.956582044588998,0.059747535003142734,
2018,2001,outpatient,9373097.69,49836677.75,8838084.6,535012.96,47699210.24,2137467.38,1852242.32,71811.08,10096734.63,270776.63,1651647.53,200594.7,8815892.72,1280841.88,,,12,0.2116750901995647,0.20957508372345748,0.9571105537828513,0.12685704110656612,
2018,2004,inpatient,17289246.0,156715817.66,17136555.03,152690.34,155432129.99,1283686.02,10864288.3,63901.74,100811210.09,559951.71,9396606.4,1467681.52,87375618.48,13435590.37,,,12,0.6485866860119968,0.633983217804308,0.9918088187321015,0.1332747653560082,
2018,2004,outpatient,14971239.0,119037524.77,14776156.4,195081.9,117583680.9,1453841.79,6739965.11,51576.909999999996,54232110.68,402292.31,5683539.71,1056424.98,44886271.71,9345837.74,,,12,0.46122140644773774,0.4561379108033805,0.9877866759006536,0.17233033387075247,
2018,3028,inpatient,679125.8,41164265.0,493512.0,185613.8,29582004.0,11582261.0,410183.0,163092.8,24817608.0,10138430.0,400196.0,9987.0,24208854.0,608754.0,,,12,0.8389427572249669,0.831151015578142,0.718633115397542,0.02452911658528896,
2018,3028,outpatient,33272.0,2375261.0,31219.0,2053.0,2216859.0,158402.0,16354.0,857.0,1146013.0,60083.0,15899.0,455.0,1114956.0,31057.0,,,12,0.5169534914038286,0.5238476568756206,0.9333117497403444,0.02710004162256449,
2018,3029,inpatient,2228032.33,59746194.23,2125400.33,102632.0,56863367.78,2882826.45,893108.0,68426.0,24186482.59,1923918.54,863076.0,30032.0,23394009.95,792472.64,,,12,0.42534382915158386,0.42020695461169894,0.9517487852213278,0.032765104932109934,
2018,3029,outpatient,674476.0,13009419.67,655999.0,18477.0,12649009.82,360409.85,237585.0,7098.0,4570371.14,139170.0,228066.0,9519.0,4378289.14,192082.0,,,12,0.3613224438148155,0.3621728081902564,0.9722962392526153,0.042027659049151095,
2018,4000,inpatient,3107338.65,139786853.24,2757496.0,349842.65,125278321.1,14508532.14,555198.7000000001,74038.73,22517767.3,2542002.54,555198.7000000001,0.0,22517767.3,0.0,,,12,0.17974193062521815,0.20134161572673182,0.8962096091032944,0.0,
2018,4000,outpatient,147418.92,16344170.24,142060.0,5358.92,15468688.27,875481.97,11117.52,485.93,1459549.23,97608.31,11117.52,0.0,1459549.23,0.0,,,12,0.09435507423280694,0.0782593270449106,0.94643460284956,0.0,
2018,4003,inpatient,951749.0,21329257.0,745015.0,206734.0,16124649.0,5204608.0,140599.0,19914.0,1907972.0,261177.0,140354.0,245.0,1875719.0,32253.0,,,12,0.11832642062472182,0.18871969020757973,0.7559873745250479,0.01690433612233303,
2018,4003,outpatient,19016.0,1517056.0,16318.0,2698.0,1293414.0,223642.0,1924.0,596.0,173484.0,58074.0,917.0,1007.0,100293.0,73191.0,,,12,0.1341287476399668,0.11790660620174041,0.8525815790583867,0.4218890502870582,
2018,4013,inpatient,510977.27,37265825.91,488918.81,22058.46,35724602.62,1541223.29,78301.93,3701.23,5026283.53,227342.73,75728.75,2573.1800000000003,4852313.78,173969.75,,,12,0.14069529571719,0.16015323689428107,0.9586424491510753,0.034612004866347044,
2018,4013,outpatient,192073.0,5457415.43,191429.0,644.0,5434666.92,22748.51,0.0,0.0,0.0,0.0,0.0,0.0,0.0,0.0,,,12,0.0,0.0,0.9958316330703085,,
2018,5033,inpatient,4304659.85,57520375.44,4194815.39,109844.22,56287836.92,1232538.51,3112677.75,71030.08,45474819.56,822610.64,2991218.31,121459.34,44173011.43,1301808.13,,,12,0.8078977990330634,0.7420297344718191,0.9785721405576417,0.028627010345414986,
2018,5033,outpatient,9240.0,2356851.88,9147.5,92.5,2348234.43,8617.45,8544.17,44.5,1871114.9,6212.51,8223.92,320.25,1796229.45,74885.45,,,12,0.7968177606526278,0.9340442743919104,0.9963436607649694,0.040021834041298054,
2018,5034,inpatient,7725927.63,46850599.65,7523675.85,202251.55000000002,45448575.6,1402023.8,0.0,0.0,0.0,0.0,0.0,0.0,0.0,0.0,,,12,0.0,0.0,0.9700745761959527,,
2018,5034,outpatient,1517760.49,16710458.92,1441838.02,75922.28,16089011.22,621447.5,32731.43,8465.04,47678.61,7572.56,32731.43,0.0,47678.61,0.0,,,12,0.002963426984296677,0.022701183868074168,0.9628108537907228,0.0,
2018,5050,inpatient,40939120.12,236143616.72,39246543.12,1692577.0,228509697.86,7633918.86,16961623.0,778460.0,92083704.1,3467495.44,16134477.0,827146.0,87456813.14,4626890.96,,,12,0.4029750376564608,0.4321813248147293,0.9676725589027814,0.050246577342016374,
2018,5050,outpatient,31903762.15,172924481.57,30510806.15,1392956.0,166559239.3,6365242.2700000005,8725193.0,372207.0,44874925.43,1558874.15,8245153.0,480040.0,42345987.38,2528938.05,,,12,0.2694232131378376,0.28597058226204886,0.9631906239520902,0.05635525910666677,
2018,8992,inpatient,33626387.62,186835300.1,30722158.56,2904229.0100000002,171931549.43,14903750.3,9261439.6,890264.12,55182792.660000004,4619623.6,8437195.04,824244.4600000001,49990710.57,5192081.99,,,12,0.3209579210037135,0.30145797151305376,0.9202305417551018,0.09408878637205237,
2018,8992,outpatient,3463161.76,28198742.509999998,3234295.46,228866.21,26496800.55,1701941.7,826085.5,29548.489999999998,7124256.8,317625.06,777190.3,48895.13,6644184.5200000005,480072.19,,,12,0.26887234126838755,0.2554143584643315,0.9396447568753662,0.06738558188974884,
2019,1,inpatient,33303799.0,207266681.0,30993664.0,2310135.0,179977577.0,27289104.0,9688541.0,1226315.0,101484976.0,13242567.0,8442875.0,1245666.0,88139780.0,13345196.0,,,12,0.5638756654669265,0.31259747153482725,0.8683382014497545,0.13149922802366332,
2019,1,outpatient,34662896.0,161800435.0,31709962.0,2952934.0,132227792.0,29572643.0,5463071.0,1362240.0,53495655.0,12042910.0,4763465.0,699606.0,46692570.0,6803085.0,,,12,0.4045719450567548,0.17228248334072427,0.8172276669095482,0.12717079545993035,
2019,2,inpatient,242332512.28,1004634368.47,216513849.77,25818662.2,921615289.24,83019078.2,90267203.78,11958256.57,350674252.66,37278357.42,82953323.54,7313880.08,317716432.45,32957820.07,,,12,0.3804996040692638,0.41691191522338983,0.9173638869667248,0.0939841457421016,
2019,2,outpatient,165772309.78,553024121.3,152595446.93,13176862.3,523268177.13,29755942.73,56845380.21,4465751.97,165816196.86,11966121.29,51256180.19,5589199.7299999995,148042279.95,17773916.57,,,12,0.3168856890351367,0.3725234360110144,0.9461941296519719,0.10719047298501645,
2019,3,inpatient,35657748.98,250311993.06,30120852.56,5536892.99,213955809.48,36356180.33,12549386.38,1948269.02,86596526.44,12945110.55,11752659.99,796724.88,80698629.43,5897897.01,,,12,0.4047402435599432,0.4166345011317967,0.8547565255042119,0.06810777813457064,
2019,3,outpatient,9356043.53,77217554.65,8114826.28,1241214.91,66080267.29,11137285.07,1950531.41,200158.72,13310213.15,1549783.24,1855525.44,95005.21,12573504.7,736708.45,,,12,0.20142492904253506,0.24036637910626965,0.8557674170014654,0.05534910986756061,
2019,4,inpatient,56385899.0,363808137.0,51098216.0,5287683.0,333878414.0,29929723.0,20856400.0,2176538.0,119516535.0,12715182.0,17295786.0,3560614.0,97738935.0,21777600.0,,,12,0.35796424682908673,0.4081629777446633,0.9177321231822806,0.18221411790427158,
2019,4,outpatient,30745134.0,154266280.0,27212771.0,3532363.0,140059475.0,14206805.0,9138577.0,1445480.0,36645998.0,5053409.0,7932963.0,1205614.0,31466482.0,5179516.0,,,12,0.2616459757542287,0.33581942096231215,0.9079072562066058,0.14133919889424215,
2019,5,inpatient,37994533.0,230702470.0,35871222.44,2123308.79,219533303.42,11169164.52,18833642.19,964151.58,108271275.0,4609953.0,17394928.6,1438713.49,100580395.0,7690880.0,,,12,0.49318838332633697,0.5250348582767731,0.9515862722232665,0.07103342968853003,
2019,5,outpatient,25484779.0,123695316.0,24008415.95,1476361.46,117082105.52,6613208.51,9030092.290000001,566819.13,38838261.0,2178405.0,8317603.68,712488.51,35795590.0,3042671.0,,,12,0.3317181633137409,0.37612195276881655,0.9465362901857981,0.07834210187732144,
2019,6,inpatient,5428135.54,54526560.75,5291244.53,136890.66,52969449.12,1557111.15,3261044.84,22055.75,30588460.89,369896.54,2916542.72,344501.93,27720539.61,2867921.16,,,12,0.5774736456235965,0.6163096076000101,0.9714430617192374,0.09375826950932281,
2019,6,outpatient,6717746.22,53583505.96,6536255.85,181490.02,52103973.91,1479531.59,2497591.41,28567.33,19065017.73,223448.88,2259967.47,237623.7,17077133.7,1987883.88,,,12,0.3659033332645856,0.38211347097130544,0.9723882933098018,0.10426866149051307,
2019,8,inpatient,59837868.23,242706952.89000002,56011072.18,3826795.94,229810925.96,12896026.06,26364700.72,1725963.05,91806750.19,5504377.62,22916338.21,3448362.38,79280503.19,12526246.32,,,12,0.3994881871107361,0.4707051604952869,0.9468658529290475,0.13644145222520265,
2019,8,outpatient,60282681.37,310957124.3,56939058.36,3343622.84,296665536.78000003,14291586.54,20529807.6,1165553.89,100307793.32000001,4826576.77,17717824.16,2811983.3,84992125.79,15315666.78,,,12,0.3381174450148075,0.3605575538358798,0.9540400061514205,0.15268670831128994,
2019,9,inpatient,281210818.17,1491781338.29,212110684.07,69100133.97,1173930298.7,317851039.59,72835040.87,24930732.84,384453118.97,109743080.31,67602350.06,5232690.65,354210909.68,30242209.29,,,12,0.3274922875708549,0.34338223550287195,0.786931883760963,0.07866293131142443,
2019,9,outpatient,251862324.11,983025581.3,195572180.69,56290143.21,786059867.0600001,196965714.24,61709222.04,18123104.41,213306416.95,60846893.19,58265185.64,3444036.25,200331007.76,12975409.19,,,12,0.27136154113528643,0.3155316969023055,0.7996331753854025,0.06082990552057089,
2019,10,inpatient,1695148.05,20077579.62,1677226.61,17921.36,19794601.919999998,282977.61,1068681.4,4972.72,11599788.66,67649.17,1012255.73,56425.5,10959119.42,640669.19,,,12,0.5860076755713813,0.6371717415096341,0.9859057861875882,0.055231108839874324,
2019,10,outpatient,2699837.2199999997,25118931.85,2644109.38,55727.62,24604124.73,514806.95,1038964.04,12046.44,8796290.01,118942.4,956538.66,82425.25,8064974.78,731315.18,,,12,0.35751281976207083,0.3929353482343458,0.9795052145101464,0.08313904829975019,
2019,11,inpatient,35923607.22,247134789.95,35526558.019999996,397049.06,244789521.44,2345268.5100000002,18169001.62,164825.04,122007454.45,968348.1,15637702.12,2531299.37,104616164.33,17391290.12,,,12,0.49841779881866827,0.5114202622660939,0.9905101644714834,0.14254284870050413,
2019,11,outpatient,29647634.79,182975725.11,29181351.63,466283.08,180428840.46,2546884.65,11715791.26,128085.42,68400431.65,675302.69,9980812.25,1734978.84,58519992.24,9880439.41,,,12,0.3790992142698161,0.4014821317582677,0.9860807511571883,0.14444995699087812,
2019,12,inpatient,72649790.0,413999703.1,68719583.0,3930207.0,396922499.01,17077204.09,38500292.6,1154937.0,211213312.31,4977138.02,34082138.6,4418154.0,186805393.36,24407918.95,,,12,0.5321273367894389,0.5602521278396,0.9587506851765178,0.11556051407487157,
2019,12,outpatient,84974955.65,376816331.84,81743316.79,3231638.86,363493391.83,13322940.01,37472087.02,1032738.65,140733982.2,3299047.27,33574841.66,3897245.36,123665895.45,17068086.75,,,12,0.3871706758999872,0.45841162912763184,0.9646434114335123,0.12127907192837184,
2019,13,inpatient,4569154.06,64533876.1,4535399.49,33754.62,63725031.35,808844.74,1514949.15,1740.49,20598882.6,61304.21,1394067.04,120881.95,18849747.45,1749135.1199999999,,,12,0.3232463313648884,0.3340277197940947,0.9874663541246672,0.08491407781507526,
2019,13,outpatient,3601032.85,48311026.61,3585398.23,15634.57,48031846.64,279179.96,726092.77,825.3,10464361.32,23711.170000000002,669360.51,56732.06,9520653.08,943708.22,,,12,0.21786298158450315,0.20251384181667317,0.9942211956650449,0.09018306909914689,
2019,15,inpatient,43569705.0,301121743.13,42921572.57,648131.43,297779242.66,3342498.19,22105623.78,269700.99,144811269.62,1460683.19,18723595.04,3382028.31,123635026.71,21176241.59,,,12,0.4863041101402202,0.5150236223043401,0.9888998368724342,0.1462333811834444,
2019,15,outpatient,57475408.0,253846823.29,56486894.83,988512.33,250241483.33,3605337.67,25258908.84,249495.35,99147946.37,916983.89,21542900.76,3716007.58,84752452.22,14395492.86,,,12,0.396209073933801,0.4471640531138752,0.9857971830678331,0.1451920426700412,
2019,16,inpatient,31572788.5,171359060.14,28485640.5,3087148.0,155105662.89,16253397.25,11390345.0,2225400.0,68787379.34,8060458.57,10465661.0,924684.0,63219410.69,5567968.65,,,12,0.4434872206360615,0.3998626957326096,0.9051500560476872,0.08094462535749221,
2019,16,outpatient,25170405.4,115598676.65,23214383.0,1956022.4,105828075.06,9770601.59,9621518.2,848337.4,37662070.07,3540639.72,8738017.2,883501.0,34090093.06,3571977.01,,,12,0.35587976109975744,0.41446366246305144,0.9154782574234599,0.09484282205839993,
2019,17,inpatient,3744295.09,23271072.29,2638798.8,1105496.22,16560563.0,6710509.29,1782859.31,783160.12,9974557.78,4190331.52,1573297.75,209561.54,8881313.06,1093244.72,,,12,0.6023078913440322,0.6756329091858008,0.711637297741384,0.1096033271963261,
2019,17,outpatient,8522247.89,40192159.81,6135126.09,2387121.73,28933772.07,11258387.74,3386786.94,1299156.2,14598434.3,5790894.35,3134264.44,252522.49,13397774.63,1200659.67,,,12,0.5045465300784752,0.55203216532425,0.7198859729553807,0.08224578371394252,
2019,18,inpatient,11978234.0,84351493.12,11670866.82,307366.77,82157799.17,2193691.84,7482482.57,206085.04,48131193.54,1337181.96,6924319.37,558162.97,44670416.46,3460775.98,,,12,0.5858383991081293,0.6411248354901543,0.9739934188612499,0.07190297446340867,
2019,18,outpatient,15352780.0,95703934.64,14942359.42,410419.98,93169731.42,2534201.15,5649104.1,72173.0,35610646.02,661238.91,5310013.78,339090.0,32925876.44,2684768.56,,,12,0.38221260786371386,0.37805971207189715,0.9735203862878505,0.0753923014621008,
2019,19,inpatient,51702204.0,248824300.0,39896209.0,11805995.0,198966560.0,49857740.0,24562129.0,8370930.0,110670562.0,33755431.0,23251812.0,1310317.0,104591779.0,6078783.0,,,12,0.5562269458747239,0.6156507000452098,0.799626724560262,0.05492682868999978,
2019,19,outpatient,46202316.0,206383453.0,35354868.0,10847448.0,163632134.0,42751319.0,17521215.0,6451085.0,71927477.0,23727356.0,16490348.0,1030867.0,67519932.0,4407545.0,,,12,0.43956816574915536,0.4955814005584747,0.7928549097392997,0.06127762551715807,
2019,22,inpatient,49662326.04,213453116.53,43346281.85,6316044.07,189081053.96,24372062.57,25520713.77,3733725.51,111258061.45,13041962.7,22909486.26,2611227.38,99787644.74,11470416.71,,,12,0.5884146460995324,0.5887636189492456,0.8858200668783649,0.10309739861101994,
2019,22,outpatient,28739475.44,123182005.01,24882449.6,3857025.75,108733194.77,14448810.24,10940176.96,1555270.79,44046794.39,5336039.87,9956014.96,984161.9,40195765.32,3851029.07,,,12,0.40509059338476017,0.4396744346264043,0.8827035634074389,0.08743040494393625,
2019,23,inpatient,67134261.0,311577101.0,65309670.0,1824591.0,304585017.0,6992084.0,32859672.0,958522.0,143115333.0,3456033.0,30442888.0,2416784.0,131963762.0,11151571.0,,,12,0.4698699049927331,0.5031363961875783,0.9775590568833235,0.0779201694622057,
2019,23,outpatient,96576499.0,328079371.0,94149439.0,2427060.0,320340126.0,7739245.0,37571638.0,599671.0,115854315.0,2047009.0,34761183.0,2810455.0,107014635.0,8839680.0,,,12,0.36166032787288094,0.3990638542200979,0.9764104491653637,0.07629996344978605,
2019,24,inpatient,52657229.35,254096371.46,50390426.489999995,2266802.42,245865222.88,8231147.899999999,30770567.69,1149973.3699999999,150611985.63,3916513.67,26841465.18,3929102.23,128302943.06,22309042.16,,,12,0.6125794606726854,0.61064312873213,0.967606193930653,0.14812262162724135,
2019,24,outpatient,34526976.76,166396581.11,32760856.06,1766120.15,158724545.37,7672034.94,13936421.57,615507.14,60942629.95,2075318.1099999999,12191605.91,1744815.4,52290380.48,8652249.02,,,12,0.38395214683360857,0.42539857763411576,0.9538930686627014,0.14197367306101957,
2019,27,inpatient,27622847.67,174785275.26,20276916.66,7345931.01,129167443.35,45617831.91,23464518.84,8574393.0,84409993.84,29137513.12,21674114.31,1790404.53,77268734.24,7141259.6,,,12,0.6534927970299569,1.1572034956521837,0.739006436084838,0.08460206280237775,
2019,27,outpatient,35546397.03,161338203.76,25539699.65,10006697.38,118501606.13,42836597.63,36645085.22,14396776.26,57686300.21,20928076.97,34549361.82,2095723.4,54283532.41,3402767.8,,,12,0.48679762320450165,1.4348283543733844,0.7344919143036825,0.05898745087850382,
2019,28,inpatient,13256433.0,78658331.0,13072474.530000001,183958.07,77300426.56,1357902.56,7813934.56,119016.65,40605482.75,806558.15,7498584.67,315349.73,38983912.55,1621569.3,,,12,0.525294420186444,0.597739513056064,0.9827366736271076,0.039934737630966846,
2019,28,outpatient,22325901.0,112013854.0,22016143.35,309757.07,110297338.21,1716513.71,9071839.32,95655.70999999999,39444866.72,492191.98,8940808.17,131030.81999999999,38765440.86,679424.77,,,12,0.3576230157512883,0.41205397220490025,0.9846758617018926,0.017224668923916192,
2019,29,inpatient,58393333.2,380466180.61,53368440.019999996,5024893.07,356516399.49,23949781.12,23937220.34,1719378.75,164203017.89,8988577.76,21305318.97,2631901.33,145187660.53,19015357.36,,,12,0.4605763384935277,0.4485276378891616,0.9370514848872995,0.11580394565426584,
2019,29,outpatient,59751636.06,311102137.55,51665011.85,8086624.08,277773404.63,33328732.919999998,18423865.21,2716749.27,87282325.95,11692343.02,17184182.24,1239682.8599999999,80051714.79,7230611.16,,,12,0.31422132031056715,0.3566023610618798,0.892868839852817,0.08284164154999812,
2019,30,inpatient,1429235.15,12041331.99,1393388.88,35846.06,11806439.64,234892.22,1133269.27,30744.7,9438279.62,180377.61,1061499.4,71769.68,8925708.76,512570.74,,,12,0.7994179369725722,0.8133187269299867,0.9804928266910113,0.05430764510450052,
2019,30,outpatient,4222858.62,38166801.78,4141245.56,81612.83,37097792.8,1069008.71,2301834.6,19206.22,17247314.24,240056.03,2220023.81,81810.63,16473787.48,773526.66,,,12,0.46491483558019114,0.5558314682503397,0.9719911302455481,0.04484910805451876,
2019,32,inpatient,9403648.0,66414631.0,8745713.0,657935.0,61882280.0,4532351.0,5234810.0,397745.0,32908363.0,2575199.0,4833584.0,401226.0,30318072.0,2590291.0,,,12,0.5317897627559941,0.5985572588535664,0.931756738963136,0.078712241019099,
2019,32,outpatient,16331992.0,97843200.0,14891492.0,1440500.0,89517678.0,8325522.0,6018994.0,638609.0,33281521.0,2804463.0,5495709.0,523285.0,30299394.0,2982127.0,,,12,0.37178713460373713,0.4041901241326255,0.9149095491562009,0.0896030863493288,
2019,33,inpatient,21917435.0,147190208.0,20923368.0,994067.0,140957948.0,6232260.0,13396134.0,520385.0,84870266.0,2951852.0,12471824.0,924310.0,79032971.0,5837295.0,,,12,0.60209635004051,0.6402474974392268,0.9576584605410707,0.06877903505098004,
2019,33,outpatient,13621320.0,86713785.0,12855033.0,766287.0,82384752.0,4329033.0,4728203.0,232684.0,30491488.0,1135307.0,4402351.0,325852.0,28423707.0,2067781.0,,,12,0.3701108185650665,0.3678094797578505,0.9500767611516439,0.06781502431104706,
2019,34,inpatient,12600982.16,119081491.45,12304210.2,296771.56,116957394.69,2124094.8,6296898.37,155050.98,52867491.55,1015854.54,5396541.04,900357.12,45075934.19,7791556.19,,,12,0.4520235055690774,0.511767782543247,0.9821626624411917,0.14737896506080778,
2019,34,outpatient,8748165.82,68674298.67,8512670.78,235494.71,67184816.81,1489479.98,2190845.93,34922.340000000004,16086399.72,248509.19,1955406.3,235439.42,14050515.76,2035882.95,,,12,0.23943504624702125,0.25736293422121514,0.9783109272486729,0.1265592665504149,
2019,35,inpatient,11032484.43,80599410.3,10725053.78,307430.44,78519829.79,2079580.23,6493745.82,140643.85,46290326.33,869919.67,6314503.12,179242.57,44904570.32,1385755.95,,,12,0.5895367635640922,0.6054744296116714,0.9741985642046318,0.029936188829628414,
2019,35,outpatient,12511223.94,75475173.67,12121427.2,389796.43,73156780.21,2318393.21,3726118.41,106339.73,22096604.56,563685.22,3639490.92,86627.29,21609034.19,487570.3,,,12,0.30204451995523385,0.30739931433156653,0.9692827012212424,0.02206539464812688,
2019,37,inpatient,17038330.07,111594180.58,16642242.76,396087.02,109345313.86,2248866.3,10820165.1,227575.16999999998,66982061.43,1277044.93,10162607.77,657557.14,63020653.76,3961407.58,,,12,0.6125736811708302,0.6501626767521086,0.9798478136735111,0.05914132075704915,
2019,37,outpatient,23330726.69,120133954.48,22832763.64,497962.75,117618722.0,2515232.08,12497185.9,235120.63999999998,59913568.87,1212975.72,11596451.31,900734.37,55559944.18,4353624.65,,,12,0.5093880281236179,0.5473356662838034,0.979063100928566,0.07266508625861468,
2019,38,inpatient,13493850.8,110478740.33,13107731.36,386119.32,107819410.46000001,2659329.87,6206773.66,250450.48,51360845.22,1510151.1,5162156.7700000005,1044616.75,42304530.14,9056315.08,,,12,0.4763599151662436,0.47352005389283475,0.9759290351966671,0.17632722049662564,
2019,38,outpatient,14451135.96,119729123.8,14071436.34,379699.53,117429485.34,2299638.46,4565000.14,138363.06,38126338.55,778133.03,3752850.58,812149.41,31012840.94,7113497.61,,,12,0.3246743221228529,0.32441607450003923,0.9807929901513236,0.18657699324237892,
2019,39,inpatient,11240809.0,71252451.0,11100304.0,140505.0,70389956.0,862495.0,6599638.0,90944.0,38865107.0,536408.0,6310260.0,289378.0,37338294.0,1526813.0,,,12,0.552139953035345,0.5945456989286059,0.9878952234218581,0.039284929795767705,
2019,39,outpatient,17607928.0,82062648.0,17451821.0,156107.0,81075662.0,986986.0,7339567.0,37991.0,29701599.0,302308.0,7138337.0,201230.0,28684629.0,1016970.0,,,12,0.3663442057371052,0.42056167089955826,0.9879727741663905,0.034239570738262275,
2019,40,inpatient,19951722.06,139571362.55,19540859.15,410862.29,137130161.87,2441200.53,11224993.14,167199.96,81960848.1,1104691.65,9988232.92,1236759.85,72898535.8,9062312.22,,,12,0.5976865117223389,0.5744370323655908,0.9825093010815491,0.1105687951025485,
2019,40,outpatient,21136105.43,131937526.62,20687346.21,448758.65,129079823.23,2857703.29,8148554.24,65893.09,50544850.82,339323.66,7175716.33,972837.65,44579946.339999996,5964904.38,,,12,0.39157824635332045,0.393890746414883,0.9783404808077795,0.11801210772670354,
2019,43,inpatient,41949767.09,263245243.28,41236160.76,713606.18,258933056.76,4312186.28,19982391.93,316538.65,135991971.93,1985843.72,19860682.53,121709.26999999986,116641892.48,19350079.27,,,12,0.5252012764675633,0.48458419895829313,0.9836191284360137,0.1422883939057828,
2019,43,outpatient,30366315.23,185347637.83,29805125.560000002,561189.49,182099026.35,3248611.12,12932161.82,229841.27,70053958.67,1104899.61,9685406.03,3246755.67,62261320.78,7792637.75,,,12,0.3847025438530029,0.43389053315566706,0.9824728735794322,0.11123765020487171,
2019,44,inpatient,45440793.96,243580824.77,43869292.52,1571501.3,235901497.53,7679327.24,21966540.330000002,569430.79,111670400.31,2852475.46,18342402.24,3624137.95,93760025.37,17910374.94,,,12,0.47337724210842996,0.5007270249454208,0.9684731864782411,0.16038605476724652,
2019,44,outpatient,62204714.86,233902824.4,59236926.22,2967788.51,223648413.87,10254410.53,27472944.19,1395986.27,85338043.27,3865802.17,24690884.28,2782059.75,75593102.05,9744941.22,,,12,0.3815723160889681,0.46378071826293354,0.9561595266910339,0.1141922271309655,
2019,45,inpatient,279653.0,2143225.7,273767.0,5886.0,2050498.61,92727.09,149171.0,5462.0,1640618.15,80714.25,143391.0,5780.0,1568500.8,72117.35,,,12,0.8001069310649276,0.5448830574904937,0.9567347993260812,0.043957425437479165,
2019,45,outpatient,1761405.0,13734523.13,1722493.0,38912.0,13194824.68,539698.45,470702.0,24131.0,5576370.02,299830.2,436457.0,34245.0,5124846.12,451523.89,,,12,0.42261796994183326,0.27326787394781865,0.9607049735260811,0.08097093420640693,
2019,48,inpatient,29141064.76,185479424.74,28284434.76,856630.0,181209846.89,4269577.85,13856109.0,408817.0,81168534.35,2012770.39,12938357.0,917752.0,75504625.41,5663908.94,,,12,0.44792562734889246,0.48988459969493126,0.9769808545827388,0.0697796133114482,
2019,48,outpatient,23141212.07,122512257.07000001,22489051.07,652161.0,119289829.32,3222427.75,6282810.0,176224.0,31841865.96,844527.59,5810239.0,472571.0,28892367.64,2949498.32,,,12,0.266928590153171,0.2793719477288732,0.9736970991550763,0.0926295689990399,
2019,49,inpatient,24333879.58,157954734.58,23480841.27,853037.99,152433473.81,5521260.25,14035966.97,399723.36,85561218.65,2379457.87,12793616.03,1242350.61,78182276.57,7378941.86,,,12,0.5613020323649345,0.5977625251414171,0.9650452974095333,0.08624166388027481,
2019,49,outpatient,28107850.18,165961767.15,27076546.44,1031303.39,159910922.39000002,6050844.2,12252391.52,297641.94,69094756.42,1757154.15,11259102.47,993288.77,62969795.59,6124960.61,,,12,0.4320827832603436,0.4525093902632879,0.9635407307122061,0.08864580942682192,
2019,51,inpatient,26507957.0,146125649.0,24200176.0,2307781.0,134163232.0,11962417.0,5613597.0,307045.0,71863826.69,4463459.55,5257281.0,356316.0,66793343.68,5070482.99,,,12,0.5356447188898967,0.23196513116268244,0.9181360898523708,0.07055681868810874,
2019,51,outpatient,19237305.0,110319580.0,13473604.0,5763701.0,104486096.0,5833484.0,1378569.0,80129.0,22096940.44,1142231.56,1267564.0,111005.0,19943937.46,2153002.98,,,12,0.21148211375415923,0.10231627707033693,0.9471219524222264,0.09743443830362244,
2019,55,inpatient,3135320.2600000002,24171549.53,3038573.95,96745.2,23375835.02,795713.4400000001,1780480.17,55434.76,12995757.03,409097.05,1762829.98,17649.84,12852622.44,143134.59,,,10,0.5559483551659666,0.5859591371801235,0.9670805337070999,0.011013947834634148,
2019,55,outpatient,6748839.35,46534377.54,6454292.21,294545.33,44371023.98,2163351.85,1465773.7,45074.31,10156704.69,406567.47000000003,1434764.39,31008.66,9852868.29,303836.39999999997,,,12,0.2289039958730292,0.22710061030843845,0.9535106372027771,0.029914860111975944,
2019,60,inpatient,3136314.0,21486070.0,2889148.0,247166.0,19765184.0,1720886.0,1726718.0,76170.0,12007008.0,617064.0,1707371.0,19347.0,11832479.0,174529.0,,,12,0.6074827332748332,0.5976564717349198,0.9199068978179816,0.0145355945461184,
2019,60,outpatient,4478265.5,30387662.0,3835127.5,643138.0,26140433.0,4247229.0,1146028.0,113364.0,7957023.0,762025.0,1131535.0,14493.0,7855309.0,101714.0,,,12,0.30439522558788523,0.2988239634797018,0.8602317940748453,0.012782921451904815,
2019,61,inpatient,8821959.17,39990244.98,6412394.67,2409564.5,29015747.84,10974497.14,3765663.32,1668053.78,18833562.73,7866139.79,3430106.75,335556.57,17364860.64,1468702.09,,,12,0.6490807279499711,0.5872475906103265,0.7255706449038113,0.0779832319065422,
2019,61,outpatient,14172797.83,70782621.49,10150774.65,4022023.18,50033183.65,20749437.84,5026322.42,2228706.8,22838629.49,10281166.620000001,4760668.25,265654.17,21264007.14,1574622.35,,,12,0.4564696432224736,0.4951663881140342,0.7068568894000142,0.0689455709542228,
2019,62,inpatient,21807880.0,171247170.26,20340263.51,1467615.89,159939632.94,11307534.76,11255291.86,721790.0700000001,80969770.51,5056327.07,10185249.13,1070042.47,72951829.57,8017939.83,,,12,0.5062520716198913,0.5533503464429798,0.9339694939026901,0.09902386754337857,
2019,62,outpatient,14848416.0,102717900.81,13944481.13,903934.27,95717870.31,7000027.93,5372142.44,308705.57,31698268.419999998,1889164.1500000001,4952300.56,419841.6,28913330.48,2784936.71,,,12,0.3311635363108195,0.38525222917347807,0.9318518929534187,0.08785769219629821,
2019,63,inpatient,50869235.61,250413157.56,48212816.15,2656419.34,240254563.75,10158593.81,27635056.080000002,1250602.22,126347666.56,4372614.16,25136795.23,2498260.75,113941115.21,12406551.35,,,12,0.5258908075996954,0.5731890042270431,0.9594326675603458,0.09819375131956533,
2019,63,outpatient,26883570.15,138760403.7,25486767.93,1396802.12,132838967.14,5921436.56,10783713.4,609536.66,51140902.56,2337682.96,10016466.96,767246.33,47144086.7,3996815.86,,,12,0.38498419297480846,0.4231102754816821,0.9573261795000098,0.0781530176420101,
2019,65,inpatient,10711612.0,66765059.0,10139710.0,571902.0,64244696.0,2520363.0,5179821.0,381493.0,30521515.0,1525108.0,4698403.0,481418.0,26953975.0,3567540.0,,,12,0.4750822542611144,0.5108450833406478,0.9622502692613513,0.11688607200527235,
2019,65,outpatient,8246534.0,44429107.0,7900998.0,345536.0,42660325.0,1768782.0,2316650.0,83124.0,9927421.0,394094.0,2124257.0,192393.0,8839576.0,1087845.0,,,12,0.23270851780899465,0.29320979450950374,0.9601886664073622,0.10957981937101287,
2019,87,outpatient,1370384.57,14079810.03,1337580.47,32804.1,13745707.15,334102.88,134512.69,5505.31,1235586.12,51311.27,125826.64,8686.05,1150715.51,84870.61,,,12,0.08988887268706289,0.10056418512151273,0.9762707821136704,0.06868854272982607,
2019,88,outpatient,1049202.0,7158252.34,1018937.99,30263.739999999998,6926789.92,231462.32,274193.66,9224.81,1657783.05,57717.35,259819.72,14373.8,1573081.03,84701.95,,,12,0.23932919420775506,0.2690974943431052,0.9676649538174844,0.051093507078625276,
2019,333,outpatient,2365355.0,21263152.77,2190435.6,174919.32,19639587.28,1623564.68,486487.14,21533.12,3712266.64,162594.35,466642.14,19844.59,3545011.72,167254.92,,,12,0.1890195851406914,0.2220960707541459,0.9236441788495884,0.04505466234505181,
2019,2001,inpatient,6923847.1,71709529.39,6651839.69,272007.33,69303828.32,2405701.07,2975530.39,147167.52,30207010.669999998,1037434.24,2800350.43,175179.86,27793361.7,2413648.97,,,12,0.43586352157233904,0.44732442883030454,0.9664521425469641,0.07990360239112003,
2019,2001,outpatient,9382763.91,52863045.980000004,8985460.3,397303.49,50985889.37,1877156.6099999999,2133058.65,59485.21000000001,11814134.13,266711.39,1846861.56,286196.95,10191039.11,1623095.02,,,12,0.23171379917031348,0.2373900255282414,0.964490192057601,0.13738586358846427,
2019,2004,inpatient,18686224.24,152604317.78,18524292.84,161930.88,150928592.42,1675723.98,11835432.58,99709.12,97506666.26,970369.67,9971756.47,1863675.76,82970930.58,14535734.64,,,12,0.6460450249788396,0.6389141373560795,0.9890191484462727,0.14907426535577262,
2019,2004,outpatient,13113293.03,104270107.99,12961723.11,151569.24,103030487.01,1239619.33,5840246.9799999995,44599.46,46495840.14,409405.17,5045507.43,794739.13,39876405.98,6619433.1,,,12,0.45128234845174686,0.45057643420065313,0.9881114443641041,0.1423661359826759,
2019,3028,inpatient,714034.0,44016364.0,479027.0,235007.0,29312045.0,14704319.0,405768.0,212732.0,24947480.0,13194051.0,396683.0,9085.0,24401214.0,546266.0,,,12,0.8510999488435557,0.847067075551065,0.6659351735640863,0.021896640462283165,
2019,3028,outpatient,3000.0,389979.0,2765.0,235.0,353590.0,36389.0,1234.0,66.0,163834.0,9044.0,1230.0,4.0,163589.0,245.0,,,12,0.46334455159930993,0.44629294755877036,0.9066898474020396,0.0014954160918978967,
2019,3029,inpatient,2279974.47,61256607.32,2189180.99,90793.48,58779523.92,2477083.4,923100.75,52037.97,24935196.25,1468926.68,868493.59,54607.16,23387993.34,1547202.91,,,12,0.42421568919029107,0.42166488482069264,0.9595621842545099,0.06204895660285809,
2019,3029,outpatient,757108.0,14626479.34,738718.0,18390.0,14278475.34,348004.0,272850.0,6444.0,5304264.18,119197.0,253920.0,18930.0,4912964.18,391300.0,,,12,0.37148673466140536,0.36935610070419295,0.9762072613709377,0.07377083544884826,
2019,4000,inpatient,3184888.54,143083025.95,2851615.0,333273.54,129182359.12,13900666.83,564542.89,69553.54,22703022.2,2325374.79,564542.89,0.0,22703022.2,0.0,,,12,0.17574398203171626,0.1979730398388282,0.9028489456544095,0.0,
2019,4000,outpatient,132053.25,16799507.06,124863.0,7190.25,15739041.25,1060465.81,7166.28,579.42,1422928.0,92347.22,7166.28,0.0,1422928.0,0.0,,,12,0.09040753991289019,0.05739314288460152,0.9368751829317069,0.0,
2019,4003,inpatient,911816.0,21093264.0,756120.0,155696.0,17608828.0,3484436.0,165839.0,44190.0,2275713.0,396551.0,158334.0,7505.0,2172731.0,102982.0,,,12,0.1292370508701658,0.21932894249590013,0.8348081169419773,0.045252630713978434,
2019,4003,outpatient,13712.0,1458656.0,11174.0,2538.0,1193010.0,265646.0,1055.0,221.0,132051.0,24288.0,996.0,59.0,125799.0,6252.0,,,12,0.11068725325018232,0.09441560766064078,0.8178830375359235,0.047345343844423744,
2019,4013,inpatient,41080.7,3603245.89,39789.66,1291.04,3435750.16,167495.72999999998,6784.46,147.69,518899.97000000003,22819.14,6517.780000000001,266.68,498868.42,20031.55,,,3,0.15102959931172644,0.17050811693289158,0.9535153205988948,0.03860387581059216,
2019,4013,outpatient,13774.0,445975.85000000003,13554.0,220.0,445173.15,802.7,0.0,0.0,0.0,0.0,0.0,0.0,0.0,0.0,,,3,0.0,0.0,0.9982001267557424,,
2019,5033,inpatient,4304101.03,57460577.03,4188694.9,115405.89,55571311.28,1889265.75,3260102.24,91618.88,45045797.44,1585358.86,3156296.45,103805.70999999999,43822194.39,1223603.05,,,12,0.8105944668649898,0.7783097880917516,0.9671206617188404,0.027163533992928243,
2019,5033,outpatient,9468.25,3010684.72,9410.25,58.0,3004268.62,6416.099999999999,8857.75,62.0,2288399.77,5363.86,8346.5,511.25,2170982.69,117417.08,,,12,0.7617160978101885,0.941287425945113,0.9978688901041753,0.05130968877872243,
2019,5034,inpatient,6854956.64,49062004.85,6475560.65,379395.75,46994894.47,2067110.1400000001,0.0,0.0,0.0,0.0,0.0,0.0,0.0,0.0,,,12,0.0,0.0,0.9578673886988538,,
2019,5034,outpatient,1611568.22,16778605.9,1546468.8699999999,65099.2,16337861.72,440743.99,23872.45,16027.64,34333.0,15898.77,23872.45,0.0,34333.0,0.0,,,12,0.002101437788396216,0.015436747847371802,0.9737317758920604,0.0,
2019,5050,inpatient,40641774.13,270653185.04,38887547.13,1754227.0,259039380.0,11613805.040000001,16255579.0,767524.0,94250216.03,4431041.11,15119443.0,1136136.0,87522396.92,6727819.11,,,12,0.3638451266753341,0.41801502536681073,0.9570897159836357,0.07138253251174007,
2019,5050,outpatient,31590277.41,173279544.07,30163985.03,1426292.38,166200570.08,7078973.99,9620428.51,373589.0,47444862.23,1799942.05,9082207.51,538221.0,44535757.9,2909104.33,,,12,0.2854675059607954,0.3189375840238573,0.9591470878574088,0.06131547639231073,
2019,8992,inpatient,32281347.83,188965093.18,29653048.18,2628299.6,174862257.7,14102835.12,8987646.24,759445.53,56808946.22,4452221.2299999995,8108253.42,879392.71,51137258.019999996,5671688.13,,,12,0.32487826113662266,0.30309350274694086,0.9253680389183506,0.09983793939841189,
2019,8992,outpatient,4388553.05,34284564.87,4162085.34,226467.64,32557992.62,1726572.02,885788.38,21154.05,7650998.63,317818.85000000003,825399.08,60389.24,6756173.78,894824.8,,,12,0.23499601831410452,0.21282321424000403,0.9496399544066899,0.11695529476261324,
2020,1,inpatient,28987583.0,207215161.0,24975030.0,4012553.0,181082886.0,26132275.0,14947738.0,2132690.0,102060336.0,12413797.0,12963511.0,1984227.0,88731152.0,13329184.0,,,12,0.5636111631222842,0.5985073091003295,0.8738882093670742,0.13060102016516975,
2020,1,outpatient,34423126.0,155743823.0,27390664.0,7032462.0,128687011.0,27056812.0,14192921.0,3811087.0,55142673.0,11575319.0,11855758.0,2337163.0,47186434.0,7956239.0,,,12,0.42850224409983384,0.5181663723084625,0.826273610864169,0.14428460876388782,
2020,2,inpatient,219047855.61,1064456255.05,199794195.75,19253659.5,990369505.4,74086748.63,85311210.69,7761676.73,379222819.89,29277779.27,78036249.3,7274961.22,339911678.55,39311141.160000004,,,12,0.3829104367837293,0.42699544083226953,0.9303994416881698,0.1036623829003826,
2020,2,outpatient,140718617.65,537865850.58,129211746.0,11506871.17,510815570.53,27050278.91,50668111.92,2607961.69,172131321.42,8624137.85,46884589.79,3783521.87,156148287.01,15983034.2,,,12,0.3369735210722023,0.39213239886101375,0.9497081288562366,0.09285372393674615,
2020,3,inpatient,34620250.39,259837144.16,29026808.150000002,5593438.82,221485359.05,38351782.19,12010070.34,2003603.85,87698007.17,13997101.24,10604751.09,1405318.0,77929421.38,9768585.69,,,12,0.3959539698071072,0.4137578709287056,0.8524006826122439,0.11138891298936685,
2020,3,outpatient,10759989.09,79742277.36,9115883.44,1644103.32,67322813.08,12419462.48,2526565.05,337220.94,16063495.99,2148980.17,2272435.21,254128.88,14295066.91,1768429.05,,,12,0.23860405195652887,0.27716074548667113,0.8442549587098975,0.11008992383108256,
2020,4,inpatient,53940545.0,367225696.0,48818115.0,5122430.0,335029283.0,32196413.0,17656283.0,2094101.0,105549430.0,13574990.0,11719129.0,5937154.0,68265280.0,37284150.0,,,12,0.31504538664460563,0.36167482091432657,0.9123252720310727,0.35323876216100836,
2020,4,outpatient,28260523.0,145405463.0,25175898.0,3084625.0,131262180.0,14143283.0,7945332.0,1139535.0,34119254.0,4744621.0,6108925.0,1836407.0,25407725.0,8711529.0,,,12,0.25993209925357025,0.31559279434640225,0.9027321071148475,0.2553258931159515,
2020,5,inpatient,37441676.0,232671566.0,35391790.01,2049884.01,221493797.18,11177766.55,18508792.61,867425.74,107020078.29,4312438.97,16637270.66,1871521.8,96725667.32,10294410.97,,,12,0.4831741549991518,0.5229685360579478,0.9519590252811554,0.0961913982356142,
2020,5,outpatient,23219964.0,126082728.0,21953725.07,1266237.28,119903521.59,6179204.42,8557933.8,514340.13,41932933.06,2084343.79,7706468.4399999995,851465.22,37694337.28,4238595.78,,,12,0.3497222809133675,0.38981693415184965,0.9509908572885575,0.10108035547943138,
2020,6,inpatient,5335288.34,54031936.86,5194190.98,141097.12,52153182.03,1878754.55,2877711.5,45525.85,28629808.6,792384.49,2590773.0,286938.32,25854871.4,2774937.13,,,12,0.5489561228216395,0.5540249696402191,0.965228808382939,0.09692475310505567,
2020,6,outpatient,5307307.42,46279213.62,5150878.2,156428.96,44843301.66,1435911.56,2013213.41,36864.44,15912956.25,272031.09,1811579.72,201633.48,14217725.959999999,1695230.17,,,12,0.35485692758868104,0.3908485760738819,0.9689728530871264,0.10653144163580541,
2020,8,inpatient,51109831.72,233732154.60999998,47531409.25,3578422.26,220339183.71,13392970.89,21984125.63,1662862.24,83954344.82,5952399.27,18697444.59,3286680.9,70505055.33,13449289.49,,,12,0.38102321796061805,0.46251785875673357,0.9426994932625031,0.16019765884464443,
2020,8,outpatient,58328546.6,314957498.89,54900906.06,3427640.35,299187944.0,15769554.88,20601091.36,1334831.51,102863019.79,5709135.44,17392698.3,3208392.91,86874379.05,15988640.74,,,12,0.3438073687554737,0.3752413728379185,0.949931165488752,0.15543623716901964,
2020,9,inpatient,266136436.89000002,1534599316.95,200342482.03,65793954.63,1213041375.85,321557941.1,72380102.06,22765764.84,396661097.85,106274130.65,65450676.94,6929424.97,354504642.03,42156455.82,,,12,0.32699717070413403,0.36128184759716386,0.7904613031243275,0.10627827142237613,
2020,9,outpatient,243043808.16,933875910.49,188719271.93,54324536.08,748271050.43,185604860.06,63451324.93,18057212.11,207764251.48,57990750.88,58586402.8,4864921.99,190543839.46,17220412.02,,,12,0.27765908003604656,0.3362206958573656,0.8012531879501913,0.08288438409077169,
2020,10,inpatient,1171018.06,16205622.78,1151912.77,19105.23,15846968.64,358654.14,762085.2,3863.33,9084751.71,119828.05,728250.62,33834.5,8700060.73,384690.98,,,12,0.5732800964260633,0.6615823870066133,0.9778685370584691,0.04234468836132892,
2020,10,outpatient,2339364.7,22389161.25,2297838.15,41526.409999999996,21999428.58,389732.67000000004,1010242.46,9792.04,8565678.59,86098.87,959353.04,50889.3,8057418.67,508259.92,,,12,0.3893591398908962,0.4396490936491763,0.9825927972178948,0.05933679563851111,
2020,11,inpatient,33270075.5,235927726.47,32865055.95,405019.46,233520211.95,2407514.52,17481570.15,206896.88,121802963.44,1251790.12,14065880.89,3415689.13,98083021.91,23719941.53,,,12,0.5215949507020821,0.5319196832220819,0.9897955422365071,0.19474026624717072,
2020,11,outpatient,31393258.52,184284267.72,31089028.42,304230.02,182270579.49,2013688.23,12667277.14,84290.71,69925329.62,491885.45,10774290.0,1892986.99,57352221.02,12573108.6,,,12,0.38363475781804024,0.4074516890290134,0.9890729238316774,0.17980764149882314,
2020,12,inpatient,67070643.01,458831976.59,63895390.74,3175252.25,442503759.55,16328217.06,35442250.08,805700.95,233786056.55,4370886.7,30373903.93,5068346.14,201117662.43,32668394.12,,,12,0.5283255825617087,0.5546918121875155,0.9644135154630027,0.13973628111996997,
2020,12,outpatient,77969146.69,365561708.81,74609792.2,3359354.49,351179195.18,14382513.65,34431849.3,1208021.2,140669061.37,3932114.9,30355789.28,4076060.0,122174377.14,18494684.23,,,12,0.40056205863191535,0.46149236292873624,0.9606564000457847,0.1314765595922594,
2020,13,inpatient,1586288.42,31847014.37,1567671.76,18616.65,31385001.29,462013.06,391555.87,2135.57,8507721.09,67206.44,338973.3,52582.48,7605711.16,902009.88,,,12,0.2710760153038694,0.249769039661721,0.9854927349034257,0.10602250243725374,
2020,13,outpatient,3344232.2600000002,38517355.02,3327947.29,16284.92,38276060.69,241294.32,763835.88,1015.37,8693972.37,21832.1,647039.75,116796.0,7434545.03,1259427.34,,,12,0.2271386400082542,0.22952162803035261,0.9937354387424912,0.1448621281965266,
2020,15,inpatient,43473425.0,317676525.44,42262813.88,1210610.41,309997012.93,7679510.29,20956091.78,469445.51,144957679.01,2846491.8,17843345.73,3112745.6,123491943.74,21465734.03,,,12,0.46760992191474016,0.49585178685693326,0.9758259994207522,0.14808276578793161,
2020,15,outpatient,55924468.0,272921635.02,54825456.3,1099010.93,268516485.76,4405146.9,25556485.62,376069.69,109240314.43,1309576.9,22220148.16,3336337.06,94360104.44,14880208.63,,,12,0.4068290783741263,0.46614268890270966,0.9838592889139142,0.13621535884112707,
2020,16,inpatient,35421402.0,200800947.23,32692125.0,2729277.0,187303706.88,13497240.35,16627875.0,2319074.0,86181211.29,7767034.05,14803881.0,1823994.0,76878160.3,9303050.99,,,12,0.4601148195385892,0.5086201952305027,0.9327829846612223,0.10794755435375826,
2020,16,outpatient,26040297.39,107874834.2,24527770.22,1512527.17,101512633.16,6362201.04,10427853.84,774173.17,38693432.32,2637186.16,9397025.84,1030828.0,34254192.97,4439239.35,,,12,0.381168639956497,0.42514479491890805,0.9410223794346281,0.11472849741751728,
2020,17,inpatient,2900982.89,19157211.23,2039066.35,861916.3,13427550.75,5729660.48,1396451.43,563188.16,7636960.52,3033593.68,1244337.73,152113.56,6725128.97,911831.55,,,12,0.5687530557276054,0.6848484503704354,0.7009136449345295,0.11939718001841917,
2020,17,outpatient,9179868.61,40810663.07,6701097.37,2478771.0,29412735.29,11397927.78,3714493.59,1217103.05,14952311.9,5407409.7,3313551.85,400941.6,13243752.14,1708559.76,,,12,0.5083618287308226,0.5543112396231306,0.7207120168459443,0.11426726324509054,
2020,18,inpatient,11857742.0,89462503.16,11500317.02,357424.49,86883914.36,2578586.79,7079337.42,182460.85,49477495.27,1373723.6099999999,6535501.37,543835.78,45506349.62,3971144.58,,,12,0.5694666916708194,0.6155775886602473,0.9711768762451426,0.08026163326032086,
2020,18,outpatient,13688767.0,94084360.1,13337048.36,351718.08,91354407.3,2729950.74,5485697.23,71503.84,35986990.83,780169.9,5196228.84,289468.11,33089560.15,2897429.58,,,12,0.39392725423549435,0.41131268942928245,0.9709839892932428,0.08051324973758581,
2020,19,inpatient,51324518.0,253081358.0,37879351.0,13445167.0,199167328.0,53914030.0,23451235.0,9700657.0,110056935.0,35753712.0,22044355.0,1406880.0,103228622.0,6828313.0,,,12,0.5525852864783124,0.6191034001612118,0.7869695720535844,0.062043459596616966,
2020,19,outpatient,46951616.0,206940088.0,36321568.0,10630048.0,166192861.0,40747227.0,17477574.0,6564728.0,70801850.0,22508495.0,16227834.0,1249740.0,65685955.0,5115895.0,,,12,0.4260222104245501,0.4811899640456051,0.803096502983994,0.07225651589612418,
2020,22,inpatient,42775094.910000004,206851027.98,37445146.02,5329948.76,183879944.94,22971083.04,18801663.09,2672104.11,105601360.72,12447667.76,15567202.68,3234460.29,88308178.83,17293181.89,,,12,0.574295150863014,0.5021121584078683,0.8889486638557048,0.16375908200513195,
2020,22,outpatient,26508318.92,116588262.65,22817275.37,3691043.43,102226881.49,14361381.16,9062500.16,1380233.26,40874541.07,5307193.8,7768169.01,1294331.05,35172717.58,5701823.49,,,12,0.3998414162129989,0.39717713938428045,0.8768196657744775,0.1394957188689972,
2020,23,inpatient,63908258.0,315596592.74,62356841.0,1551417.0,308871138.76,6725453.98,31704846.0,700289.0,146596896.0,3106386.0,28664669.0,3040177.0,131345440.0,15251456.0,,,12,0.4746215414898612,0.508442145104817,0.978689712960429,0.10403669119979184,
2020,23,outpatient,94194267.0,324794259.61,91898805.0,2295462.0,317128933.62,7665326.0,37554178.0,870547.0,118321578.0,2756185.0,34672606.0,2881572.0,108350845.0,9970733.0,,,12,0.3731024370730516,0.4086470765316263,0.9763994412979952,0.08426808675590855,
2020,24,inpatient,44460278.52,275331928.36,42601895.65,1858382.3699999999,264700127.02,10631799.22,25903739.52,788987.5599999999,159027567.97,4365932.86,23272621.04,2631118.2,141205098.59,17822468.1,,,12,0.6007838747957394,0.6080419456639836,0.9613855123765421,0.1120715629843635,
2020,24,outpatient,28747895.96,156231003.58,27543323.51,1204571.79,150125821.7,6105179.75,11469498.17,329580.12,56592890.07,1308202.52,10368145.379999999,1101352.52,50186135.31,6406753.57,,,12,0.3769697273204001,0.41641663780465105,0.9609220849888876,0.11320774680486291,
2020,27,inpatient,25870385.45,172674532.8,19453853.59,6416531.86,131096833.42,41577699.38,22662919.28,7383001.16,83886708.5,25948764.9,21381251.86,1281667.42,78311368.55,5575339.95,,,12,0.6398835602020142,1.164957841136914,0.7592134826960423,0.06646273348536497,
2020,27,outpatient,37401065.64,168786691.74,26855314.8,10545750.84,124652570.56,44134121.18,38209456.58,15718489.72,63677081.67,22448894.08,35718313.22,2491143.36,59936657.18,3740424.49,,,12,0.5108364904464591,1.4227893757551484,0.7385213210530576,0.05874051372806891,
2020,28,inpatient,12798814.0,88856419.0,12473578.61,325235.12,86621181.33,2235235.7600000002,7263346.11,202888.09,43019366.98,1331630.88,7072398.62,190947.35,41914179.410000004,1105186.83,,,12,0.4966379622105299,0.5822984996604756,0.9748443872130386,0.025690448455780605,
2020,28,outpatient,19705683.0,110169763.0,19537893.01,167789.51,108822029.79,1347731.27,7961795.74,49337.3,40616092.98,471478.77,7744894.43,216901.08,39496843.73,1119248.38,,,12,0.37323410579989325,0.4075053403110021,0.9877667594692021,0.027556771168293696,
2020,29,inpatient,54118269.81,376182442.24,50237778.93,3880490.75,355782302.22,20400140.02,23669144.59,1511522.02,170603374.03,7945805.99,20084377.06,3584767.4699999997,144858681.32,25744692.7,,,12,0.47951619000010415,0.47114233738278843,0.945770621567221,0.150903772251731,
2020,29,outpatient,51276666.92,290134036.16,44497524.88,6779141.93,260244860.11,29889176.05,17084423.18,2148228.92,86933144.74,10291150.16,15256237.82,1828185.25,76980575.08,9952569.66,,,12,0.3340436568209462,0.3839409770784536,0.8969814901912541,0.11448532880946831,
2020,30,inpatient,1367858.94,11615196.24,1294842.97,73015.9,11049226.89,565969.35,1005040.35,61471.1,8466104.36,456496.18,965780.98,39259.3,8032531.2700000005,433573.09,,,12,0.7662168986376927,0.7761870537861436,0.9512733716843341,0.05121282133592788,
2020,30,outpatient,3358700.32,33036961.8,3278576.01,80124.2,32015081.28,1021880.51,1812441.09,22353.61,14884535.78,253931.19999999998,1755002.72,57438.26,14192780.44,691755.34,,,12,0.46492262973883036,0.5528135033233529,0.9690685685267827,0.04647476751874891,
2020,32,inpatient,8641904.0,67411095.0,8134123.0,507781.0,63306864.0,4104231.0,4669722.0,167026.0,32989159.0,1240777.0,4341621.0,328101.0,30651708.0,2337451.0,,,12,0.521099244467393,0.5740904090090597,0.9391163872949995,0.07085512546712694,
2020,32,outpatient,15472606.0,95958184.0,14149953.0,1322653.0,87768261.0,8189923.0,6187841.0,629311.0,35555325.0,3027827.0,5716475.0,471366.0,32825180.0,2730145.0,,,12,0.40510458558589874,0.43730470341491595,0.9146511255360981,0.07678582603309068,
2020,33,inpatient,21476932.0,145277069.0,20677408.0,799524.0,139461633.0,5815436.0,12741616.0,380377.0,80543251.0,2246102.0,11634135.0,1107481.0,73880048.0,6663203.0,,,12,0.577529814239304,0.6162095365144412,0.9599700349130804,0.0827282598761751,
2020,33,outpatient,13784790.0,86467151.0,12947456.0,837334.0,81919161.0,4547990.0,4967587.0,235321.0,31634062.0,1188269.0,4480299.0,487288.0,28784809.0,2849253.0,,,12,0.38616193835285983,0.38367282344886905,0.9474021064947543,0.09006914761689473,
2020,34,inpatient,11552369.0,119076229.92,11207850.99,344517.57,115948367.97,3127860.21,5373725.44,180302.33,47470625.92,1452686.17,4551815.65,821909.54,40382387.57,7088237.23,,,12,0.40941176448712374,0.4794608212399155,0.9737322725778149,0.14931838568856182,
2020,34,outpatient,7479344.0,64790001.08,7302138.56,177205.04,63450526.89,1339472.49,1677683.41,29395.329999999998,13619911.4,252565.77,1483957.8,193725.37,11927989.84,1691920.59,,,12,0.21465403153565524,0.22975233847110127,0.9793259119050474,0.1242240525881835,
2020,35,inpatient,15071650.89,88067740.89,14443429.06,628221.6799999999,85418375.13,2649365.7600000002,8655571.41,407014.41000000003,52247182.1,1647051.3900000001,8185616.08,469955.21,49006943.72,3240238.38,,,12,0.6116620928516134,0.5992739933185922,0.9699167284952935,0.06201747634538935,
2020,35,outpatient,12072165.370000001,67121788.33,11638676.2,433489.07,64874289.66,2247498.67,3714523.52,116132.33,20021648.82,514708.48,3546802.68,167720.7,19069739.03,951909.79,,,12,0.3086222434947891,0.31915343774234395,0.9665161086151293,0.047544025897063955,
2020,37,inpatient,15174269.03,115542043.53,14861095.78,313173.07,113388927.26,2153116.27,9695599.32,153735.2,70619832.33,1116453.35,9191610.76,503988.42,67154234.71,3465597.62,,,12,0.6228106574116291,0.6524148328986815,0.9813650840488991,0.04907399955023371,
2020,37,outpatient,22293743.73,121971484.06,21759128.63,534615.01,119416043.76,2555440.3,12764244.8,270555.89,64427835.55,1134005.02,12010498.37,753746.28,60584025.8,3843809.75,,,12,0.5395241168723173,0.5866156231275518,0.9790488709742768,0.05966069971444198,
2020,38,inpatient,12423319.03,117588172.73,11742844.24,680474.67,113517893.52,4070279.21,5758072.3,345296.38,53947354.7,2133591.71,4874283.21,883788.95,44803146.09,9144208.61,,,12,0.47523216849064737,0.4903473283232444,0.9653853009575548,0.16950244661393932,
2020,38,outpatient,12495695.23,98949798.05,11969807.6,525887.52,96297477.92,2652320.13,3949037.66,119670.31,31130765.34,670202.89,3371937.98,577099.54,25657244.71,5473520.63,,,12,0.3232770578463349,0.32991655271050474,0.9731952951671538,0.17582351639029764,
2020,39,inpatient,11899656.0,79468047.0,11731001.0,168655.0,78484434.0,983613.0,6845148.0,99323.0,42994581.0,553618.0,6477602.0,367546.0,40637046.0,2357535.0,,,12,0.5478102957332915,0.5835092845018085,0.9876225346270306,0.05483330562053855,
2020,39,outpatient,16075051.0,77550301.0,15932374.0,142677.0,76699223.0,851078.0,7375489.0,38606.0,30841337.0,232100.0,7161828.0,213661.0,29789161.0,1052176.0,,,12,0.4021075545967395,0.4629246714896349,0.9890254713518133,0.03411577131043314,
2020,40,inpatient,17002148.26,141331835.36,16783085.419999998,219062.71,139672119.23,1659716.1300000001,9559276.15,109290.91,81065372.29,801331.06,8240852.8,1318423.18,69925228.02,11140144.27,,,12,0.5803976680307152,0.5695779953910287,0.9882566010285482,0.13742173699206234,
2020,40,outpatient,20246646.99,126747273.54,19913671.53,332975.34,124164521.42999999,2582752.11,8595780.709999999,65770.4,51247418.83,399390.91,7581230.84,1014549.74,45087274.71,6160144.12,,,12,0.4127380208112964,0.43165222932649217,0.9796228191907819,0.12020398803761567,
2020,43,inpatient,41044342.57,278706957.85,40446774.22,597568.21,274505093.14,4201864.71,21495671.76,252515.54,135540052.44,1856060.89,17376337.79,4119333.87,109992955.44,25547097.0,,,12,0.49376152146974334,0.5314557755107918,0.9849237179350884,0.1884837473506883,
2020,43,outpatient,25311729.19,160077176.93,24895085.89,416643.18,157269089.65,2808087.28,10066908.91,156057.66,58652586.44,1004806.73,8619611.6,1447297.2,50771030.77,7881555.67,,,12,0.3729441466885225,0.40437333514256857,0.9824579160261682,0.13437694990761606,
2020,44,inpatient,41709072.0,237361470.13,40364323.68,1344748.2,230720286.4,6641183.73,19552036.47,556460.01,104194314.34,2552662.4,15078940.5,4473095.85,81441180.57,22753133.77,,,12,0.4516044772905587,0.4843890517032936,0.9720208013273481,0.2183721243728662,
2020,44,outpatient,58346439.21,235205737.68,55767522.84,2578916.23,225713512.58,9492225.1,25544571.03,899509.66,89310916.58,3079738.12,22719814.72,2824756.16,76103863.69,13207052.89,,,12,0.3956826313105441,0.45805461188026475,0.9596428845927464,0.14787725169262841,
2020,45,inpatient,132472.0,1144190.26,129468.0,3004.0,1105576.0,38614.26,57180.0,2065.0,862423.02,27652.44,51889.0,5291.0,792324.66,70098.36,,,8,0.7800666982640723,0.44165353600889795,0.9662518889122513,0.08128071535010742,
2020,45,outpatient,1420604.0,10480481.86,1388550.0,32054.0,10065666.23,414815.63,442921.0,18736.0,4444582.4,228572.05,402507.0,40414.0,4031509.39,413073.01,,,12,0.44155869054680547,0.3189809513521299,0.9604201757570716,0.09293854243764273,
2020,48,inpatient,26276415.53,191719946.10999998,25678223.53,598192.0,188178161.9,3541784.21,12018468.73,285451.0,80065175.45,1652988.51,10913554.73,1104914.0,73011890.16,7053285.29,,,12,0.4254753826990166,0.4680412847079846,0.9815262611853236,0.08809429630744661,
2020,48,outpatient,20251178.0,109008828.63,19639984.0,611194.0,106046906.09,2961922.54,4914445.0,126363.0,25970051.67,679808.48,4561673.0,352772.0,23695378.9,2274672.77,,,12,0.24489212017142406,0.2502265276794523,0.9728285995068031,0.08758830359308252,
2020,49,inpatient,25880657.57,160756696.6,24938124.73,942532.52,155020157.06,5736539.24,14916381.64,479526.65,87961617.48,2477223.95,13318566.12,1597815.24,79889940.24,8071677.09,,,12,0.567420515810436,0.5981356578129522,0.9643153930049095,0.09176362737798986,
2020,49,outpatient,24040690.48,151483823.86,23104257.81,936432.36,145872189.12,5611634.39,9968947.27,327216.49,59789862.42,1940991.6,9218417.35,750529.68,54363532.87,5426329.35,,,12,0.40987842014775405,0.43147662876602916,0.962955551312289,0.09075667898150015,
2020,51,inpatient,25114487.0,150967409.0,22592769.0,2521718.0,137684135.0,13283274.0,6052544.0,299509.0,80427584.67,4375552.18,5153358.0,899186.0,69489669.04,10937915.63,,,12,0.5841456219338561,0.26789739672901536,0.9120123072391075,0.13599706711172582,
2020,51,outpatient,17927475.0,105674904.0,16752712.0,1174763.0,98809162.0,6865742.0,2211751.0,134284.0,31753065.79,1922869.42,1957065.0,254686.0,28295613.169999998,3457452.62,,,12,0.32135750518762624,0.1320234598433973,0.9350295884820486,0.10888563148094055,
2020,55,outpatient,4959555.48,31679107.45,4672485.79,287068.09,29962738.66,1716367.79,983172.67,36458.17,6311854.03,215317.47,915877.86,67294.12,5948305.54,363548.49,,,12,0.21065677946276223,0.21041747673244396,0.9458201657761668,0.05759773408448103,
2020,60,inpatient,3163079.0,20918343.0,2887366.0,275713.0,19216130.0,1702213.0,1669772.0,104679.0,11115306.0,640376.0,1584073.0,85699.0,10535509.0,579797.0,,,12,0.5784362408039496,0.5783028545740304,0.9186258204103451,0.05216203674464743,
2020,60,outpatient,4193741.0,30440706.0,3567489.0,626252.0,25881653.0,4559053.0,1133472.0,110828.0,8391317.0,781861.0,1111614.0,21858.0,8204942.0,186375.0,,,12,0.3242187429064133,0.3177226334825419,0.8502316930494319,0.022210458739671018,
2020,61,inpatient,7481706.42,40375825.54,5144329.48,2337376.93,27360513.43,13015312.11,3026407.89,1537628.3,17406623.17,9032373.92,2759062.45,267345.42,16024688.7,1381934.47,,,12,0.6361950485517626,0.5882997777972806,0.6776459196578943,0.07939130160419276,
2020,61,outpatient,13040792.88,66816036.9,9295679.4,3745113.47,47261374.28,19554662.62,4680382.84,2109704.65,22208908.13,9953785.74,4373774.04,306608.77999999997,20522812.38,1686095.75,,,12,0.4699166807639433,0.5035008888107737,0.7073357905188777,0.07591979489178066,
2020,62,inpatient,19851659.0,183403643.53,18739790.51,1111867.93,172001096.04,11402545.03,9669740.11,515886.51,80837671.24,4728224.5,8420523.38,1249216.48,70576718.55,10260951.59,,,12,0.4699834658100124,0.5160004379365924,0.9378281299622335,0.126932795472746,
2020,62,outpatient,12792394.0,97978775.28,12074509.84,717883.5599999999,91464616.73,6514156.09,4508989.49,165791.27,30221086.15,1471155.19,4142575.88,366413.32,27324180.85,2896904.13,,,12,0.3304128659852309,0.37343043732200065,0.933514595060164,0.09585704880431639,
2020,63,inpatient,47835711.93,250314938.59,45032055.95,2803655.86,239826738.0,10488200.59,26184112.06,1462409.47,128292471.11,5415739.36,24120720.46,2063391.47,116973743.13,11318727.98,,,12,0.5349381481809589,0.5814549548675447,0.9580999813711517,0.08822597212501382,
2020,63,outpatient,22111841.83,122582487.0,21191971.36,919870.37,118021883.6,4560603.39,8821474.91,434922.83,45248548.29,1811802.84,8119657.01,701817.74,41331502.79,3917045.5,,,12,0.3833911721266581,0.41626495053926876,0.9627956365414579,0.0865673186882257,
2020,65,inpatient,10991012.0,74819350.0,10373584.0,617428.0,71939710.0,2879640.0,4614381.0,413319.0,28617290.0,1589618.0,3660365.0,954016.0,21888843.0,6728447.0,,,12,0.3977954595591225,0.44482032439318947,0.9615120954672822,0.23511824494911993,
2020,65,outpatient,7840756.0,44627724.0,7457587.0,383169.0,42923079.0,1704645.0,2383430.0,153225.0,10881430.0,499360.0,2077487.0,305943.0,9103351.0,1778079.0,,,12,0.2535100056545338,0.31959801474659294,0.961803003890586,0.16340490174545075,
2020,87,outpatient,1236333.93,13968607.950000001,1202446.94,33886.99,13619619.15,348988.8,121939.61,3076.45,1289642.81,35460.9,110893.34,11046.27,1172438.32,117204.49,,,12,0.09469007876038883,0.10140955575137478,0.9750162076815965,0.09088135807154231,
2020,88,outpatient,1045464.07,7448490.79,1003863.67,41600.159999999996,7186158.95,262331.83999999997,294859.46,8365.27,1857112.81,52595.51,277228.33,17631.04,1763534.73,93578.08,,,12,0.2584291306275657,0.29372460505518644,0.9647805377765661,0.05038901217853319,
2020,89,inpatient,308340.95,10648701.49,291267.19,17073.760000000002,10040294.48,608407.01,108750.63,7956.45,3684903.4,294685.06,100360.8,8389.83,3396952.21,287951.19,,,6,0.3670114863005492,0.3733706841474318,0.9428656150638326,0.07814348403271576,
2020,90,inpatient,336880.68,5642481.29,322065.7,14814.829999999998,5338776.38,303704.79,152029.24,0.0,1746940.52,0.0,149253.35,2775.8,1681973.02,64967.50000000001,,,2,0.3272173988302541,0.47204418228951417,0.9461752916153666,0.037189302816102755,
2020,333,outpatient,2119605.5,19451934.54,2114286.88,5318.280000000004,17863261.28,1588672.6199999999,458088.66,24369.11,3363508.41,201015.83,416321.05,41767.21,2997776.35,365732.07,,,12,0.18829195617072672,0.21666343594772722,0.9183282641254458,0.10873529226585166,
2020,2001,inpatient,5789087.58,69061804.85,5527948.42,261139.07,66382317.589999996,2679487.26,2539184.48,102232.59,29308247.0,974601.95,2254681.5100000002,284502.87,25785603.63,3522643.37,,,12,0.44150683591702544,0.4593357765085659,0.9612016038992934,0.12019290577153932,
2020,2001,outpatient,8128478.18,45194536.38,7731805.21,396672.82,43346693.78,1847842.6,1678647.79,54842.9,9470016.91,245372.83,1514890.47,163757.21,8485503.02,984513.89,,,12,0.21847149307542874,0.21710942585942358,0.9591135843398599,0.10396115438404217,
2020,2004,inpatient,18213505.0,166089964.12,18065788.25,147716.35,164468648.65,1621313.84,11149379.26,102774.5,103030117.09,1076333.8,9468840.53,1680538.56,88483805.36,14546310.5,,,12,0.6264422911946872,0.617154319850948,0.9902383296992671,0.14118503318105857,
2020,2004,outpatient,11066747.0,102929910.6,10938395.44,128351.14,101871986.17999999,1057922.43,4920706.93,37951.62,46749359.54,295625.17,4410925.43,509781.28,41538809.41,5210548.79,,,12,0.45890299475851454,0.4498563758269101,0.9897218950853728,0.1114571160176369,
2020,3028,inpatient,748163.0,45816629.0,534018.0,214145.0,32805876.0,13010753.0,439167.0,192497.0,26836955.0,11689797.0,424775.0,14392.0,25921144.0,915811.0,,,12,0.8180532963058204,0.8223823916047773,0.716025528635029,0.034124996669704144,
2020,3028,outpatient,1931.0,284492.0,1767.0,164.0,252982.0,31510.0,973.0,100.0,137744.0,20546.0,946.0,27.0,135036.0,2708.0,,,10,0.5444814255559685,0.5506508205998868,0.8892411737412651,0.019659658496921827,
2020,3029,inpatient,1966752.09,50191988.04,1910238.85,56513.24,48531463.2,1660524.84,756355.73,34538.86,19645498.96,1030457.59,710087.4,46268.33,18312444.64,1333054.32,,,12,0.4047992305329875,0.3959482501363638,0.9669165357890056,0.06785545751289994,
2020,3029,outpatient,449511.0,8756631.58,440232.0,9279.0,8578439.58,178192.0,134502.0,2990.0,2593963.48,57755.0,127571.0,6931.0,2463259.48,130704.0,,,12,0.30238173922068934,0.30552526849479367,0.9796506226884105,0.050387756422846784,
2020,4000,inpatient,3009845.41,141034785.49,2757990.0,251855.41,129842053.78,11192731.71,541199.38,50562.81,21505362.33,1883572.56,541199.38,0.0,21505362.33,0.0,,,12,0.1656270961828589,0.19622963825104514,0.9206385029685203,0.0,
2020,4000,outpatient,108740.5,12463391.68,103031.0,5709.5,11780199.73,683191.95,6668.2,387.59,1177822.74,68679.18,6668.2,0.0,1177822.74,0.0,,,12,0.09998325724482432,0.06472032689190632,0.9451841065786035,0.0,
2020,4003,inpatient,903132.0,20708914.0,800162.0,102970.0,17964720.0,2744194.0,106240.0,7397.0,927420.0,263435.0,104911.0,1329.0,912147.0,15273.0,,,12,0.05162451738741266,0.1327731134445275,0.8674873052251798,0.01646826680468396,
2020,4003,outpatient,12164.0,1446655.0,10050.0,2114.0,1200446.0,246209.0,806.0,93.0,151785.0,15559.0,696.0,110.0,139420.0,12365.0,,,12,0.12644050627849981,0.08019900497512437,0.82980807448908,0.08146391277135422,
2020,4019,inpatient,89162.45,1667402.15,88960.78,201.64999999999998,1650804.7200000002,16597.43,27034.94,66.4,432022.2,4890.21,25957.21,1077.72,397175.88,34846.34,,,3,0.261704000943249,0.303897290468901,0.9900459346295075,0.08065867911417514,
2020,4019,outpatient,903.5,176748.6,903.5,0.0,176748.6,0.0,28.5,0.0,8607.65,0.0,28.5,0.0,8607.65,0.0,,,4,0.04869996141412152,0.03154399557277255,1.0,0.0,
2020,5033,inpatient,4460085.37,60865466.86,4211897.69,248187.44,58966458.07,1899008.79,3650965.71,60525.12,46680751.79,650066.77,3391365.13,259600.45,44395019.48,2285732.31,,,12,0.7916492412446505,0.8668220309976237,0.9687998977422121,0.04896519919564903,
2020,5033,outpatient,7910.5,2360848.16,7902.5,8.0,2359891.36,956.8,7483.5,4.0,1779208.52,360.25,7228.75,254.75,1736841.85,42366.67,,,12,0.7539366218960182,0.9469788041758938,0.9995947219240053,0.02381208808509977,
2020,5034,inpatient,6097317.33,47099251.89,5911615.76,185701.33,45612002.89,1487248.66,0.0,0.0,0.0,0.0,0.0,0.0,0.0,0.0,,,12,0.0,0.0,0.9684230865604094,,
2020,5034,outpatient,1140587.7,15806273.08,1124441.58,16145.929999999998,15370387.33,435885.47000000003,6466.91,6161.84,16525.34,7973.1,6466.91,0.0,16525.34,0.0,,,12,0.0010751414161011908,0.005751219196287636,0.972423243114056,0.0,
2020,5050,inpatient,44584103.93,296941956.58,43138500.93,1445603.0,287066525.27,9875431.31,18577340.0,657833.0,103427110.53,3475001.14,16857126.0,1720214.0,93940999.91,9486110.62,,,12,0.3602896939401827,0.43064407894342654,0.9667428900121111,0.09171783463145733,
2020,5050,outpatient,31478355.75,163019816.57,30165072.25,1313283.5,157052462.21,5967354.36,9479466.66,297596.0,46448788.3,1332304.57,8812334.0,667132.66,42935885.35,3512902.95,,,12,0.29575332755937184,0.31425307327085883,0.9633949142775681,0.07562959290371844,
2020,8992,inpatient,29428605.24,193198454.55,26811696.4,2616908.79,178447293.51,14751160.69,7418729.17,654418.11,55290107.12,4128587.72,6350881.96,1067847.15,47957286.35,7332820.72,,,12,0.3098399871046607,0.276697492740519,0.9236476240228806,0.13262446216797996,
2020,8992,outpatient,3149453.14,27576068.01,2936890.86,212562.18,26093180.97,1482886.76,458155.22,49372.94,5841592.52,374643.83999999997,403420.37,54734.76,5007196.82,834395.63,,,12,0.22387429599772557,0.15600008370757093,0.9462255808383465,0.14283701356150053,
2021,1,inpatient,34010357.0,245612089.0,30029051.0,3981306.0,216485428.0,29126661.0,17102034.0,2144355.0,117102551.0,13764315.0,14637425.0,2464609.0,100803727.0,16298824.0,,,12,0.5409257892406504,0.5695162993995382,0.8814119405987382,0.1391841924946622,
2021,1,outpatient,36747221.0,184128668.0,28893798.0,7853423.0,149928187.0,34200481.0,14422012.0,4683616.0,65051295.0,14660298.0,11539033.0,2882979.0,53574576.0,11476719.0,,,12,0.43388302294351094,0.4991386732889875,0.8142577070073629,0.17642568068783257,
2021,2,inpatient,249776749.6,1184076812.31,228586766.63,21189982.66,1102586270.6299999,81490540.62,93863836.64,9632208.62,411594492.02,36592096.99,83431908.23,10431928.23,357142581.94,54451909.91,,,12,0.37329912677474353,0.41062673060130334,0.9311779938321558,0.13229504030232284,
2021,2,outpatient,146432675.55,552049665.2,139308675.08,7124000.08,527343017.74,24706646.330000002,57715232.38,3101444.35,183525186.79,9726988.81,51066230.94,6649001.3,160343500.33,23181686.36,,,12,0.3480186152393219,0.4142974753500182,0.9552456073838046,0.12631337837310477,
2021,3,inpatient,33138663.71,268825956.92,28156387.42,4982273.21,230397850.0,38428104.03,10915374.92,1802012.61,86576988.76,13243566.17,9219334.11,1696039.39,73536079.04,13040909.57,,,12,0.37577168693197444,0.38766958122783207,0.8570520966045111,0.15062789497277035,
2021,3,outpatient,11457157.34,81070172.63,9896349.78,1560805.36,67692539.31,13377631.81,2444854.86,302806.94,15951849.44,2108898.33,2212662.98,232191.13999999998,14182653.96,1769195.39,,,12,0.23565151496161238,0.24704612451561914,0.834986988604862,0.11090848096670601,
2021,4,inpatient,59983359.0,395238369.0,53942852.0,6040507.0,359720002.0,35518367.0,20109995.0,2433713.0,118659210.0,14213662.0,11830180.0,8279815.0,69081867.0,49577343.0,,,12,0.3298654768716475,0.3728018496315323,0.910134314414196,0.41781285245367805,
2021,4,outpatient,32081146.0,159236322.0,28687429.0,3393717.0,143739179.0,15497143.0,8423799.0,1236371.0,36050100.0,4835649.0,6172294.0,2251505.0,25428063.0,10622037.0,,,12,0.25080218386387193,0.2936407790325163,0.9026783411890159,0.29464653357410936,
2021,5,inpatient,40387445.49,248183032.0,38498383.43,1889060.16,237808899.1,10374130.24,19973021.87,997932.58,114171640.82,4857172.03,17913266.47,2059755.29,102090568.07000001,12081072.75,,,12,0.4800982690390832,0.5188015727028152,0.9581996689443297,0.10581500505056857,
2021,5,outpatient,30168245.9,140404574.0,28216526.69,1951717.52,133005428.7,7399142.65,10996158.3,566977.12,48479092.81,2395037.08,9755346.88,1240811.3,42302334.2,6176758.61,,,12,0.36448957973998847,0.38970630300493586,0.9473012517384227,0.12741077136505105,
2021,6,inpatient,7442258.68,65071086.06,7290373.28,151885.33,63645974.37,1425111.69,3790702.13,52277.13,33358677.59,479541.32,3390997.68,399704.33,29856630.990000002,3502046.6,,,12,0.524128633746298,0.519959950528075,0.9780991562260701,0.10498157759856212,
2021,6,outpatient,6170035.08,44092974.18,5967205.39,202829.53,42659621.88,1433352.3,2216078.39,63895.66,15463333.49,346138.74,1871701.91,344376.37,12857853.040000001,2605480.45,,,12,0.36248172882304974,0.37137625490715687,0.9674925013189483,0.16849409939227794,
2021,8,inpatient,49131219.8,237175681.33,45161009.1,3970210.57,221727790.69,15447890.64,20916790.73,1640657.26,89007993.24,6232472.22,17049689.8,3867100.79,71583803.8,17424189.44,,,12,0.4014291260604451,0.46316039315427965,0.9348673078396,0.19575982791812466,
2021,8,outpatient,76857349.67,382718985.93,72373506.4,4483843.15,362895861.11,19823124.81,27355933.62,1383057.2,125069387.57,6046196.84,21902302.56,5453630.93,100066129.52,25003258.05,,,12,0.34464263986766525,0.3779827036264751,0.9482044906347403,0.19991509142079988,
2021,9,inpatient,299092055.37,1715779331.2,229813858.73,69278196.28,1379593190.6,336186140.6,84229350.24,26464439.88,471341406.18,120041967.55,71912423.56,12316926.47,402427247.9,68914158.28,,,12,0.3416524591390659,0.36651118738212396,0.8040621340479287,0.14620858124584635,
2021,9,outpatient,279181844.8,1044176776.54,226538076.43,52643768.01,859048026.04,185128750.5,77677975.45,19834130.82,251045195.19,63231089.75,70934390.17999999,6743585.14,226444715.06,24600480.13,,,12,0.2922365078321134,0.3428914762327048,0.8227036315503535,0.09799223646316542,
2021,10,inpatient,864288.98,12623227.4,853333.3,10955.619999999999,12377661.04,245566.36,536106.95,1963.81,6304889.75,40341.42,494742.26,41364.56,5831403.05,473486.7,,,12,0.509376507372834,0.6282503565722795,0.9805464678549638,0.07509833141808706,
2021,10,outpatient,2479015.78,24244856.52,2431803.1,47212.51,23815450.14,429406.38,1023975.53,7898.83,9339131.709999999,62380.43,950608.29,73367.09,8702327.48,636804.23,,,12,0.39214592439360035,0.42107666118198467,0.9822887638190074,0.06818666336166278,
2021,11,inpatient,30037540.19,229606350.37,29772400.47,265139.62,227648434.32,1957916.05,14730065.06,82474.75,111321276.07000001,634587.8,11598332.51,3131732.41,87479579.91,23841696.16,,,12,0.48900523477142976,0.49475570755010745,0.9914727269222087,0.21417016586306545,
2021,11,outpatient,32889921.37,204473597.81,32472451.509999998,417469.73,202063381.13,2410216.67,12764223.73,161286.46,78600271.7,753678.54,10321673.620000001,2442550.04,61272778.9,17327492.8,,,12,0.38898820390138644,0.3930785369275004,0.9882125775365893,0.22045080029920558,
2021,12,inpatient,71406795.28,500578604.37,68220971.25,3185824.01,484139760.49,16438843.88,36898599.16,935500.92,255982534.52,5235735.7,29777383.79,7121215.34,207483981.96,48498552.56,,,12,0.5287368553677949,0.540868863106372,0.9671603146109511,0.18946039678426105,
2021,12,outpatient,89899625.13,396496741.27,85572177.23,4327447.81,378776278.41,17720462.86,37856636.48,1207486.95,150196368.78,3621302.41,31388632.4,6468004.04,122829141.48,27367227.3,,,12,0.39653055732656645,0.4423942186050651,0.9553074186606417,0.18220964675974372,
2021,13,inpatient,173358.61,5014466.15,170929.68,2428.9,4915657.12,98809.01,45504.88,695.53,1563580.44,33941.67,39341.64,6163.21,1377662.47,185917.95,,,7,0.31808167287306643,0.266219886446871,0.9802952045054686,0.11890526719559118,
2021,13,outpatient,3574231.63,30879015.44,3524153.61,50077.88,30393402.09,485613.34,1122740.17,9028.64,8901367.71,90690.35,815684.26,307055.81,6511940.61,2389427.06,,,12,0.2928717122104839,0.3185843451358523,0.9842736776713759,0.26843369893771074,
2021,15,inpatient,48796908.0,329044555.24,47842305.18,954601.99,323213538.53,5831014.39,24205190.51,338518.65,155277300.91,1938956.15,19595171.580000002,4610018.49,126174639.24,29102660.49,,,12,0.48041706921131183,0.5059369614179615,0.982278944850654,0.1874237916259772,
2021,15,outpatient,63265133.0,275481562.66,62183876.47,1081255.8,271237147.82,4244412.45,26535488.51,415358.75,102759450.38,1369147.6,21610059.38,4925428.82,82560009.66,20199439.56,,,12,0.37885463405696124,0.4267261871781472,0.9845927444326338,0.19657014012145205,
2021,16,inpatient,42323532.0,218677630.36,39830704.0,2492828.0,207180135.71,11497494.64,19767388.0,1832061.0,96462033.81,6186878.3,17560190.0,2207198.0,85009364.21,11452669.6,,,12,0.46559499287625983,0.4962851773847633,0.9474226301470702,0.11872722508171632,
2021,16,outpatient,32758143.5,119709041.13,30837659.5,1920484.0,113092087.95,6616953.17,12473181.0,765136.0,42000793.3,2471387.45,11208392.0,1264789.0,37040955.24,4959838.06,,,12,0.3713857800429795,0.40447884833801995,0.9447246998427278,0.11808915190180468,
2021,17,inpatient,3652650.14,21559858.53,2680176.56,972473.34,15638955.69,5920902.84,1799532.39,551470.68,9319420.44,2908498.54,1609203.92,190328.37,8391380.3,928040.14,,,12,0.5959106621140379,0.6714230759483995,0.7253737619956451,0.09958131473677778,
2021,17,outpatient,10752158.86,44696547.91,7732612.48,3019546.14,32132555.3,12563992.61,4068522.8,1608677.84,16173287.36,6393758.59,3523123.5,545399.19,13944358.38,2228928.98,,,12,0.5033302583314935,0.5261511307495393,0.7189046313979643,0.13781545646141294,
2021,18,inpatient,10650741.0,86941437.88,10191613.6,459126.99,83317438.91,3623996.93,6290738.13,237784.22999999998,46015964.089999996,1773202.27,5688329.16,602408.77,41472881.51,4543081.57,,,12,0.5522969103707894,0.6172465300293567,0.9583167812913103,0.09872837959266585,
2021,18,outpatient,17613976.0,102472847.46,16733238.99,880736.46,98149499.69,4323345.66,6717882.66,228256.55,38196943.86,1143858.27,6128971.45,588910.87,34565290.9,3631651.86,,,12,0.38917105008831454,0.40146935473847556,0.9578098210680873,0.09507702692945236,
2021,19,inpatient,50462509.0,274983811.0,38703187.0,11759322.0,220132724.0,54851087.0,23714029.0,8454997.0,125749573.0,37294582.0,21953525.0,1760504.0,116847531.0,8902042.0,,,12,0.5712443416636229,0.6127151492718158,0.8005297591864418,0.07079182686369838,
2021,19,outpatient,52427151.0,233169189.0,39547254.0,12879897.0,183724645.0,49444544.0,18918970.0,7650341.0,79106288.0,27169032.0,17480900.0,1438070.0,72643877.0,6462411.0,,,12,0.43056982366192625,0.4783889672845553,0.7879456363336238,0.08169275999905343,
2021,22,inpatient,42010397.94,230459768.38,37114426.49,4895971.3,205976817.77,24482950.61,17543497.21,1855501.27,123234492.76,12976359.99,14140530.89,3402966.24,99839634.17,23394858.59,,,12,0.5982930219730231,0.4726867385308208,0.8937647521643318,0.1898401824525025,
2021,22,outpatient,33233236.11,139794857.81,28729962.45,4503273.54,122671157.4,17123700.41,8667529.95,1145450.89,50082289.1,6580782.28,7205190.39,1462339.52,40930153.1,9152136.0,,,12,0.4082645844507211,0.30168956764508403,0.8775083670582976,0.18274196656078964,
2021,23,inpatient,64489499.0,377522842.0,62647555.0,1841944.0,368167375.0,9355467.0,30708023.0,891167.0,174358482.0,4393037.0,27206341.0,3501682.0,153182642.0,21175840.0,,,12,0.47358482538003266,0.4901711327760517,0.975218805435884,0.12145001354164119,
2021,23,outpatient,73647828.0,322198921.0,71699046.0,1948782.0,314107354.0,8091567.0,28912272.0,870501.0,116017038.0,2989124.0,25770692.0,3141580.0,102878546.0,13138492.0,,,12,0.3693547334138506,0.40324486325801323,0.9748864242782489,0.11324622854101826,
2021,24,inpatient,49379270.87,278367824.17,47391180.34,1988089.76,269935456.04,8432366.08,29537976.91,1153562.77,164561562.33,4609632.6,24764517.04,4773459.51,134678587.96,29882973.1,,,12,0.6096330016965784,0.6232800427861215,0.9697078203806689,0.1815914523227169,
2021,24,outpatient,36808250.6,175303456.01,35164820.44,1643429.61,168028002.72,7275451.07,14120932.69,593404.89,61014463.24,2127464.31,11845464.07,2275468.35,50461916.64,10552545.43,,,12,0.3631208027966257,0.4015641915218607,0.9584979471848806,0.17295154082551917,
2021,27,inpatient,28126574.52,180349285.59,20928803.16,7197771.36,135855825.35,44493460.24,25639455.509999998,8775908.78,84485731.07,27751527.65,24230775.97,1408679.54,78728381.0,5757350.07,,,12,0.6218778683383119,1.225079872651447,0.7532928389794127,0.06814582766916928,
2021,27,outpatient,37884752.54,179738608.01,27008922.76,10875829.78,131086384.46,48652223.55,39323741.58,15349771.39,67287828.29,26439033.61,37413339.63,1910401.95,63458955.910000004,3828872.38,,,12,0.5133090562165316,1.4559537205326138,0.729316789037928,0.05690289725948888,
2021,28,inpatient,14581811.0,93394376.0,14351242.209999999,230568.29,91843415.79,1550958.3800000001,8039258.21,130741.52,44782648.96,777677.8099999999,7643325.52,395932.47000000003,43310051.58,1472596.42,,,12,0.48759781607421415,0.5601785610167053,0.9833934303495963,0.03288319146362529,
2021,28,outpatient,21559052.0,113113035.0,21249065.51,309986.01,111512611.05,1600421.91,8498989.91,159051.13,40758273.25,659645.51,8279957.13,219032.51,39664608.67,1093663.61,,,12,0.3655037117884794,0.39997005543609904,0.9858511094676223,0.02683292305568907,
2021,29,inpatient,63245487.55,452780612.83,57719482.9,5526004.55,424859925.0,27920687.83,27139650.77,1688711.33,205752000.39000002,10376304.77,21567792.29,5571858.35,166639504.2,39112496.19,,,12,0.48428196749787594,0.4701991321893842,0.9383350632981209,0.1900953386400269,
2021,29,outpatient,57633588.36,302148117.92,49824174.81,7809413.41,269306814.97,32841302.95,19149860.55,3383508.25,91846777.84,13620869.03,16527916.32,2621944.09,77973947.17,13872830.67,,,12,0.341048843677541,0.3843487749275581,0.8913072728167865,0.1510431938523408,
2021,30,inpatient,1462568.72,10219291.55,1443553.18,19015.46,9995003.8,224287.75,1018217.32,10570.84,7137774.22,141709.14,902325.46,115891.74,6345688.13,792086.09,,,12,0.7141342177378661,0.7053549076730239,0.9780525148047078,0.11097102059919177,
2021,30,outpatient,3841113.04,33962340.01,3743479.96,97632.98,32935850.63,1026489.38,2108422.11,35215.04,16197161.36,318377.6,1907323.16,201098.82,15037597.53,1159563.83,,,12,0.4917790507966,0.5632251628241653,0.9697756579877077,0.07159055863107115,
2021,32,inpatient,9897859.0,76811227.0,9194482.0,703377.0,70880717.0,5930510.0,5391780.0,305757.0,38235734.4,2604473.0,4972710.0,419070.0,35067290.4,3168444.0,,,12,0.5394377486333836,0.5864147648557037,0.922791104482682,0.08286604271422077,
2021,32,outpatient,15242032.0,103921625.0,13749511.0,1492521.0,93697546.0,10224079.0,6341762.0,666888.0,40759102.0,3853238.0,5695287.0,646475.0,37046955.0,3712147.0,,,12,0.43500714522448647,0.4612354577555522,0.9016174063867842,0.09107528914645863,
2021,33,inpatient,21448000.0,148246260.0,20678834.0,769166.0,143006812.0,5239448.0,12710203.0,301725.0,83308757.0,1849320.0,11320649.0,1389554.0,74276589.0,9032168.0,,,12,0.5825509696698924,0.614647953554828,0.9646571319910533,0.10841799019999782,
2021,33,outpatient,17613347.0,103268127.0,16599049.0,1014298.0,98286085.0,4982042.0,6564458.0,373752.0,39010099.0,1612846.0,5665986.0,898472.0,33881597.0,5128502.0,,,12,0.39690357999303766,0.3954719333619655,0.9517562471138844,0.13146600832774097,
2021,34,inpatient,12652588.0,129513158.99,12485967.34,166620.24,127663945.25,1849212.07,5890620.73,86223.23,52844240.79,813046.49,4841399.11,1049221.44,43660161.910000004,9184077.91,,,12,0.41393238072438465,0.4717792838628393,0.9857218080817349,0.173795247555869,
2021,34,outpatient,9650976.0,69493904.3,9454674.44,196301.18,68286417.77,1207484.81,2140458.18,33170.61,15138223.86,190901.65,1798359.59,342098.34,12456231.57,2681991.32,,,12,0.22168718691596992,0.22639152660236922,0.9826245691307345,0.17716684234579683,
2021,35,inpatient,15719561.29,95779459.17,15298017.790000001,421543.35000000003,93244491.7,2534967.47,8216534.64,227794.9,51175160.42,1436929.59,7550464.61,666069.95,46568465.36,4606695.06,,,12,0.5488277053903442,0.5370979922229518,0.9735332868658126,0.09001818503727906,
2021,35,outpatient,16107325.97,73605686.73,15620243.96,487081.92,71324623.63,2281063.1,4579587.96,131597.49,21318894.51,562885.97,4370717.61,208870.2,20202895.26,1115999.25,,,12,0.29889950237372187,0.2931828703653614,0.9690096893142592,0.05234789493782246,
2021,37,inpatient,14025347.1,111482551.8,13798039.209999999,227307.78,109938209.47,1544342.33,8667810.99,108725.07,66607361.25,719975.61,8053104.72,614706.16,61889787.62,4717573.63,,,12,0.6058617979236405,0.6281915030157391,0.986147228377311,0.07082661047467932,
2021,37,outpatient,22353941.66,135806594.56,21902658.07,451283.47,133127193.16,2679401.4,11978495.21,232674.31,68669880.43,1239740.29,11082297.58,896197.47,63540505.03,5129375.4,,,12,0.5158215898645783,0.5468968730515364,0.9802704617645336,0.07469614579027453,
2021,38,inpatient,12519478.8,130986003.13,12221469.85,298008.82,128296102.6,2689900.53,6093538.67,132899.65,61519003.15,1068760.04,5015807.59,1077730.98,49511916.66,12007086.49,,,12,0.47950796558335984,0.4985929470668375,0.9794642139944498,0.19517687015707114,
2021,38,outpatient,15305653.459999999,107176661.42999999,14715541.4,590111.96,104211562.11,2965099.32,4348627.34,123912.45,31244317.64,691067.63,3444477.9,904149.3200000001,24035915.72,7208401.92,,,12,0.29981622967152355,0.2955125619775022,0.9723344683400446,0.23071081286062614,
2021,39,inpatient,13319712.0,81187579.0,13193693.0,126019.0,80382898.0,804681.0,7787315.0,56062.0,43883905.0,368490.0,7325562.0,461753.0,41022439.0,2861466.0,,,12,0.5459358407306987,0.5902301198004228,0.9900886193440994,0.06520536401671638,
2021,39,outpatient,17572482.0,82807837.0,17270401.0,302081.0,81459031.0,1348806.0,7217661.0,69356.0,30165581.0,398041.0,6962806.02,254854.97,28812117.0,1353464.0,,,12,0.3703159812937132,0.4179208693532941,0.9837116141555539,0.04486782469066318,
2021,40,inpatient,18091584.95,145531511.4,17772902.35,318682.47,143417609.62,2113901.78,9752069.87,145512.45,81719726.92,955052.27,8021629.61,1730440.09,66896789.03,14822937.89,,,12,0.5698026005071831,0.5487044084276983,0.9854746112394185,0.18138751129835518,
2021,40,outpatient,25582627.66,128780932.89,24896269.009999998,686358.54,125319586.89,3461346.0,10677609.44,119933.32,50668903.45,490541.77,8717041.620000001,1960567.75,41067564.97,9601338.48,,,12,0.4043175109927144,0.4288839197436034,0.9731222167573785,0.18949173607979472,
2021,43,inpatient,49167536.31,307153660.64,48215447.26,952088.92,300819127.43,6334533.21,25429370.06,390829.46,153892299.0,2549728.53,19622401.79,5806968.13,119254268.97,34638030.03,,,12,0.5115775061072552,0.5274112655820254,0.9793766637949193,0.22507968400680012,
2021,43,outpatient,31255741.45,168319293.03,30720077.4,535663.97,165604032.81,2715260.22,12679052.86,163169.5,64315637.48,811612.57,10256054.27,2422998.44,53041634.41,11274003.07,,,12,0.3883699955168984,0.4127285454039904,0.9838683957666335,0.17529178768547285,
2021,44,inpatient,38047524.22,257796685.53,36694027.339999996,1353496.64,249967190.63,7829494.9,17769055.5,578399.22,109278444.9,2815496.45,13357107.6,4411947.76,82356822.27,26921622.63,,,12,0.4371711528404275,0.48424925766134236,0.969629187109588,0.24635803204040652,
2021,44,outpatient,61465268.01,268579470.6,58444554.26,3020713.51,257013002.25,11566468.35,24614829.63,1032382.8300000001,97077028.13,3666025.93,20337905.3,4276924.2,77840418.19,19236609.94,,,12,0.3777125175775032,0.4211654950861114,0.9569346520634626,0.19815820808028276,
2021,45,outpatient,802389.0,5296499.0,779385.96,23003.02,5136691.0,159808.0,402655.96,8691.369999999999,2200950.0,41808.0,360029.21,42626.729999999996,1973702.0,227248.0,,,12,0.42847623109897015,0.5166322985854147,0.9698276163178734,0.1032499602444399,
2021,48,inpatient,30077199.22,204327825.82,29167074.22,910125.0,199580977.95,4746847.87,13552630.92,461846.0,82762411.88,2176223.62,12137801.8,1414829.12,73979749.52,8782662.36,,,12,0.4146808615234566,0.46465513879712,0.976768470711465,0.10611897551673913,
2021,48,outpatient,29007654.08,116260064.13,27575358.08,1432296.0,111652730.06,4607334.07,6969130.96,298731.0,26517881.34,903524.61,6266619.96,702511.0,23376616.74,3141264.6,,,12,0.23750320592922186,0.25273038847878493,0.9603704496081462,0.11845835493884897,
2021,49,inpatient,33596756.1,190606604.55,32351875.99,1244879.98,183720763.33,6885841.22,19467721.15,669784.84,103788805.53,3696262.83,16521053.02,2946668.01,88276045.96,15512759.57,,,12,0.5649269230586317,0.6017493747817744,0.9638740680772491,0.14946467001699967,
2021,49,outpatient,26622706.66,157243367.49,25729822.94,892883.62,152190439.03,5052928.46,10933099.16,305410.51,63139467.15,1750675.92,9399164.36,1533934.68,53024611.35,10114855.8,,,12,0.41487144364932055,0.4249193313725928,0.967865554263703,0.16019862467274562,
2021,51,inpatient,28018195.25,163664153.44,25166443.22,2851751.54,149794015.05,13870137.18,9124103.97,711771.59,78280819.19,5784760.58,7539678.76,1584424.92,65467165.74,12813652.73,,,12,0.5225897654447043,0.3625503965832165,0.915252435561066,0.16368828101938007,
2021,51,outpatient,16842615.76,89344765.05,15663775.15,1178840.09,83397850.17,5946913.72,3050810.9,137685.31,24307873.17,1360355.55,2725143.08,325667.57,21696724.26,2611148.23,,,12,0.291468822283192,0.1947685580764992,0.9334385749778186,0.10741985577012947,
2021,55,outpatient,4946426.87,26333899.09,4608539.46,337885.67,24527121.12,1806776.94,1117025.04,33140.7,6032147.71,187798.64,1056827.15,60197.41,5483239.74,548907.96,,,12,0.24593786121442693,0.24238157223026144,0.9313896524086666,0.09099710192607335,
2021,60,inpatient,5164933.06,30876420.78,4673652.56,491280.5,28038595.09,2837825.69,2437119.0,168358.0,14709042.54,995637.35,2359688.0,77431.0,14175514.54,533528.0,,,12,0.5245998414965519,0.5214591732509959,0.9080908467266975,0.03627210938775353,
2021,60,outpatient,6226323.5,32403130.46,5437077.5,789246.0,28190095.38,4213035.08,1714059.0,139529.0,8942781.93,671394.96,1677932.0,36127.0,8734131.93,208650.0,,,12,0.31723134701930195,0.3152537369570325,0.8699806154469928,0.023331665876817374,
2021,61,inpatient,8160624.78,45485522.0,5846936.92,2313687.75,32172065.99,13313456.01,3447475.71,1539112.33,20362805.99,9177925.9,3063110.53,384365.02999999997,18131962.84,2230843.15,,,12,0.6329343597743876,0.5896208146538375,0.7073034358053536,0.10955480060535606,
2021,61,outpatient,14794225.69,76582117.05,10386956.35,4407269.22,55307776.43,21274340.62,4967316.67,2506323.42,25062526.92,11149007.83,4461899.07,505417.46,22392318.44,2670208.48,,,12,0.4531465290730004,0.4782263930472761,0.7222022393803751,0.10654186980121157,
2021,62,inpatient,23916872.0,189843581.32,22125870.57,1791001.02,175448957.95,14394620.85,11318835.290000001,665687.4,83753554.18,5069114.7700000005,9852045.959999999,1466789.1300000001,72591349.39,11162203.73,,,12,0.4773670653767483,0.5115656468381845,0.9241764021205623,0.13327438864278654,
2021,62,outpatient,15628341.0,106466603.64,14527061.01,1101279.49,98216901.64,8249699.42,5284455.74,316624.38,31469602.78,1922382.74,4688946.94,595508.55,27405039.82,4064561.8000000003,,,12,0.3204092396983498,0.3637663348672066,0.9225137111737398,0.12915834459096404,
2021,63,inpatient,48223912.36,270955999.55,45938239.84,2285672.42,260422599.89,10533399.66,28353062.6,1332387.69,146397793.11,5682017.76,25331183.09,3021879.4,128820854.53,17576938.58,,,12,0.5621547176467674,0.617199585764538,0.961125054704477,0.12006286574820893,
2021,63,outpatient,27970735.4,145783095.58,26704802.87,1265932.42,139688317.27,6094778.31,11003599.459999999,485483.4,55457249.71,2182198.46,9749320.6,1254278.73,48847363.29,6609886.42,,,12,0.3970070711268437,0.41204571003822577,0.9581928324010967,0.11918886087147793,
2021,65,inpatient,11406035.0,78866320.0,10846900.0,559135.0,75827362.0,3038958.0,4476154.0,358970.0,26646624.0,1722127.0,3343030.0,1133124.0,19677865.0,6968759.0,,,12,0.35141172391042697,0.41266666052051737,0.9614669734812021,0.261525024708571,
2021,65,outpatient,11423151.0,52716784.0,10741299.0,681852.0,50281655.0,2435129.0,3347174.0,333890.0,13514404.0,961912.0,2872680.0,474494.0,11227841.0,2286563.0,,,12,0.2687740489051126,0.3116172448043761,0.9538073301284843,0.16919451275838726,
2021,87,outpatient,1248829.06,12157247.26,1223245.68,25583.38,11882847.02,274400.24,135602.65,2487.59,1225455.83,20865.9,122355.21,13247.44,1088107.51,137348.32,,,12,0.10312813317695982,0.11085479574307591,0.9774290812606208,0.11207937213045042,
2021,88,outpatient,1129720.53,8274204.13,1099302.69,30417.62,8037666.8,236537.33000000002,333731.66,6100.2,2225282.03,44629.65,311427.23,22304.32,2074128.43,151153.6,,,12,0.27685671543388685,0.30358486614819435,0.9714126789376176,0.06792559233491856,
2021,333,outpatient,2176464.67,18240271.32,2017636.58,158827.48,16805744.91,1434525.72,489938.72000000003,18698.09,3567048.06,172335.08,444810.73,45127.58,3248748.03,318300.02,,,12,0.21225170791908682,0.24282803199374983,0.921353888610907,0.0892334542865677,
2021,2001,inpatient,5264526.92,72996200.44,4991279.31,273247.54,69540974.37,3455226.07,2104703.02,135347.97,29330412.81,1571668.74,1849560.85,255142.07,25928728.02,3401684.79,,,12,0.42177166879981404,0.42167606524909146,0.9526656723339997,0.11597807409107516,
2021,2001,outpatient,10156097.84,55094756.24,9697094.39,459003.33,52882560.0,2212196.24,1987538.49,111387.52,10543152.49,427222.46,1751103.72,236434.61,9173347.94,1369804.55,,,12,0.19936917747552313,0.20496227117781,0.9598474266704551,0.1299236211654186,
2021,2004,inpatient,21680526.67,185873137.83,21554440.04,126085.83,184592257.02,1280879.22,12829435.25,68942.07,112271209.67,743062.77,10281693.79,2547741.03,91892712.96,20378495.419999998,,,12,0.6082119124738572,0.5952107884125762,0.9931088438869984,0.18151131959741712,
2021,2004,outpatient,11911736.45,101620914.35,11805110.26,106625.66,100790585.35,830327.11,5124771.86,28798.98,45291667.94,248632.79,4282530.65,842240.84,37109278.53,8182388.08,,,12,0.4493640728717129,0.43411469669746233,0.9918291524406069,0.18065989733121762,
2021,3028,inpatient,650096.0,41726394.0,483667.0,166429.0,30865498.0,10860896.0,404559.0,153087.0,25804069.0,9754093.0,382609.0,21950.0,24442750.0,1361319.0,,,12,0.8360166098729397,0.8364411878420484,0.739711607957304,0.05275598201198423,
2021,3028,outpatient,1468.0,267765.0,1298.0,170.0,234090.0,33675.0,669.0,93.0,123656.0,23760.0,659.0,10.0,121370.0,2286.0,,,12,0.528241274723397,0.5154083204930663,0.8742367374376786,0.01848676974833409,
2021,3029,inpatient,1841529.37,33840434.21,1778168.29,63361.08,32678372.580000002,1162061.63,850057.32,48543.32,15699261.42,873837.54,793964.37,56092.95,14748960.12,950301.3,,,12,0.4804174804472469,0.478052232052794,0.9656605579352583,0.06053159282954344,
2021,3029,outpatient,324092.68,6665580.55,324092.68,0.0,6665580.55,0.0,0.0,0.0,0.0,0.0,0.0,0.0,0.0,0.0,,,12,0.0,0.0,1.0,,
2021,4000,inpatient,2723112.52,144902740.5,2443491.15,279621.3,131554044.82000001,13348695.67,535281.37,85144.51,23821112.17,3515462.89,450298.47,84982.89,20286608.25,3534503.92,,,12,0.18107472257955617,0.21906417381540344,0.9078782386451829,0.14837694792652495,
2021,4000,outpatient,64684.0,7532351.4,61771.0,2913.0,7279875.4,252476.0,4393.0,151.0,1116545.0,31225.0,3926.0,467.0,1012663.0,103882.0,,,12,0.15337419099233485,0.07111751469136002,0.9664811177025012,0.09303879377902369,
2021,4003,inpatient,1123125.0,23354386.0,987312.0,135813.0,20490247.0,2864139.0,160443.0,27702.0,1389021.0,204182.0,148389.0,12054.0,1250270.0,138751.0,,,12,0.06778937315884967,0.16250486168506004,0.877361836872954,0.09989121834731081,
2021,4003,outpatient,11653.0,1382155.0,9407.0,2246.0,1124000.0,258155.0,615.0,118.0,103461.0,16141.0,597.0,18.0,95675.0,7786.0,,,12,0.09204715302491104,0.06537684702880833,0.813222829566872,0.07525541025120577,
2021,4020,inpatient,277747.93,8179136.65,273589.62,4158.2,7873668.35,305468.27,71371.0,803.21,1636614.9,47271.869999999995,66719.37,4651.6,1500528.3599999999,136086.49,,,12,0.207859262957145,0.26086881512536914,0.9626527452625454,0.08315119824462065,
2021,4020,outpatient,2580.4,1184060.54,2580.4,0.0,1184060.54,0.0,35.0,0.0,16815.239999999998,0.0,23.0,12.0,10903.26,5911.9800000000005,,,12,0.014201334671620758,0.01356378855991319,1.0,0.35158463393921235,
2021,5033,inpatient,4669062.53,53365193.84,4599928.3,69134.04,52554207.13,810986.71,2927103.6,92406.59999999999,39986882.95,916926.33,2675726.33,251377.13999999998,37229741.35,2757141.6,,,12,0.760869303024342,0.636336788119067,0.9848030775933934,0.06895115089234531,
2021,5033,outpatient,11388.75,2020082.75,11336.25,52.5,2002401.99,17680.76,10733.25,52.5,1553903.69,14191.39,9683.0,1050.25,1358698.19,195205.5,,,12,0.7760198490414005,0.9468078068144228,0.9912475070637576,0.12562265039733575,
2021,5034,inpatient,5485474.79,46488653.17,5443746.86,41727.79,46052646.11,436007.03,0.0,0.0,0.0,0.0,0.0,0.0,0.0,0.0,,,12,0.0,0.0,0.990621215495196,,
2021,5034,outpatient,1208154.0,17183502.73,1147583.66,60570.2,16463260.68,720241.63,8083.95,0.0,13048.62,0.0,8083.95,0.0,13048.62,0.0,,,12,0.0007925902561849006,0.007044323025652004,0.9580852599544469,0.0,
2021,5050,inpatient,47513923.589999996,323115735.68,45843441.38,1670482.21,312538337.87,10577397.81,17908578.0,801883.0,106885655.76,4371464.09,16020405.0,1888173.0,95050293.08,11835362.68,,,12,0.34199214243104786,0.3906464580517493,0.9672643680205182,0.1107291955674109,
2021,5050,outpatient,37610306.39,175266739.62,35887820.0,1722486.3800000001,168446208.75,6820530.87,11144095.17,529951.16,50094883.57,1819210.32,10033402.83,1110692.34,45457978.67,4636904.9,,,12,0.29739395111200445,0.3105258321625554,0.961084853379553,0.09256244489560754,
2021,8992,inpatient,32351182.01,219300726.37,29454034.36,2897147.5700000003,200329051.75,18971674.28,7838771.82,766955.48,58940280.08,5145964.16,6654248.78,1184522.97,49648469.06,9291810.98,,,12,0.29421733675230655,0.26613576001817363,0.913490142353695,0.15764789321306533,
2021,8992,outpatient,2988615.37,24812877.080000002,2877774.23,110841.05,23685981.2,1126895.67,454975.99,16654.39,4618242.29,162896.77,377550.97,77424.92,3869032.43,749209.84,,,12,0.19497787535185582,0.1580999597734253,0.9545842315517568,0.16222835290003806,
2022,1,inpatient,35070713.0,240025215.63,30481366.0,4589347.0,209731723.26,30293492.37,17310395.0,2263876.0,114953784.28,13664871.41,14227157.0,3083238.0,95348734.49,19605049.79,,,12,0.5480991739980805,0.5679008939428765,0.8737903753549895,0.17054723263608942,
2022,1,outpatient,42232125.73,190451119.53,31924529.03,10307596.7,152073711.33,38377408.2,15588962.0,5347145.0,65765736.57,17076637.89,12748377.0,2840585.0,52935726.12,12830010.45,,,12,0.43245960130011113,0.48830671817744903,0.7984920839808728,0.1950865468729897,
2022,2,inpatient,235062440.58,1203165714.61,214113091.56,20949348.73,1113213530.91,89952182.79,93391945.66,8895776.85,434101905.7,37273143.9,77881860.22,15510085.24,352802900.81,81299004.83,,,12,0.3899538530987329,0.4361804548220685,0.9252370786436868,0.1872809212825347,
2022,2,outpatient,158947434.47,604298480.3,151598454.38,7348979.7299999995,576860716.36,27437762.66,63452012.44,2983735.83,201421463.58,10474921.4,53350843.84,10101168.46,166466825.76,34954637.75,,,12,0.34916827904484904,0.41855316203257453,0.954595676086462,0.17353978632032338,
2022,3,inpatient,28234274.42,293078709.04,25083979.79,3150294.46,261420398.76,31658310.13,11009545.51,1026225.48,111104238.33,10275818.27,7987116.75,3022428.61,80108043.39,30996194.93,,,12,0.42500217602376367,0.43890744619356914,0.8919801769848821,0.278983010872507,
2022,3,outpatient,10383900.8,93676347.42999999,9233273.44,1150627.19,83240686.21,10435661.09,2516281.64,260148.33,22586665.86,2053342.65,2003033.18,513248.32,17665739.41,4920926.46,,,12,0.2713416586093278,0.27252324501720815,0.888598760452332,0.21786865270428188,
2022,4,inpatient,55233504.0,405666754.0,49509873.0,5723631.0,369162280.0,36504474.0,19488416.0,2618215.0,123953322.0,16441434.0,11557345.0,7931071.0,72435629.0,51517693.0,,,12,0.3357691961378069,0.39362686307032135,0.9100136413939408,0.41562172089264376,
2022,4,outpatient,32525532.0,167430444.0,29542328.0,2983204.0,152784530.0,14645914.0,7632984.0,1071272.0,35026875.0,4648346.0,5061016.0,2571968.0,22325488.0,12701387.0,,,12,0.2292566858699634,0.258374492355511,0.9125253827792513,0.362618332351944,
2022,5,inpatient,40337233.08,256044599.0,38580231.78,1756999.25,245555078.42,10489517.9,20289829.51,846425.43,121463093.5,4426715.75,17326391.53,2963437.85,104172201.03,17290892.47,,,12,0.4946470432684281,0.5259125871949337,0.9590324473901517,0.14235511357200858,
2022,5,outpatient,29712981.38,144797763.0,27931427.0,1781552.5,137321959.34,7475801.0,10614468.66,621948.14,49489232.35,2614787.98,9059028.39,1555440.16,40718938.49,8770293.86,,,12,0.36038833546984256,0.38001884615490644,0.9483707240698187,0.1772162032737612,
2022,6,inpatient,6904270.67,70803584.41,6669997.34,234273.17,68604128.16,2199456.25,3361193.53,80815.26,34915449.86,815557.01,2791116.09,570077.32,29233456.62,5681993.24,,,12,0.5089409456318642,0.5039272669335128,0.9689358064520621,0.16273578781837297,
2022,6,outpatient,6229151.59,49131846.88,6046453.38,182698.1,47480697.79,1651149.09,2286366.21,28548.41,17701699.02,297301.12,1867991.88,418374.22,13604738.89,4096960.13,,,12,0.37281884731964043,0.3781334389449969,0.9663935065573093,0.23144445769703298,
2022,8,inpatient,41813674.93,213640529.5,38141431.03,3672243.77,199629614.39,14010915.11,16985056.19,1741025.81,75771144.48,5987547.9799999995,13351920.51,3633135.56,57809131.05,17962013.43,,,12,0.3795586376877538,0.4453177484777765,0.9344182719318713,0.23705611883348443,
2022,8,outpatient,83821416.97,414924433.04,78831810.18,4989606.7,393256886.44,21667546.58,31286100.33,1520321.94,142389533.63,6576957.54,24150109.740000002,7135990.49,108344021.29,34045512.34,,,12,0.36207766103982686,0.3968715199938086,0.9477795355620545,0.23910122796291658,
2022,9,inpatient,294222203.03,1706666837.18,230956449.69,63265752.980000004,1395809192.27,310857644.91,85016733.04,26440801.56,472737929.71,117137103.8,72338905.57000001,12677827.31,398163134.46,74574795.25,,,12,0.3386837773587003,0.36810720442799166,0.8178568668834957,0.15775081829323012,
2022,9,outpatient,302627218.69,1125533889.42,244823377.02,57803841.31,926215697.89,199318191.53,86748144.06,20697611.84,273024423.88,66329599.74,77547146.89,9200997.01,242699710.62,30324713.26,,,12,0.2947741271304011,0.35432949710890316,0.8229123144104431,0.11106959893569213,
2022,10,inpatient,259426.97,2601485.9,253127.41,6299.53,2522726.1,78759.8,147061.92,1659.48,1198351.27,10818.74,129835.47,17226.38,1049484.79,148866.48,,,12,0.47502234586624364,0.5809798314611603,0.9697250713524913,0.12422607938655583,
2022,10,outpatient,2214473.52,21278182.58,2159322.42,55150.96,20727655.48,550527.1,804154.21,16438.670000000002,7087415.36,116577.74,736025.99,68128.14,6375842.25,711573.11,,,12,0.34193039183030655,0.3724104388264537,0.9741271559293107,0.10039952138490159,
2022,11,inpatient,28459813.68,230662776.33,28215966.86,243846.72,228660303.06,2002473.27,13675559.14,120933.88,111264853.4,862396.04,9736895.11,3938663.89,79042454.11,32222399.29,,,12,0.48659453307382494,0.48467448263794854,0.9913186110829814,0.2896008784926867,
2022,11,outpatient,39559157.3,241479793.01,38958937.79,600219.35,238139727.56,3340065.45,15772914.81,214415.28,95797915.24,1040047.48,11971929.97,3800984.75,70134054.85,25663860.39,,,12,0.4022760764092309,0.40485998091171266,0.9861683439083382,0.26789581303209997,
2022,12,inpatient,67879806.99,525158439.45,64689790.6,3190016.39,507577544.59,17580894.86,34929060.08,1039728.95,262166793.72,5807969.62,27283445.91,7645614.17,204587540.89,57579252.83,,,12,0.5165058945461574,0.5399470265096205,0.9665226843190171,0.2196283213941119,
2022,12,outpatient,87236507.7,414867974.61,82383244.57,4853263.13,394011447.67,20856526.93,37179007.02,926469.0,155822798.76,3470099.42,29510828.0,7668179.02,120337994.7,35484804.06,,,12,0.3954778463454891,0.45129330865828515,0.9497273151546433,0.22772536716308178,
2022,13,inpatient,10.0,9447.1,10.0,0.0,9447.1,0.0,5.0,0.0,4723.55,0.0,5.0,0.0,4723.55,0.0,,,1,0.5,0.5,1.0,0.0,
2022,13,outpatient,2994557.76,34543618.88,2906456.2,88101.33,33733921.38,809697.51,909305.42,16462.39,10731253.45,154097.01,625557.69,283747.57,7290868.75,3440384.69,,,12,0.3181146161193786,0.31285708692255537,0.9765601426181553,0.3205948593078845,
2022,15,inpatient,46330032.0,332380146.07,45350917.73,979113.29,326270121.44,6110022.2,22775990.01,237534.73,159036730.69,1347154.51,17568888.5,5207100.96,122045793.28,36990935.97,,,12,0.4874388435817784,0.502216738933455,0.9816173598145264,0.23259366442903076,
2022,15,outpatient,67242417.0,276894838.47,66056083.57,1186332.54,272528482.69,4366353.4,28604104.47,414565.43,105464279.61,1290625.27,21914404.69,6689699.41,77659590.91,27804687.25,,,12,0.3869844302841739,0.43302755664719467,0.9842309961278924,0.2636408019171981,
2022,16,inpatient,38663143.34,226935330.41,37257352.34,1405791.0,218114145.4,8821185.01,16553760.0,1172560.0,89291638.0,4670655.92,14451917.0,2101843.0,76596025.52,12695612.459999999,,,12,0.4093803170640211,0.4443085447654759,0.9611290802799947,0.14218142643995396,
2022,16,outpatient,28719688.27,116536220.84,27087075.27,1632613.0,110348093.09,6188127.75,10766157.0,867456.0,39071188.69,2597434.92,9663889.0,1102268.0,34303785.37,4767403.32,,,12,0.3540721692230196,0.3974647278336448,0.9468995329915831,0.12201838438614447,
2022,17,inpatient,3840136.75,23592128.62,2707683.24,1132453.27,16665176.629999999,6926951.99,1763223.89,757564.38,9468709.91,4021010.41,1498353.2,264870.58,7993338.21,1475371.7,,,12,0.5681733905510967,0.6511928219491434,0.7063871555817246,0.15581549271478315,
2022,17,outpatient,12452103.25,47568192.01,8788459.09,3663643.92,33844005.71,13724186.3,4554547.87,2023600.09,16682114.24,7051028.42,3810314.38,744233.39,14025901.27,2656212.9699999997,,,12,0.4929119319664599,0.5182419151478351,0.7114839618643728,0.15922519962313839,
2022,18,inpatient,11529440.0,84521410.53,11074515.27,454924.34,81379743.77,3141664.55,7020156.13,278733.35,47184802.25,1957727.95,6129734.05,890421.86,41315638.5,5869162.49,,,12,0.5798101599257469,0.6339018872471156,0.9628299298331645,0.12438671373259809,
2022,18,outpatient,23232012.0,108362274.62,22426395.14,805616.08,104153294.4,4208977.88,10243635.21,266734.29,43537603.65,1300003.58,9167191.39,1076443.51,37990908.98,5546693.42,,,12,0.41801465715327385,0.4567669099760632,0.9611582514785716,0.1274000623596563,
2022,19,inpatient,56107029.0,299309627.0,42991652.0,13115377.0,238312843.0,60996784.0,27964338.0,9367040.0,139836856.0,40369242.0,25261146.0,2703192.0,125946489.0,13890367.0,,,12,0.5867785144923977,0.6504597218083176,0.7962084126348532,0.0993326609116555,
2022,19,outpatient,49957262.0,219954216.0,38240404.0,11716858.0,174544049.0,45410167.0,19128724.0,6663271.0,77047102.0,23804808.0,17172833.0,1955891.0,68546288.0,8500814.0,,,12,0.44141924311610303,0.5002228532941232,0.7935471852924156,0.11033268973568922,
2022,22,inpatient,41521222.160000004,225759870.69,36791487.86,4729734.23,201709447.56,24050423.13,23109815.18,2718991.34,125157986.61,12847903.01,18136355.41,4973459.67,99396260.75,25761725.86,,,12,0.6204864874897384,0.6281293996029221,0.8934690073284787,0.20583365518874258,
2022,22,outpatient,37084104.23,166742038.99,31868033.91,5216070.19,146411848.47,20330190.52,14488689.63,2081501.44,60777371.93,7528468.15,11225026.49,3263663.0,47647608.82,13129763.11,,,12,0.41511238718124216,0.4546464859086753,0.8780739959571967,0.2160304516806375,
2022,23,inpatient,66164375.0,382303232.0,64272753.0,1891622.0,372415949.0,9887283.0,32220622.0,946194.0,181396577.0,5232608.0,28081462.0,4139160.0,156572591.0,24823986.0,,,12,0.4870805815032374,0.5013107498289361,0.9741375898177078,0.13684925267360476,
2022,23,outpatient,78601335.0,341835287.0,75798767.0,2802568.0,331114252.0,10721035.0,28195515.0,861762.0,116854163.0,3255225.0,25210141.0,2985374.0,103013112.0,13841051.0,,,12,0.35291190969333447,0.3719785441892478,0.9686368394144166,0.11844722211565539,
2022,24,inpatient,50668478.69,262538675.28,48566433.46,2102044.29,254157112.74,8381560.37,29825788.24,1032284.5700000001,154495231.22,3627218.4,23973774.23,5852013.49,120148740.97,34346488.99,,,12,0.6078729395153578,0.6141235029038099,0.9680749416021812,0.2223142340302457,
2022,24,outpatient,43743615.49,180314215.57,41517733.67,2225881.45,171817937.03,8496276.41,17673729.95,871792.27,66020174.97,2680946.58,14102871.62,3570858.11,50927736.3,15092437.35,,,12,0.3842449520184418,0.42569110564844564,0.9528807059768305,0.22860341337868464,
2022,27,inpatient,28978481.48,188869603.85,21413641.42,7564840.0600000005,142251266.2,46618337.65,25441240.64,9620516.38,89470125.22,27687000.21,22990580.19,2450660.45,80291104.9,9179020.32,,,12,0.6289583749237657,1.1880856759018241,0.7531718354901393,0.102593131477457,
2022,27,outpatient,40714555.6,175367652.46,28934105.15,11780450.47,127467224.75,47900427.71,42375949.52,17146499.71,64987616.94,25988823.71,39511506.96,2864442.56,59562045.74,5425571.2,,,12,0.5098378588492803,1.464567481880462,0.7268571082633057,0.08348623100011768,
2022,28,inpatient,14910614.0,94414567.0,14574499.19,336114.46,92650941.72,1763623.53,8333161.47,148887.13,47470524.03,868921.17,7986014.12,347147.13,45053742.89,2416780.3,,,12,0.5123587860926494,0.5717631433756318,0.9813204112878048,0.050911178028552294,
2022,28,outpatient,23705247.0,109949631.0,23421846.55,283399.99,108512688.21,1436940.83,9176324.49,90577.0,38427155.46,428443.0,8861976.57,314347.74,36880618.26,1546536.15,,,12,0.3541259192255339,0.3917848437103692,0.9869308993861016,0.04024591806202873,
2022,29,inpatient,63980674.08,461786381.63,58202893.72,5777780.23,431719455.8,30066925.83,27463482.11,1706982.31,207160852.29,10102184.33,21345466.43,6118015.62,160640443.4,46520408.89,,,12,0.479850628705439,0.4718576750173307,0.9348899685524059,0.22456177591351617,
2022,29,outpatient,63294358.05,316494659.01,54429666.94,8864691.03,282031842.41,34462816.6,20762301.08,3708806.7,97123585.65,13961335.33,17689721.830000002,3072579.12,80572959.08,16550626.57,,,12,0.34437099307676006,0.3814519222189457,0.8911109062383543,0.1704079030776599,
2022,30,inpatient,501536.36,6821538.27,493109.36,8426.93,6672735.2700000005,148803.0,404403.71,6992.41,5362731.23,117772.22,387561.97,16841.67,5106598.5,256132.73,,,12,0.80367810395691,0.8201095797492062,0.9781862984402785,0.04776161978194085,
2022,30,outpatient,3854037.9,47524909.25,3736989.86,117047.93,46030490.93,1494418.32,1988784.5,30244.84,23276248.8,461607.51999999996,1824734.52,164049.85,21245412.99,2030835.81,,,12,0.5056702270544304,0.5321888938708547,0.9685550515806614,0.08724927403250647,
2022,32,inpatient,11984416.0,87956335.3,10651996.37,1332419.39,78025881.79,9930453.41,2383437.0,291626.0,42011728.31,5261027.83,2064898.0,318539.0,36334216.13,5677512.05,,,12,0.5384332396661787,0.2237549579638094,0.8870979165272249,0.13514112078670631,
2022,32,outpatient,18031992.0,93559578.01,16183819.98,1848171.78,82796950.55,10762627.32,2742805.0,274454.0,34848950.13,4202218.6,2413006.0,329799.0,30308897.19,4540052.76,,,12,0.42089654146084976,0.16947821981396013,0.8849649849975846,0.1302780354376202,
2022,33,inpatient,22353127.0,157175732.0,21555781.0,797346.0,151552079.0,5623653.0,13303615.0,350439.0,89638412.0,2134423.0,11537388.0,1766227.0,77088750.0,12549662.0,,,12,0.5914693654581934,0.6171715606129047,0.9642206024528011,0.1400031718544947,
2022,33,outpatient,18201707.0,100971939.0,17281305.0,920402.0,96290284.0,4681655.0,7489753.0,291823.0,39563436.0,1344339.0,6298893.0,1190860.0,32732844.0,6830592.0,,,12,0.4108767193998514,0.433402049208668,0.9536340982815037,0.17264910964760494,
2022,34,inpatient,13719770.0,127145551.81,13445835.379999999,273933.97000000003,124595484.99,2550064.99,6880234.48,106441.56999999999,57798240.38,778747.35,5283093.44,1597140.7,44167159.9,13631079.23,,,12,0.4638871174556516,0.5117000383802112,0.9799437197471863,0.23583900029449303,
2022,34,outpatient,11737507.0,74602865.09,11490453.8,247052.58,73172010.02,1430853.28,2567061.88,46074.93,16483828.76,279362.84,1985234.83,581826.66,12261327.53,4222500.12,,,12,0.22527505743650475,0.22340822431225474,0.9808203737447102,0.2561601543839382,
2022,35,inpatient,13951720.72,98016190.08,13592386.4,359334.19,95232534.26,2783655.82,7557398.85,187975.95,53065888.01,1426961.13,6561738.8,995659.88,46177464.74,6888423.27,,,12,0.5572243605858651,0.556002355112565,0.9716000405879069,0.1298088758771343,
2022,35,outpatient,14333307.04,77760260.27,13942246.57,391060.37,75374468.44,2385791.83,3891894.43,89032.28,22407297.4,524991.23,3474129.8,417764.52,20054069.42,2353227.98,,,12,0.29727967392349547,0.27914399666222517,0.9693186233981724,0.10502060725984742,
2022,37,inpatient,13607331.79,126055774.55,13262898.18,344433.5,123068354.84,2987419.71,8477481.42,133726.04,75260913.27,1246240.24,7769204.81,708276.48,68741001.66,6519911.61,,,12,0.611537493678582,0.6391877027891049,0.9763008103304698,0.08663077986590051,
2022,37,outpatient,24076948.15,159377697.95,23527958.5,548989.52,156109435.5,3268262.45,13174977.34,270127.54,85107957.58,1571603.31,12003351.74,1171625.52,77255628.08,7852329.5,,,12,0.5451813806603637,0.5599711228664399,0.9794936023544191,0.09226316461206283,
2022,38,inpatient,13150469.68,129969170.57000001,12739668.34,410801.24,126045762.04,3923408.53,6247972.72,230334.1,59212851.95,2160641.4,4590586.07,1657386.58,44091343.95,15121508.0,,,12,0.46977265234200494,0.49043448803000783,0.96981277550058,0.2553754379668922,
2022,38,outpatient,17017557.58,115040871.55,16279072.799999999,738484.63,111582337.85,3458533.7,5371740.39,162837.82,35277632.13,827832.2,3907617.07,1464123.19,25019390.8,10258241.33,,,12,0.3161578508726326,0.32997827677261815,0.9699364786323196,0.2907859941448967,
2022,39,inpatient,12546819.0,80886598.0,12400353.0,146466.0,79871985.0,1014613.0,7125602.0,74688.0,41578191.0,526700.0,6601669.0,523933.0,38608085.0,2970106.0,,,12,0.5205603817158169,0.5746289641915839,0.9874563521635562,0.07143422858392276,
2022,39,outpatient,18951053.0,89797343.0,18680115.0,270938.0,88388033.0,1409310.0,7441913.0,126430.0,31504703.0,571621.0,6901434.0,540479.0,29244688.0,2260015.0,,,12,0.3564362949450408,0.3983868942990983,0.9843056603579017,0.07173579766804974,
2022,40,inpatient,16722497.17,159806305.89,16193866.21,528630.86,156817673.65,2988632.2399999998,9442585.53,130119.65000000001,94111136.93,948852.58,7185672.55,2256912.86,72492520.61,21618616.32,,,12,0.6001309338387829,0.5830964272243422,0.9812984085743328,0.22971368772305828,
2022,40,outpatient,27835113.61,141858217.68,26918295.669999998,916817.8200000001,137507330.56,4350887.13,12238868.54,204335.16,59150773.21,747968.57,9502338.87,2736529.59,45277668.03,13873105.17,,,12,0.430164508096462,0.4546672898626349,0.9693293262022041,0.23453801898323484,
2022,43,inpatient,43881996.89,338368637.07,43026096.42,855900.33,332578754.5,5789882.57,23805900.86,480395.83999999997,179263771.46,3232899.66,17755054.83,6050845.93,134389400.68,44874370.78,,,12,0.5390114943737334,0.5532898134104074,0.9828888320733986,0.25032593264397,
2022,43,outpatient,28444927.37,175685735.96,27891350.46,553576.79,172497960.39,3187775.57,11545620.97,172001.5,67513815.28,1064766.38,8928273.83,2617347.04,52232854.63,15280960.65,,,12,0.3913890641220237,0.4139498726158131,0.9818552396836256,0.22633827738256657,
2022,44,inpatient,39724915.23,265547193.35,38406132.99,1318782.1,258013907.88,7533285.47,18833048.36,543699.02,114561806.68,2668732.17,13749119.5,5083928.7,84490951.08,30070855.6,,,12,0.4440140751376926,0.49036564980139125,0.9716310860794116,0.26248587091503783,
2022,44,outpatient,44469295.43,229548044.41,42455359.12,2013936.13,220308686.55,9239357.86,15570380.13,621669.64,76210124.36,2633227.78,12034441.17,3535938.7199999997,58119309.99,18090814.37,,,12,0.34592428266646574,0.36674710690799595,0.9597497862212349,0.23738072233740154,
2022,45,outpatient,916210.0,5787875.0,890900.0,25310.0,5596253.0,191622.0,430118.0,9955.0,2285502.0,65223.0,370297.0,59821.0,1989280.0,296222.0,,,12,0.40839861957634865,0.4827904366371085,0.9668925123642097,0.12960916245096263,
2022,48,inpatient,29588586.56,213938353.99,28612963.56,975623.0,208451476.32,5486877.67,14515602.9,472289.0,94627124.25,2583711.33,12383258.9,2132344.0,80243427.56,14383696.69,,,12,0.45395276598921813,0.5073086144873279,0.974352996703637,0.15200395028384264,
2022,48,outpatient,27647484.6,131038731.96,26498881.56,1148603.04,126769963.03,4268768.93,7411212.16,367261.0,30454995.75,1223711.22,6517186.16,894026.0,25598512.31,4856483.44,,,12,0.24023826324531508,0.27968018737768946,0.9674236092936015,0.1594642626078843,
2022,49,inpatient,32105172.89,204823344.04,31160473.84,944698.91,198853154.2,5970189.84,18935021.38,470022.3,112056479.03,2662889.0,15006105.96,3928915.26,89156318.62,22900160.41,,,12,0.5635137118182056,0.6076615354832485,0.9708520048435784,0.20436266254510033,
2022,49,outpatient,24937256.63,161565495.93,24033603.49,903652.98,155954083.26,5611412.67,10223272.17,337634.44,66088965.47,1872083.96,7878849.58,2344422.47,49323045.01,16765920.46,,,12,0.42377194677114866,0.42537408817007993,0.965268495988579,0.25368713734232406,
2022,51,inpatient,23018196.7,163068522.84,21106855.15,1911341.18,151565236.89000002,11503283.55,11035679.19,818918.74,82340474.62,4895492.35,8948415.47,2087263.44,65483797.26,16856675.97,,,12,0.5432675480839939,0.5228481036882465,0.9294573486675487,0.20471919852045173,
2022,51,outpatient,16228357.08,100012371.34,15173833.81,1054522.9,93307473.24,6704895.88,4599658.9799999995,277980.12,28371430.52,1647283.24,3858537.96,741120.8,23266697.52,5104731.74,,,12,0.30406386042653494,0.3031309712228883,0.9329593128313479,0.17992507414814699,
2022,55,outpatient,5493358.46,34414584.63,4991382.77,501975.46,31674542.21,2740042.38,1229490.96,98703.88,7766479.53,566290.24,978953.04,250537.8,6231348.0,1535131.53,,,12,0.2451962676684886,0.246322715899426,0.9203813601280126,0.1976611827881815,
2022,60,inpatient,4664237.59,33300936.19,4212987.14,451250.45,30266241.52,3034694.67,2013077.0,203999.0,14676933.23,1294533.19,1816746.0,196331.0,12859373.8,1817559.43,,,12,0.48492751306109316,0.47782652381891677,0.9088705899231957,0.12383782098871073,
2022,60,outpatient,5549788.25,34267553.0,4992802.25,556986.0,30259236.74,4008316.26,1810425.0,96085.0,10469907.99,696763.57,1635588.0,174837.0,9197178.16,1272729.83,,,12,0.3460070087015685,0.3626069908937411,0.8830288156262572,0.12156074639964434,
2022,61,inpatient,8668357.15,46155854.88,6150907.71,2517449.37,33331170.0,12824684.88,3716482.23,1562694.64,21037550.47,8125225.57,3391191.61,325290.49,19214482.37,1823068.1,,,12,0.6311674768692488,0.6042168741953048,0.7221439205634316,0.08665781230565481,
2022,61,outpatient,14334387.39,78666742.21,9900061.8,4434325.48,56246745.7,22419996.51,4629925.85,2416263.9699999997,25241752.12,11237682.58,4123219.03,506706.67000000004,22333025.66,2908726.46,,,12,0.4487682230476136,0.4676663584059646,0.7150003180486354,0.11523472880059325,
2022,62,inpatient,24205405.0,190129848.62,22564190.35,1641214.15,177377365.29,12752480.74,11891595.03,693290.3099999999,89532556.77,5296496.64,9645162.42,2246432.39,71519726.39,18012829.1,,,12,0.5047575073833143,0.5270118203022516,0.9329275049522205,0.20118747581701618,
2022,62,outpatient,17968882.0,109055789.94,16736774.14,1232107.4,100438816.37,8616971.03,5852257.19,361741.51,31438064.57,2289994.55,4942444.43,909812.54,25921208.83,5516854.48,,,12,0.31300711922159025,0.34966458536435746,0.9209856388666676,0.17548327339668673,
2022,63,inpatient,42422149.769999996,269361879.37,40592633.75,1829515.92,259777826.58,9584052.79,25562501.66,1203343.03,148732143.02,5767494.0,21660461.15,3902040.37,123866698.79,24865444.23,,,12,0.5725359434177771,0.6297325228373486,0.9644194166880045,0.1671827200570649,
2022,63,outpatient,31068588.490000002,162141053.97,29674272.26,1394316.06,155751493.29,6389560.68,13003922.25,582648.24,64886272.41,2595694.37,10794892.65,2209029.49,53546545.49,11339726.92,,,12,0.4166012860575637,0.43822211160099395,0.9605925795870167,0.1747631124245684,
2022,65,inpatient,11167151.0,82731746.0,10709204.0,457947.0,80337936.0,2393810.0,4449781.0,206667.0,28468038.0,874751.0,3307762.0,1142019.0,20860512.0,7607526.0,,,12,0.3543536144617905,0.4155099669405868,0.9710653997318031,0.26723042873555247,
2022,65,outpatient,14001400.0,59172115.0,13123237.0,878163.0,56505411.0,2666704.0,4391508.0,271698.0,15862657.0,818177.0,3822170.0,569338.0,13192353.0,2670304.0,,,12,0.28072810584458896,0.33463603530135133,0.9549330964424713,0.16833901155399125,
2022,87,outpatient,1565812.83,16659676.15,1529350.11,36462.72,16243741.3,415934.85,159250.53,3382.54,1606106.31,40730.66,135363.93,23886.6,1381986.77,224119.54,,,12,0.09887539331840996,0.10412954428074025,0.9750334372496191,0.13954215770436765,
2022,88,outpatient,1898451.5,8125994.1,1824682.5,73768.76,7844024.6,281969.5,568202.85,14963.42,2192621.35,63354.23,506944.2,61258.51,1969286.99,223334.36,,,12,0.2795275973509823,0.3113982021529773,0.9653003070725833,0.10185724042137963,
2022,89,inpatient,990679.67,38736981.160000004,924593.78,66085.89,36118418.87,2618562.29,365665.36,41844.21,14367304.03,1685865.84,345245.84,20419.52,13538882.2,828421.83,,,12,0.39778330501431497,0.39548758374731874,0.9324014878912674,0.05766021434990125,
2022,90,inpatient,5460012.21,50655296.53,5296897.82,163114.31,48490441.13,2164855.37,1791561.02,51959.909999999996,17543792.36,645033.96,1449553.61,342007.37,14166019.41,3377772.98,,,11,0.36179898452493203,0.33822835192996037,0.9572630001540334,0.1925337983195328,
2022,90,outpatient,50321.11,581457.22,49989.159999999996,331.95,571972.95,9484.27,16209.98,36.0,254270.36000000002,1350.0,7571.049999999999,8638.93,130826.58,123443.79000000001,,,9,0.4445496242435941,0.3242699017146918,0.9836887914127199,0.48548242115203677,
2022,91,inpatient,4260385.47,37042507.61,4075511.47,184874.0,35179892.83,1862614.74,951626.0,70301.0,9547835.88,822641.64,819189.0,132437.0,8133668.1,1414167.78,,,12,0.2714003685610432,0.2334985453985239,0.9497168280395475,0.1481139598306543,
2022,91,outpatient,90699.0,649005.91,87709.0,2990.0,602111.4,46894.509999999995,16537.0,506.0,188347.58,10017.87,16162.0,375.0,178507.57,9840.01,,,12,0.3128118484386776,0.18854393505797581,0.9277440940406845,0.05224388866583792,
2022,333,outpatient,2105543.14,18495626.44,1937830.78,167712.13,17005660.26,1489966.1500000001,445582.65,22237.0,3537455.82,174547.61,366349.49,79233.02,2933414.75,604041.09,,,12,0.20801637607218665,0.22993888558215594,0.9194422430171011,0.1707557975946679,
2022,2001,inpatient,4752672.32,74024662.99,4518569.97,234102.35,70661894.01,3362768.98,2116031.59,78224.43,33377761.03,1092471.75,1765436.88,350594.71,28094950.8,5282810.2299999995,,,12,0.47235870899917304,0.46829674079385786,0.9545723162501359,0.1582733552814342,
2022,2001,outpatient,10618019.94,61103070.63,10095677.48,522342.46,58512403.39,2590667.24,2310900.72,72522.56,12220365.31,368846.65,1951443.8800000001,359456.84,10135865.09,2084500.22,,,12,0.2088508521611763,0.22890001434554544,0.9576016849351585,0.17057593346200875,
2022,2004,inpatient,20434596.0,183714661.98,20355925.89,78669.71,182707324.02,1007336.4,12139080.35,33865.89,112078989.38,486275.29,9432012.61,2707067.52,88625202.11,23453785.88,,,12,0.6134345734697055,0.5963413511916652,0.9945168341538813,0.2092612184472929,
2022,2004,outpatient,13243944.0,106413940.77,13114800.77,129142.87,105449012.23,964926.63,5353554.92,41232.04,44947427.09,300043.4,4145503.85,1208050.85,33314780.58,11632645.16,,,12,0.426247967045561,0.4082071099582552,0.9909323108136221,0.25880558494944544,
2022,3028,inpatient,683021.0,47769499.0,511478.0,171543.0,35988485.0,11781014.0,440372.0,142554.0,31044158.0,9881190.0,418899.0,21473.0,29343554.0,1700604.0,,,12,0.8626136387791817,0.8609793578609442,0.7533779033353479,0.0547801618584727,
2022,3028,outpatient,254.0,49219.0,254.0,0.0,49219.0,0.0,175.0,0.0,32349.0,0.0,175.0,0.0,32349.0,0.0,,,6,0.6572461854162011,0.6889763779527559,1.0,0.0,
2022,3029,inpatient,1865957.99,44119534.7,1796339.19,69618.8,42496599.14,1622935.56,862495.37,37369.84,20239314.06,853428.8,821573.49,40921.88,19203483.02,1035831.04,,,12,0.4762572645713127,0.48014059638703316,0.9632150345411508,0.0511791574027287,
2022,3029,outpatient,368292.0,7511994.92,368292.0,0.0,7511994.92,0.0,0.0,0.0,0.0,0.0,0.0,0.0,0.0,0.0,,,12,0.0,0.0,1.0,,
2022,4000,inpatient,2928080.92,155754747.42,2696690.21,231390.68,144021797.79,11732949.63,537959.2,63421.53,23875105.24,2466264.54,442245.46,95713.74,19867308.95,4007796.28,,,12,0.165774248109391,0.19948869099057542,0.9246703562854393,0.16786507283265906,
2022,4000,outpatient,52990.0,10423236.85,51230.0,1760.0,10074127.01,349109.84,6832.0,227.0,1446317.74,51084.56,6076.0,756.0,1307869.94,138447.8,,,12,0.1435675506735546,0.1333593597501464,0.9665065809187671,0.09572433233101323,
2022,4003,inpatient,1158637.0,22126088.0,1037376.0,121261.0,19457275.0,2668813.0,212768.0,15834.0,2403874.0,205075.0,198877.0,13891.0,2254656.0,149218.0,,,12,0.1235462828170954,0.20510210376951077,0.879381615041936,0.06207396893514386,
2022,4003,outpatient,15600.0,1999253.0,12556.0,3044.0,1612449.0,386804.0,603.0,266.0,141376.0,42714.0,481.0,122.0,117912.0,23464.0,,,12,0.08767781182536626,0.04802484867792291,0.806525737362905,0.1659687641466727,
2022,4020,inpatient,164666.06,8322705.36,161041.22,3624.73,8099860.6,222844.74,36664.96,823.8,1722684.57,25849.0,28401.7,8263.19,1418697.23,303987.31,,,12,0.21268076761716123,0.22767438050953662,0.9732244804590798,0.17646138782098686,
2022,4020,outpatient,1895.4,845779.25,1895.4,0.0,845779.25,0.0,0.0,0.0,0.0,0.0,0.0,0.0,0.0,0.0,,,12,0.0,0.0,1.0,,
2022,5033,inpatient,4730793.85,71542892.09,4617247.18,113546.43,69202389.34,2340502.75,3146560.44,92934.45,49937103.13,1876217.95,2726922.88,419637.46,44759107.84,5177995.29,,,12,0.7216095225361766,0.6814797469863851,0.9672853209923961,0.10369034175891732,
2022,5033,outpatient,19967.0,2695022.49,19892.0,75.0,2685780.99,9241.5,19162.0,75.0,2101164.5,7410.99,17960.0,1202.0,1953489.54,147674.96,,,12,0.7823290535688838,0.9633018298813594,0.9965709006012785,0.07028243623952336,
2022,5034,inpatient,5450929.25,42721301.89,5295144.8,155784.35,41374707.77,1346594.12,0.0,0.0,0.0,0.0,0.0,0.0,0.0,0.0,,,12,0.0,0.0,0.9684795626437779,,
2022,5034,outpatient,1325792.81,17554664.91,1297469.19,28323.57,17135691.04,418973.87,8815.12,0.0,11565.07,0.0,8815.12,0.0,11565.07,0.0,,,12,0.0006749112115177352,0.0067940881124121345,0.976133188975807,0.0,
2022,5050,inpatient,42694100.86,323829380.04,41246050.86,1448050.0,314166736.08,9662643.96,15827219.0,560387.0,105584739.67,3547597.3,13802751.0,2024468.0,91609056.27,13975683.4,,,12,0.33607867270554614,0.3837268943327875,0.9701613116178449,0.1323646148456711,
2022,5050,outpatient,34063098.85,183759216.59,32430457.35,1632641.5,176884754.07,6874462.52,9447355.83,460130.0,49657705.36,1797747.6,8543756.83,903599.0,44270258.56,5387446.8,,,12,0.2807347960601995,0.29131121180441816,0.9625898355055672,0.10849165826215695,
2022,8992,inpatient,33507614.39,227748645.17,30435754.13,3071860.18,207987863.02,19760781.79,7971596.8,681586.4,60997895.58,3839618.36,6351395.12,1620201.6400000001,48547480.34,12450415.22,,,12,0.2932762262869852,0.2619155341428696,0.9132342493837897,0.20411220914451098,
2022,8992,outpatient,3285756.4899999998,27296922.93,3057853.6,227902.83,25437293.11,1859629.51,679725.79,71225.9,5891478.46,515991.89,566642.82,113082.92,4618009.58,1273468.86,,,12,0.23160791655476584,0.22228853271458124,0.9318740128779782,0.21615437765684373,
2023,1,inpatient,30472321.0,231918153.0,26158948.0,4313373.0,200072937.0,31845216.0,15869124.0,2460933.0,113652520.0,15756658.0,12404200.0,3464924.0,90019009.0,23633511.0,,,12,0.5680554387023369,0.6066422854619383,0.8626876956889183,0.20794533196448262,
2023,1,outpatient,47317026.0,208427459.0,36019281.0,11297745.0,168513556.0,39913903.0,17132136.0,6012248.0,73668088.0,18381875.0,12851488.0,4280648.0,53962722.0,19705366.0,,,12,0.43716416500047034,0.4756379229224481,0.8084997860094816,0.26748849515410256,
2023,2,inpatient,249853369.57,1227361605.84,228003583.56,21849785.74,1139810131.75,87551473.18,98361421.35,10954062.51,446826911.93,41147024.41,81845619.6,16515801.66,355929631.29,90897280.62,,,12,0.3920187226656489,0.4314029622438623,0.9286669277632486,0.20342839294836385,
2023,2,outpatient,155638078.09,620860503.92,148279766.49,7358311.25,592196509.61,28663993.12,61353109.07,2747541.04,204648609.38,10380915.35,50430360.69,10922748.22,163780042.23000002,40868567.13,,,12,0.345575507553691,0.4137658867579728,0.9538318283591553,0.19970117194450884,
2023,3,inpatient,31840928.15,303057942.46,28257796.17,3583131.88,273249150.52,29808791.73,12108239.78,938567.03,106410907.83,8184162.4,8444239.08,3664000.58,72401271.51,34009636.18,,,12,0.38942813775449026,0.42849200649464514,0.9016399580290346,0.3196066726010188,
2023,3,outpatient,13040090.06,97071230.62,11747149.12,1292940.8,87367858.89,9703371.42,3429707.19,212685.91,24081532.02,1833584.07,2464348.89,965358.15,16444045.15,7637486.79,,,12,0.27563376653558275,0.291960811509644,0.9000386451472392,0.3171512004990786,
2023,4,inpatient,53497014.0,404597776.0,47630136.0,5866878.0,368304487.0,36293289.0,19720324.0,2852685.0,135739740.0,17650999.0,10710958.0,9009366.0,74102043.0,61637697.0,,,12,0.36855304453567517,0.41403039453844936,0.9102978534414881,0.45408733654565714,
2023,4,outpatient,32007384.0,169191872.0,27751702.0,4255682.0,150493732.0,18698140.0,8358864.0,1515739.0,40040837.0,6167378.0,4881709.0,3477155.0,22648254.0,17392583.0,,,12,0.266063154045512,0.3012018506108202,0.8894855894732343,0.43437111466975575,
2023,5,inpatient,36807965.0,253011021.0,35334992.1,1472971.19,243874971.36,9136047.09,20689707.37,752297.63,130258144.44,3973956.37,17455289.06,3234418.22,109507605.13,20750539.31,,,12,0.5341185432584523,0.5855302673182146,0.9638907048242773,0.15930320057306044,
2023,5,outpatient,31885832.0,160321677.0,30284269.32,1601561.16,152680618.29,7641056.05,11994590.290000001,591324.08,54637110.33,2603480.97,9633515.68,2361074.55,41588184.29,13048926.040000001,,,12,0.3578522994072688,0.39606668938446754,0.9523392041988183,0.23882899299004712,
2023,6,inpatient,5307873.6899999995,71276492.27,5172117.0,135756.55,69659660.48,1616831.79,3056009.71,51449.48,39844356.38,654042.07,2471281.14,584728.45,32633298.669999998,7211057.71,,,12,0.5719860835589303,0.5908624476205778,0.977316058373421,0.18098065485679704,
2023,6,outpatient,5352932.57,47210337.77,5186899.18,166033.23,45552859.21,1657478.56,1948864.3,33816.98,16465251.73,315599.27999999997,1454460.49,494403.7,11736651.06,4728600.67,,,12,0.36145374879971226,0.375728201449252,0.9648916182706649,0.2871866611905119,
2023,8,inpatient,34578320.3,217310956.24,32286284.32,2292035.87,206672505.14000002,10638451.1,16888918.95,993438.51,79912292.59,3943592.21,12543073.48,4345845.38,57638303.23,22273989.36,,,12,0.38666146005182156,0.5230988732741234,0.9510450311200563,0.2787304510743983,
2023,8,outpatient,89514505.86,436333752.53000003,83939287.3,5575218.42,414064701.94,22269050.59,31958291.98,1987126.46,146116310.33,7575682.6,24173720.47,7784571.38,108834553.87,37281756.46,,,12,0.3528827974116301,0.3807310379677241,0.9489632638756982,0.2551512310692769,
2023,9,inpatient,303777599.3,1774623015.19,236841852.86,66935746.08,1441942289.77,332680725.18,87714332.64,26386933.99,492286177.52,123037181.08,72724459.95,14989872.49,404269860.29,88016317.23,,,12,0.34140490990005096,0.37034979916260397,0.8125344241721211,0.17879095788023458,
2023,9,outpatient,331298974.23,1146946475.36,269988036.64,61310937.230000004,948884441.57,198062033.79,99651151.87,23343058.01,292996800.12,68527719.81,87795585.14,11855566.52,256455011.59,36541788.53,,,12,0.3087802763792975,0.3690946943803814,0.827313620953556,0.12471736385869715,
2023,10,inpatient,24.0,96.24,24.0,0.0,96.24,0.0,24.0,0.0,96.24,0.0,24.0,0.0,96.24,0.0,,,1,1.0,1.0,1.0,0.0,
2023,10,outpatient,2016836.13,17419557.14,1963238.69,53597.22,16949492.7,470064.44,703029.56,5955.73,5654929.97,61276.58,562383.89,140645.55,4517631.79,1137298.18,,,12,0.3336341724257033,0.3580968343691312,0.9730151325764416,0.20111622708565566,
2023,11,inpatient,30186142.19,259637770.35999998,29816395.09,369747.01,256771221.91,2866548.45,15132187.45,86709.94,130948078.21000001,771931.22,10703460.59,4428726.75,90975794.85,39972283.36,,,12,0.5099795733958775,0.5075123067132661,0.9889594320347714,0.3052529209011902,
2023,11,outpatient,43810587.03,255880746.35,43259817.6,550769.26,252618439.58,3262306.77,18281816.41,215513.80000000002,101220643.95,976978.63,13982251.0,4299565.23,73252464.52,27968179.43,,,12,0.40068588864014865,0.42260502758106866,0.9872506751034026,0.2763090446630181,
2023,12,inpatient,70668862.64,525771575.7,67307305.08,3361557.56,509470705.8,16300869.9,36632150.63,1246373.97,270339514.25,6282059.68,26932339.74,9699810.89,197824507.94,72515006.31,,,12,0.5306281817037889,0.5442522262102134,0.9689962891617003,0.2682368003478056,
2023,12,outpatient,89250827.96,423304575.72,84223522.63,5027305.33,402420312.8,20884262.91,40652555.61,1292360.73,166885002.94,4488518.47,30087264.73,10565290.88,119360378.68,47524624.26,,,12,0.4147032285195321,0.48267460610249713,0.9506637439851012,0.28477468569830977,
2023,13,outpatient,2827094.46,34673288.25,2800186.36,26907.86,34346202.85,327085.4,845007.42,5834.74,11027801.08,58996.11,504623.04,340384.27,6728722.11,4299078.97,,,12,0.32107773683634433,0.30176827945122914,0.990566646069399,0.3898400904054029,
2023,15,inpatient,47526504.0,361704109.95,46420709.8,1105793.1199999999,355370734.65,6333372.74,24413122.37,295202.15,181634874.49,1749591.76,17678417.63,6734704.23,131756809.54,49878063.52,,,12,0.5111137659348619,0.5259101481899358,0.982490176014656,0.2746062046732444,
2023,15,outpatient,63160765.0,277228593.68,61954804.88,1205959.47,272797334.34,4431257.02,27000907.18,479673.01,106529893.45,1459234.3599999999,19816256.19,7184650.59,74683597.03,31846295.02,,,12,0.39050929037754767,0.4358161926633123,0.9840158647375495,0.2989423342936799,
2023,16,inpatient,34571903.8,233582550.79,33052534.8,1519369.0,223730854.23,9851696.52,14712986.5,896293.0,83795142.02,4184379.93,12428976.5,2284010.0,68550120.98,15245020.98,,,12,0.37453547615679705,0.4451394299719488,0.957823490981323,0.18193203821244625,
2023,16,outpatient,28829081.39,111746937.66,26982478.39,1846603.0,105231413.28,6515524.38,9991462.0,788995.0,34651823.07,2289321.67,8308759.0,1682703.0,27627936.919999998,7023886.15,,,12,0.3292916249048024,0.37029445018301005,0.941693933485461,0.20269889222887574,
2023,17,inpatient,3642151.0,26203449.4,2567857.83,1074292.93,18708500.95,7494948.45,1730224.2,735115.59,11211849.74,4459071.26,1466930.6,263293.43,9366042.99,1845806.75,,,12,0.59929172144602,0.6738006208077337,0.7139709228510961,0.16462999351612786,
2023,17,outpatient,12205332.5,55810540.01,8768093.63,3437238.63,40218618.99,15591921.02,4921069.19,1907021.02,20737335.9,7991856.99,4027357.37,893711.73,16670868.79,4066467.11,,,12,0.5156153150150717,0.5612473358134065,0.7206276624951797,0.19609399826522558,
2023,18,inpatient,14064085.0,93643435.29,13490667.87,573416.37,89785413.59,3858019.5100000002,9071196.41,261976.18,56946221.45,2010165.62,7560362.39,1510833.6199999999,48031163.65,8915056.57,,,12,0.6342480273025382,0.6724052876709061,0.9588009379616171,0.15655220562487382,
2023,18,outpatient,24257728.0,114396314.68,23534506.74,723220.43,110364984.64,4031327.82,10070599.02,159474.25,45093900.69,1078799.58,8653939.47,1416659.01,36058947.47,9034951.96,,,12,0.408588836731976,0.4279078007139061,0.964759965814661,0.2003586254848782,
2023,19,inpatient,61073736.0,322672429.0,45480042.0,15593694.0,255756429.0,66916000.0,29527881.0,11726310.0,149318112.0,47327179.0,25083820.0,4444061.0,125858488.0,23459624.0,,,12,0.583829358987492,0.6492492025403143,0.7926194059796785,0.15711171060078766,
2023,19,outpatient,51409902.0,224855983.0,39346580.0,12063322.0,178947207.0,45908776.0,19961800.0,7328625.0,80374640.0,25985544.0,16481371.0,3480429.0,65500761.0,14873879.0,,,12,0.44915280516225103,0.507332530552846,0.7958303115287797,0.185056866195606,
2023,22,inpatient,44543032.26,241340707.67,38632582.61,5910449.55,213558232.55,27782475.12,24078849.74,3390923.07,132985460.37,15459019.62,19076170.15,5002679.4799999995,106124970.16,26860490.21,,,12,0.6227128721851749,0.6232782825595309,0.8848827643366793,0.2019806536388802,
2023,22,outpatient,38507281.89,163571766.74,32911551.97,5595729.8100000005,142026069.37,21545697.37,14335699.39,2427923.8000000003,56695052.79,8353427.64,11051500.11,3284199.16,43152120.01,13542932.78,,,12,0.3991876494328697,0.43558260039111735,0.8682798517164197,0.2388732722441125,
2023,23,inpatient,62662926.69,378152990.34,60978418.25,1684508.2,369110397.18,9042592.73,30747981.62,685828.01,184682205.01,4222180.29,26608363.89,4139617.58,157410524.63,27271680.11,,,12,0.5003440878961154,0.5042436734573711,0.9760874741414323,0.147668153022774,
2023,23,outpatient,85913301.62,371371843.29,83065675.33,2847626.06,360318532.74,11053310.2,32134484.59,858653.85,130777410.16,3285213.17,27351295.88,4783188.5600000005,110064424.77,20712985.14,,,12,0.3629494413332518,0.38685635748264735,0.9702365412195005,0.15838350916001961,
2023,24,inpatient,44729728.8,268685125.36,43188108.11,1541620.21,261433699.4,7251423.9399999995,27230142.86,846748.69,162257215.95,3587412.43,21279110.78,5951031.88,122495584.57,39761630.02,,,12,0.6206438432473942,0.6305009423113626,0.9730114350383776,0.24505307691371125,
2023,24,outpatient,45729246.92,216443123.75,43556806.9,2172439.5100000002,206775784.43,9667337.15,19695848.12,906055.18,84747657.73,3374146.46,15178633.45,4517214.38,61629434.339999996,23118222.24,,,12,0.40985291369400995,0.45218760331120605,0.9553354287606469,0.2727889225405262,
2023,27,inpatient,25606017.76,181345166.76,19809915.54,5796102.22,141137194.33,40207972.43,22752625.39,6848632.99,89836430.74,23403169.8,20603780.43,2148844.96,80519582.23,9316848.51,,,12,0.6365184681930752,1.1485473193491467,0.7782793269411313,0.10370902353594552,
2023,27,outpatient,43704331.52,194532510.54,30755353.02,12948978.53,141826839.54,52705671.0,44224688.1,18777017.13,75500092.79,28765328.15,39694035.51,4530652.59,67797959.60000001,7702133.19,,,12,0.5323399508504624,1.4379509177228753,0.7290649729770357,0.1020148837621051,
2023,28,inpatient,12480379.0,96895169.0,12206227.39,274151.22,94952629.66,1942537.52,7428082.59,181828.68,48613134.18,1225838.83,6712709.84,715372.61,43539117.96,5074015.24,,,12,0.5119724893778155,0.6085486000437355,0.9799521548901988,0.10437539824551177,
2023,28,outpatient,23626922.0,120662609.0,23309507.55,317413.98,118724768.86,1937838.22,9532649.02,96808.97,45020276.6,681390.87,8872819.34,659829.39,40965216.19,4055059.26,,,12,0.3791986881278987,0.40895969164307805,0.9839400112755725,0.09007184242844034,
2023,29,inpatient,60710592.39,460351930.77,56314939.37,4395652.87,435854329.53,24497601.24,27574555.13,1338561.09,212120731.16,7049958.92,19888804.37,7685750.66,156383670.66,55737060.5,,,12,0.4866780407773824,0.48964902454799536,0.9467850581205893,0.26276102385277106,
2023,29,outpatient,64111173.32,322932764.2,55039143.43,9072029.84,287233280.35,35699483.85,22625944.9,3691090.0,103987450.05,14045087.75,18963619.2,3662325.57,85079629.66,18907820.39,,,12,0.3620313423405847,0.41108824538260075,0.8894522705417082,0.1818279069340445,
2023,30,inpatient,512745.27,7869566.4,508049.91,4695.34,7768392.87,101173.53,403266.71,3813.61,6232639.8100000005,76198.6,368793.67,34472.99,5758585.71,474054.1,,,12,0.8023074932357277,0.7937541215192815,0.9871436970148698,0.07605992235254806,
2023,30,outpatient,3671454.15,47332416.59,3564703.81,106750.29,45821844.82,1510571.77,1914461.86,40915.79,23514150.22,576106.51,1634393.23,280068.57,19590725.17,3923425.05,,,12,0.5131646338633818,0.5370605699776219,0.9680858937948428,0.16685378860355005,
2023,32,inpatient,9525693.9,81653756.15,8273716.65,1251977.02,70870514.64,10783241.42,2520191.25,429926.62,36354254.6,5836710.26,1939010.03,581181.2,27645261.31,8708993.16,,,12,0.5129672725627606,0.3046020738454948,0.8679394308549515,0.23955911779305192,
2023,32,outpatient,18283505.91,106349784.53,16236774.0,2046731.68,93056256.84,13293527.59,3742434.0,497019.35,38749757.42,4982943.63,2971227.1,771206.88,30579760.38,8169996.92,,,12,0.4164121654562782,0.2304912293538113,0.875001837109975,0.21083995007884102,
2023,33,inpatient,20383523.33,159291569.61,19815587.18,567936.1,154592326.19,4699243.42,12731958.81,208834.15,90391470.73,1476341.66,10352372.74,2379586.04,74451400.99,15940069.74,,,12,0.5847086524780367,0.642522408967545,0.9704991078215541,0.17634484328298083,
2023,33,outpatient,18853863.27,106632958.1,17974406.56,879456.68,102118721.29,4514236.81,8052475.52,347608.63,42683303.67,1439346.1,6414019.38,1638456.1,33240292.27,9443011.4,,,12,0.41797726343230046,0.447996738758534,0.957665651498043,0.22123431384335485,
2023,34,inpatient,11343985.0,125691383.05,11170870.45,173113.91,123877180.65,1814200.55,5617318.26,102728.75,56624939.85,818131.41,3894685.45,1722632.42,39391103.72,17233834.94,,,12,0.4571054939487759,0.502854122706257,0.9855662149944018,0.30435060921305335,
2023,34,outpatient,10691118.0,84906805.03,10427980.75,263136.62,83031869.83,1874933.16,2431571.3,67488.56,19331772.99,448820.71,1729542.15,702028.83,13422405.26,5909366.63,,,12,0.23282352944212864,0.23317757850674972,0.9779177275680373,0.305681565423762,
2023,35,inpatient,11427168.27,95442740.23,11000545.48,426622.61,92097456.95,3345283.2800000003,6653767.81,194767.18,53296883.32,1672355.92,5728029.05,925738.68,45466651.56,7830231.76,,,12,0.5787009227511575,0.6048579883695003,0.9649498403761411,0.1469172542977134,
2023,35,outpatient,14198044.14,85094736.59,13736280.34,461763.73,82137284.71,2957451.88,4142177.79,106025.99,25754978.2,702073.72,3472317.67,669860.02,21711918.3,4043059.9,,,12,0.31356013643417163,0.3015501786126185,0.9652451843849111,0.15698168597168527,
2023,37,inpatient,13415981.73,123984183.57000001,13199871.700000001,216109.93,122112956.23,1871227.34,9215211.82,109310.49,79900813.05,922207.31,8038588.7,1176623.01,69769072.76,10131740.29,,,12,0.6543188824247826,0.698128893177045,0.9849075318631789,0.1268039698627322,
2023,37,outpatient,27196222.29,166069125.88,26636174.83,560047.32,162645768.61,3423357.27,15200672.68,269624.15,90025596.06,1615949.05,12857908.67,2342763.89,74782925.59,15242670.47,,,12,0.5535071513349221,0.570677763493265,0.9793859499659577,0.16931485196544668,
2023,38,inpatient,14043787.29,139763383.89000002,13651273.85,392513.32,136586689.97,3176693.92,6670491.76,200220.01,66106256.0,1276635.14,4870215.1,1800276.55,47141583.52,18964672.48,,,12,0.48398753944853357,0.4886351144439169,0.9772709143726785,0.2868816603378658,
2023,38,outpatient,16695165.47,127965822.52,16090046.33,605118.98,124306981.8,3658840.71,4969972.33,120582.05,37231094.49,701959.29,3476689.4299999997,1493282.76,25018754.19,12212340.3,,,12,0.2995092789711672,0.30888489865522967,0.9714076723929301,0.32801453911810585,
2023,39,inpatient,11765649.0,78866902.0,11553010.0,212639.0,77406682.0,1460220.0,6447472.78,157671.0,41795811.0,942430.0,5735332.54,712140.21,37078278.0,4717533.0,,,12,0.5399509437699448,0.5580773131850487,0.9814850087556375,0.11287095254593815,
2023,39,outpatient,21652483.0,96497166.0,21408681.0,243802.0,95130891.0,1366275.0,8569742.2,82973.0,35312019.0,439661.0,7974053.11,595689.08,32485055.0,2826964.0,,,12,0.37119403202057677,0.40029286250750334,0.9858412940334434,0.08005670817066562,
2023,40,inpatient,17092125.18,165594458.23,16427667.15,664458.01,162395067.46,3199390.77,9759343.93,86571.56,100306304.31,693402.98,7041433.95,2717909.95,73571837.68,26734466.63,,,12,0.6176684173902433,0.5940797217820425,0.9806793608663146,0.2665282786949884,
2023,40,outpatient,29041172.83,144820021.33,27987882.05,1053290.73,140430628.67,4389392.66,12412789.379999999,247243.13,60894007.95,934216.74,9502326.06,2910463.29,45215766.65,15678241.3,,,12,0.43362340912889974,0.44350584863208675,0.9696907056103937,0.25746771854586065,
2023,43,inpatient,41174637.54,320355351.57,40592246.45,582390.94,316141355.28000003,4213996.29,22585923.07,348784.28,168569281.28,2283428.21,16111782.620000001,6474140.33,121433862.64,47135418.64,,,12,0.5332085741541204,0.5564097837704175,0.9868458689097966,0.27962045209000014,
2023,43,outpatient,30714118.22,191325967.51,30076233.91,637884.2,187858592.83,3467374.68,12327090.32,228526.44,74114166.33,1199677.46,8848058.29,3479031.92,53912263.65,20201902.68,,,12,0.39452103421784157,0.40986149917863834,0.9818771350009311,0.2725781544927485,
2023,44,inpatient,37256503.9,259221607.02,36017803.97,1238699.81,251426081.1,7795525.92,18020605.53,503147.51,113085195.45,2759282.28,14324921.26,3695684.17,90273212.47,22811982.98,,,12,0.4497751186163638,0.5003249377727124,0.9699271754017074,0.201723867471991,
2023,44,outpatient,42766070.62,238205951.69,40942512.16,1823558.34,229061983.62,9143968.07,14651801.13,559125.47,77591918.13,2467380.11,11834703.46,2817097.51,60646007.89,16945910.24,,,12,0.3387376504113415,0.3578627777587745,0.9616131838641047,0.21839787761926796,
2023,45,outpatient,996595.0,5920672.0,963308.0,33287.0,5702144.0,218528.0,458679.0,15743.0,2377906.0,97838.0,355034.0,103645.0,1849990.0,527916.0,,,12,0.4170196333168717,0.47614989183106543,0.9630906761935132,0.2220087757884458,
2023,48,inpatient,29069088.5,219205768.98,28248731.5,820357.0,214471607.41,4734161.57,15048916.0,494731.0,99474988.11,2471383.34,12472277.0,2576639.0,82402514.6,17072473.51,,,12,0.4638142517383952,0.53272891209292,0.9784031159762409,0.17162579090857658,
2023,48,outpatient,27632082.0,137619296.69,26468938.0,1163144.0,133020474.21000001,4598822.48,7642481.0,421561.0,34212701.92,1413895.77,6228984.0,1413497.0,26789237.24,7423464.68,,,12,0.2571987667551708,0.2887339492049133,0.966583011317379,0.21697978421459907,
2023,49,inpatient,27812815.19,196657632.2,26864676.61,948138.43,190830346.57,5827285.63,16994523.81,640687.44,114344343.74,3447306.55,13676930.9,3317592.78,91608393.44,22735950.3,,,12,0.5991937120863344,0.6325973715117801,0.9703683728680631,0.19883755992074054,
2023,49,outpatient,25771115.57,171064122.46,24983830.349999998,787285.0599999999,165718548.49,5345573.97,10485269.92,264595.48,70680272.44,1940211.7,7894758.35,2590511.45,51010812.06,19669460.38,,,12,0.42650791407495986,0.419682241398185,0.9687510514003311,0.2782878404536042,
2023,51,inpatient,25091216.64,192576179.36,23652718.04,1438497.72,181254375.74,11321801.29,12097516.49,667535.14,96931402.56,5726002.7,9107851.27,2989664.74,71573500.39,25357900.88,,,12,0.5347810344675102,0.511464114591035,0.9412087016284858,0.26160666420052675,
2023,51,outpatient,19194611.13,116024920.56,18131042.85,1063567.5,108949797.94,7075120.37,5189861.34,239733.55,31755810.77,1612442.64,4151941.81,1037919.13,24396347.43,7359462.19,,,12,0.29147195653807745,0.28624174477641806,0.9390206639586429,0.23175167037311328,
2023,55,outpatient,6272909.56,36009146.9,5902550.53,370358.79,33711732.23,2297414.63,1209927.24,63595.96,7012380.76,370958.64,946902.38,263024.7,5288929.74,1723451.03,,,12,0.20801009904082288,0.20498380045210726,0.9361991363922036,0.24577259692327375,
2023,60,inpatient,4646608.11,37467714.16,4330005.12,316602.99,34882077.66,2585636.5,1903629.0,110233.0,18775063.86,1030121.9,1448283.0,455346.0,14705600.57,4069463.29,,,12,0.5382438524162153,0.43963666260052825,0.9309902790183985,0.21674830617593438,
2023,60,outpatient,4900613.36,29352900.96,4462695.36,437918.0,25945224.29,3407676.67,1284612.0,74389.0,9101298.02,548555.32,898587.0,386025.0,6866045.94,2235252.08,,,12,0.35078895130260596,0.2878556335066528,0.8839066477741421,0.24559706484592186,
2023,61,inpatient,7620245.08,45574440.31,5590149.21,2030095.73,33482064.88,12092375.43,3502347.88,1327825.82,21838074.31,8016606.5,3045089.78,457258.03,19068617.69,2769456.62,,,12,0.6522320050530885,0.6265213589889133,0.7346676043030488,0.12681780365276174,
2023,61,outpatient,14163584.71,80282060.21,9913548.57,4250036.04,57214205.4,23067854.81,4386201.95,2448526.13,24430666.99,11985443.51,3847985.63,538216.22,21344679.8,3085987.19,,,12,0.4270035180808436,0.44244519699770835,0.7126648874024953,0.12631612519065327,
2023,62,inpatient,24912448.0,205247727.55,23191067.46,1721380.1300000001,191620976.65,13626748.3,12443842.27,761664.34,99913774.16,5895399.58,9213213.57,3230628.52,73594560.62,26319212.33,,,12,0.5214135524551403,0.5365791070834994,0.9336082739494379,0.263419258768595,
2023,62,outpatient,17748035.0,112752960.94,16407747.15,1340287.34,104144544.62,8608413.81,5696786.96,299020.45,34623445.55,1991866.23,4468789.36,1227997.35,26179357.43,8444087.0,,,12,0.33245568144095455,0.3472010452086958,0.9236524145509505,0.2438834976087468,
2023,63,inpatient,47627377.92,282710617.08,45712613.65,1914764.1300000001,273733996.56,8976620.52,29355264.61,1289648.9,155370353.62,5417326.53,22813435.68,6541828.78,116486849.11,38883504.51,,,12,0.567596117298292,0.6421699016109529,0.9682480247373949,0.2502633456386414,
2023,63,outpatient,36420263.34,175711908.13,34786345.27,1633917.94,168893724.08,6818184.05,16534634.22,698926.26,76153135.18,2833262.63,12506092.92,4028541.18,56750235.49,19402899.69,,,12,0.45089381263171446,0.47531967189032615,0.9611968014998985,0.254787930190112,
2023,65,inpatient,14432749.0,85781460.0,13747320.0,685429.0,83039142.0,2742318.0,6655539.0,385169.0,38549258.0,1336835.0,4911158.0,1744381.0,27534151.0,11015107.0,,,12,0.4642299651891875,0.48413356203245433,0.9680313438358359,0.2857410900100853,
2023,65,outpatient,12144319.0,54882843.0,11377239.0,767080.0,52284727.0,2598116.0,3551841.0,219270.0,14343473.0,713610.0,2766336.0,785505.0,10475887.0,3867586.0,,,12,0.27433389869282476,0.31218830860457447,0.9526606885142593,0.2696408324538973,
2023,87,outpatient,2110147.15,17696692.93,2059858.88,50288.27,17246654.33,450038.6,228048.59,7095.139999999999,1859832.9000000001,48819.19,178145.15,49903.44,1463894.04,395938.86,,,12,0.1078373152504646,0.1107107832552102,0.9745693389278919,0.2128894805549466,
2023,88,outpatient,1914011.81,8648590.51,1856232.1300000001,57779.44,8376359.77,272230.74,555254.35,16705.47,2383425.71,77682.43000000001,483114.34,72139.89,2051133.91,332291.8,,,12,0.28454194607737104,0.29912980226239266,0.9685231090909864,0.13941772911394834,
2023,89,inpatient,975096.24,46231776.49,917888.02,57208.22,43763062.05,2468714.44,412911.49,30447.22,20045448.19,1309856.09,357921.38,54990.11,17278852.51,2766595.68,,,12,0.4580449184999385,0.44984952521768395,0.9466013502523748,0.13801615477872736,
2023,91,inpatient,1851265.0,25710971.72,1717944.0,133321.0,23373900.89,2337070.79,849308.0,74449.0,11159576.75,951701.65,710898.0,138410.0,9170104.19,1989472.53,,,12,0.47743749759691906,0.4943746711184998,0.9091021974800726,0.17827490903720877,
2023,91,outpatient,278865.0,599681.92,264873.0,13992.0,561651.75,38030.18,125416.0,2063.0,289088.47,7929.1900000000005,105379.0,20037.0,241699.1,47389.36,,,10,0.5147112423312132,0.4734948446991577,0.9365827637424853,0.1639268421877912,
2023,333,outpatient,2446352.87,21233763.65,2237643.03,208709.61,19381956.16,1851807.45,461424.88,25029.35,3834905.71,212156.98,361351.99,100072.78,2988576.22,846329.58,,,12,0.19785958023753986,0.20621022826862606,0.9127894837427938,0.22069110533619873,
2023,2001,inpatient,4812656.05,81186506.33,4566044.99,246611.06,77138836.27,4047670.06,2091588.28,129367.12,34306513.35,1764459.83,1729566.09,362022.19,27649055.22,6657458.13,,,12,0.4447372427284351,0.45807439142206086,0.9501435614984173,0.1940581388169544,
2023,2001,outpatient,9742075.81,62630136.25,9210712.84,531362.97,59768778.93,2861357.32,1747706.6,77725.78,11779022.12,470969.87,1409975.45,337731.15,9316350.42,2462671.7,,,12,0.19707650600985765,0.18974715967803424,0.9543134105827528,0.209072678097662,
2023,2004,inpatient,17601545.0,185335852.65,17514579.69,86964.87,184275441.27,1060409.75,10879226.95,32104.25,117378068.96,474139.94,8472361.040000001,2406865.62,92870318.07,24507749.69,,,12,0.6369707658874515,0.6211526135686558,0.9942784336390512,0.2087932601647394,
2023,2004,outpatient,12959179.0,123499470.44,12811930.22,147248.46,122171202.32,1328265.82,5375388.9799999995,37954.72,54512190.81,397450.29,3651735.29,1723653.44,35217368.3,19294821.14,,,12,0.4461950915995537,0.4195612126897768,0.9892447464327766,0.35395424130450576,
2023,3028,inpatient,778921.0,55165622.0,612969.0,165952.0,43477093.0,11688529.0,508794.0,137539.0,36216135.0,9247327.0,488206.0,20588.0,35073384.0,1142751.0,,,12,0.8329934800378673,0.8300485016371137,0.7881193290995613,0.03155364314828184,
2023,3029,inpatient,1624776.32,48057010.28,1542730.52,82045.8,45593505.29,2463504.9899999998,837635.83,55652.95,24788277.39,1653775.31,749156.95,88478.88,22016022.650000002,2772254.74,,,12,0.5436800095174258,0.5429566726922599,0.9487378641399745,0.11183732924976761,
2023,3029,outpatient,371785.0,8066298.55,371785.0,0.0,8066298.55,0.0,0.0,0.0,0.0,0.0,0.0,0.0,0.0,0.0,,,12,0.0,0.0,1.0,,
2023,4000,inpatient,2964509.19,190687603.97,2758322.94,206186.18,178439048.45,12248555.33,568474.59,37411.46,31191431.76,1715037.74,427105.48,141369.1,23584978.69,7606453.01,,,12,0.1748016032978347,0.2060942835069196,0.9357663777561177,0.24386354138941904,
2023,4000,outpatient,64622.0,14479470.54,62017.0,2605.0,13885119.98,594350.56,9542.0,271.0,1949427.92,39860.16,7831.0,1711.0,1634045.55,315382.37,,,12,0.14039690854727493,0.15386103810245577,0.9589521896979529,0.16178201141184026,
2023,4003,inpatient,1097073.0,26148353.0,987247.0,109826.0,23742967.0,2405386.0,167402.0,24297.0,2721840.0,318214.0,143699.0,23703.0,2344790.0,377050.0,,,12,0.11463773672431082,0.1695644555010043,0.9080100379553542,0.13852761367310348,
2023,4003,outpatient,20558.0,3094013.0,16819.0,3739.0,2526885.0,567128.0,1830.0,227.0,412161.0,67014.0,1518.0,312.0,349370.0,62791.0,,,12,0.1631103117078933,0.10880551756941555,0.8167014812154959,0.15234580661440553,
2023,4020,inpatient,127439.57,8003481.72,122261.51,5177.95,7681627.649999999,321854.04,24371.79,332.4,1399488.53,26687.62,18493.93,5877.83,1117400.79,282087.72,,,12,0.18218645757972923,0.19934147713372755,0.9597857430978176,0.20156486741624097,
2023,4020,outpatient,1713.1,858938.53,1683.0,30.1,841026.39,17912.13,0.0,0.0,0.0,0.0,0.0,0.0,0.0,0.0,,,12,0.0,0.0,0.9791461910551387,,
2023,5033,inpatient,3771295.62,65987088.09,3677736.74,93558.64,63677854.49,2309233.6,2654869.73,76000.93,50026733.7,1983909.66,2336314.15,318555.47,45614871.98,4411861.72,,,12,0.7856221617494387,0.7218759573313015,0.965004765828575,0.08819008145638738,
2023,5033,outpatient,14907.0,2919997.63,14907.0,0.0,2919997.63,0.0,14714.0,0.0,2764773.13,0.0,13708.0,1006.0,2568048.13,196725.0,,,12,0.9468408815112634,0.9870530623197156,1.0,0.0711541203382572,
2023,5034,inpatient,5344405.88,46859952.94,5309599.82,34805.96,46571916.33,288036.61,0.0,0.0,0.0,0.0,0.0,0.0,0.0,0.0,,,12,0.0,0.0,0.9938532458543268,,
2023,5034,outpatient,1673100.83,19352205.92,1644501.27,28599.51,19025517.65,326688.27,21819.629999999997,0.0,33979.94,0.0,15734.16,6070.83,27838.61,6204.53,,,12,0.0017860192098373736,0.013268235420699917,0.9831188097444551,0.18259390687564483,
2023,5050,inpatient,44063365.2,332873372.32,42577018.2,1486347.0,322826391.74,10046980.58,14888100.0,545270.0,93082413.67,2898961.0,12503178.0,2384922.0,76354559.98,16727853.69,,,12,0.288335823995974,0.3496745575292541,0.9698174098157014,0.17971014105096528,
2023,5050,outpatient,32951871.62,186174380.97,31342037.62,1609834.0,179255838.95,6918542.02,8152554.0,308011.0,47258537.67,1470708.65,7214737.0,937817.0,40310249.54,6948288.13,,,12,0.26363736850536773,0.2601156344346191,0.9628383777405182,0.14702715049117598,
2023,8992,inpatient,32553485.96,231533597.4,28919986.28,3633499.61,206509789.69,25023807.47,8322620.42,847726.95,66710196.92,5812764.55,6312695.54,2009924.82,51830562.8,14879634.12,,,12,0.32303648664860546,0.2877809256000795,0.8919214835729926,0.22304887119196948,
2023,8992,outpatient,3488359.42,29687919.32,3284049.66,204309.67,27949362.96,1738556.08,792908.86,61916.6,6949762.87,483717.16,624422.3,168486.48,5652985.56,1296777.29,,,12,0.24865550173527104,0.24144240863885108,0.9414389287015889,0.1865930268783401,
2024,1,inpatient,33062626.0,259450601.0,28326664.0,4735962.0,224596690.0,34853911.0,17536840.0,2512620.0,130714446.0,15945628.0,13131007.0,4405833.0,99134151.0,31580295.0,,,12,0.5819963152618144,0.6190930213314212,0.8656626314771959,0.24159758899180891,
2024,1,outpatient,55984243.0,228518262.0,43530419.0,12453824.0,183922616.0,44595646.0,21792654.0,6510151.0,80674251.0,19563565.0,15708885.0,6083769.0,55614617.0,25059634.0,,,12,0.4386314894520639,0.5006304671682577,0.8048486558155251,0.3106274144398316,
2024,2,inpatient,279086150.88,1328485563.51,256718927.96,22367222.64,1242595741.03,85889821.35,113052654.78,11423912.64,495246183.19,38995435.94,86422492.57,26630162.07,366991609.71,128254573.47,,,12,0.398557766486054,0.4403752215637758,0.9353475680585719,0.25897135166975216,
2024,2,outpatient,148363531.38,603998970.61,141852760.57,6510770.3,577464932.32,26534037.09,62193940.160000004,2775111.37,207041398.13,10709446.23,48767285.05,13426654.98,157944900.57,49096497.54,,,12,0.35853501492843687,0.43844011149370055,0.9560693981594004,0.23713372293386764,
2024,3,inpatient,34529829.72,305617558.59,31305910.7,3223918.84,279950388.61,25667169.84,14276468.36,996553.17,116603420.91,8271646.78,9355583.21,4920885.06,76212751.23,40390669.67,,,12,0.4165145884917512,0.4560310829737338,0.9160153948666488,0.34639352220356745,
2024,3,outpatient,16243478.74,117679020.73,14601174.89,1642303.75,105988223.02,11690797.48,4971743.12,327742.67,32733894.07,2270934.84,3485359.9499999997,1486383.01,21348249.43,11385644.48,,,12,0.30884463516123967,0.340502949759545,0.9006552090807833,0.3478243210432678,
2024,4,inpatient,53488746.0,426329804.0,48602722.0,4886024.0,392050118.0,34279686.0,21025318.0,2608832.0,150561850.0,18527092.0,10433277.0,10592041.0,74735615.0,75826235.0,,,12,0.38403725209438655,0.43259548302665024,0.9195935032494233,0.5036218338177965,
2024,4,outpatient,34123379.0,174321741.0,30037102.0,4086277.0,156635642.0,17686099.0,10031250.0,1475478.0,42993217.0,5906538.0,5706916.0,4324334.0,23101841.0,19891376.0,,,12,0.2744791444082695,0.33396197808963063,0.8985433549565112,0.46266312195246984,
2024,5,inpatient,35908127.0,246391480.0,34652719.03,1255406.28,238067411.8,8324065.66,20748537.46,684485.37,127508121.47,3799703.04,16985461.69,3763075.64,103940033.62,23568087.85,,,12,0.5355967055966456,0.5987564047149463,0.9662160875043244,0.18483597419749517,
2024,5,outpatient,35409699.0,177830990.0,33342436.75,2067260.64,168588524.9,9242462.36,13371318.45,843045.31,61310797.35,3431246.36,10372956.65,2998361.65,45398132.57,15912664.78,,,12,0.36367123673670626,0.4010300311959053,0.9480266903985632,0.2595409857281851,
2024,6,inpatient,2775240.65,37925965.36,2710444.6,64795.98,37066658.38,859306.98,1705919.19,49406.409999999996,22321021.26,524980.13,1306315.47,399603.67,17724069.31,4596951.95,,,8,0.6021859599850986,0.6293872193513934,0.9773425152967551,0.20594720539233966,
2024,6,outpatient,5245285.72,43198244.69,4956327.93,288957.7,41628836.31,1569408.38,2004991.84,45485.32,15962222.66,337054.32,1395893.92,609097.82,10771580.15,5190642.51,,,12,0.3834414813119718,0.4045317154791249,0.9636696261326725,0.32518294103284984,
2024,8,inpatient,36730248.02,238582079.31,34179909.43,2550338.47,226875918.6,11706160.71,18111787.55,1199740.55,93378450.22,4821747.4,12730589.73,5381197.7,62587424.839999996,30791025.38,,,12,0.41158378904300336,0.5298957151157085,0.9509344509702689,0.32974444646978207,
2024,8,outpatient,94560541.64,443293369.58,88792957.65,5767583.850000001,420751158.91,22542210.66,34101701.02,2051915.44,146681018.84,7766850.38,25250673.97,8851026.96,105907405.23,40773613.61,,,12,0.34861702869694416,0.3840586226941614,0.9491483242996446,0.27797470955990533,
2024,9,inpatient,338982405.79,1874243873.85,272274278.58,66708126.85,1559541525.04,314702348.81,103973601.63,25826533.2,545699697.04,114012528.26,83355461.11,20618140.32,430042482.4,115657214.64,,,12,0.3499103347222534,0.38187081854465493,0.8320910351097744,0.2119429702221775,
2024,9,outpatient,369809896.44,1231800858.77,299109197.8,70700698.28,1016134440.5,215666418.27,113568919.23,27652262.75,319929073.59000003,77194278.31,98818584.74,14750334.34,275738316.44,44190757.15,,,12,0.31484915857450463,0.37969049452614323,0.8249177886713351,0.13812673119740268,
2024,10,outpatient,2100641.95,17364759.82,2037433.51,63208.21,16845274.83,519484.99,715334.83,10199.49,5815207.75,96663.24,526187.73,189146.97,4241157.47,1574050.28,,,12,0.3452129934765808,0.35109603650329674,0.9700839519011555,0.2706782539282453,
2024,11,inpatient,30315931.9,262860713.93,29812964.93,502966.87,259512929.71,3347784.22,15986920.94,134878.41,137698581.48,1042426.45,10600659.01,5386261.81,89657607.48,48040974.0,,,12,0.5306039342004082,0.5362405576747177,0.9872640374061697,0.3488850319563946,
2024,11,outpatient,43954863.26,231944718.58,43413648.08,541215.04,228820846.47,3123872.11,18078236.53,225458.18,91100076.45,1086918.46,13285968.2,4792268.18,62563505.85,28536570.6,,,12,0.39812839544732587,0.41641827695950684,0.9865318247851262,0.313244200356541,
2024,12,inpatient,69463021.18,524525736.6,65570610.79,3892410.39,505914323.81,18611412.79,35324088.41,1340416.3599999999,273575222.67,6876507.15,24989069.67,10335018.74,194789600.98,78785621.69,,,12,0.5407540561605907,0.5387183066378753,0.9645176366165747,0.28798522366565016,
2024,12,outpatient,93428774.21,437192144.28,88656371.23,4772402.9799999995,417503834.39,19688309.87,43406493.76,1023040.9199999999,176702707.82,3782489.76,31536759.11,11869734.65,123982015.83,52720691.99,,,12,0.423236131658944,0.4896037719318686,0.9549664600620303,0.29835814425495094,
2024,13,outpatient,2559589.29,33202183.5,2534115.02,25474.14,32833641.68,368541.82,718093.48,3826.41,10242130.96,51191.729999999996,406199.03,311894.37,5760413.58,4481717.38,,,12,0.31194014541002935,0.28337051567611954,0.9889000727918994,0.437576652505525,
2024,15,inpatient,50775417.0,404514467.82,49418124.97,1357290.61,396209022.33,8305442.88,25478648.26,434805.74,200683104.8,2909677.19,17242379.34,8236268.3,137520012.68,63163090.55,,,12,0.5065081648566103,0.5155729456645146,0.9794681126369608,0.3147404491920139,
2024,15,outpatient,68276922.0,283585025.46,67060439.010000005,1216481.57,278849315.9,4735707.14,30139617.67,433888.21,108817820.8,1443813.51,21602202.97,8537413.96,73990412.01,34827407.35,,,12,0.39023879419888513,0.4494396117136305,0.9833005654924188,0.32005242426247893,
2024,16,inpatient,33480342.990000002,253853013.28,31920303.990000002,1560039.0,242432442.12,11420571.16,15254463.0,608453.0,101605786.27,4183023.79,12442680.0,2811783.0,79939393.9,21666392.37,,,12,0.4191096925043837,0.477892159322133,0.9550110868788345,0.21323974908697887,
2024,16,outpatient,26926897.71,116634490.87,25170954.71,1755943.0,110076212.47,6558278.4,8737146.0,703876.0,36216336.33,2312508.09,6875888.0,1861258.0,27242687.57,8973648.76,,,12,0.32901146866649633,0.3471122212352509,0.9437706775150259,0.24777903204324478,
2024,17,inpatient,3363468.9,31909446.94,2316453.05,1047015.85,22097431.06,9812015.88,1718902.73,717456.42,14104031.86,5787722.93,1349787.05,369115.68,10946065.55,3157966.31,,,12,0.6382656799201708,0.7420408240089305,0.6925043577706081,0.2239052167030485,
2024,17,outpatient,14435015.28,63262355.25,10437251.88,3997763.4,45185774.01,18076581.24,6046707.53,2348641.61,23651906.63,9303268.96,4745175.07,1301532.46,18284450.91,5367455.72,,,12,0.5234370141532959,0.5793390443692157,0.7142600655861607,0.22693543501444138,
2024,18,inpatient,15114471.01,106591314.39,14666226.9,448243.84,103029466.65,3561847.54,10074450.14,224296.56,65398610.9,1826989.99,8427500.45,1646949.54,54653406.91,10745203.88,,,12,0.6347563762720885,0.6869149242468082,0.9665840715035394,0.164303243327757,
2024,18,outpatient,23727695.27,116051345.08,22979177.95,748516.57,111882950.85,4168393.48,9570162.67,211834.58,46180090.14,1207729.6,7546597.01,2023565.22,35401122.41,10778967.37,,,12,0.4127535946197293,0.41647106309997484,0.9640814656036385,0.2334115705994159,
2024,19,inpatient,55162569.0,342130322.0,41762218.0,13400351.0,272507844.0,69622478.0,26904242.0,9832588.0,157181240.0,46840615.0,20645174.0,6259068.0,119957562.0,37223678.0,,,12,0.5767952866707206,0.6442244518717851,0.7965030471634139,0.23682010652161797,
2024,19,outpatient,53036372.0,262263408.0,39769761.0,13266611.0,206033369.0,56230039.0,19783230.0,7747349.0,93217578.0,30822038.0,14723025.0,5060205.0,67845970.0,25371608.0,,,12,0.452439225997416,0.4974440253739518,0.785597085659773,0.27217621981124634,
2024,22,inpatient,48010956.18,264627408.82,41906662.84,6104293.25,236135465.37,28491943.45,26560431.02,3210155.73,149915830.53,14965253.93,20923369.26,5637061.65,118190415.45,31725415.080000002,,,12,0.6348721497429338,0.6337997163221503,0.8923318503663381,0.2116215143380162,
2024,22,outpatient,39374474.19,167050544.73,33738279.93,5636194.16,145674070.3,21376474.43,14938163.77,2341697.36,56515549.0,7747718.08,11085478.82,3852684.87,41111928.14,15403620.86,,,12,0.38795887891106723,0.44276601536870347,0.872035889110387,0.27255544947462157,
2024,23,inpatient,63365476.0,411133216.0,61576800.0,1788676.0,401818360.0,9314856.0,33622206.0,830939.0,208759505.0,4486226.0,27304008.0,6318198.0,169430898.0,39328607.0,,,12,0.5195369992550863,0.5460206766184666,0.9773434603736809,0.18839193453730407,
2024,23,outpatient,73475153.0,335855798.0,71422222.0,2052931.0,326569586.0,9286212.0,27506408.0,661451.0,116023418.0,2813134.0,22453155.0,5053253.0,92998830.0,23024588.0,,,12,0.35527931250768713,0.38512394643784675,0.9723505979194083,0.1984477650882514,
2024,24,inpatient,49270921.24,303892536.62,47161444.26,2109476.0,293104019.63,10788514.83,29943554.23,1191043.9,184143485.2,5220638.72,21997154.03,7946399.69,128822953.74,55320530.269999996,,,12,0.6282530189536588,0.6349159721428769,0.9644989077060144,0.30042078442208175,
2024,24,outpatient,45949318.06,195197801.91,43763672.22,2185644.98,186090364.38,9107435.44,19942638.19,904702.72,76009074.53,3009313.7,14502945.92,5439691.82,51597850.87,24411222.44,,,12,0.4084524998553286,0.45568932355009767,0.9533425200443642,0.3211619479772135,
2024,27,inpatient,27695601.6,206551639.9,20976826.83,6718774.77,157363390.83,49188249.07,23675984.080000002,7942708.74,101176257.53,29410531.85,20407439.12,3268544.96,86201948.74,14974308.79,,,12,0.6429466027413003,1.1286732865687676,0.7618597988676633,0.1480022008677276,
2024,27,outpatient,43188492.67,186689888.34,31865424.61,11323068.08,138058247.22,48631641.12,45699422.41,15030085.98,72489405.31,27199918.51,39845317.24,5854105.17,62602622.85,9886782.459999999,,,12,0.5250639260578612,1.4341381911370676,0.7395057571011454,0.13638934431479058,
2024,28,inpatient,13048391.24,98757350.13,12876138.04,172252.89,97552563.03,1204786.87,7161002.64,102050.78,47449069.3,659977.23,6068051.61,1092950.79,39525438.6,7923630.58,,,12,0.48639490164300603,0.5561452213197926,0.987800532330869,0.16699232876207332,
2024,28,outpatient,29317970.56,137508542.97,28838867.22,479102.59,135166780.33,2341761.9,13173053.86,204185.01,53510558.7,899889.3,11305877.08,1867176.39,45521776.35,7988781.92,,,12,0.39588542813077154,0.45678125147940535,0.982970057063939,0.1492935621320657,
2024,29,inpatient,67754597.16,500616572.46,62727676.33,5026920.6899999995,472239226.57,28377345.89,31411164.31,2013248.2,239249034.03,11922458.56,21796056.38,9615107.82,168530484.31,70718549.72,,,12,0.5066267700117371,0.500754469920917,0.9433152087823313,0.29558551827269836,
2024,29,outpatient,66637877.9,328144976.7,57381413.44,9256464.35,290870368.38,37274608.32,25136725.29,3654143.52,110737887.23,14354960.96,21226898.41,3909826.77,91413470.99,19324416.24,,,12,0.38071216345189685,0.43806389182594524,0.8864081093215163,0.1745059141309391,
2024,30,inpatient,607914.7,10786877.540000001,600081.47,7833.17,10659413.5,127464.04,480735.2,7732.03,8516627.22,122837.86,416753.16000000003,63981.9,7266693.26,1249933.96,,,12,0.798977093814777,0.8011165550570992,0.9881834164217275,0.14676396274157927,
2024,30,outpatient,3328399.05,45672290.76,3208668.22,119730.72,44113048.63,1559242.1300000001,1831636.44,38114.11,22650482.7,544680.57,1507049.36,324586.98,18127169.15,4523313.55,,,12,0.5134644601415297,0.570840085174029,0.9658602162481067,0.19970053662476694,
2024,32,inpatient,11789659.0,111071444.53,10254085.03,1535573.73,95737223.63,15334220.9,6128317.43,932054.17,50482805.65,8107363.84,4498203.9399999995,1630113.35,36551463.06,13931342.59,,,12,0.5273059290407585,0.5976464415957744,0.8619427255593287,0.2759621302862354,
2024,32,outpatient,15154564.0,94536703.92999999,13332927.15,1821636.61,82477475.99,12059227.94,6523677.26,733659.66,34281562.65,4535203.0,4950627.06,1573050.05,25831338.25,8450224.4,,,12,0.41564757212207215,0.48929070012956605,0.8724386673251344,0.2464947262256728,
2024,33,inpatient,20112406.12,174654127.72,19536851.3,575554.7000000001,169942791.04,4711336.68,13056145.68,301857.61,105828480.14,2122420.83,10650752.96,2405392.6,85309139.01,20519341.13,,,12,0.6227300345743457,0.6682830042321097,0.9730247619022605,0.19389242955067537,
2024,33,outpatient,18991413.66,119348268.61,18154262.59,837150.94,114245016.83,5103251.78,8441762.84,261919.24,47431332.92,1457479.15,6375641.27,2066121.44,35729374.41,11701958.51,,,12,0.4151720069382041,0.4650016930266293,0.9572406718636519,0.24671367616290887,
2024,34,inpatient,11194089.0,137392629.4,11045949.86,148138.34,135463206.3,1929421.15,5689598.0,83378.29000000001,62450020.54,908832.62,4015432.44,1674165.17,44638015.82,17812003.47,,,12,0.4610109434564594,0.5150845397735673,0.9859568660384048,0.2852201378955703,
2024,34,outpatient,10906570.0,87530229.92,10599346.46,307222.78,85580162.27,1950065.69,2335638.05,73061.74,17623857.1,416453.51,1532445.05,803192.61,11040525.49,6583330.47,,,12,0.20593390608909865,0.22035679830018498,0.9777212095548897,0.373546518939943,
2024,35,inpatient,12464492.96,105764438.58,12167441.65,297051.2,103257303.1,2507135.48,7752219.55,133135.03,64213398.38,1058812.98,6190770.0600000005,1561449.41,50644187.23,13569211.15,,,12,0.6218775471775808,0.6371281468195904,0.9762950996226997,0.21131432835403843,
2024,35,outpatient,12702523.3,85086149.26,12241481.54,461041.62,82042407.95,3043741.31,3927991.16,128708.43,26428599.29,834260.71,3054849.92,873141.14,20526096.19,5902503.100000001,,,12,0.32213339357502363,0.3208754714178167,0.9642275348400224,0.22333771968888938,
2024,37,inpatient,13157610.84,139662404.38,12949835.32,207775.44,137589462.7,2072941.68,8510306.24,120963.45,85001055.9,999323.93,6967948.17,1542357.97,70333162.88,14667893.02,,,12,0.6177875415164333,0.6571748620506782,0.985157482507892,0.17256130367669936,
2024,37,outpatient,24143675.85,158986697.27,23537244.13,606431.5700000001,155182749.66,3803947.61,13110822.01,288832.54,82608098.88,1746509.65,9868178.48,3242643.41,62317922.44,20290176.44,,,12,0.532327846110418,0.5570245155969328,0.9760737994101485,0.24561969970371025,
2024,38,inpatient,13844033.04,142783030.56,13488956.2,355076.68,139705885.71,3077144.85,6039683.92,109018.8,62276566.23,1022377.29,3964569.39,2075114.45,39610573.72,22665992.51,,,12,0.445769094934719,0.44775028033673947,0.978448805590333,0.36395700473095915,
2024,38,outpatient,17401606.22,136462328.21,16623155.4,778450.74,131739984.32000001,4722343.89,5099852.12,258026.83000000002,40203563.65,1331134.44,3602605.42,1497246.58,26540533.94,13663029.71,,,12,0.30517358763566,0.30679206187292213,0.9653945235147032,0.33984623425291804,
2024,39,inpatient,11929127.0,85322795.0,11708529.0,220598.0,83763373.0,1559422.0,6137946.76,128046.0,41483314.0,832280.0,5377056.0,760890.76,36428529.0,5054785.0,,,12,0.49524407284792604,0.5242286849184897,0.9817232663322856,0.12185104111981024,
2024,39,outpatient,22603296.0,103396338.0,22354007.0,249289.0,101890398.0,1505940.0,8461646.07,76661.62,37783779.0,435671.0,7842276.0,619370.07,34237467.0,3546312.0,,,12,0.37082767112166937,0.3785292753106859,0.9854352675430342,0.09385805480177088,
2024,40,inpatient,18285653.0,174256417.0,17771280.0,514373.0,171602680.0,2653737.0,10735970.0,111546.0,105975533.0,876168.0,7509469.0,3226501.0,74897789.0,31077744.0,,,12,0.6175633912011165,0.6041191180376427,0.9847710801949979,0.2932539532497562,
2024,40,outpatient,25644580.0,137580023.0,24656360.0,988220.0,133305152.0,4274871.0,10010693.0,222517.0,54531771.0,1014477.0,7314240.0,2696453.0,38051418.0,16480353.0,,,12,0.4090747445380056,0.40600855114055767,0.9689281124774924,0.302215620321592,
2024,43,inpatient,39523513.18,328029554.82,38798361.78,725151.27,322671206.46,5358348.36,22135401.38,391543.36,175591801.19,2839459.73,15582030.55,6553370.72,124905712.12,50686089.07,,,12,0.5441818100734913,0.5705241243306949,0.9836650439533099,0.2886586317043064,
2024,43,outpatient,30557605.58,207572868.7,29965721.57,591883.88,203795475.68,3777393.02,11993372.98,190206.96,78154458.33,1241642.2,8694658.44,3298714.44,56334233.94,21820224.39,,,12,0.3834945700792605,0.4002364151980606,0.9818020869314122,0.2791935976047088,
2024,44,inpatient,34175846.6,277745762.85,33175390.82,1000455.67,271010880.9,6734881.95,17164455.54,488507.07,125059438.33,2729042.79,13578956.49,3585498.96,100129300.56,24930137.77,,,12,0.46145541431654014,0.5173851796691509,0.9757516302646989,0.19934631166514372,
2024,44,outpatient,45064225.23,248171856.0,43249465.58,1814759.52,239081122.08,9090733.92,15719493.37,502244.69,79999932.01,2484996.39,12805449.78,2914043.48,62693296.12,17306635.89,,,12,0.334614173273082,0.36346098522126524,0.963369198802301,0.21633313248112096,
2024,45,outpatient,920650.0,6300799.0,896209.0,24441.0,6132688.0,168111.0,434956.0,12462.0,2572796.0,82428.0,311066.0,123890.0,1851948.0,720848.0,,,12,0.4195217496797489,0.48532875701984696,0.9733190981016852,0.280180783863159,
2024,48,inpatient,32581929.0,245233588.32,31362947.0,1218982.0,238636678.96,6596909.36,16719546.0,640226.0,114109243.96,3169672.21,13656996.0,3062550.0,92209133.95,21900110.01,,,12,0.4781714380928292,0.5330986912677562,0.9730994868802726,0.19192231277666597,
2024,48,outpatient,27569596.0,127948372.56,26108561.0,1461035.0,122731821.8,5216550.76,8162241.0,538302.0,33413725.01,1783193.08,6690941.0,1471300.0,26669252.56,6744472.45,,,12,0.27224989020736595,0.312626996179529,0.9592292527397818,0.20184736804955228,
2024,49,inpatient,30909187.33,239195339.19,29907916.18,1001271.03,232347738.92,6847600.2700000005,18642825.64,616804.56,140740247.79,3977310.64,14385703.1,4257122.42,107845141.02,32895106.77,,,12,0.6057310841249826,0.6233408415283315,0.971372350760728,0.23372920885490506,
2024,49,outpatient,24459234.53,176915880.38,23685655.29,773579.1799999999,171130446.16,5785434.22,10118837.540000001,268885.01,74406681.37,2093717.68,7352593.4,2766244.02,52601602.14,21805079.23,,,12,0.43479511121260556,0.4272137467217189,0.9672983894516796,0.29305270479099177,
2024,51,inpatient,25464390.8,193565992.06,23953574.63,1510815.85,181878761.93,11687227.58,11807068.41,662678.84,94120889.68,5444149.53,8625476.57,3181591.59,68238730.46,25882157.84,,,12,0.5174924696057942,0.4929146731700145,0.9396214696310017,0.27498845291408,
2024,51,outpatient,20232819.54,115317166.7,19115595.49,1117223.74,108474049.02,6843115.38,4856004.62,237866.16,29907608.14,1651839.93,3551126.06,1304878.31,20878673.4,9028933.61,,,12,0.27571210266600965,0.2540336565784904,0.9406582915984875,0.3018942059068987,
2024,55,outpatient,6401041.74,42422550.2,5981360.46,419681.05,39897720.21,2524829.91,1232940.23,87218.62,7803776.56,452293.01,871610.75,361329.33,5553144.36,2250632.21,,,12,0.1955945482329603,0.20613040097570043,0.9404837762440788,0.288402953710402,
2024,60,inpatient,4177619.02,36728882.92,3897269.02,280350.0,34301456.58,2427426.34,2046907.0,142101.0,18214014.169999998,999292.97,1541616.0,505291.0,13451439.19,4762574.98,,,12,0.5309982719690092,0.5252157317074303,0.9339096060915537,0.26147860298935965,
2024,60,outpatient,4833610.34,31273126.51,4277960.84,555649.5,27212079.75,4061046.76,1474280.0,111974.0,8818254.27,808187.32,1056022.0,418258.0,6181583.92,2636670.35,,,12,0.3240566083523991,0.3446221354377802,0.870142604427433,0.29900139747274496,
2024,61,inpatient,7180418.48,49542031.63,5119849.54,2060568.81,35875487.84,13666543.790000001,3152913.77,1393258.8599999999,22468910.01,9117256.98,2758231.67,394681.92,19776336.03,2692573.98,,,12,0.6263025637507261,0.6158215676783345,0.7241424434898573,0.1198355407005344,
2024,61,outpatient,12560534.05,86075407.61,8832821.58,3727712.37,61724084.89,24351322.72,3703412.74,1953430.27,24210936.28,11983221.79,3209654.5,493758.11,20770427.16,3440509.12,,,12,0.39224455612662223,0.4192785630795002,0.7170931466240198,0.14210557907428437,
2024,62,inpatient,25000896.74,207917829.99,23097632.69,1903263.51,194283669.53,13634159.97,12109642.79,874212.38,99700805.74,5624428.07,8587819.16,3521823.32,70428487.41,29272318.07,,,12,0.5131713127572199,0.5242806893904242,0.9344252464511785,0.29360161989398986,
2024,62,outpatient,20444192.96,130122567.44,18967942.9,1476249.17,120509135.57,9613430.92,7487692.04,417569.75,42458494.91,2332318.64,5286082.31,2201609.3,29229919.73,13228574.63,,,12,0.35232594366538444,0.39475509176063583,0.9261201799262623,0.31156485075697665,
2024,63,inpatient,49809970.620000005,306280138.28,47791748.62,2018221.9,297009546.57,9270591.71,32066027.85,1110839.49,175725379.37,5174180.71,23462730.28,8603297.44,126051228.17,49674151.2,,,12,0.5916489264380752,0.6709532246865925,0.9697316588595607,0.28268057453105955,
2024,63,outpatient,35425118.75,181186664.59,33612467.21,1812651.43,174517062.15,6669602.44,16009168.74,611542.24,78347646.16,2719522.87,11978773.29,4030395.34,57104063.51,21243582.65,,,12,0.44893974947079407,0.47628663019527273,0.9631893304339347,0.27114512932037266,
2024,65,inpatient,14687089.0,99476776.0,13977200.0,709889.0,96257278.0,3219498.0,7833883.0,474098.0,51777987.0,1779936.0,5713951.0,2119932.0,36825647.0,14952340.0,,,12,0.537912437125014,0.5604758463783877,0.967635682121423,0.2887779318265115,
2024,65,outpatient,14417385.0,64070139.0,13007982.0,1409403.0,59712591.0,4357548.0,4133745.0,286177.0,16436628.0,889773.0,3252239.0,881506.0,12124969.0,4311659.0,,,12,0.2752623479359655,0.3177852644630043,0.9319878485045896,0.2623201668858114,
2024,87,outpatient,2306743.89,18876367.2,2258485.56,48258.33,18421916.42,454450.78,270846.62,5508.98,2239846.23,55890.89,199698.39,71148.23,1685465.37,554380.86,,,12,0.12158595115371823,0.11992399898275195,0.975924881351111,0.24750844614900194,
2024,88,outpatient,1814809.75,9099939.87,1751030.28,63779.23,8794344.59,305595.28,550026.73,14595.93,2606548.81,81327.38,458173.66,91852.97,2142097.13,464451.68,,,12,0.29638920596355667,0.31411605857552616,0.9664178791985799,0.1781864503047614,
2024,89,inpatient,910867.03,46434233.339999996,869013.41,41853.62,44315572.24,2118661.1,365472.71,21115.14,18073634.65,1022564.67,318345.04,47127.67,15442426.620000001,2631208.03,,,12,0.4078393606680413,0.4205604951481704,0.9543728635619594,0.14558267227118038,
2024,91,inpatient,0.0,-4797.18,0.0,0.0,0.0,-4797.18,0.0,0.0,0.0,-4797.18,0.0,0.0,0.0,0.0,,,1,,,-0.0,,
2024,333,outpatient,2360161.07,24028993.88,2141935.54,218225.3,21827246.37,2201747.49,403103.54,25546.36,4158882.89,246110.75,299458.0,103645.4,3102104.39,1056778.49,,,12,0.19053630584002978,0.1881959248876369,0.908371215166334,0.25410152628750743,
2024,2001,inpatient,4988768.07,87090550.14,4807127.49,181640.47,84084730.34,3005819.8,2143506.27,71572.8,37492556.11,1239457.6,1595188.24,548317.94,27391640.26,10100915.85,,,12,0.4458901867009305,0.44590168961797183,0.9654862692316437,0.2694112351359764,
2024,2001,outpatient,10079016.84,60370958.94,9647886.219999999,431130.48,58085613.230000004,2285345.71,1992394.29,66006.56,12672862.69,355440.19,1563070.41,429323.77,9665866.58,3006996.11,,,12,0.2181755857482233,0.20651096463697727,0.9621449493245371,0.23727836271537792,
2024,2004,inpatient,16668128.0,200477366.32,16555882.38,112244.81,198631280.15,1846084.46,10799151.14,62724.700000000004,131673966.49,1148557.22,7560258.82,3238891.66,96150364.16,35523600.85,,,12,0.6629064988684764,0.6522848430625297,0.9907915481738059,0.26978454281391945,
2024,2004,outpatient,11696294.0,119514386.93,11561374.03,134919.04,118142935.48,1371449.22,5074110.16,38836.15,53930110.13,477986.55,3161301.21,1912808.46,32055511.46,21874597.21,,,12,0.4564818870539207,0.4388846988976794,0.9885248003589453,0.40561009716595586,
2024,3028,inpatient,744355.0,55268730.48,619048.0,125307.0,45761297.48,9507433.0,506981.0,95173.0,37729237.48,7261356.0,485269.0,21712.0,36109989.0,1619248.48,,,12,0.8244791900074421,0.8189688037115054,0.8279780824088145,0.04291760417523286,
2024,3029,inpatient,1617847.26,49265444.1,1554870.65,62976.61,47381929.79,1883514.31,775350.67,40073.74,23710736.54,1226619.23,683936.12,91414.55,20654957.63,3055778.91,,,12,0.5004172823919927,0.4986592743261313,0.9617680436174125,0.12887743511657274,
2024,3029,outpatient,354124.0,7987802.32,354124.0,0.0,7987802.32,0.0,172748.0,0.0,3850408.51,0.0,151760.0,20988.0,3390932.94,459475.57,,,12,0.4820360289036296,0.48781782652404243,1.0,0.1193316420340033,
2024,3030,inpatient,606815.0,28272488.0,557201.0,49614.0,27207693.0,1064795.0,467419.0,47004.0,22990471.0,920751.0,467260.0,159.0,22984573.0,5898.0,,,9,0.8449989126237201,0.8388696359123547,0.9623381217811464,0.0002565410686888494,
2024,4000,inpatient,2921615.4,199284809.74,2693238.02,228377.33,185212398.92,14072410.69,572909.9400000001,41117.38,34205566.24,2078888.48,391773.39,181136.54,24018561.15,10187005.07,,,12,0.1846829177714751,0.2127216145567409,0.9293854316424829,0.29781717392204177,
2024,4000,outpatient,70058.0,15930633.719999999,67817.0,2241.0,15418161.78,512471.94,10289.0,383.0,1820677.76,63334.92,8026.0,2263.0,1477830.44,342847.32,,,12,0.11808656479151304,0.15171712107583643,0.9678310386763447,0.1883075234576381,
2024,4003,inpatient,1252465.0,25543692.0,1136465.0,116000.0,23028604.0,2515088.0,238017.0,41062.0,2951355.0,470485.0,185647.0,52370.0,2478828.0,472527.0,,,12,0.12816039565403095,0.20943627828397707,0.9015378043236663,0.1601051042656678,
2024,4003,outpatient,15110.0,2959495.0,11378.0,3732.0,2267529.0,691966.0,835.0,300.0,301458.0,53936.0,703.0,132.0,265052.0,36406.0,,,12,0.13294559849069185,0.07338723853049745,0.7661878124477318,0.12076640858759762,
2024,4020,inpatient,140606.5,7906078.96,137155.76,3450.63,7634826.12,271252.81,24164.38,311.05,1490650.86,19924.0,21171.15,2993.19,1208356.7,282294.1,,,12,0.195243589909026,0.1761820283741638,0.965690598162202,0.18937640434460953,
2024,4020,outpatient,1790.5,1181722.34,1773.8,16.7,1171595.34,10127.0,196.4,0.0,129035.39,0.0,167.4,29.0,110437.39,18598.0,,,12,0.11013648278935625,0.11072274213552825,0.9914303050241058,0.14413100158026415,
2024,4022,inpatient,265563.42,6095258.21,134344.96,131218.45,5381838.27,713419.94,35300.0,371.48,1949521.23,36406.18,29317.18,5982.8,1607371.73,342149.5,,,5,0.3622407683388078,0.26275641453166537,0.8829549273516338,0.17550437242481326,
2024,4022,outpatient,373683.15,832495.43,236520.39,137162.76,831038.74,1456.69,94940.26999999999,36.0,407594.94,567.13,83704.29000000001,11235.970000000001,361587.97,46006.97,,,5,0.4904644276872099,0.40140416646530974,0.9982502126167827,0.11287424225629494,
2024,5033,inpatient,2932114.18,65489078.46,2836334.18,95779.76,62522477.6,2966600.86,2212643.99,60563.630000000005,52796526.03,2479004.68,1858887.3699999999,353756.53,45007687.7,7788838.33,,,12,0.8444407204681856,0.7801069442388485,0.9547008305848743,0.14752558389114906,
2024,5033,outpatient,12643.0,2476472.11,12643.0,0.0,2476472.11,0.0,12387.0,0.0,2432594.39,0.0,10959.0,1428.0,2136917.15,295677.24,,,12,0.9822821667068967,0.979751641224393,1.0,0.12154810568316733,
2024,5034,inpatient,5467850.07,47742204.15,5415073.3100000005,52776.68,47033433.14,708771.01,0.0,0.0,0.0,0.0,0.0,0.0,0.0,0.0,,,12,0.0,0.0,0.9851542042807004,,
2024,5034,outpatient,1472581.21,21640798.65,1452186.74,20394.4,21350429.61,290369.04,36151.18,0.0,44659.61,0.0,36088.68,62.5,44454.01,205.6,,,12,0.002091742921139281,0.024894305259941983,0.9865823325332774,0.004603712392472751,
2024,5050,inpatient,43515415.8,356543005.0,41784361.8,1731054.0,345426910.9,11116094.1,16174800.0,496841.0,114977158.95,3117183.48,13109221.0,3065579.0,91818809.73,23158349.22,,,12,0.33285524468962274,0.38710176016138176,0.9688225713473189,0.2014169547368173,
2024,5050,outpatient,34058473.17,172953800.39,32675020.169999998,1383453.0,167035144.99,5918655.4,10083419.0,372155.0,47793432.55,1258349.52,8585017.0,1498402.0,39209811.38,8583621.17,,,12,0.2861280034980739,0.30859717752394583,0.9657789803597621,0.17959834044186057,
2024,8992,inpatient,35807735.63,243174478.77,31931558.56,3876177.0,218914475.38,24260003.12,10152038.67,925907.81,72414480.39,5704524.5200000005,7474652.58,2677386.0,52141609.79,20272870.6,,,12,0.330788908610544,0.3179311980943282,0.9002362274498975,0.27995603214739856,
2024,8992,outpatient,3405621.65,31605664.37,3110111.36,295510.22000000003,28983180.25,2622483.91,844293.3300000001,30123.68,7863690.51,536542.38,689358.89,154934.36000000002,6039537.17,1824153.32,,,12,0.2713191044657703,0.27146723453657945,0.9170248696784474,0.23197165728741276,
2025,1,inpatient,31716464.0,296715143.0,27781005.0,3935459.0,259479760.0,37235383.0,17648346.0,2094231.0,151421346.0,16397979.0,12572461.0,5075885.0,111633469.0,39787877.0,,,12,0.5835574458678395,0.6352666507205192,0.8745079788529702,0.2627626688776099,
2025,1,outpatient,59111390.0,243476871.0,46225296.0,12886094.0,196471329.0,47005542.0,24462251.0,6708033.0,88550266.0,20622125.0,16656005.0,7806246.0,58616489.0,29933777.0,,,12,0.45070324739341483,0.5291962002796045,0.8069404218686547,0.33804276770890784,
2025,2,inpatient,299206924.32,1377316663.6,274544272.37,24662651.75,1286132712.08,91183950.67,116714561.58,11501269.73,502743436.93,39694737.87,85987184.92,30727376.56,360482715.74,142260721.19,,,12,0.3908954590828636,0.4251210945777998,0.9337959425527711,0.2829688281138274,
2025,2,outpatient,159933624.49,621625884.0,152394162.59,7539461.54,594188495.86,27437387.11,67223776.64,3488816.37,211800278.48,11219535.4,50426081.010000005,16797695.52,154291644.49,57508633.99,,,12,0.356453011049045,0.44111779281768354,0.9558618956413983,0.2715229385094055,
2025,3,inpatient,40239113.160000004,353698687.96999997,36571045.99,3668067.06,325255973.15,28442714.82,16947933.1,1176069.46,136774102.19,9499984.83,10777920.879999999,6170012.1,85515627.04,51258474.87,,,12,0.42051219187579125,0.46342489368869155,0.9195849015351382,0.3747674014982324,
2025,3,outpatient,19416464.37,130626419.01,17505315.14,1911149.13,117719494.31,12906924.56,6138913.58,410008.97,35134923.77,2484403.07,4101185.42,2037728.09,21953769.86,13181153.92,,,12,0.2984630878338336,0.35068854978637076,0.9011920804549352,0.37515817612943686,
2025,4,inpatient,48302894.0,466694298.0,44004119.0,4298775.0,430277079.0,36417219.0,19391111.0,2247051.0,161500142.0,18394819.0,9913789.0,9477322.0,84380277.0,77119865.0,,,12,0.3753398679179934,0.4406658158523751,0.9219677224340118,0.4775219640364155,
2025,4,outpatient,29021011.0,171313759.0,25348222.0,3672789.0,153039073.0,18274686.0,8202896.0,1253926.0,40661122.0,5834752.0,4340565.0,3862331.0,20497280.0,20163842.0,,,12,0.2656911153663352,0.3236083382889735,0.8933262213924101,0.4958997934193749,
2025,5,inpatient,35267016.0,280705818.0,34113218.07,1153796.24,271186757.84,9519057.43,20219850.14,618685.76,143171688.23,4022606.65,16149441.09,4070408.95,113058787.97,30112900.26,,,12,0.5279449828979894,0.5927277250275556,0.9660888390991595,0.2103271996878653,
2025,5,outpatient,33519295.0,183922345.0,31642877.34,1876416.08,174619101.09,9303241.22,12615518.11,805609.16,63206290.74,3419667.15,9453940.22,3161577.77,45621323.81,17584966.93,,,12,0.3619666482386884,0.39868429076304723,0.9494175440727444,0.2782154548878057,
2025,6,outpatient,4525899.23,38346876.08,4380280.3,145618.8,37040662.53,1306213.55,1333894.54,28960.67,12819664.049999999,302426.48,878316.3,455578.19,8637211.01,4182453.04,,,12,0.3460970504946311,0.30452264436136656,0.9659368980337552,0.3262529364020269,
2025,8,inpatient,37469186.589999996,244306146.3,35025386.96,2443799.57,232904066.34,11402079.96,18793067.54,1169330.27,94286451.34,4608737.84,12857772.2,5935295.27,59876383.24,34410068.1,,,12,0.40482956275378185,0.536555600697923,0.9533287224546589,0.3649524148057729,
2025,8,outpatient,99680540.81,473181923.29,93117344.41,6563196.32,448400638.76,24781284.53,36932786.27,2357653.21,161438601.35,8396194.14,25947590.58,10985195.6,109954863.85000001,51483737.5,,,12,0.360032050347742,0.39662628379287995,0.9476284208878955,0.31890599317311297,
2025,9,inpatient,348938895.68,1962624063.3,280075618.86,68863276.64,1631743978.41,330880084.89,103935844.83,26277413.63,556078352.33,120705441.07000001,83374808.37,20561036.26,438494413.51,117583938.82,,,12,0.3407877459255909,0.3710992240347557,0.8314093406489419,0.2114521062136596,
2025,9,outpatient,400008852.94,1348991526.1,320417964.02,79590888.75,1106421551.54,242569974.56,123016817.59,31242429.18,354107213.77,86269433.78,105419667.72,17597149.75,302108564.34,51998649.43,,,12,0.32004728512123354,0.3839260946752707,0.8201842117857615,0.14684436636124054,
2025,10,outpatient,2140817.51,17496640.64,2064217.28,76599.99,16980730.21,515910.43,699036.58,19417.57,5886562.33,96094.21,481345.77999999997,217690.68,4064215.24,1822347.09,,,12,0.3466613188715163,0.33864486397478466,0.9705137437171483,0.309577472867768,
2025,11,inpatient,30122036.18,279740510.21,29803511.53,318524.54,277044331.38,2696178.83,16373066.51,150014.5,149600549.93,1153722.32,10307382.55,6065683.88,92637374.66,56963175.27,,,12,0.5399877672458299,0.549367026550512,0.9903618577517572,0.3807684884624675,
2025,11,outpatient,47854195.03,289186328.17,47067859.89,786335.02,284726289.15,4460039.02,19347599.87,266925.04,112097552.07000001,1388163.92,13221132.85,6126466.92,70812895.48,41284656.59,,,12,0.3937028519728454,0.411057564869453,0.9845772825837804,0.36829222251186666,
2025,12,inpatient,71535486.76,571072154.93,68511625.97,3023860.79,555599034.9,15473120.03,37546263.0,1292444.33,298848310.42,6973064.51,26147737.51,11398525.49,207496639.36,91351671.06,,,12,0.5378848623698357,0.5480276152902988,0.9729051401010848,0.30567906149984514,
2025,12,outpatient,86643260.94,423317477.62,83034572.5,3608688.44,408022776.66,15294700.94,41770649.29,1225252.99,172154325.89000002,4500741.5200000005,29676654.02,12093995.27,116196063.02,55958262.87,,,12,0.4219233232498046,0.5030512957720111,0.9638694318836285,0.32504709121137726,
2025,13,outpatient,2512486.65,34392969.75,2482171.29,30315.23,34067583.839999996,325385.91,668568.5,3227.35,10253267.27,43801.86,362307.34,306261.09,5538006.86,4715260.41,,,12,0.30096843140255997,0.2693482527549499,0.990539173779839,0.45987881577966516,
2025,15,inpatient,55908636.16,429623165.39,54314016.92,1594618.2,419984214.53,9638949.73,28890643.75,306275.64,216222451.0,2134872.87,18841539.95,10049103.19,139356461.93,76865988.54,,,12,0.5148347093044254,0.5319187456260784,0.97756417335818,0.35549494598967435,
2025,15,outpatient,79277405.11,314243132.89,77962713.15,1314690.91,309183049.28,5060082.46,37185708.01,421627.86,124757293.82,1418498.99,24638862.61,12546844.77,81042581.16,43714712.08,,,12,0.40350625336843177,0.4769678543440993,0.9838975523077818,0.3503980468113684,
2025,16,inpatient,36660150.3,282618679.22,34998715.3,1661435.0,271409730.54,11208948.68,17574071.0,1032909.0,115586086.13,5848865.07,13653331.0,3920740.0,85778784.02,29807302.11,,,12,0.42587303668158305,0.5021347455002156,0.9603389672935433,0.25787967313362997,
2025,16,outpatient,26981044.56,132141834.45,25398591.56,1582453.0,125289541.86,6852292.59,9582723.0,599686.0,43797216.85,2412543.01,7167521.0,2415202.0,30518157.9,13279058.95,,,12,0.34956801820649586,0.37729348012713193,0.9481444115066165,0.3031941275053873,
2025,17,inpatient,2989984.56,29823588.42,1991762.64,998221.92,20327158.21,9496430.21,1438865.33,722773.1,12599572.49,5899364.82,1071330.75,367534.58,9229658.54,3369913.95,,,12,0.6198393479223085,0.7224080325153605,0.6815798931951597,0.26746256293018084,
2025,17,outpatient,15651465.53,68976493.56,11609600.13,4041865.4,50042943.66,18933549.9,6775318.47,2295396.44,26754472.89,9949856.76,5016087.96,1759230.51,19869155.19,6885317.7,,,12,0.5346302781821608,0.583596195745977,0.7255072137940668,0.2573520221575182,
2025,18,inpatient,15443110.9,112235968.73,14844114.67,598995.73,107758173.02,4477795.21,9847923.33,415256.27,64395157.45,2936710.77,7967275.92,1880647.15,51802504.12,12592653.0,,,12,0.5975895437467023,0.6634227469222319,0.9601037371471173,0.19555279463021175,
2025,18,outpatient,26016316.59,129612958.34,25220884.84,795431.13,125030892.61,4582065.04,10039983.3,256386.15,49466018.5,1443379.94,7718011.77,2321971.15,36927911.28,12538106.84,,,12,0.39563037156181746,0.3980821197865634,0.9646480892907301,0.25346909292891645,
2025,19,inpatient,63021922.0,381683837.0,46986561.0,16035361.0,306369530.0,75314307.0,30315721.0,12130336.0,174450154.0,52421473.0,21794938.0,8520783.0,123763424.0,50686730.0,,,12,0.5694109136766963,0.6451998263929126,0.8026788150319292,0.29055136288386424,
2025,19,outpatient,55941916.0,268538154.0,42970050.0,12971866.0,215868118.0,52670036.0,22411387.0,7905289.0,99653627.0,29505852.0,16243948.0,6167439.0,69741335.0,29912292.0,,,12,0.4616412461612326,0.521558317944708,0.8038638636057653,0.3001626022101534,
2025,22,inpatient,49940597.69,276702379.43,43154743.68,6785853.93,245019873.29,31682506.14,26571420.65,3904840.52,150181010.91,17387089.89,21075837.4,5495583.16,118914021.62,31266989.29,,,12,0.6129339995709211,0.6157242143999684,0.885499697526038,0.20819535772560208,
2025,22,outpatient,42384093.08,188901004.41,36453086.21,5931006.71,165270981.5,23630022.91,16643996.53,2571391.11,66778906.11,8614864.29,12465801.38,4178195.0700000003,49474313.92,17304592.19,,,12,0.40405705529134284,0.4565867601474613,0.8749079022432711,0.2591326093526512,
2025,23,inpatient,70341894.0,453184302.0,68838511.0,1503383.0,444374756.0,8809546.0,39498402.0,779837.0,239574875.0,4657662.0,30498710.0,8999692.0,185106505.0,54468370.0,,,12,0.539128003481818,0.5737835032486394,0.9805607873857908,0.2273542665941076,
2025,23,outpatient,79861288.0,338132290.0,77668138.0,2193150.0,328828640.0,9303650.0,29323560.0,918431.0,113734310.0,3257891.0,23333125.0,5990435.0,89178228.0,24556082.0,,,12,0.34587714135848996,0.3775494141497251,0.9724851773251233,0.21590742494503198,
2025,24,inpatient,53265027.95,315042956.96,51756765.61,1508261.31,307189115.56,7853840.28,33244180.57,785415.11,193033118.75,3890200.87,23603023.44,9641156.53,130589133.03,62443985.12,,,12,0.628385281158495,0.6423156504891188,0.975070569817572,0.32348845381746183,
2025,24,outpatient,49475684.36,209610190.66,47301282.56,2174401.17,200194304.55,9415885.36,22431657.35,887721.87,83291006.33,2995913.71,16294513.78,6137143.2,55760193.2,27530812.76,,,12,0.4160508288046599,0.474229368337872,0.9550790632824093,0.3305376411340569,
2025,27,inpatient,26907569.09,205043380.60999998,20543977.83,6363591.26,157341602.37,47701778.24,22442969.57,6851371.45,101760550.77,28627924.87,18306789.080000002,4136180.49,81260317.2,20500233.57,,,12,0.6467491701953232,1.0924354453511402,0.7673576289169242,0.2014556074517992,
2025,27,outpatient,41268852.21,201024819.55,29987112.66,11281739.61,146891500.43,54133319.12,42276055.29,16599513.299999999,81217642.17999999,29816740.46,33712957.88,8563097.41,64921516.67,16296125.51,,,12,0.552909065141612,1.4098074652713164,0.7307132559990401,0.2006476065124303,
2025,28,inpatient,11596699.89,98759994.26,11371733.94,224965.39,97129231.87,1630761.79,6794102.08,133429.01,50094012.23,856445.11,5395257.46,1398844.22,39241933.01,10852078.86,,,12,0.5157459939253609,0.5974552443670698,0.9834876216607832,0.21663425181784446,
2025,28,outpatient,32382484.56,157369036.22,31833015.4,549468.49,154745052.01,2623983.61,14561911.01,248187.2,62528087.33,1018770.64,11909335.32,2652575.32,50093583.9,12434503.07,,,12,0.40407164247138116,0.4574467994005997,0.9833259180266459,0.19886268077216748,
2025,29,inpatient,61754140.84,520018072.88,56878013.25,4876127.47,489970107.99,30047964.89,27730456.89,2020687.1400000001,242425828.97,11346042.4,19337474.81,8392981.94,170418001.73,72007827.24,,,12,0.4947767731474504,0.48754264267484765,0.942217460397893,0.297030343449546,
2025,29,outpatient,66628189.21,347442760.07,57266601.7,9361587.38,307373054.12,40069705.95,25424490.61,3675583.44,118077554.47,15597363.34,21502921.32,3921569.19,97021684.87,21055869.6,,,12,0.3841506367825656,0.4439671615785785,0.8846724970123796,0.178322372058863,
2025,30,inpatient,744527.8,12591881.700000001,731278.67,13249.07,12315916.2,275965.5,576653.65,13249.07,9681370.42,275965.5,471899.04,104754.47,7890118.97,1791251.45,,,12,0.7860860907773959,0.7885552712757231,0.9780838554097914,0.18502044362434383,
2025,30,outpatient,3474471.51,46496177.71,3329511.2199999997,144960.17,44900719.61,1595458.1,1730104.96,28207.69,21649470.03,396430.59,1398364.12,331740.74,16938796.4,4710673.63,,,12,0.4821630971183449,0.519627310341366,0.9656862525356172,0.2175884039411749,
2025,32,inpatient,13102065.0,109678220.83,11600161.94,1501902.8800000001,96048827.94,13629392.89,6689564.94,810436.8,51438621.86,6974983.44,4888961.52,1800603.37,37635554.7,13803067.16,,,12,0.5355465856609182,0.5766785821267596,0.8757329140930777,0.26834053209216363,
2025,32,outpatient,16148892.0,98870628.69,14198100.1,1950791.72,84719302.51,14151326.18,7422560.91,858134.41,35745878.18,5461695.48,5636099.26,1786461.54,26294481.58,9451396.6,,,12,0.4219331028578837,0.5227855035336735,0.8568702721172108,0.26440521484482943,
2025,33,inpatient,20609113.78,176234081.11,20067889.11,541224.56,171454660.98,4779420.13,13767022.45,279003.14,109751559.86,2119049.66,10518904.16,3248118.18,83781363.48,25970196.38,,,12,0.6401200132599627,0.6860224498220779,0.972880273214482,0.23662712778868744,
2025,33,outpatient,19383066.740000002,114333341.9,18471710.55,911356.0499999999,109227768.01,5105573.89,8663932.14,325288.88,46685543.38,1651538.58,6662199.88,2001732.13,35156242.74,11529300.64,,,12,0.42741460555822997,0.46903788994246665,0.9553448381272235,0.2469565481150452,
2025,34,inpatient,11697714.48,152274653.26,11488681.19,209032.6,149548293.93,2726358.62,5971225.94,88814.38,67443110.51,1124695.0,3840027.27,2131198.33,43905213.95,23537896.22,,,12,0.4509788024834875,0.5197485978806241,0.9820957771261847,0.34900371649540035,
2025,34,outpatient,10564217.62,89173161.22,10232793.31,331423.83,87040890.6,2132270.05,2192775.03,49199.88,16976972.74,364550.64,1301015.27,891759.5,9363677.09,7613295.33,,,12,0.19504594476196685,0.21428899847484553,0.9760884262615804,0.448448345096418,
2025,35,inpatient,12598785.73,110349816.29,12243213.59,355572.04,107164919.53,3184896.76,7908532.57,197125.09,67731608.63,1611549.35,5978082.55,1930449.92,51104871.36,16626737.27,,,12,0.6320315353854117,0.6459523483654263,0.9711381779591723,0.2454797340017052,
2025,35,outpatient,12481138.58,86855837.51,12025696.55,455441.92,83684819.29,3171018.22,3838752.29,134953.25,27374914.38,895710.53,2729098.39,1109653.76,19420142.98,7954771.4,,,12,0.3271192387371408,0.31921246923530594,0.9634910178646897,0.290586165478995,
2025,37,inpatient,14471781.05,167057321.72,14156066.19,315714.76,163719395.57999998,3337926.14,9271599.08,194342.59,100909497.34,1898224.73,7692718.42,1578880.58,83435826.39,17473670.95,,,12,0.6163564004283872,0.6549559005700015,0.9800192765834316,0.17316180746718998,
2025,37,outpatient,21353634.29,153501721.8,20828038.03,525596.19,150033961.68,3467760.12,11581408.03,257536.31,79425772.15,1634852.18,8784674.76,2796733.21,59397423.3,20028348.85,,,12,0.5293852889081426,0.5560489189293073,0.9774089822619827,0.25216435808990745,
2025,38,inpatient,14088476.19,154196573.34,13633290.64,455185.44,150293229.6,3903343.74,6242072.39,351451.23,68630586.94,2659039.33,4004690.87,2237381.42,42413405.339999996,26217181.6,,,12,0.4566445682394199,0.45785515432978396,0.9746859242365055,0.38200433318339916,
2025,38,outpatient,15958155.39,131602854.08,15329600.93,628554.37,127719788.72,3883065.36,5058170.15,174781.88,40325115.69,1149611.22,3161409.18,1896760.89,23883062.24,16442053.45,,,12,0.3157311493711027,0.3299609802693018,0.9704940642272125,0.4077372914785555,
2025,39,inpatient,10539282.0,90737100.0,10402825.0,136457.0,89340763.0,1396337.0,6134793.0,76016.0,51563904.0,842647.0,4970803.0,1163990.0,41603340.0,9960564.0,,,12,0.5771598794158497,0.5897237529228839,0.9846111788893408,0.19316931472062318,
2025,39,outpatient,20501768.0,107146096.0,20275166.0,226602.0,105795632.0,1350464.0,8675951.0,110490.0,42854757.0,542580.0,7130088.0,1545863.0,35314832.0,7539925.0,,,12,0.4050711375305173,0.427910232646184,0.9873960503423288,0.17594137798984602,
2025,40,inpatient,17501293.0,186568148.0,17263926.0,237367.0,184697002.0,1871146.0,11078269.0,90133.0,117129142.0,805063.0,7693310.0,3384959.0,81776223.0,35352919.0,,,12,0.6341691566818177,0.641700445194216,0.9899707103272527,0.3018285492093846,
2025,40,outpatient,23372681.0,135748625.0,22806963.0,565718.0,132466218.0,3282407.0,9248563.0,133684.0,53194454.0,804779.0,6544853.0,2703710.0,35483896.0,17710558.0,,,12,0.40156996102961134,0.40551488595829266,0.9758199613439915,0.33293993392619464,
2025,43,inpatient,42122668.65,341833818.29,41543070.07,579598.47,337462603.29,4371215.0,23269410.98,292201.18,185244787.95,2180239.92,15888809.03,7380601.86,127504475.09,57740312.86,,,12,0.5489342704762135,0.5601273796277233,0.9872124559768056,0.31169736810940596,
2025,43,outpatient,32518259.17,212778274.33,31976931.97,541327.13,209291846.46,3486427.87,12267573.29,183099.03,80323225.67,1233370.38,8680001.15,3587572.05,54816284.17,25506941.5,,,12,0.3837857376128192,0.38363822087463384,0.9836147375432096,0.3175537497061278,
2025,44,inpatient,33750122.199999996,280636350.97,32535419.6,1214702.5,272489011.46,8147339.51,17165252.64,596070.97,121347083.94,3485077.5,14120522.06,3044730.51,99357877.76,21989206.18,,,12,0.4453283576090669,0.5275866379175267,0.9709683386281238,0.18120918497615116,
2025,44,outpatient,45076790.36,254295097.9,43178263.04,1898527.19,245043880.66,9251217.24,14473173.27,570683.77,77460987.83,2741193.45,11567522.11,2905651.05,60510192.64,16950795.19,,,12,0.3161106803457689,0.33519581963248885,0.963620151090612,0.2188300932490187,
2025,45,outpatient,953286.0,6563412.0,928174.0,25112.0,6368100.0,195312.0,485972.0,11471.0,2891200.0,77169.0,330623.0,155349.0,1984454.0,906746.0,,,12,0.45401297090183884,0.5235785531592136,0.9702423068976929,0.3136227172108467,
2025,48,inpatient,31565125.0,250914771.65,30638027.01,927097.97,245132013.9,5782757.75,16624312.22,499988.14,115663454.09,2594429.42,13301133.28,3323178.93,90746829.15,24916624.94,,,12,0.47184148757160765,0.5426038763714766,0.9769532988752597,0.21542348995225308,
2025,48,outpatient,31913847.0,150428569.46,30144097.07,1769749.91,144096685.86,6331883.6,9299726.43,623968.26,40156218.14,2035207.73,7338120.25,1961606.17,30553120.5,9603097.64,,,12,0.2786755149873091,0.3085090393785678,0.9579077058119356,0.2391434772696949,
2025,49,inpatient,35335953.25,271985601.1,33880651.33,1455301.89,263286418.14,8699182.96,18337023.09,531157.29,162799305.92,4110305.46,13910216.78,4426806.23,124818539.02,37980766.9,,,12,0.6183353743429069,0.5412240429322349,0.968016016565518,0.2332980886212368,
2025,49,outpatient,25533879.34,187422070.15,24744051.94,789827.3099999999,180860686.19,6561383.96,8974779.94,282741.84,77505350.26,2740345.89,6110019.71,2864760.15,51386049.62,26119300.64,,,12,0.4285361948620394,0.3627045385194903,0.9649914017343384,0.3369999690651033,
2025,51,inpatient,24469224.76,200372217.05,22888719.75,1580504.7,187629559.2,12742655.59,12021824.4,607208.86,98990340.17,5160784.87,8189102.94,3832721.25,66385576.36,32604762.7,,,12,0.5275839296967234,0.5252292190785376,0.9364050663430037,0.3293731756452858,
2025,51,outpatient,21659606.1,125916034.33,20607344.87,1052260.94,119215073.91,6700958.49,5391968.05,266913.33,33663776.89,1592403.8,3649289.75,1742678.1199999999,22329729.66,11334046.2,,,12,0.28237852635493116,0.26165273032575787,0.946782310484476,0.33668373685564784,
2025,55,outpatient,7334165.09,44865831.94,6906754.7,427410.21,42229151.6,2636680.28,1487838.0,111402.11,7982138.35,480597.84,1082554.68,405283.24,5475746.5200000005,2506391.75,,,12,0.1890196238278204,0.2154178141001591,0.941231885691408,0.31400003859867953,
2025,60,inpatient,3791893.1,38300802.24,3493817.1,298076.0,35375608.3,2925193.94,1922886.0,153375.0,19694085.93,1416982.28,1264361.0,658525.0,13264565.51,6429520.42,,,12,0.5567137040580586,0.5503682490992444,0.923625778863059,0.3264696032531224,
2025,60,outpatient,4060549.98,31338929.13,3539670.98,520879.0,27234342.46,4104586.67,1293010.0,135468.0,9317197.07,840642.17,770275.0,522735.0,5497609.82,3819587.25,,,12,0.34211206250653864,0.3652910135732446,0.8690259436442971,0.4099502480524435,
2025,61,inpatient,7045235.53,47968732.29,4896978.12,2148257.27,33801025.74,14167706.55,2941565.92,1450248.76,21082488.8,9714576.53,2655561.4,286004.4,18856481.23,2226007.57,,,12,0.6237233438466652,0.6006900271794557,0.7046470508257829,0.10558561615362982,
2025,61,outpatient,12972083.83,92050198.91,8963281.67,4008802.06,65891513.910000004,26158685.0,3653517.58,2159132.51,24676107.54,13121789.38,3150987.29,502530.15,21161775.12,3514332.42,,,12,0.37449598705084597,0.40760936836653044,0.715821526626183,0.14241842698664134,
2025,62,inpatient,24436309.21,211169472.21,22729100.2,1707208.55,198245025.36,12924446.46,11969986.0,825009.41,100014787.61,5588376.83,8335487.04,3634498.79,68941118.28,31073669.21,,,12,0.5045008692065774,0.5266370377477592,0.9387958556947705,0.3106907483638259,
2025,62,outpatient,23206313.77,150158906.01,21578706.37,1627606.6,139047563.37,11111341.76,8558871.44,512497.95999999996,50399927.61,3087935.93,5817578.98,2741291.91,32381492.96,18018434.2,,,12,0.36246537795047734,0.39663505741470445,0.9260027730938583,0.3575091285731313,
2025,63,inpatient,52880019.6,322565929.11,50897467.96,1982551.58,312484672.41,10081256.7,35102444.13,1307437.41,189615632.55,6143910.99,25910525.58,9191918.52,134784783.61,54830848.94,,,12,0.606799786650694,0.6896697524833022,0.9687466784610035,0.28916839926445187,
2025,63,outpatient,37104693.4,184080570.21,35667143.22,1437550.1400000001,177560727.35,6519842.86,17297952.64,687556.73,79963007.0,2895472.93,12444363.44,4853589.11,56504368.44,23458638.56,,,12,0.45034174050425235,0.48498284634975597,0.9645815804864025,0.29336863932593227,
2025,65,inpatient,15079550.0,105565848.0,14367122.0,712428.0,102460151.0,3105697.0,8583416.0,288858.0,55516473.0,1433562.0,6249961.0,2333455.0,39519133.0,15997340.0,,,12,0.5418347763317273,0.5974346149493267,0.9705804759887876,0.288154832890771,
2025,65,outpatient,17414019.0,74939531.0,15753728.0,1660291.0,69941731.0,4997800.0,4969438.0,435807.0,19206816.0,1258837.0,3685292.0,1284146.0,13411436.0,5795380.0,,,12,0.27461167639674233,0.31544520763593226,0.9333088967423615,0.30173559219810303,
2025,87,outpatient,2225970.83,22651442.66,2179733.84,46236.99,22140923.95,510518.71,281395.1,5072.32,2751403.65,63397.01,188930.88,92464.22,1874146.03,877257.62,,,12,0.12426778829164443,0.12909608266668007,0.9774619781325663,0.31884002916111565,
2025,88,outpatient,1973685.33,9274921.0,1919464.2,54220.95,8999427.19,275493.81,585949.48,18108.79,2569122.4699999997,78511.74,467834.83,118114.58,2035220.3,533902.17,,,12,0.28547622151493846,0.3052672094639744,0.9702969103456514,0.20781499373208165,
2025,89,inpatient,933679.02,45825527.81,895091.78,38587.24,43937404.07,1888123.74,467458.52,28588.6,22846498.52,1370868.67,413024.27,54434.25,20006978.88,2839519.64,,,12,0.5199783419976637,0.5222464672840589,0.9587975560733645,0.1242868633683303,
2025,333,outpatient,2613672.82,24873230.23,2391740.3,221932.34,22736720.85,2136509.37,468993.42,28355.92,4421133.48,263910.33,336932.24,132061.07,3172557.17,1248576.32,,,12,0.19444903727179288,0.1960887726815491,0.9141040644804099,0.2824109078923353,
2025,2001,inpatient,4935261.09,95764294.78,4780653.69,154607.31,93075003.49,2689291.29,2247577.98,101543.4,45309882.86,1567868.67,1791843.72,455734.22000000003,36176760.41,9133122.45,,,12,0.48681043417707853,0.47014030418087027,0.9719175993915254,0.20157020661959837,
2025,2001,outpatient,9513272.84,60477978.51,9082400.77,430871.99,58089494.28,2388484.23,2106511.44,59592.57,13849305.67,350608.02,1675047.3599999999,431464.01,10617307.89,3231997.78,,,12,0.23841325943111652,0.23193332835058325,0.9605065465340403,0.23336893971522832,
2025,2004,inpatient,16009142.43,196068644.75,15845048.03,164093.71,193962689.52,2105954.53,10318752.69,76792.86,128882511.02,1108394.13,6927696.64,3391055.66,89586922.29,39295588.34,,,12,0.6644706326713962,0.6512288678748801,0.9892590922292281,0.30489465195089277,
2025,2004,outpatient,12086955.82,132475248.92,11914378.25,172576.74,130773567.61,1701680.41,5281346.52,58970.17,59249624.5,554165.62,2924845.49,2356500.53,31765169.93,27484454.11,,,12,0.45307033816418796,0.4432750420694424,0.9871547226831208,0.4638755830427246,
2025,3028,inpatient,829402.0,60332899.0,663630.0,165772.0,47870062.0,12462837.0,525993.0,139121.0,37905730.0,10551254.0,504415.0,21578.0,36378450.0,1527280.0,,,12,0.7918462691775916,0.7925997920528005,0.7934321538237372,0.04029153376019932,
2025,3029,inpatient,1613080.56,48261329.89,1563584.44,49496.12,46890943.82,1370386.07,785513.03,33956.090000000004,24200089.43,1027269.15,714387.98,71125.05,21843970.53,2356118.9,,,12,0.5160930332922439,0.5023796668122382,0.9716048838040008,0.09735992533478832,
2025,3029,outpatient,393846.0,8204789.41,393846.0,0.0,8204789.41,0.0,199961.0,0.0,4048312.62,0.0,176801.0,23160.0,3577993.4,470319.22,,,12,0.49340847372217933,0.5077136748881542,1.0,0.11617660594601016,
2025,3030,inpatient,1158327.0,52317658.0,1124315.0,34012.0,50658086.0,1659572.0,853576.0,26796.0,38399091.0,1333925.0,852737.0,839.0,38354455.0,44636.0,,,12,0.7580051682173701,0.7591964885285707,0.9682789317518762,0.0011624233500735733,
2025,4000,inpatient,2754177.74,200882071.75,2592198.46,161979.23,190084703.07999998,10797368.55,590770.18,38046.88,37986167.78,2171675.93,419969.18,170801.0,27604947.2,10381220.57,,,12,0.1998381098768003,0.22790314442205173,0.9462502124956305,0.27328949395800306,
2025,4000,outpatient,65709.0,16484981.43,63793.0,1916.0,15997239.14,487742.29,9812.0,352.0,1841437.38,67829.08,7412.0,2400.0,1377970.35,463467.02999999997,,,12,0.11510969886019969,0.15380997915131756,0.9704129305773808,0.25168764087975665,
2025,4003,inpatient,1281629.54,28274354.42,1138561.54,143067.88,25018668.33,3255686.09,220904.86,39289.68,3134753.46,633393.4,172406.86,48497.94,2437720.48,697032.98,,,12,0.1252965752873866,0.19402101005449382,0.8848537426659305,0.22235655495536163,
2025,4003,outpatient,4782.0,2621908.0,3493.07,1288.91,1915202.0,706706.0,391.52,141.0,254853.0,83388.0,317.52,74.0,201893.0,52960.0,,,12,0.13306847006216577,0.11208478501719117,0.73046117560189,0.20780606859640655,
2025,4020,inpatient,81480.81,8485296.67,75130.07,6350.64,8178674.0200000005,306622.62,10909.48,236.09,1482123.51,12571.68,6619.780000000001,4289.65,1099007.16,383116.35,,,12,0.18121806864726953,0.1452079041055066,0.9638642392924136,0.25849151397645664,
2025,4020,outpatient,2483.4,1810591.04,2481.4,2.0,1810403.04,188.0,363.6,0.0,270588.93,0.0,328.1,35.5,249363.54,21225.39,,,12,0.149463364798592,0.1465301845732248,0.9998961665026245,0.07844145730573679,
2025,4022,inpatient,746688.71,23849833.97,733085.02,13603.65,23192014.68,657819.29,290876.16,1406.33,7438864.61,104306.2,219006.77,71869.35,4691013.0600000005,2747851.55,,,12,0.32075111682362906,0.396783663646544,0.9724182863986621,0.36939125714239873,
2025,4022,outpatient,1028187.08,4870940.78,1006813.63,21373.43,4849769.64,21171.14,375184.58,309.0,1949397.95,6690.54,305641.08,69543.47,1552189.49,397208.45999999996,,,12,0.40195681335495353,0.37264551136440216,0.9956535829614417,0.2037595556104899,
2025,5033,inpatient,2852683.87,68512301.14,2770306.15,82377.48,65892489.2,2619811.94,2001311.3900000001,74197.29,51590906.26,2343049.15,1630299.67,371011.59,42532044.06,9058862.2,,,12,0.7829557949071986,0.722415242806287,0.9617614370498723,0.17559029016366806,
2025,5033,outpatient,9438.0,1933863.5,9436.0,2.0,1933462.78,400.72,9416.0,2.0,1929455.58,400.72,6938.0,2478.0,1421724.92,507730.66,,,12,0.9979274491128296,0.9978804578211107,0.999792787857054,0.26314711012937647,
2025,5034,inpatient,6264359.36,54052917.93,6127828.1,136531.17,53132799.37,920118.5599999999,0.0,0.0,0.0,0.0,0.0,0.0,0.0,0.0,,,12,0.0,0.0,0.9829774488549984,,
2025,5034,outpatient,1251584.22,22807188.86,1234795.44,16788.75,22462133.16,345055.7,4705.83,0.0,8577.88,0.0,4555.82,150.01,7209.0,1368.88,,,12,0.0003818818069904096,0.0038110199046410475,0.9848707483364962,0.15958255419754067,
2025,5050,inpatient,42697827.24,370381133.89,41307167.24,1390660.0,359256467.42,11124666.47,15942138.0,447205.0,117862080.39,3228460.51,12840998.0,3101140.0,92677627.62,25184452.77,,,12,0.3280722577840461,0.38594120742713023,0.9699642734143583,0.21367731408325602,
2025,5050,outpatient,34332421.04,192183347.19,32739169.04,1593252.0,185481966.69,6701380.5,10274407.0,468143.0,54000332.71,1807335.53,8247184.0,2027223.0,41155051.98,12845280.73,,,12,0.291135217475087,0.31382613857569064,0.965130274823579,0.23787410346124144,
2025,8992,inpatient,35627315.55,253381366.16,31902132.29,3725183.2,232312807.15,21068558.83,7647425.86,1096052.8599999999,80330678.82,5964691.04,3926328.49,3721097.3,53019715.61,27310963.21,,,12,0.34578669943121987,0.2397151949118195,0.9168504009221575,0.33998173065606374,
2025,8992,outpatient,3733884.97,32540731.0,3413447.35,320437.58,30104956.33,2435774.46,776679.1,14448.66,8360327.26,408733.69,537765.78,238913.28,5469267.55,2891059.71,,,12,0.27770600855078537,0.227535104650142,0.9251468975912065,0.34580700253592705,
2026,1,inpatient,33352901.0,313694513.0,28640219.0,4712682.0,270765478.0,42929035.0,17445193.0,2512123.0,151516292.0,18730662.0,12359550.0,5085643.0,108232891.0,43283401.0,2943869.0,25741913.37,12,0.5595849704296498,0.609115209628809,0.8631501884127633,0.28566829631759993,0.08206045150046982
2026,1,outpatient,65810403.0,279969184.0,51156156.0,14654247.0,227395700.0,52573484.0,27105438.0,7982376.0,102464354.0,23275022.0,18020682.0,9084756.0,65698524.0,36765830.0,56836.0,315170.61,12,0.4505993473051601,0.529856817232319,0.8122168902703235,0.3588158082761152,0.0011257332164099887
2026,2,inpatient,315933832.5,1468634031.53,293745242.25,22188590.26,1381163731.94,87470299.59,130298950.44,9671657.46,564959648.98,37118117.45,92685461.42999999,37613489.0,389680372.34,175279276.64,30884921.19,205270493.23,12,0.4090461079414897,0.4435780795697296,0.9404410508594339,0.3102509656334854,0.1397696695181116
2026,2,outpatient,195913681.29999998,735306125.5,186157799.62,9755881.709999999,702318073.22,32988052.28,80996365.89,3941997.21,253458948.97,12190549.54,58333344.12,22663021.78,177263167.89000002,76195781.08,12883243.19,81266253.44,12,0.3608891165336769,0.43509520447349603,0.9551369815427982,0.30062375540355735,0.11052029980675035
2026,3,inpatient,43460581.01,357099601.15,39692827.62,3767753.39,330402254.21,26697346.94,19305660.4,1266265.08,147993954.4,9404177.27,13238233.55,6067426.83,101848844.97,46145109.43,5783543.82,58474520.24,12,0.4479205347852642,0.4863765460305093,0.9252383736805526,0.31180401670515806,0.16374848936176137
2026,3,outpatient,24518095.2,164196088.79,22518644.89,1999450.3399999999,149480075.84,14716012.95,8827632.370000001,558934.07,49779092.52,3198974.35,5442720.4,3384911.99,29980416.89,19798675.63,2952428.51,26306012.41,12,0.33301490008128165,0.3920143691204147,0.9103753745996888,0.39773074653872775,0.16021095632578863
2026,4,inpatient,55202120.0,485937843.0,49690592.0,5511528.0,443857405.0,42080438.0,23069974.0,2934634.0,177057783.0,22306242.0,10258241.0,12811733.0,80259360.0,96798423.0,4986027.0,57037114.0,12,0.3989069034457136,0.46427247234245067,0.9134036613814414,0.5467052696576462,0.11737532859732433
2026,4,outpatient,36551236.0,197575775.0,31416869.0,5134367.0,175311868.0,22263907.0,10304007.0,1829903.0,47694487.0,6943844.0,5082624.0,5221383.0,21992623.0,25701864.0,2688816.0,20172313.0,12,0.27205509555120366,0.32797689037695005,0.8873145910727163,0.5388854271563923,0.10209912121058363
2026,5,inpatient,37184424.0,308546574.0,35732187.3,1452236.71,297858457.9,10688116.1,21550030.44,733170.85,163708003.35,4703344.67,16633212.98,4916817.46,127672186.44,36035816.91,2246114.47,23152715.58,12,0.5496167693346539,0.6030985525478874,0.9653597965407971,0.22012251186618603,0.07503799274076528
2026,5,outpatient,37508024.0,207589342.0,35181034.81,2326989.19,196506703.23,11082638.77,14511100.16,951487.7,70367739.2,3887770.09,10580265.11,3930835.0300000003,49444288.05,20923451.15,1895931.04,13721069.29,12,0.3580933273183996,0.41246939546744954,0.9466126793253191,0.2973443709841398,0.06609717607756567
2026,6,outpatient,4090372.72,41892489.09,3958141.55,132231.17,40485819.1,1406669.99,1504569.18,33416.31,13733523.0,313087.6,985985.42,518583.79,9042005.41,4691517.59,509913.51,5899500.99,12,0.3392181090884734,0.3801201045980784,0.9664219047243058,0.3416106406200361,0.14082479027029807
2026,8,inpatient,34684318.67,257854034.96,32350264.8,2334053.88,246476992.13,11377042.83,17131988.32,1219534.21,95254881.92,5294743.16,11434338.17,5697650.14,59889746.58,35365135.34,8774506.97,76839080.35,12,0.38646561326811174,0.5295779934388667,0.955877972467001,0.3712684812280958,0.2979944849880661
2026,8,outpatient,107343148.62,509525515.21999997,100889745.28999999,6453403.33,484277644.77,25247870.45,42695563.55,2575612.63,180595422.02,9326665.31,29634003.27,13061560.25,121622271.4,58973150.62,25692.65,161778.87,12,0.3729171147385318,0.4231903195639439,0.9504482706050577,0.3265484249842669,0.00031750886887410936
2026,9,inpatient,381557692.89,2073696219.3,309053626.2,72504066.67,1738376771.85,335319447.45,119723347.15,28582485.29,621912511.3,123876172.59,96294954.12,23428393.03,496008397.97,125904113.33,30610915.53,227757410.08,12,0.3577547292225688,0.3873869678284332,0.8382986648048233,0.2024466641888573,0.10983161755335705
2026,9,outpatient,449407952.54,1449485173.27,363323635.31,86084317.19,1199144190.98,250340982.29,145363648.44,35452594.73,401879643.16,94835509.56,123095778.14,22267870.32,338988968.52,62890674.64,22103214.74,105246390.62,12,0.3351387149126446,0.40009411530843797,0.8272897254097209,0.15649131701592903,0.07260949788300831
2026,10,outpatient,1805567.58,18364371.82,1766879.91,38687.67,18012979.89,351391.93,646890.19,7182.78,6163303.83,76142.06,433281.83,213608.36000000002,4106316.89,2056986.94,311551.0,3242251.49,12,0.3421590357418647,0.3661200664169643,0.9808655622177443,0.33374745051307975,0.17655117865066186
2026,11,inpatient,32709559.54,289265289.74,32258879.04,450680.53,285696910.32,3568379.42,17753281.3,129865.18,153861059.5,1141579.59,11899871.58,5853409.74,102047462.19,51813597.31,3783022.97,37419297.19,12,0.5385464593497533,0.5503378241378595,0.9876639903003662,0.3367557553443209,0.1293597901899448
2026,11,outpatient,50126789.19,290732561.88,49392031.61,734757.58,286248432.48,4484129.4,20957540.41,261425.35,110311879.05,1392820.34,13960864.92,6996675.5200000005,68689715.76,41622163.29,4035621.26,31137836.18,12,0.3853711200941071,0.42431015139204964,0.9845764458889513,0.3773135191644621,0.10710130292475514
2026,12,inpatient,73346152.25,614076492.16,70259394.88,3086757.37,599375377.18,14701114.98,40818738.53,1438864.56,334489941.17,7115577.57,27193609.44,13625129.09,226908388.16,107581553.01,7208891.56,75750685.44,12,0.5580642013419722,0.5809719625356387,0.9760597984653521,0.32162866432902126,0.12335708402311364
2026,12,outpatient,87790947.92,446639190.44,84198357.51,3592590.41,431131927.11,15507263.33,45129817.02,1065922.37,190393294.27,4010049.04,31312010.94,13817806.08,126068014.32,64325279.95,5673697.08,47834142.94,12,0.44161260694901544,0.5359940306987587,0.9652801105189107,0.3378547558443903,0.1070979528081199
2026,13,outpatient,2315465.94,35128286.57,2296730.25,18735.69,34877924.96,250361.61000000002,630571.57,9505.01,9473829.58,92829.71,304462.89,326108.68,5026325.17,4447504.41,588405.3,9993362.82,12,0.27162824597120183,0.2745518634589325,0.9928729341950366,0.4694515953072485,0.28448193167879865
2026,15,inpatient,55171708.0,443740789.46999997,53510530.05,1661177.98,433766330.0,9974459.47,28227025.91,399081.9,220789811.7,2716450.21,18333877.09,9893148.82,145163781.94,75626029.67,6229139.23,61457740.410000004,12,0.5090063391964977,0.5275041357957919,0.977521878297658,0.34252499736155173,0.1384991911232785
2026,15,outpatient,85746943.32,348152216.63,84383360.61,1363582.67,342884441.91,5267774.72,41453422.29,670374.34,141130502.29,1945313.41,26593991.27,14859430.99,90582615.5,50547886.87,7283964.649999999,39519185.62,12,0.411597859336656,0.49125114229081185,0.9848693345370875,0.35816415338855945,0.11351122794084965
2026,16,inpatient,42626190.54,332278099.33,41076414.54,1549776.0,322314539.13,9963560.2,22458588.0,1104739.0,148961172.04,5622667.15,17368203.0,5090385.0,112918173.87,36042998.17,4047550.65,44154928.51,12,0.4621608830990993,0.5467514205294122,0.9700143939065188,0.24196236963227913,0.13288546130194334
2026,16,outpatient,28766134.330000002,149694751.04,27235560.330000002,1530574.0,142462788.93,7231962.11,10639957.0,648739.0,49346687.6,2619149.79,7679927.0,2960030.0,34098932.79,15247754.81,2053839.6199999999,14630297.53,12,0.34638299566244496,0.3906641490419448,0.9516886059146621,0.3089924684225411,0.09773420529682188
2026,17,inpatient,3376740.69,34181407.76,2259394.62,1117346.07,23234195.48,10947212.28,1609048.3,822331.29,15082088.629999999,7018955.22,1179156.76,429891.54,10799815.96,4282272.67,236009.98,2906778.99,12,0.6491332416903638,0.7121590384241953,0.6797319654923423,0.2839310108204821,0.08503976812217755
2026,17,outpatient,18838413.01,74419212.89,13791598.02,5046814.99,53357709.86,21061503.03,8514025.97,2856654.85,28493934.24,11044001.23,5976177.17,2537848.8,20396081.41,8097852.83,1089432.15,5164755.69,12,0.53401718917027,0.6173342608777689,0.716988366147714,0.2841956734297566,0.06940083735680048
2026,18,inpatient,13486982.93,116188334.5,13184408.62,302574.29,113215285.93,2973048.57,9027666.72,241569.66,70428333.17,2063438.78,7575888.14,1451778.6,59291554.24,11136778.91,688672.6,8828923.2,12,0.6220744185864195,0.684722916301725,0.9744118152412281,0.15812924158119757,0.07598803475403978
2026,18,outpatient,30397278.21,140457970.04,29636149.09,761129.12,136182732.71,4275237.33,13348041.39,196665.58000000002,55859184.44,1081871.98,10551507.14,2796534.21,42483228.8,13375955.64,1555114.43,8859961.1,12,0.41017817258045236,0.4503972951905541,0.9695621592083207,0.23945848429576536,0.06307909118633023
2026,19,inpatient,64222578.0,412863645.0,47406056.0,16816522.0,325364532.0,87499113.0,31518858.0,12800888.0,188833454.0,60699784.0,22245706.0,9273152.0,131169702.0,57663752.0,2508086.04,32890707.0,12,0.5803750422310936,0.6648698638840573,0.788067769929222,0.3053683061900674,0.07966481766637505
2026,19,outpatient,61380652.0,298990410.0,45721107.0,15659545.0,235665138.0,63325272.0,23578329.0,10304953.0,107831392.0,37986077.0,16314157.0,7264172.0,72258054.0,35573338.0,2086559.33,22746446.0,12,0.45756191567036103,0.5156989965269214,0.7882029995544004,0.32989779080288606,0.07607751031212004
2026,22,inpatient,46849879.51,274918355.09,40682735.73,6167143.77,243624013.54,31294341.55,25972492.56,3644238.44,154781771.93,17872397.419999998,21186706.03,4785786.5200000005,126604482.5,28177289.43,1734677.65,13282832.74,12,0.635330522968282,0.6384155857259013,0.8861685988927325,0.182045269792771,0.04831555439669207
2026,22,outpatient,47006341.26,234826536.17,40282708.78,6723632.49,205868372.14,28958164.03,18663025.71,3132238.5,88293106.89,11528652.56,14571964.54,4091061.19,68115938.81,20177168.080000002,1071941.32,8248639.59,12,0.42888135740421857,0.46330116010634376,0.8766827441978872,0.22852483948874666,0.03512652243027803
2026,23,inpatient,69008264.0,494446966.0,67376621.0,1631643.0,484224833.0,10222133.0,39412352.0,813394.0,264243170.0,4920722.0,30492592.0,8919760.0,205057243.0,59185927.0,6435193.0,31376983.0,12,0.5457034666373668,0.5849559003560003,0.9793261285781658,0.2239828071998985,0.06345874311624353
2026,23,outpatient,83054870.0,403525375.0,80570205.0,2484665.0,391925634.0,11599741.0,32578285.0,1092540.0,144506490.0,4388992.0,26144668.0,6433617.0,114696039.0,29810451.0,4985754.0,21966497.0,12,0.3687089525764472,0.4043465571423084,0.9712539985868299,0.20629143369270128,0.05443647007328845
2026,24,inpatient,51334163.25,316919613.15,49875031.67,1459131.56,309348632.14,7570981.01,31729361.36,909639.44,194140092.25,3913870.71,22533280.080000002,9196081.27,131887520.33,62252571.9,3496910.31,28962367.86,12,0.6275770185469552,0.6361772674138534,0.9761107211549681,0.32065799072473655,0.0913871109841723
2026,24,outpatient,52007577.71,230941927.29,49471215.68,2536362.06,219983083.05,10958844.24,23022254.14,1113664.89,91074849.96,3813380.77,16885969.65,6136284.47,61569497.85,29505352.13,2768648.52,19158735.28,12,0.4140084259992827,0.46536665460006743,0.9525471863485461,0.32396816621667485,0.0829591036362222
2026,27,inpatient,26746008.69,211410583.02,20760317.13,5985691.56,164156593.69,47253989.33,23148665.32,7004629.51,108197475.96,27909559.26,18039216.43,5109448.89,82842914.83,25354561.13,1483236.97,15203215.39,12,0.6591113614621202,1.1150439164799022,0.7764823848694005,0.23433597600163464,0.07191321821652484
2026,27,outpatient,38229384.58,205369834.44,27191672.48,11037712.1,148611022.64,56758811.8,33549776.41,13625658.56,79618937.13,31688397.9,25886601.15,7663175.26,59865933.99,19753003.14,2260143.69,15667499.42,12,0.5357539145859417,1.2338254086679115,0.7236263448584391,0.24809428324504942,0.07628919535686411
2026,28,inpatient,10925230.01,106166018.79,10711221.1,214008.94,104371700.76,1794318.03,6394166.68,119110.84,57191533.38,976262.5,5179820.33,1214346.31,46153850.46,11037682.94,666291.75,8338236.64,12,0.5479601555167759,0.59695963889682,0.9830989421054845,0.1929950516742029,0.07853959991184482
2026,28,outpatient,35195124.29,168368269.73,34582474.93,612649.39,165550231.69,2818038.04,17145232.07,266199.64,69839213.08,1030780.7,13893546.44,3251685.63,54661616.23,15177596.87,1765860.18,10751605.28,12,0.4218611618181058,0.4957780524587805,0.9832626536786351,0.21732199148083528,0.06385766924635841
2026,29,inpatient,61477749.019999996,530221382.96999997,56510249.78,4967499.25,501403414.79,28817968.18,27691491.07,2045295.85,250230434.17,13705503.92,18787543.06,8903947.95,174358376.61,75872057.56,6715599.4799999995,65711029.99,12,0.49906009171238414,0.4900259895825221,0.9456491776725827,0.3032087516119423,0.12393130888445883
2026,29,outpatient,68858717.25,364351734.05,59143328.71,9715388.53,322984843.07,41366890.98,26475199.42,3566561.61,125151085.09,15156848.96,22181205.0,4293994.43,102563856.83,22587228.26,3611659.19,30934034.44,12,0.38748284253969223,0.4476447301405197,0.8864644048206363,0.1804796837658805,0.08490157051305518
2026,30,inpatient,619494.7,12769700.83,613546.85,5947.860000000001,12666402.55,103298.28,493040.43,5947.860000000001,10207700.19,103298.28,365594.9,127445.53,7639012.95,2568687.24,33839.07,551616.02,12,0.8058878714540775,0.8035905163558414,0.9919106734468423,0.25164211254131674,0.043197254762937155
2026,30,outpatient,3237211.9,49581159.79,3166408.56,70803.32,48442027.73,1139132.06,1777721.0,20333.22,24538665.75,326843.59,1396186.24,381534.77,18655908.57,5882757.18,268292.99,4321895.91,12,0.506557361445943,0.5614313397384196,0.9770249008933076,0.2397341909268233,0.0871681083763531
2026,32,inpatient,13308011.0,121624723.05,11960839.97,1347171.03,108461528.24,13163194.81,7307936.58,785774.64,59519404.3,7042645.56,5291454.07,2016482.52,42781734.45,16737669.85,1312872.0,12817625.5,12,0.5487605168931188,0.610988575913536,0.8917720469991236,0.2812136654734631,0.10538667779519355
2026,32,outpatient,17383792.5,116676341.35,15471693.8,1912098.7,101320786.41,15355554.94,8729341.33,945897.57,46145591.73,6107745.5,6756732.39,1972608.95,34838158.43,11307433.3,612718.0,10159971.47,12,0.4554405207956972,0.5642136822795705,0.8683918713740162,0.24503821223401617,0.08707824870444483
2026,33,inpatient,19720249.57,195815929.31,19153562.16,566687.42,189767849.33,6048079.9799999995,12847479.12,308001.01,121809553.38,2684201.73,9919548.51,2927930.63,93675035.44,28134517.94,1000448.32,12127268.86,12,0.6418871995971099,0.6707618673058359,0.9691134423981148,0.23097135782306735,0.061931983280078734
2026,33,outpatient,19878568.53,130270320.04,18998769.66,879798.88,124700007.7,5570312.34,8910703.66,314023.94,53614643.24,1996986.31,6715909.48,2194794.17,39487489.83,14127153.41,1299959.52,8278193.0,12,0.429948997028009,0.46901477408616576,0.9572403572948188,0.26349430969374105,0.06354627053543853
2026,34,inpatient,11328409.65,147444613.96,11136335.16,192074.51,144721232.42,2723381.54,5542209.4,94913.34999999999,61831615.61,1217834.69,3689144.23,1853065.17,41948757.01,19882858.65,1930058.62,29205241.21,12,0.4272463312816225,0.49766905542738715,0.9815294606777645,0.32156459852852937,0.1980760125827522
2026,34,outpatient,11687313.02,100882874.17999999,11318142.81,369170.2,98407124.02,2475750.16,2400189.92,81157.22,18268106.63,483678.27999999997,1359977.76,1040212.26,9530545.209999999,8737561.37,1942199.44,20229501.05,12,0.18563805021156027,0.21206570373713104,0.9754591631124363,0.47829594752042454,0.20052463031441362
2026,35,inpatient,10984301.28,110465236.31,10657289.23,327012.05,107143511.17,3321725.14,7046423.35,161344.43,67253449.64,1822706.44,5226223.15,1820200.2,50261346.95,16992102.69,638286.92,7412734.14,12,0.6276950316971771,0.6611834583755591,0.9699296787753371,0.25265771170039275,0.06710467824644442
2026,35,outpatient,10786413.22,92558769.62,10441438.2,344975.04,89524320.02,3034449.6,3426828.5100000002,93739.20999999999,29792418.96,766317.95,2327736.01,1099092.48,20789379.64,9003039.32,1036598.31,9752262.59,12,0.3327857609345068,0.3281950670358802,0.9672159687033661,0.3021922903302243,0.10536292379466485
2026,37,inpatient,15927519.5,174504258.18,15666569.17,260950.32,171718743.55,2785514.63,10404797.57,150659.64,110180853.82000001,1551487.37,8035422.65,2369374.93,86153417.96,24027435.86,1276946.98,16728584.45,12,0.6416355695493324,0.6641401481777008,0.9840375549625456,0.21807269618052771,0.09586347418952135
2026,37,outpatient,20332688.46,147107725.58,19823834.0,508854.48,143753254.84,3354470.7399999998,11173735.23,268966.77,77867723.27,1722437.96,8315214.34,2858520.88,57733003.88,20134719.39,1178181.07,10636173.0,12,0.5416762448729818,0.5636515736562362,0.9771971816791105,0.258575935502628,0.07230193355287683
2026,38,inpatient,13510204.92,151591348.68,13269760.34,240444.58000000002,149707342.18,1884006.5,6788490.69,131684.06,75627997.77,1141556.33,4261924.22,2526566.4699999997,46251039.93,29376957.84,2177555.2600000002,26462044.48,12,0.5051722692335889,0.511575982991717,0.9875718072541394,0.3884402431139491,0.17456170626108583
2026,38,outpatient,19722291.02,151673630.58,18901107.91,821183.12,147656167.48,4017463.1,5446261.83,293619.85,43911503.29,1290545.14,3321373.53,2124888.31,25269343.57,18642159.72,2671951.54,25191808.23,12,0.29739024139271264,0.2881451106428819,0.9735124485077779,0.4245393193870772,0.16609220820828588
2026,39,inpatient,10880021.0,96197918.0,10753660.0,126361.0,95030096.0,1167822.0,6670631.0,62768.0,55682957.0,499866.0,5291034.0,1379597.0,44259844.0,11423113.0,602659.0,7133340.0,12,0.5859507602728298,0.6203126191454816,0.9878602154362633,0.205145588801974,0.07415274829544648
2026,39,outpatient,21675020.0,110772440.0,21493122.0,181898.0,109558515.0,1213925.0,9852569.0,42044.0,46458261.0,384276.0,7987918.0,1864651.0,37093838.54,9364422.46,1246473.0,7331497.0,12,0.4240497509481577,0.45840567042796293,0.9890412723598035,0.20156635781093918,0.06618520816188575
2026,40,inpatient,18207798.0,214264912.0,18042769.0,165029.0,212426341.0,1838571.0,11349613.0,68199.0,135615654.0,705840.0,7928108.0,3421505.0,95326633.0,40289021.0,1486465.0,21295993.0,12,0.6384126062784276,0.6290394229400155,0.9914191689958083,0.297082378115435,0.09939094927497975
2026,40,outpatient,22717375.0,141824526.0,22078517.0,638858.0,139027633.0,2796893.0,9031429.0,223941.0,56720656.0,585326.0,6168183.0,2863246.0,37158751.0,19561905.0,1560608.0,12620729.0,12,0.40798116731225653,0.4090595849349845,0.9802792007921113,0.344881501370506,0.08898833901267543
2026,43,inpatient,44053962.73,367638067.01,43334931.22,719031.51,362351418.26,5286648.75,25021952.19,421986.35,200390851.27,2892435.8,16884227.19,8137724.99,134648066.29,65742784.98,3449590.8,35437412.38,12,0.5530290242336308,0.5774083743890156,0.9856199636969144,0.32807278657357636,0.09639211920629559
2026,43,outpatient,32619540.3,224878824.58,32087067.15,532473.16,221460365.55,3418459.03,13482256.89,174771.45,90024766.46,1064418.47,9475522.879999999,4006734.0,61377950.4,28646816.06,2308951.61,17643184.71,12,0.40650509284775266,0.4201772890920011,0.9847986619621275,0.3182103901677814,0.07845640754727214
2026,44,inpatient,33913160.23,305427078.32,32618699.67,1294460.53,297024738.24,8402340.08,17746228.85,707492.21,138569495.06,4048582.15,13559299.24,4186929.59,106337463.92,32232031.14,4203759.39,37107025.69,12,0.466525097812001,0.5440507754612157,0.9724898652528878,0.23260553216307578,0.12149225895132479
2026,44,outpatient,46905880.22,272579826.03,44824049.04,2081831.21,262381509.46,10198316.57,16269768.67,664859.09,90329038.82,3244194.93,12267563.6,4002205.09,65707671.64,24621367.18,10035.75,65879.26,12,0.3442660231885381,0.3629696339007932,0.9625859451209806,0.27257421867472054,0.00024168795233125347
2026,45,outpatient,950647.0,6965901.0,922039.0,28608.0,6705393.0,260508.0,480086.0,12971.0,2991216.0,92774.0,329706.0,150380.0,2038219.0,952997.0,76068.72,894293.0,12,0.446091079225334,0.5206786263921591,0.9626023970194236,0.3185985231424277,0.12838152595048366
2026,48,inpatient,32949448.0,271767669.98,32200411.0,749037.0,267361858.97,4405811.01,19064232.0,435458.0,136684016.8,2559329.12,15577127.0,3487105.0,110357763.27,26326253.53,2856632.43,27893523.88,12,0.5112322951619549,0.5920493375069033,0.9837883181236228,0.19260667155049543,0.10263738833266203
2026,48,outpatient,30926770.0,170994535.34,29341886.0,1584884.0,163904274.36,7090260.9799999995,9341688.0,647472.0,45669008.46,2420358.09,7671926.0,1669762.0,35694137.54,9974870.92,10494.48,52420.26,12,0.27863219942447875,0.31837380869109777,0.9585351604020448,0.21841662992829514,0.00030656102486415285
2026,49,inpatient,34453136.56,288973397.51,33434649.55,1018487.04,280530397.21,8443000.3,21729562.18,546808.75,175612747.75,4469110.35,16094302.69,5635259.51,131696985.56,43915762.19,1895607.3,19590145.29,12,0.626002563346244,0.6499114682660102,0.9707827766405112,0.2500716078568391,0.06779221014391845
2026,49,outpatient,24427654.87,197784000.06,23584196.88,843457.97,191394576.26,6389423.8,10399870.82,360720.79,84269684.84,2808816.61,6931355.5600000005,3468515.27,54693914.43,29575770.41,1497017.37,13669438.34,12,0.44029296172700233,0.4409677748585688,0.9676949409554781,0.3509657175786822,0.06911296331277161
2026,51,inpatient,22662379.75,201367622.72,21401550.44,1260829.29,189524431.36,11843191.36,12260826.37,537152.34,109502646.07,5290703.83,7749222.06,4511604.3,69095204.37,40407441.62,3141378.0,16011033.0,12,0.5777758850625473,0.5728943052221219,0.9411862185190126,0.36900881458306845,0.07951145662708253
2026,51,outpatient,22259557.73,128106241.55,21189375.78,1070181.98,121114536.6,6991704.95,5012034.57,279522.36,31026647.44,1608717.27,3554709.15,1457325.41,19732627.53,11294019.9,2946178.0,13562838.0,12,0.25617608183954366,0.2365352628618114,0.9454226049768923,0.36401032118731547,0.10587179700144751
2026,55,outpatient,6371570.3,46390223.45,6051276.79,320293.51,43910987.7,2479235.75,1282955.12,46639.12,8641580.45,336462.72,850613.38,432341.72,5593908.399999999,3047672.05,874328.35,7202735.2299999995,12,0.1967976787276866,0.21201395416586127,0.9465569345085791,0.3526753083690843,0.15526407709079484
2026,60,inpatient,3913676.17,42917309.43,3633193.17,280483.0,39295254.21,3622055.22,2229721.0,119242.0,23385843.830000002,1678977.52,1504612.0,725109.0,15654390.92,7731452.91,272667.58999999997,2950616.27,12,0.5951315063397321,0.613708353965666,0.9156038608173299,0.3306039741906546,0.06875119407968908
2026,60,outpatient,3641107.11,33087796.78,3184965.11,456142.0,28760908.62,4326888.16,1228129.0,145927.0,10164675.32,1024926.88,779926.0,448203.0,6301213.4799999995,3863461.84,344341.81,3754559.95,12,0.35341982599713845,0.38560202626521084,0.8692300914210341,0.38008708772018107,0.11347264899394731
2026,61,inpatient,6292166.6,52959025.85,4627158.93,1665007.65,38909256.0,14049769.85,2815167.08,1107537.52,24397853.38,9573598.49,2443974.0,371193.08,21073210.34,3324643.04,181189.62,2734465.74,12,0.6270449730521704,0.6084007752031115,0.7347049039422616,0.13626785062678332,0.051633611006083116
2026,61,outpatient,12520529.6,100814259.91,8543466.86,3977062.73,71083121.41,29731138.5,3696556.11,2403967.2199999997,28792830.63,16972589.94,3048231.25,648324.84,23266428.75,5526401.88,329621.98,5764893.5600000005,12,0.4050586138997185,0.43267635616485556,0.7050899493133025,0.19193673421750684,0.0571833147924361
2026,62,inpatient,23436329.3,231134324.22,22004905.9,1431423.39,217611205.32,13523118.9,12147660.87,567528.52,112284744.98,5265340.61,8214178.49,3933482.37,77036934.81,35247810.18,1960436.42,23672666.830000002,12,0.5159878822181233,0.5520433000351981,0.9414923813430309,0.3139145053611538,0.10241952124543695
2026,62,outpatient,22567935.62,157318062.63,20706468.86,1861466.73,145753205.78,11564856.85,7606624.66,304426.88,50394447.18,2428800.54,4969911.18,2636713.46,30774900.82,19619546.31,1651279.02,13501215.7,12,0.34575189554365904,0.3673549899516764,0.9264874188210692,0.38931960578756764,0.08582114141434491
2026,63,inpatient,55475326.53,355970668.17,53595970.769999996,1879355.79,345788365.43,10182302.74,37668929.12,1217419.28,219522623.36,5833833.83,27979284.08,9689645.02,156287452.4,63235170.96,2046375.97,21527573.04,12,0.6348467597717347,0.7028313617389489,0.9713956692208773,0.2880576497862785,0.06047569354708498
2026,63,outpatient,36548272.39,191878929.26,35045378.89,1502893.51,184935436.64000002,6943492.62,17584926.22,727653.45,86987518.5,3052266.03,12510882.88,5074043.34,60409185.36,26578333.14,1122803.74,8992825.22,12,0.47036695660081684,0.5017758910581434,0.9638131573551184,0.3055419167980979,0.04686718471216052
2026,65,inpatient,12137700.0,113885922.0,11727098.0,410602.0,110585045.0,3300877.0,6733620.0,316411.0,58894435.0,2271178.0,4732099.0,2001521.0,41313452.0,17580983.0,948682.0,11687325.0,12,0.5325714250059762,0.574193206196452,0.9710159346999886,0.2985168802451369,0.10262308804067986
2026,65,outpatient,15595689.0,89052662.0,14429530.0,1166159.0,83798399.0,5254263.0,4766789.0,331754.0,23488622.0,1410475.0,3729852.0,1036937.0,17084874.0,6403748.0,1092850.0,8967886.0,12,0.28029917373481084,0.3303495678653428,0.9409982488788488,0.27263191514598006,0.10070317718295721
2026,87,outpatient,1712679.55,19360075.19,1671573.68,41105.87,18949530.04,410545.15,245429.83,12471.25,2628347.64,75555.42,168239.7,77190.13,1795353.15,832994.49,226565.69,2952622.5300000003,12,0.13870252372760164,0.14682561285602438,0.9787942378337425,0.3169270599227125,0.1525109019992396
2026,88,outpatient,1678149.74,9775913.98,1643145.82,35003.92,9588176.629999999,187737.35,543970.38,14742.289999999999,2952494.14,54244.94,421246.09,122724.3,2303048.89,649445.25,179509.46,1088035.05,12,0.3079307207130581,0.33105423351897034,0.9807959286073831,0.21996495816923112,0.11129752698580926
2026,89,inpatient,971668.58,53094270.78,936117.11,35551.47,51105794.1,1988476.68,528941.61,22575.74,28453476.47,1200653.8599999999,473099.35,55842.26,25187265.82,3266210.65,15344.05,975545.36,12,0.5567563711919702,0.565037861555591,0.9625481873884397,0.11479126824603447,0.018373834797397324
2026,333,outpatient,2030885.19,25660429.669999998,1871389.4,159495.79,23543721.89,2116707.7800000003,384303.07,21385.72,4789979.18,292608.45,272811.83,111491.24,3440534.81,1349444.37,320600.82,4380809.37,12,0.2034503806313862,0.2053570838864429,0.9175108208544663,0.28172238736119104,0.1707223700592072
2026,2001,inpatient,4014249.84,96528848.84,3882144.05,132105.76,93780831.15,2748017.69,1951872.7,63569.26,47565911.12,1371726.61,1557067.51,394805.2,37412854.63,10153056.49,526780.43,10957400.47,12,0.5072029170217052,0.5027821417394339,0.9715316434099931,0.21345237063546868,0.11351425611800552
2026,2001,outpatient,10539213.53,67188896.53,10207667.620000001,331545.93,65403628.48,1785268.05,2570197.86,76753.66,15992109.82,377830.12,1815064.83,755133.0,11305296.540000001,4686813.28,890438.08,7550295.3,12,0.24451410711701238,0.25179090421833306,0.9734291208488165,0.293070353615168,0.1123741524260452
2026,2004,inpatient,15468567.82,198802711.86,15400801.54,67766.3,197926658.35999998,876053.5,9648917.9,37121.92,128152027.11,474185.49,6419353.83,3229564.12,88983771.5,39168255.57,1740031.34,20374535.32,12,0.6474722918673743,0.6265205012180165,0.9955933523652486,0.30563898561182895,0.10248620418391509
2026,2004,outpatient,12215818.62,144479240.39,12044241.02,171577.6,142621244.4,1857995.99,5119665.81,32304.06,62148199.41,416914.17,2860070.18,2259595.67,33747756.98,28400442.39,1478491.11,17466930.0,12,0.4357569566263018,0.42507168376143967,0.9871400487365202,0.4569793277941727,0.12089577681091518
2026,3028,inpatient,745482.0,56566581.0,583711.0,161771.0,43670698.0,12895883.0,562064.0,163954.0,41880604.0,14072447.0,541002.0,21062.0,40144067.0,1736537.0,9629.0,919466.0,12,0.9590092652056993,0.9629148671174605,0.7720229370058622,0.041463991302513215,0.01625457971377128
2026,3029,inpatient,1500584.22,53785895.38,1451103.6199999999,49480.6,51989827.41,1796067.97,865078.92,35968.4,31144544.7,1308446.43,785694.67,79384.25,28038212.43,3106332.27,23009.22,1034851.6,12,0.5990507422613505,0.596152409846514,0.9666070824458588,0.09973920954445675,0.01924020401052585
2026,3029,outpatient,416158.0,9605321.75,416158.0,0.0,9605321.75,0.0,202477.0,0.0,4584053.83,0.0,174629.0,27848.0,3963569.46,620484.37,10649.0,295489.69,12,0.47724104921316146,0.48653876652617517,1.0,0.1353571299576122,0.03076312253673335
2026,3030,inpatient,1193007.0,64059218.0,1151877.0,41130.0,61831512.0,2227706.0,983133.0,38526.0,53804814.0,2086873.0,966819.0,16314.0,52875771.0,929043.0,20457.0,1227463.0,12,0.8701843487184981,0.8535051919605999,0.9652242710799248,0.01726691221346848,0.019161379709630548
2026,4000,inpatient,2849876.0,221069603.89,2705960.84,143915.16,210873042.95,10196560.94,621029.02,32749.829999999998,41295872.94,1977269.85,472904.05,148124.97,31673383.919999998,9622489.02,629991.43,55666023.83,12,0.19583286873605577,0.22950406776766216,0.9538762418687211,0.2330133336563874,0.2518031554337897
2026,4000,outpatient,71538.0,17204393.37,69160.0,2378.0,16659217.15,545176.22,12337.0,469.0,1779425.15,65740.23,9357.0,2980.0,1339837.77,439587.38,13106.0,3162528.01,12,0.10681325142580303,0.17838345864661653,0.9683118022079961,0.24703898334807733,0.18382095444961333
2026,4003,inpatient,825490.45,30466214.92,771236.1,54254.35,27964338.74,2501876.18,230393.59,13389.52,4224826.7,377618.86,198061.0,32332.59,3419527.15,805299.55,153673.0,10158822.0,12,0.15107908466138115,0.2987328912637777,0.9178803081849984,0.19061126223236566,0.3334454912326864
2026,4003,outpatient,4654.0,2691509.0,3897.5,756.5,2238247.0,453262.0,471.0,37.0,333400.0,32880.0,412.0,59.0,293920.0,39480.0,76.0,44510.0,12,0.1489558569719964,0.12084669660038486,0.8315955844843914,0.11841631673665266,0.016537191590293772
2026,4020,inpatient,99243.31,9297690.02,94496.9,4746.41,9013259.05,284430.97000000003,17528.4,0.0,1522356.21,0.0,12860.800000000001,4667.61,1092108.82,430247.42,18142.7,1687542.0,12,0.16890185908947106,0.1854917992018786,0.9694084262447804,0.2826194140200604,0.18150121120084406
2026,4020,outpatient,3655.6,1481767.92,3610.8199999999997,44.78,1467045.41,14722.51,619.1,0.0,203628.09,0.0,541.3399999999999,77.75999999999999,181555.29,22072.81,477.4,146885.0,12,0.1388014908141119,0.17145689898693373,0.9900642267920067,0.1083976675320188,0.09912820895731095
2026,4022,inpatient,348662.57,22208692.98,339485.53,9177.07,21550594.43,658098.55,96991.34,1098.83,6226952.26,126992.7,67406.97,29584.35,4402759.75,1824192.51,99511.97,5378477.39,12,0.28894573095077264,0.2857009546180068,0.9703675245277761,0.2929510993231864,0.24217892493014237
2026,4022,outpatient,1460577.54,7162341.35,1459947.54,630.0,7122356.0200000005,39985.33,734297.12,265.0,2783525.96,10199.3,565681.78,168615.32,2051653.08,731872.88,258141.49,1268245.2,12,0.39081533585006045,0.502961305034289,0.9944172822759978,0.2629301434645143,0.17707131481523147
2026,5033,inpatient,2501193.72,71590514.66,2438413.25,62780.47,68895255.06,2695259.6,1684637.6400000001,58031.18,54086882.8,2523492.67,1457887.35,226750.32,46680637.33,7406245.47,130345.75,2069363.29,12,0.7850596206211359,0.6908745431070801,0.9623517219732194,0.1369323778075079,0.028905551242757333
2026,5033,outpatient,6743.0,1486596.44,6643.0,100.0,1464720.94,21875.5,6398.0,100.0,1409336.23,21875.5,5111.0,1287.0,1126998.5,282337.73,66.0,15157.73,12,0.9621875345074264,0.9631190727081138,0.9852848430068889,0.20033383375094244,0.01019626415895359
2026,5034,inpatient,4361363.87,47114500.09,4306676.7,54687.18,46384451.71,730048.38,0.0,0.0,0.0,0.0,0.0,0.0,0.0,0.0,679803.35,18546073.02,12,0.0,0.0,0.9845048047075649,,0.3936383275758535
2026,5034,outpatient,1843891.2,25177298.64,1831673.85,12217.34,24919482.72,257815.92,3220.96,0.0,5472.03,0.0,3220.92,0.04,4588.87,883.16,256479.88,8038116.88,12,0.00021958842651289193,0.001758478999959518,0.9897599848305251,0.16139531398767917,0.3192604971221805
2026,5050,inpatient,43022843.32,389986439.8,41762365.32,1260478.0,379232004.01,10754435.790000001,18603690.0,480972.0,140516912.07,3418284.55,14780463.0,3823227.0,110504941.3,30011970.77,2702982.53,36174837.06,12,0.37053020468782666,0.4454654293991986,0.9724235647898032,0.21358262381292023,0.09275921767575264
2026,5050,outpatient,34628991.36,204409450.84,32788165.36,1840826.0,196172339.99,8237110.85,9821726.0,479800.0,56002434.4,2040957.71,7560208.0,2261518.0,41318069.03,14684365.37,1707452.65,16002313.08,12,0.2854756914397552,0.29955094748857275,0.9597028864558345,0.262209411560866,0.0782855832459806
2026,8992,inpatient,37903224.21,266475329.04,33736046.99,4167177.21,239452310.13,27023018.91,11051623.61,1247875.06,88016671.45,7822609.47,7713377.81,3338245.79,61683257.72,26333413.73,5487436.66,42984415.79,12,0.36757495219910497,0.3275909478450723,0.8985909164373576,0.2991866574386346,0.161307299797152
2026,8992,outpatient,2898912.09,36652963.09,2718011.54,180900.55,34743490.47,1909472.62,719544.13,33963.14,8813818.98,508427.03,485621.79,233922.33000000002,6010881.02,2802937.96,431623.16000000003,4156324.96,12,0.2536825995537345,0.26473181567139337,0.9479040039597517,0.3180162840149458,0.11339669728186223
