fiscal_year,hosp_num,volume,revenue,volume_md_resident,volume_nonmd_resident,revenue_md_resident,revenue_nonmd_resident,medicare_volume_md_resident,medicare_volume_nonmd_resident,medicare_revenue_md_resident,medicare_revenue_nonmd_resident,medicare_ffs_volume_md_resident,medicare_nonffs_volume_md_resident,medicare_ffs_revenue_md_resident,medicare_nonffs_revenue_md_resident,medicaid_volume,medicaid_revenue,kaiser_volume,kaiser_revenue,revenue_inpatient,revenue_outpatient,outpatient_revenue_share,inpatient_admissions,inpatient_admissions_medicare,medicare_revenue_share,medicare_volume_share,md_resident_revenue_share,medicare_advantage_share_of_medicare_revenue,medicaid_revenue_share
2017,1,54414558.0,325953071.0,43978983.0,10435575.0,276531484.0,49421587.0,24677912.0,4712388.0,135530366.0,20052593.0,22102486.0,2575426.0,120335327.0,15195039.0,,,,,192822272.0,133130799.0,0.40843547996515117,15794.0,7259.0,0.49010826557456294,0.5611296650493259,0.8483782133164808,0.11211538379524483,
2017,2,330974734.88,1389993091.17,299165201.71,31809532.59,1285117285.8,104875803.66,114277743.09,12214730.51,435533525.84,39904951.01,105907039.3,8370703.22,400138352.65,35395172.69,,,,,912970145.21,477022945.96,0.3431836812645414,22941.0,6753.63,0.338905663049171,0.38198875549963446,0.9245494052911278,0.08126853752930828,
2017,3,44582947.76,293522694.84,37354981.74,7227965.59,246460460.54,47062228.54,13533351.9,1926426.48,82762635.36,12452676.88,12847663.77,685685.96,78140470.51,4622164.85,,,,,219819474.04,73703220.8,0.2510988829677236,10948.0,3285.15,0.3358049205080009,0.3622904166891449,0.8396640698408219,0.055848449362379024,
2017,4,87317988.5,504632527.0,78080898.5,9237090.0,459067156.0,45565371.0,29696898.0,4035500.0,151216750.0,18605803.0,28459532.0,1237366.0,145252440.0,5964310.0,,,,,350774645.0,153857882.0,0.3048909330412623,26230.0,7203.0,0.32940006276554445,0.38033499319939307,0.9097058382841818,0.0394421252936596,
2017,5,60826766.0,346113467.0,57118033.0,3708733.0,328422027.0,17691440.0,25627057.0,1311267.0,138990381.57,5889368.0,24388129.0,1238928.0,132223020.0,6767361.57,,,,,226219134.0,119894333.0,0.3464018145240214,16319.0,7179.0,0.4232066370201168,0.4486684091519748,0.9488854329958794,0.04868942363894253,
2017,6,12689299.48,105314838.66,12393277.91,296021.09,102517190.73,2797647.71,6011655.4,63574.68,46134905.58,582047.7,5581581.6,430073.49,42854920.45,3279984.7600000002,,,,,49981806.26,55333032.4,0.5254058507238281,4429.04,2145.08,0.45002116475768156,0.4850738798610545,0.9734353870205132,0.07109551257913294,
2017,8,115519720.45,524091318.79,107514236.55,8005483.59,497256267.31,26835050.08,43766579.38,2766579.33,173290019.33,9324823.37,40233301.54,3533277.59,158211925.3,15078093.37,,,,,227263626.44,296827692.35,0.5663663596552282,13238.0,4156.0,0.3484923785223352,0.40707706053092,0.948796992970699,0.08701074319396579,
2017,9,518781980.65,2352909757.61,391516310.1,127265670.16,1841968276.01,510941481.6,125566136.5,44725541.51,538412993.86,173825229.42,122007246.44,3558889.8,519166897.84,19246096.02,,,,,1378228582.8,974681174.8100001,0.4142450307146695,45607.0,10498.0,0.292303076482017,0.3207175110225376,0.7828469706721792,0.03574597240311855,
2017,10,5744219.41,49851107.7,5645251.54,98967.04,48886190.15,964916.6,2991540.4,25901.62,24561520.85,211649.08,2739119.09,252420.93,22806280.34,1755240.03,,,,,26351501.91,23499605.79,0.4713958600763449,2524.0,1400.8600000000001,0.5024224791221535,0.5299215418131749,0.9806440098421323,0.07146300266662843,
2017,11,69756269.49,431097068.52,68731944.08,1024325.23,425502260.45,5594808.07,31224129.11,434874.77,187942605.17,1998680.03,27787712.59,3436416.27,166679971.65,21262633.52,,,,,242546007.94,188551060.58,0.4373749541543276,15579.0,7266.0,0.44169590302819267,0.4542884611798107,0.9870219296799964,0.11313365322762915,
2017,12,154269684.21,769856880.75,147012983.9,7256698.71,741823211.95,28033667.75,69453226.26,2046883.84,327677297.65,7205466.5600000005,63728641.44,5724584.45,298934835.81,28742461.78,,,,,407266314.5,362590566.25,0.470984380754981,17787.0,7758.05,0.44171885210850736,0.47242919922802823,0.9635858696584106,0.08771575567221784,
2017,13,8800979.04,109491407.38,8721462.1,79516.95999999999,108208005.32000001,1283402.02,2680858.51,14416.0,30694189.27,284569.75,2399318.35,281540.15,27535310.49,3158878.69,,,,,62158334.82,47333072.56,0.43229942597893756,3735.0,1006.0,0.2836591357472035,0.3073863624311341,0.9882785134403669,0.10291455044513707,
2017,15,83073840.05,518001746.69,81985653.26,1088184.64,511949252.99,6052489.09,37927861.79,488405.99,228197858.95,2407912.99,32063745.57,5864115.15,192878800.91,35319055.59,,,,,298287626.81,219714119.88,0.42415710233403653,21161.0,9939.88,0.4457431232045521,0.46261583925811844,0.9883156886271619,0.1547738254535451,
2017,16,52809936.01,266032868.33,48561717.51,4248218.5,244047459.32,21985409.01,23121316.0,3297414.0,103110795.35,12188704.13,21621880.0,1499436.0,96338769.52,6772025.83,,,,,158518564.65,107514303.67999999,0.4041391740611317,10284.0,3338.0,0.4225030477158093,0.47612228696892317,0.9173582980628986,0.06567717577013144,
2017,17,12555937.5,55255519.75,8913419.0,3642518.5,39192021.6,16063498.15,4705264.0,1975632.0,19379509.01,8021642.82,4305620.5,399643.5,17670876.58,1708632.43,,,,,21433172.98,33822346.77,0.6121080196698359,2074.0,784.0,0.4944758708236679,0.5278854275783512,0.7092869957123152,0.08816696176968829,
2017,18,32062963.0,178461444.89,31049526.13,1013435.6900000001,173286264.53,5175176.04,14709271.24,508770.43,82517913.78,2501499.93,14131006.28,578264.47,79110145.42,3407766.53,,,,,80684247.1,97777197.79,0.5478897576463526,7221.0,3851.5,0.47619419810226316,0.4737357722760196,0.9710011293297,0.04129729381047374,
2017,19,107674830.0,437069271.0,81840107.0,25834723.0,343617148.0,93452123.0,44848324.0,16618396.0,172825298.0,57201854.0,43565262.0,1283062.0,167603818.0,5221480.0,,,,,244462317.0,192606954.0,0.4406783244205699,17237.0,7089.0,0.5029588860914473,0.5479993324055649,0.7861846411984429,0.030212475027816817,
2017,22,78835081.2,310897104.16,67191825.24,11643255.69,271964719.79,38932384.37,9074634.52,889115.0,135874289.33,17596629.03,8703742.02,370892.5,130461160.56,5413128.77,,,,,195709879.8,115187224.36,0.37049950874010096,13792.0,7099.0,0.4996026302048168,0.13505563344330426,0.8747740527362267,0.03983924255789886,
2017,23,161469909.0,601774601.6,158575542.0,2894367.0,591064633.01,10709968.59,69491846.0,1279500.0,239448359.51,4476144.0,66532145.0,2959701.0,228529719.0,10918640.51,,,,,295707961.23,306066640.37,0.5086067766174065,26321.0,10845.0,0.405113664626841,0.43822549886034756,0.9822026909053251,0.04559914518664309,
2017,24,83824985.86,434442454.44,80212343.73,3612640.53,418691186.38,15751263.74,42296350.5,1283325.06,214985413.44,4999686.88,36339036.0,5957313.73,181936177.71,33049233.3,,,,,242545573.12,191896881.32,0.4417083997174187,11004.0,6067.98,0.5134701193468194,0.5273047580104664,0.963743718186328,0.15372779376598808,
2017,27,61490137.46,329028957.38,44491053.15,16999084.31,241962248.25,87066709.13,57981021.71,22124612.5,138538933.94,49919395.66,54320858.26,3660163.45,128985473.91,9553460.03,,,,,175472710.4,153556246.98,0.46669523619666037,11532.0,5133.0,0.5725642530683502,1.3032063213814933,0.7353828373548122,0.0689586656855431,
2017,28,32691802.0,190011182.0,32005316.55,686484.41,186222924.14,3788253.46,14962489.83,290444.69,77788069.96,1395110.61,14223593.47,738895.83,74239209.96,3548857.98,,,,,81837279.0,108173903.0,0.5693028266094361,7423.0,3363.54,0.41771479166292075,0.46750013569229953,0.9800629740832831,0.04562213693982748,
2017,29,111043656.22,645219594.79,97604927.41,13438728.63,586736325.77,58483269.02,37935221.82,4442161.74,226122201.48,20038489.74,35797489.62,2137731.9,212868895.66,13253305.82,,,,,356374051.71,288845543.08,0.4476701349623623,20333.0,8077.0,0.3853898106329957,0.3886609295927143,0.9093591244093655,0.05861125415043435,
2017,30,8230860.31,59206546.99,8064302.92,166556.52,57547543.160000004,1659002.7,5495837.63,53636.06,34056305.53,605751.52,5295936.12,199900.88,32725025.41,1331279.56,,,,,21587976.06,37618570.93,0.6353785660959723,1716.0,1243.15,0.5917942567124528,0.6815018836122788,0.9719793854845106,0.039090545474090944,
2017,32,23899293.0,160871225.0,22006644.0,1892649.0,148447359.0,12423866.0,10513925.0,843463.0,63910682.0,4817618.0,10084689.0,429236.0,60990998.0,2919684.0,,,,,67431177.0,93440048.0,0.5808375487909662,5449.0,2610.0,0.4305275784663842,0.4777613978760233,0.922771359514419,0.04568381855164681,
2017,33,33865692.0,235036173.0,32246750.0,1618942.0,224299012.0,10737161.0,16352043.0,621352.0,111985014.0,3910027.0,15593161.0,758882.0,107177151.0,4807863.0,,,,,138562450.0,96473723.0,0.4104632991960774,9943.0,5221.0,0.49926663965867135,0.5070911952367293,0.9543169850710597,0.04293309281543689,
2017,34,24579234.0,193637492.38,23795255.04,783977.8,189956744.73,3680744.43,9634582.57,272919.52999999997,71679888.74,1202409.48,8213408.55,1421173.36,61176959.15,10502927.5,,,,,116534369.33,77103123.05,0.39818282142742545,7227.0,2866.0,0.3773484792123812,0.40489511685435586,0.9809915548649184,0.14652544367216608,
2017,35,24855537.89,149185072.9,24027655.66,827881.31,144231272.56,4953799.04,9899229.07,260801.04,60562315.62,1631450.73,9861064.59,38163.74,60328421.81,233893.09999999998,,,,,75244397.75,73940675.15,0.49563051927831314,6635.0,3178.14,0.41989725629582975,0.41199313033604545,0.966794262698651,0.0038620237288740575,
2017,37,38222941.64,203067791.35,37368448.49,854491.9400000001,198617202.12,4450587.8,21488198.95,550849.69,109873375.87,2511895.79,20473724.67,1014473.4,104837421.81,5035953.17,,,,,105485259.17,97582532.18,0.4805416532640098,7695.0,4389.6900000000005,0.5531916404885061,0.5750358877155511,0.9780832341731185,0.045834153452774945,
2017,38,30844962.23,239136530.56,29923611.09,921350.4400000001,233537668.89000002,5598860.33,13075054.45,350937.93,97375108.68,2290767.82,11188643.24,1886410.87,84066528.65,13308579.790000001,,,,,119674228.74,119462301.82,0.4995568913718374,4526.0,1919.4,0.41695675538264126,0.4369477470708566,0.9765871752973551,0.13667332412162397,
2017,39,26781829.0,149191969.0,26399906.0,381923.0,146781160.0,2410809.0,11884763.0,154287.0,60561169.0,809720.0,11572826.0,311937.0,58854421.71,1706747.29,,,,,66312946.0,82879023.0,0.5555193322771952,5255.0,2305.0,0.412594974722914,0.450182019587494,0.9838408929370722,0.02818220516846364,
2017,40,38868423.43,258800886.23,38214519.86,653900.93,254696845.88,4104037.98,17166792.45,150747.46,123634045.08,776913.25,15859916.45,1306875.73,113983095.16,9650949.92,,,,,135561016.06,123239870.17,0.47619570382952625,10624.0,5957.0,0.4854164748402498,0.44922172286583845,0.9841420931366028,0.07806061763776434,
2017,43,72824244.95,416533976.32,71210120.51,1614122.96,408446929.63,8087044.57,35188902.23,817908.46,191747044.83,3857141.86,32271947.4,2916954.13,177127748.07,14619296.05,,,,,232972061.9,183561914.42,0.4406889350101408,16843.0,8700.65,0.4694539998224445,0.4941559146084921,0.980584905074377,0.07624261465391159,
2017,44,98441140.0,462643277.71,93490172.0,4950968.0,442520447.09,20122830.62,11927366.0,412886.0,174323207.23,7498421.75,11571315.0,356051.0,168421198.17,5902009.06,,,,,235552056.26,227091221.45,0.49085598427812505,16256.0,6164.0,0.3939325479225733,0.12757882186803549,0.956504651446349,0.03385670303904493,
2017,45,1977911.0,16708862.83,1927081.0,50830.0,16008179.82,700683.01,651125.0,31922.0,7593100.88,311270.11,626018.0,25107.0,7356153.87,236946.53,,,,,3245746.23,13463116.6,0.8057470300029987,264.0,193.0,0.47432631100966727,0.33788149019164215,0.9580651886888463,0.03120550269839165,
2017,48,53387915.28,303036585.39,51608596.77,1779318.51,295424186.88,7612398.51,20138764.79,683806.0,107224234.44,2785515.92,19301280.79,837484.0,102071996.05,5152238.39,,,,,186159938.47,116876646.92,0.3856849388979977,17075.0,6858.0,0.3629500873723451,0.39022112691323224,0.9748796057076639,0.048051062494487325,
2017,49,73508011.44,341416129.75,70806846.11,2701164.81,329103099.49,12313029.93,35362459.01,1255518.5,156361170.55,4935725.83,33261552.48,2100906.21,146967715.54,9393454.54,,,,,132741449.5,208674680.25,0.6112033441501455,11357.0,5959.06,0.47511302929783295,0.4994214677358124,0.9639354172604084,0.06007536594257095,
2017,51,44175353.0,232581683.0,41209279.0,2966074.0,216622016.0,15959667.0,7652222.0,389588.0,102034392.0,5822871.0,7161744.0,490478.0,96035168.0,5999224.0,,,,,140666616.0,91915067.0,0.3951947798055963,9977.0,5018.0,0.4710250319155002,0.18569172248803478,0.9313803787377357,0.05879609690818759,
2017,55,15042359.46,100491814.53,14262729.01,779629.8,95172572.93,5319236.97,6741365.71,224108.65,39409812.1,1627574.65,6633151.82,108212.6,38771565.28,638246.82,,,,,59297378.81,41194435.72,0.4099282704035775,3766.0,1710.72,0.4140879130060522,0.4726560888363958,0.9470679117012856,0.016195124665412956,
2017,60,6902176.33,48182423.0,6083868.33,818308.0,42193934.0,5988489.0,2637651.0,220694.0,18308220.0,1508928.0,2596283.0,41368.0,18028150.0,280070.0,,,,,19523338.0,28659085.0,0.5948037316429686,2271.0,1280.0,0.433906447310649,0.43354833749335925,0.8757121658244543,0.015297500248522248,
2017,61,21093412.07,107266894.15,15461279.59,5632132.4799999995,77259070.88,30007823.27,8380451.62,3236561.72,40279612.410000004,16631273.46,8023573.25,356878.37,38346699.93,1932912.48,,,,,38066930.3,69199963.85,0.645119488154771,3270.0,1526.0,0.5213577118027077,0.5420283341503173,0.720250842463681,0.04798736542758108,
2017,62,37894052.0,270322625.15,35570618.53,2323432.38,252820341.32,17502278.38,16125688.89,795231.59,107867233.61,5919586.0,15004590.46,1121098.02,100043903.07,7823328.07,,,,,163277626.72,107044998.43,0.39598978579984395,10514.0,4646.0,0.4266556759112598,0.4533429430359697,0.9352540919566459,0.0725273821175917,
2017,63,95125192.0,408176891.83,90389093.9,4736097.62,391289956.13,16886933.55,44018849.18,2160505.16,183398576.82,7027373.95,41508638.14,2510210.75,172610874.15,10787701.22,,,,,243572765.54,164604126.29,0.4032666463601652,15132.0,7119.0,0.4687024901785843,0.48699292448599263,0.9586283887255598,0.05882107378939911,
2017,65,15800637.0,96340366.0,15057928.0,742709.0,92415894.0,3924472.0,5225667.0,245321.0,30648768.0,1438715.0,5025268.0,200399.0,29486660.0,1162108.0,,,,,57097854.0,39242512.0,0.40733197961901035,4942.0,1881.0,0.33163957706236113,0.34703758711025845,0.9592645101638912,0.037916956400988126,
2017,87,1390186.24,14290669.92,1353504.47,36681.77,13916595.36,374074.56,123973.6,4893.3099999999995,1143551.3,44330.47,119870.92,4102.68,1106374.76,37176.54,,,,,,14290669.92,1.0,,,0.08217177193258568,0.09159452572772073,0.9738238611559786,0.03250972649849639,
2017,88,962704.0,6432806.1,923363.54,39340.12,6197326.99,235478.94,216057.46,7737.2699999999995,1339798.24,57898.72,207654.18,8403.06,1278432.04,61366.0,,,,,,6432806.1,1.0,,,0.21618969632583482,0.23398959417435952,0.9633940295511162,0.045802418728360175,
2017,333,2211430.0,19933602.88,2063994.94,147434.94,18579631.05,1353971.03,414469.58,19492.97,3106404.27,159299.01,402508.27,11960.92,3010111.57,96292.7,,,,,,19933602.88,1.0,,,0.16719407730112057,0.20080939733311556,0.9320759103032759,0.03099812246910155,
2017,2001,17157600.14,124286823.1,16242623.7,914976.2,118974705.04,5312116.88,4790364.54,251188.53,36681200.8,1666735.96,4523595.76,266768.56,34516171.57,2165028.89,,,,,72082151.27,52204671.83,0.42003384210727324,2635.0,1123.0,0.308310920272234,0.2949255384153239,0.9572592015186847,0.0590228466566449,
2017,2004,38864331.0,297577809.14,38143034.19,721295.34,293190949.14,4386855.98,20984269.76,347617.55,161750693.57,1808254.5,18327553.25,2656715.71,140304630.67,21446060.17,,,,,158209091.38,139368717.76,0.46834378599256327,9185.0,5562.55,0.5516906099743322,0.5501468408483736,0.9852581077443979,0.13258712959223823,
2017,3028,722081.0,42966920.0,539574.0,182507.0,32229230.0,10737690.0,442223.0,155209.0,26524741.0,9074640.0,438995.0,3228.0,26314546.0,210195.0,,,,,40518374.0,2448546.0,0.05698677028746766,1536.0,980.0,0.8230026283594116,0.8195780374888337,0.7500940258226562,0.007924488310743542,
2017,3029,2801740.0,71578375.23,2683535.0,118205.0,68419225.36,3159149.87,1063047.0,57556.0,28117474.77,1544700.2,1042747.0,20300.0,27547840.78,569633.99,,,,,58412596.21,13165779.02,0.18393514769921662,,,0.41095868335332464,0.3961368120780985,0.9558644652124495,0.020259073571136346,
2017,3478,1277.0,1223045.0,1277.0,0.0,1223045.0,0.0,0.0,0.0,0.0,0.0,0.0,0.0,0.0,0.0,,,,,1041860.0,181185.0,0.14814254585890135,,,0.0,0.0,1.0,,
2017,4000,2997356.63,150869375.35,2706240.0,291116.63,138052030.08,12817345.27,498055.48,56253.11,23475807.7,2034254.08,498055.48,0.0,23475807.7,0.0,,,,,134288348.21,16581027.14,0.10990320004662231,8630.0,1030.99,0.17005043450933655,0.18403965649757598,0.9150434258757605,0.0,
2017,4003,967262.0,21979952.0,665285.0,301977.0,14973175.0,7006777.0,196188.0,35829.0,1929756.0,380481.0,187290.0,8898.0,1876332.0,53424.0,,,,,20463745.0,1516207.0,0.0689813608328171,1997.0,172.0,0.12888088197726935,0.29489316608671473,0.6812196405160484,0.027684329003252225,
2017,4013,658421.0,40427501.82,637019.0,21402.0,38878886.33,1548615.49,75095.0,4692.0,5329407.22,318193.32,73261.0,1834.0,5132806.03,196601.19,,,,,35643752.14,4783749.68,0.11832909441941866,3468.0,370.0,0.13707715737443038,0.11788502383759354,0.9616940097635743,0.03688987947143585,
2017,5033,4779796.88,59432014.0,4689235.54,90561.1,58163274.42,1268739.58,3659116.09,82970.75,47611595.43,1170851.65,3363612.94,295503.07,45289125.53,2322469.9,,,,,56643594.8,2788419.2,0.046917797535853324,1334.0,1214.0,0.8185851966688501,0.7803225192650485,0.9786522533124993,0.04877950169543394,
2017,5034,8580469.01,59163359.63,8451496.69,128972.04,58180863.19,982495.91,32817.04,4117.47,62968.83,6782.669999999999,32817.04,0.0,62968.83,0.0,,,,,44497222.15,14666137.48,0.24789223552753137,692.0,0.0,0.0010822945303228665,0.0038829856064228076,0.9833934981694006,0.0,
2017,5050,72260215.23,392367050.6,69528993.23,2731222.0,379370757.02,12996293.58,24298680.0,992051.0,125432299.68,4352339.13,23276655.0,1022025.0,120532671.95,4899627.7299999995,,,,,234747088.57,157619962.03,0.40171559204314083,16891.0,5303.0,0.330632494357986,0.34947550469515115,0.9668772044948056,0.03906193016073067,
2017,8992,38018962.53,213195212.33,34292462.35,3726500.05,193156520.41,20038691.32,9059202.89,894017.06,57060153.27,4823005.99,8321845.27,737357.48,52314401.31,4745751.7700000005,,,,,187194770.4,26000441.93,0.12195603102828832,4026.0,1127.65,0.295408889893452,0.26417475646802013,0.9060077770931245,0.08317103088636692,
2018,1,51249304.0,334316871.0,41924883.0,9324421.0,285534841.0,48782030.0,22552595.0,4189459.0,140346343.0,20133816.0,19647017.0,2905578.0,123044649.0,17301694.0,,,,,202555811.0,131761060.0,0.3941202835677413,15315.0,7036.0,0.49152090339826515,0.5379286329791308,0.8540844503177945,0.12327855240232373,
2018,2,357832401.74,1478505420.51,325748758.0,32083643.1,1373506611.42,104998807.02,128762760.25,12617173.87,481989821.94,39235863.41,117343236.37,11419523.53,431835431.76,50154389.75,,,,,993533100.66,484972319.85,0.328015246425483,23601.0,7108.84,0.3509191859234625,0.3952824288281707,0.9289831422777055,0.1040569478171334,
2018,3,43496597.51,293163090.78,36271593.26,7225000.26,246837168.25,46325916.89,13445498.53,2120116.71,86506739.17,13496837.67,12511351.49,934144.94,79844297.24,6662441.93,,,,,228125358.45,65037732.33,0.221848296649344,12329.0,3848.88,0.3504607502318485,0.37068949339006785,0.8419790076344754,0.07701644974627009,
2018,4,84693020.0,515354742.0,75844592.0,8848428.0,469213480.0,46141262.0,27948496.0,3894657.0,151246303.0,19009453.0,26369934.0,1578562.0,143221336.0,8024967.0,,,,,366017926.0,149336816.0,0.2897747974927919,25817.0,6996.0,0.32234006363159046,0.3684968863699603,0.9104669885816244,0.05305892997596113,
2018,5,59801726.0,355845139.0,56298889.33,3502835.19,337614879.78000003,18230257.48,26046728.84,1468586.74,149199184.0,6983743.5,24567384.93,1479343.79,141037138.5,8162045.5,,,,,239870436.0,115974703.0,0.32591341088967357,16256.0,7375.0,0.44192123314358256,0.4626508471121912,0.9487691211091689,0.05470569798826782,
2018,6,12823805.26,105943545.91,12501168.790000001,322635.95,103004786.96,2938757.97,5966214.65,85110.82,47240841.33,819194.86,5397881.28,568333.03,42766248.45,4474592.62,,,,,54712915.52,51230630.39,0.4835653738975368,4391.0,2149.0,0.4586276300765042,0.4772525473596137,0.9722610856116095,0.0947187326479395,
2018,8,120337552.81,539029428.92,112929783.61,7407768.93,511482698.42,27546729.15,45005289.02,2989095.9899999998,179231452.48,10295017.39,40356710.01,4648578.74,158914828.29,20316623.03,,,,,227540351.97,311489076.95,0.5778702613215384,13333.0,4391.0,0.35041547452857436,0.39852453074225813,0.9488956835711315,0.11335411697490476,
2018,9,512163618.09,2409900106.67,387647008.81,124516608.92999999,1899793542.99,510106563.68,126626752.28,44164878.08,569164849.63,174623984.27,120929508.53,5697243.44,540735740.82,28429108.81,,,,,1449222916.29,960677190.38,0.39863776416337177,43978.0,10352.0,0.2995930014238373,0.32665479005943887,0.7883287517735059,0.04994881329808237,
2018,10,5102049.5200000005,51060002.46,5029141.06,72907.83,50269339.47,790661.98,2623740.93,25109.97,24623382.95,267121.74,2433647.14,190093.4,22998421.830000002,1624960.6199999999,,,,,24798044.419999998,26261958.04,0.5143352286473823,1996.0,1072.17,0.4898290530492224,0.5217075637166559,0.9845150224851751,0.06599258206314011,
2018,11,68900155.14,438695940.77,68061502.29,838652.63,433263911.7,5432029.07,31676060.04,396378.48,193450172.53,2229875.7,28179825.66,3496234.1,171416925.94,22033246.59,,,,,252414497.23,186281443.54,0.42462540960155326,15059.0,6862.0,0.44649500525201485,0.46540348029687895,0.9876177813260235,0.11389623644084945,
2018,12,156570375.4,783533479.53,148788756.16,7781618.12,753057947.33,30475531.34,72547474.97,2384627.5,342406787.33,8138690.8,65086869.25,7460605.48,305022505.38,37384281.95,,,,,409942845.95,373590633.58,0.4768023873135544,17107.0,7731.0,0.4546884984668421,0.4875870787708318,0.961105003173214,0.10918090217052359,
2018,13,7820635.51,108299202.37,7800067.54,20567.84,107819761.56,479440.77999999997,2211957.09,2179.84,30089324.57,146016.53,2023471.01,188485.76,27222134.92,2867189.6,,,,,61803723.95,46495478.42,0.4293242923539733,3388.0,920.0,0.2790705909069903,0.2835817867802719,0.9955729977736861,0.0952892642481805,
2018,15,91004734.98,535571846.0,89833583.73,1171149.26,529495601.6,6076239.94,41759795.25,467141.75,233040339.33,2291689.6,35169355.63,6590438.53,196208756.3,36831580.35,,,,,301120170.92,234451675.08,0.4377595215862038,21502.0,10095.98,0.4401176112243649,0.4648572784929906,0.9886546605364316,0.15804808925309763,
2018,16,55081365.21,277074479.46999997,50380314.81,4701050.4,253521683.36,23552796.12,23030732.5,2992026.4,101743156.67,11522017.6,21460980.0,1569752.5,94670032.11,7073124.56,,,,,164885731.8,112188747.67,0.40490465915373897,10069.0,2792.0,0.4013193480004037,0.4571375265687824,0.9149947113315786,0.06951941330994285,
2018,17,12969516.5,57719022.91,9302776.0,3666740.5,41584386.88,16134636.03,5137779.5,2036774.5,21702048.04,8511371.91,4729639.0,408140.5,19775035.62,1927012.42,,,,,22573455.27,35145567.64,0.6089078759147,2097.0,838.0,0.521879716601944,0.5522845546318648,0.7204624192069506,0.0887940353117014,
2018,18,31086895.0,182928947.81,30112787.18,974106.56,177568810.9,5360132.48,14784619.35,489648.58999999997,87364631.59,2587370.89,13810942.61,973676.12,82227700.78,5136928.97,,,,,87892266.31,95036681.5,0.5195278420270054,6997.0,3731.95,0.49200437366897976,0.49097478960099367,0.9706982575794,0.05879872525654863,
2018,19,99356287.0,450336518.0,75918113.0,23438174.0,358056322.0,92280196.0,41992615.0,15582817.0,179729539.0,57950119.0,40137037.0,1855578.0,171176891.0,8552648.0,,,,,254809388.0,195527130.0,0.4341800457763454,17223.0,7093.0,0.501958848250695,0.553130384049456,0.795086136008184,0.04758621230314289,
2018,22,81953271.51,329368122.53,70223375.12,11729896.12,289068559.39,40299563.14,37487876.13,5697766.2,149477629.14000002,18452506.96,36127962.29,1359913.58,143571191.7,5906437.44,,,,,212602934.26,116765188.27,0.35451271778544574,14136.0,7247.0,0.5171009585249658,0.5338375728301223,0.8776458303540612,0.039513855511235464,
2018,23,159663732.5,632980942.0,156290039.5,3373693.0,619591787.0,13389155.0,68239861.0,1372492.0,252717102.0,5198790.0,64190971.0,4048890.0,237733586.0,14983516.0,,,,,302040182.0,330940760.0,0.5228289479843454,25035.0,10339.0,0.40787677839248054,0.43662322447618296,0.9788474595179834,0.059289679572219846,
2018,24,91900101.35,440415071.65,87395859.93,4504240.07,423942375.8,16472691.62,45485603.52,2077255.77,214901143.77,6507921.03,38402997.17,7082605.58,178083638.87,36817502.410000004,,,,,258553967.29,181861104.36,0.4129311553273225,10905.0,5962.0,0.5069112125544681,0.5204548997679277,0.9625973384873374,0.17132297094427884,
2018,27,61242538.45,332245530.33,45483474.8,15759063.65,248132768.95,84112761.38,58434943.0,20822919.56,144201531.85,47413995.9,55271140.88,3163802.12,135595649.54,8605882.31,,,,,173019545.72,159225984.61,0.47924191621735335,11192.0,5065.0,0.5811466678109627,1.2847510718332364,0.746835536669355,0.059679548473534474,
2018,28,35638697.0,196820552.0,35129371.9,509323.93,193730195.16,3090352.51,17150662.29,190960.12,83536802.2,1064701.84,16557867.6,592794.14,80543833.6,2992966.63,,,,,84066145.0,112754407.0,0.5728792336686466,6777.0,3119.0,0.4312017655843877,0.48821431646490665,0.9842986069869369,0.03582812067469827,
2018,29,110175528.08,670224184.73,97908489.91,12267037.94,614385287.66,55838897.07,40921668.02,4414490.44,242939834.81,20916682.46,38043949.69,2877718.16,223411990.58,19527844.23,,,,,365794371.88,304429812.85,0.45422087084583446,19651.0,7785.0,0.3954193560449361,0.4179583206483549,0.9166862397057565,0.08038140079115665,
2018,30,6882867.79,59412493.2,6714088.4,168778.7,57813147.99,1599344.19,4368493.42,76178.45999999999,34285565.22,604593.23,4148684.38,219808.35,32367191.1,1918373.65,,,,,19820462.96,39592030.24,0.6663923378324073,1254.0,914.25,0.5930409675309569,0.650645800254879,0.97308065822762,0.05595280806048791,
2018,32,23445879.0,166233621.0,21500236.0,1945643.0,153483982.0,12749639.0,10217773.0,716399.0,66351721.0,4066741.0,9443099.0,774674.0,61070188.0,5281533.0,,,,,67748523.0,98485098.0,0.5924499352630958,5167.0,2385.0,0.43230388041404866,0.4752400392256159,0.9233028858825135,0.07959903556985357,
2018,33,37481519.0,234993744.0,35704995.0,1776524.0,224280907.0,10712837.0,18727075.0,629110.0,114570935.0,3540752.0,17548736.0,1178339.0,107625272.0,6945663.0,,,,,145178490.0,89815254.0,0.3822027449377546,10106.0,5438.0,0.510836773992536,0.5244945420101585,0.9544122459702586,0.06062325492935883,
2018,34,21704285.0,194521771.25,21247812.64,456471.44,191268925.3,3252842.38,8653429.67,123473.45,70461781.73,962243.0599999999,7554035.58,1099393.44,60981920.8,9479858.77,,,,,114463561.22,80058210.03,0.4115642661258155,7302.0,2827.0,0.3683911624404364,0.40726214112550646,0.9832777280964637,0.13453901586430972,
2018,35,25156770.91,156740198.6,24309316.84,847452.97,151450370.86,5289826.49,9734424.05,279802.4,62569784.65,1792866.46,9683407.5,51015.9,62243374.94,326408.96,,,,,78366130.24,78374068.36,0.5000253225403276,6524.0,3141.12,0.41313721646703133,0.4004400499639874,0.9662509822799218,0.0052167186098825745,
2018,37,41130761.77,210980105.63,40163621.36,967139.22,206662139.52,4317964.32,22535137.45,550498.25,112956759.42999999,2436255.49,21292638.85,1242497.68,105295445.2,7661313.63,,,,,101896026.0,109084079.63,0.5170349085960878,7263.0,4117.0,0.5465769380514347,0.5610833059103414,0.9795337759590826,0.06782518964478407,
2018,38,27090851.5,236967133.88,26349303.05,741547.5,232086895.77,4880236.78,10465986.28,292794.35,92073494.05,1882186.3800000001,8681618.43,1784367.54,75932705.06,16140788.82,,,,,117926794.13,119040339.75,0.5023495781920625,4665.0,1945.8,0.39671991710055693,0.39720163604099573,0.9794054220511806,0.17530331597098764,
2018,39,26706095.0,149987858.0,26466734.0,239361.0,148119039.0,1868819.0,11422509.0,97324.0,60959501.0,664024.0,10999624.0,422885.0,58474860.0,2484641.0,,,,,68867845.0,81120013.0,0.5408438661748206,5457.0,2493.0,0.41155749734509145,0.4315798466104658,0.9875401980872345,0.04075888022771053,
2018,40,41111244.26,266927530.67,40239778.75,871464.36,261696296.0,5231233.6,18816656.33,179934.64,128621174.11,1023076.44,16960226.96,1856429.14,116503842.09,12117332.02,,,,,140979967.09,125947563.58,0.47184178890752104,10259.0,5720.0,0.4914902353451728,0.4676133148470653,0.9804020414946732,0.09420946515102528,
2018,43,70234784.0,428075147.04,68751403.03,1483380.41,419487650.79,8587494.18,25682741.09,764845.29,196568826.95,4269991.97,29329547.67,-3646806.81,179015655.89,17553169.43,,,,,247536069.2,180539077.84,0.4217462263071539,15742.0,8052.0,0.4685926429057251,0.3735595196332679,0.9799392786304467,0.08929782866570646,
2018,44,100727888.3,463552940.83,96074670.66,4653217.39,444067819.56,19485121.27,45052023.26,2061018.0,187220823.97,7431999.33,41638050.67,3413972.36,172599156.94,14621667.03,,,,,239524467.78,224028473.05,0.48328562569115174,17313.0,6915.0,0.4216041237924104,0.4689271683213491,0.9579657045533753,0.0780985080609567,
2018,45,2113592.0,16963047.77,2063044.0,50548.0,16317395.33,645652.44,668199.0,30369.0,7555260.01,335682.31,630930.0,37269.0,7154488.65,400771.36,,,,,2702200.31,14260847.46,0.8407007781479591,225.0,163.0,0.4630187512898849,0.3238898443271205,0.9619377102066606,0.053045343174099445,
2018,48,51160961.75,313001088.32,49541530.12,1619431.63,304778428.97,8222659.35,19078326.01,591605.0,110563674.33,2939724.36,18143421.51,934904.5,104521557.39,6042116.94,,,,,191006487.2,121994601.12,0.3897577537982153,15427.0,6620.0,0.36276738712660994,0.3850976335165322,0.9737296141871767,0.054648300869289686,
2018,49,69228990.26,343214124.58,66599097.39,2629892.25,330734572.17,12479551.11,34808696.95,1189079.17,163776415.16,5000711.43,32376056.87,2432639.64,151637489.74,12138924.9,,,,,141620637.42,201593487.16,0.58736943710197,10307.0,5323.35,0.49518988621430754,0.522660190815538,0.9636391642527198,0.07411888267392457,
2018,51,45108563.0,247708141.0,41236397.0,3872166.0,227907921.0,19800220.0,7179943.0,353072.0,101710985.0,5916635.0,6724901.0,455042.0,95395626.0,6315359.0,,,,,141188035.0,106520106.0,0.43002262892926074,9419.0,4619.0,0.44628104435211796,0.17411664263490334,0.9200663332256004,0.06209121856405186,
2018,55,14806255.26,103023167.16,14184072.19,622180.23,98816582.06,4206580.93,6428863.39,269041.18,41078243.34,1624474.54,6328792.6,100069.47,40358674.6,719568.74,,,,,57867262.62,45155904.54,0.4383082541994722,3571.0,1648.98,0.41570192455207455,0.4532452531179623,0.9591685519290339,0.017517028029758002,
2018,60,6798527.5,52422673.0,5965725.6,832801.9,45820906.0,6601767.0,2504407.0,188002.0,19488080.0,1485595.0,2453364.0,51043.0,19125908.0,362172.0,,,,,20744444.0,31678229.0,0.6042848864269093,2067.0,1120.0,0.42530979199756547,0.41979922777541095,0.8740665703940735,0.018584283315749937,
2018,61,23856541.12,110401216.65,17168751.0,6687790.12,79045067.74,31356148.91,9433004.6,3994389.5,42191315.43,17637013.85,8900434.28,532570.32,39494044.56,2697270.87,,,,,38025843.2,72375373.45,0.6555668102775387,3197.0,1564.0,0.5337627841471188,0.5494287033459802,0.715980042055089,0.06392952773598792,
2018,62,39520061.0,264243575.72,36754893.3,2765166.52,245815215.16,18428355.15,16895450.16,1014675.23,106194594.15,6544291.54,15617240.16,1278209.47,97552913.34,8641678.46,,,,,158516282.78,105727292.94,0.4001130118373498,9891.0,4302.0,0.43200984967866385,0.45967893368908247,0.9302599485728758,0.08137587915062436,
2018,63,96385999.94,414387182.11,91770053.22,4615946.32,397026143.5,17361036.58,44803698.51,1987860.44,186069445.79,6858540.33,41787092.33,3016605.92,173146558.24,12922885.96,,,,,246542983.09,167844199.02,0.40504196622434474,14811.0,6950.0,0.4686579179640345,0.4882169829692946,0.9581043059256802,0.06945195061517467,
2018,65,17227439.0,96025118.0,16700258.0,527181.0,93025800.0,2999318.0,5663288.0,189253.0,29283850.0,1095175.0,5347613.0,315675.0,27618289.0,1665561.0,,,,,54701260.0,41323858.0,0.43034425638508456,4574.0,1667.0,0.31479277791752397,0.3391138029125059,0.9687652766018992,0.056876435304784034,
2018,87,1444963.49,14185518.85,1406007.46,38956.03,13807030.28,378488.57,128521.13,5242.22,1133879.63,42934.89,120820.31999999999,7700.8099999999995,1064152.97,69726.66,,,,,,14185518.85,1.0,,,0.08212335361083889,0.09140856905552977,0.9733186657462304,0.06149388185058057,
2018,88,924738.0,7034872.63,892742.19,31995.48,6788667.6,246204.79,214545.71,7556.09,1465033.92,57520.46,201646.4,12899.18,1375029.73,90004.09,,,,,,7034872.63,1.0,,,0.2158058114378733,0.2403221360021083,0.965002205022154,0.061434816471689614,
2018,333,2333139.0,20721062.1,2168022.28,165116.65,19237772.96,1483288.31,486847.74,23225.07,3600533.04,177484.3,463300.13,23547.23,3425584.32,174948.72,,,,,,20721062.1,1.0,,,0.18715955570774134,0.22455845795090262,0.9284163556461712,0.04858967215587612,
2018,2001,18001183.97,124902915.88,17013051.93,988131.83,119506225.79,5396689.77,5374303.61,346989.03,41021492.11,1951976.17,4934381.98,439921.4,37892972.11,3128519.91,,,,,75066238.13,49836677.75,0.39900331708733205,2478.0,1109.9,0.34325820130981477,0.31589297629328994,0.9567929215104567,0.07626538551086362,
2018,2004,32260485.0,275753342.43,31912711.43,347772.24,273015810.89,2737527.81,17604253.41,115478.65,155043320.77,962244.02,15080146.11,2524106.5,132261890.19,22781428.11,,,,,156715817.66,119037524.77,0.43168116738319384,8530.0,5204.0,0.5678913622788977,0.5516376585115507,0.99007253541924,0.14693588860751539,
2018,3028,712397.8,43539526.0,524731.0,187666.8,31798863.0,11740663.0,426537.0,163949.8,25963621.0,10198513.0,416095.0,10442.0,25323810.0,639811.0,,,,,41164265.0,2375261.0,0.05455413088328063,1568.0,975.0,0.8164952627394256,0.8128679266138269,0.7303447217133232,0.024642595114140665,
2018,3029,2902508.33,72755613.9,2781399.33,121109.0,69512377.6,3243236.3,1130693.0,75524.0,28756853.73,2063088.54,1091142.0,39551.0,27772299.09,984554.64,,,,,59746194.23,13009419.67,0.17880983985484591,,,0.4136940027498067,0.4065194766549397,0.9554228721860869,0.034237216951619555,
2018,4000,3254757.57,156131023.48,2899556.0,355201.57,140747009.37,15384014.11,566316.22,74524.66,23977316.53,2639610.85,566316.22,0.0,23977316.53,0.0,,,,,139786853.24,16344170.24,0.10468239992094618,8345.0,1078.63,0.1703575559958628,0.19531135801481328,0.9014672819846682,0.0,
2018,4003,970765.0,22846313.0,761333.0,209432.0,17418063.0,5428250.0,142523.0,20510.0,2081456.0,319251.0,141271.0,1252.0,1976012.0,105444.0,,,,,21329257.0,1517056.0,0.06640266199627047,1973.0,166.0,0.11949985483460475,0.18720192084147147,0.7624014868394738,0.050658769630489424,
2018,4013,703050.27,42723241.339999996,680347.81,22702.46,41159269.54,1563971.8,78301.93,3701.23,5026283.53,227342.73,75728.75,2573.1800000000003,4852313.78,173969.75,,,,,37265825.91,5457415.43,0.12773879646838612,3718.0,361.0,0.12211789922839336,0.11509102968965239,0.9633929507465597,0.034612004866347044,
2018,5033,4313899.85,59877227.32,4203962.89,109936.72,58636071.35,1241155.96,3121221.92,71074.58,47345934.46,828823.15,2999442.23,121779.59,45969240.88,1376693.58,,,,,57520375.44,2356851.88,0.0393614064225845,1309.0,1184.0,0.8074540699937258,0.7424475433464162,0.9792716525872694,0.029077334637107932,
2018,5034,9243688.120000001,63561058.57,8965513.87,278173.83,61537586.82,2023471.3,32731.43,8465.04,47678.61,7572.56,32731.43,0.0,47678.61,0.0,,,,,46850599.65,16710458.92,0.26290403740832474,597.0,0.0,0.0007747884254782677,0.003650814719000597,0.9681649142490044,0.0,
2018,5050,72842882.27,409068098.29,69757349.27,3085533.0,395068937.16,13999161.129999999,25686816.0,1150667.0,136958629.53,5026369.59,24379630.0,1307186.0,129802800.52,7155829.01,,,,,236143616.72,172924481.57,0.4227278594758786,16306.0,4334.0,0.3466702052420101,0.36823096446193276,0.9657779201347655,0.05224810612194799,
2018,8992,37089549.38,215034042.61,33956454.02,3133095.22,198428349.98,16605692.0,10087525.1,919812.61,62307049.46,4937248.66,9214385.34,873139.59,56634895.089999996,5672154.18,,,,,186835300.1,28198742.509999998,0.13113617810340436,3879.0,1205.73,0.3140027595163698,0.2970723943689335,0.9227764477268503,0.0910355125007391,
2019,1,67966695.0,369067116.0,62703626.0,5263069.0,312205369.0,56861747.0,15151612.0,2588555.0,154980631.0,25285477.0,13206340.0,1945272.0,134832350.0,20148281.0,,,,,207266681.0,161800435.0,0.43840382408927486,15481.0,6880.0,0.496406040345834,0.2416385298036831,0.845931147656081,0.1300051552893729,
2019,2,408104822.06,1557658489.77,369109296.7,38995524.5,1444883466.37,112775020.93,147112583.99,16424008.54,516490449.52,49244478.71,134209503.73,12903079.81,465758712.4,50731736.64,,,,,1004634368.47,553024121.3,0.3550355388758277,22299.0,6734.86,0.35746166493107284,0.39856103681281246,0.9275996477144023,0.09822395881114065,
2019,3,45013792.51,327529547.71,38235678.84,6778107.9,280036076.77,47493465.4,14499917.79,2148427.74,99906739.59,14494893.79,13608185.43,891730.09,93272134.13,6634605.46,,,,,250311993.06,77217554.65,0.23575752230565067,11277.0,3609.58,0.35676381679941793,0.37922480337477377,0.8549948507789242,0.06640798696091249,
2019,4,87131033.0,518074417.0,78310987.0,8820046.0,473937889.0,44136528.0,29994977.0,3622018.0,156162533.0,17768591.0,25228749.0,4766228.0,129205417.0,26957116.0,,,,,363808137.0,154266280.0,0.29776857327429085,25233.0,6996.0,0.32949999699222193,0.3830238661147254,0.9148065865603242,0.1726221743598383,
2019,5,63479312.0,354397786.0,59879638.39,3599670.25,336615408.94,17782373.03,27863734.48,1530970.71,147109536.0,6788358.0,25712532.28,2151202.0,136375985.0,10733551.0,,,,,230702470.0,123695316.0,0.3490295958000144,15566.0,6807.0,0.43702555525680503,0.4653290372016223,0.9498236790339316,0.07296298589372208,
2019,6,12145881.76,108110066.71,11827500.38,318380.68,105073423.03,3036642.74,5758636.25,50623.08,49653478.62,593345.42,5176510.19,582125.63,44797673.31,4855805.04,,,,,54526560.75,53583505.96,0.4956384506147346,4158.0,2102.48,0.4725598271013137,0.48688531515397,0.971911554840257,0.09779385402504555,
2019,8,120120549.6,553664077.19,112950130.53999999,7170418.78,526476462.74,27187612.6,46894508.32,2891516.94,192114543.51,10330954.39,40634162.37,6260345.68,164272628.98,27841913.1,,,,,242706952.89000002,310957124.3,0.5616350005552001,13334.0,4671.0,0.36490623438350295,0.4151788766936648,0.9508951084780779,0.14492350548437666,
2019,9,533073142.28000003,2474806919.59,407682864.76,125390277.17999999,1959990165.76,514816753.83,134544262.91,43053837.25,597759535.92,170589973.5,125867535.7,8676726.9,554541917.44,43217618.48,,,,,1491781338.29,983025581.3,0.39721304054817225,42100.0,9985.0,0.3049808852934803,0.3300218737159955,0.7919770024259954,0.07229933758143166,
2019,10,4394985.27,45196511.47,4321335.99,73648.98,44398726.65,797784.56,2107645.44,17019.16,20396078.669999998,186591.57,1968794.39,138850.75,19024094.2,1371984.3699999999,,,,,20077579.62,25118931.85,0.5557714751208873,1552.0,771.4200000000001,0.45938431592384416,0.48773005498237126,0.9823485310247995,0.06726706599823093,
2019,11,65571242.01,430110515.06,64707909.65,863332.14,425218361.9,4892153.16,29884792.88,292910.46,190407886.1,1643650.79,25618514.37,4266278.21,163136156.57,27271729.53,,,,,247134789.95,182975725.11,0.4254156052996637,13727.0,6295.0,0.4477884850720037,0.4618414200310982,0.9886258229252601,0.14322794128220723,
2019,12,157624745.65,790816034.94,150462899.79,7161845.86,760415890.84,30400144.1,75972379.62,2187675.65,351947294.51,8276185.29,67656980.26,8315399.36,310471288.81,41476005.7,,,,,413999703.1,376816331.84,0.4764905049865224,16201.0,7393.0,0.46283527047444833,0.5049243350090562,0.9615585132864605,0.11784720708748489,
2019,13,8170186.91,112844902.71,8120797.72,49389.19,111756877.99,1088024.7,2241041.92,2565.79,31063243.919999998,85015.38,2063427.55,177614.01,28370400.53,2692843.34,,,,,64533876.1,48311026.61,0.42811882016642305,3025.0,815.0,0.2779537553185723,0.27596327322385267,0.9903582289153449,0.08668905755416674,
2019,15,101045113.0,554968566.42,99408467.4,1636643.76,548020725.99,6947835.86,47364532.62,519196.34,243959215.99,2377667.08,40266495.8,7098035.89,208387478.93,35571734.45,,,,,301121743.13,253846823.29,0.4574075698152043,20208.0,9663.46,0.4451642144542753,0.4764637646953603,0.9874806595356937,0.1458101687433612,
2019,16,56743193.9,286957736.79,51700023.5,5043170.4,260933737.95,26023998.84,21011863.2,3073737.4,106449449.41,11601098.29,19203678.2,1808185.0,97309503.75,9139945.66,,,,,171359060.14,115598676.65,0.40284216743247064,9761.0,2834.0,0.40795586744094314,0.40641883267229073,0.9093106910755824,0.08586184062631123,
2019,17,12266542.98,63463232.1,8773924.89,3492617.95,45494335.07,17968897.03,5169646.25,2082316.32,24572992.080000002,9981225.87,4707562.19,462084.03,22279087.69,2293904.39,,,,,23271072.29,40192159.81,0.6333141014102243,1726.0,711.0,0.5401330086963727,0.5892056650601211,0.7168613000723612,0.0933506340022391,
2019,18,27331014.0,180055427.76,26613226.24,717786.75,175327530.59,4727892.99,13131586.67,278258.04,83741839.56,1998420.87,12234333.15,897252.97,77596292.9,6145544.54,,,,,84351493.12,95703934.64,0.5315248522669695,6156.0,3392.0,0.47763086195418253,0.4934233283698264,0.9737419902925564,0.07338678696682789,
2019,19,97904520.0,455207753.0,75251077.0,22653443.0,362598694.0,92609059.0,42083344.0,14822015.0,182598039.0,57482787.0,39742160.0,2341184.0,172111711.0,10486328.0,,,,,248824300.0,206383453.0,0.45338299191929626,15629.0,6430.0,0.5035816234903483,0.5592390923521268,0.7965564988960107,0.057428480926895384,
2019,22,78401801.48,336635121.54,68228731.45,10173069.82,297814248.73,38820872.81,36460890.73,5288996.3,155304855.84,18378002.57,32865501.22,3595389.28,139983410.06,15321445.78,,,,,213453116.53,123182005.01,0.3659214298451124,13481.0,7000.0,0.5214822880445865,0.5343920362453111,0.8846796714721664,0.09865400342526727,
2019,23,163710760.0,639656472.0,159459109.0,4251651.0,624925143.0,14731329.0,70431310.0,1558193.0,258969648.0,5503042.0,65204071.0,5227239.0,238978397.0,19991251.0,,,,,311577101.0,328079371.0,0.5128993223099915,25137.0,10706.0,0.4144010701134488,0.44168884701343714,0.9769699367631819,0.07719534375704136,
2019,24,87184206.11,420492952.57,83151282.55,4032922.5700000003,404589768.25,15903182.84,44706989.26,1765480.51,211554615.58,5991831.78,39033071.089999996,5673917.63,180593323.54,30961291.18,,,,,254096371.46,166396581.11,0.3957178832439522,10726.0,6194.67,0.5228867168219596,0.5376584448125268,0.9621796650269601,0.14635129134439467,
2019,27,63169244.7,336123479.02,45816616.31,17352628.39,247669049.48,88454429.54,60109604.06,22971169.26,142096294.05,50065590.09,56223476.13,3886127.93,131552266.65,10544027.4,,,,,174785275.26,161338203.76,0.4799968280418758,11005.0,4894.0,0.5737345637185671,1.3119607884897513,0.7368394799497574,0.074203394750674,
2019,28,35582334.0,190672185.0,35088617.88,493715.14,187597764.77,3074416.27,16885773.88,214672.36,80050349.47,1298750.1300000001,16439392.84,446380.55,77749353.41,2300994.07,,,,,78658331.0,112013854.0,0.5874682455650256,6354.0,2774.9700000000003,0.42671270400339745,0.4812322314246707,0.9838758850432223,0.028744335099527955,
2019,29,118144969.26,691568318.16,105033451.87,13111517.15,634289804.12,57278514.04,42361085.55,4436128.02,251485343.84,20680920.78,38489501.21,3871584.19,225239375.32,26245968.52,,,,,380466180.61,311102137.55,0.44985018743733707,19184.0,7700.0,0.3964833459508392,0.40331041964069075,0.9171759137370603,0.10436380951367968,
2019,30,5652093.77,50208133.77,5534634.44,117458.89,48904232.44,1303900.93,3435103.87,49950.92,26685593.86,420433.64,3281523.21,153580.31,25399496.24,1286097.4,,,,,12041331.99,38166801.78,0.7601716876161836,698.0,525.17,0.5456704364543544,0.6206559633232073,0.974030077756463,0.04819444554043737,
2019,32,25735640.0,164257831.0,23637205.0,2098435.0,151399958.0,12857873.0,11253804.0,1036354.0,66189884.0,5379662.0,10329293.0,924511.0,60617466.0,5572418.0,,,,,66414631.0,97843200.0,0.5956684037791781,4937.0,2324.0,0.4371856166565119,0.47610552939740547,0.9217214003026741,0.0841883632852416,
2019,33,35538755.0,233903993.0,33778401.0,1760354.0,223342700.0,10561293.0,18124337.0,753069.0,115361754.0,4087159.0,16874175.0,1250162.0,107456678.0,7905076.0,,,,,147190208.0,86713785.0,0.3707238336884655,10613.0,5750.0,0.5165235040142346,0.5365658664541285,0.9548477438775489,0.06852423551049683,
2019,34,21349147.98,187755790.12,20816880.98,532266.27,184142211.5,3613574.7800000003,8487744.3,189973.32,68953891.27,1264363.73,7351947.34,1135796.54,59126449.95,9827439.14,,,,,119081491.45,68674298.67,0.36576394595398803,7349.0,2809.13,0.37445999322105455,0.407733719002125,0.9807538365784061,0.14252189338407445,
2019,35,23543708.37,156074583.97,22846480.98,697226.87,151676610.0,4397973.44,10219864.23,246983.58,68386930.89,1433604.89,9953994.040000001,265869.86,66513604.51,1873326.25,,,,,80599410.3,75475173.67,0.48358401316967486,6024.0,3173.26,0.45087328158244044,0.4473277192643609,0.9718213314549321,0.027393044630314452,
2019,37,40369056.76,231728135.06,39475006.4,894049.77,226964035.86,4764098.38,23317351.0,462695.81,126895630.3,2490020.65,21759059.08,1558291.51,118580597.94,8315032.2299999995,,,,,111594180.58,120133954.48,0.5184262776244,6514.0,3638.12,0.5591001667694789,0.5906864400153714,0.9794409979661449,0.06552654500664866,
2019,38,27944986.76,230207864.13,27179167.7,765818.85,225248895.8,4958968.33,10771773.8,388813.54,89487183.77,2288284.13,8915007.35,1856766.16,73317371.08,16169812.69,,,,,110478740.33,119729123.8,0.5200913715631718,4405.0,1705.0,0.3972813427216809,0.39632463800574735,0.9784587362002559,0.18069417327468545,
2019,39,28848737.0,153315099.0,28552125.0,296612.0,151465618.0,1849481.0,13939205.0,128935.0,68566706.0,838716.0,13448597.0,490608.0,66022923.0,2543783.0,,,,,71252451.0,82062648.0,0.5352548348809402,5423.0,2713.0,0.45268825298689236,0.4882020164873893,0.9879367328328177,0.03709939048260536,
2019,40,41087827.49,271508889.17,40228205.36,859620.94,266209985.1,5298903.82,19373547.38,233093.05,132505698.92,1444015.31,17163949.25,2209597.5,117478482.14,15027216.6,,,,,139571362.55,131937526.62,0.48594183057258905,9515.0,5256.0,0.4977487935707037,0.48159114249883106,0.9804834969263853,0.1134080777089644,
2019,43,72316082.32,448592881.11,71041286.32,1274795.67,441032083.11,7560797.4,32914553.75,546379.92,206045930.6,3090743.33,29546088.56,3368464.94,178903213.26,27142717.02,,,,,263245243.28,185347637.83,0.4131756111942193,17086.0,8527.0,0.4671903439474018,0.46331584709402546,0.9831455238850614,0.13173139086494534,
2019,44,107645508.82000001,477483649.17,103106218.74,4539289.81,459549911.4,17933737.77,49439484.52,1965417.06,197008443.58,6718277.63,43033286.52,6406197.7,169353127.42,27655316.16,,,,,243580824.77,233902824.4,0.4898656211717165,17672.0,7150.0,0.4286986868952316,0.47950051048492176,0.9624411478776835,0.14037629889081324,
2019,45,2041058.0,15877748.83,1996260.0,44798.0,15245323.290000001,632425.54,619873.0,29593.0,7216988.17,380544.45,579848.0,40025.0,6693346.92,523641.24,,,,,2143225.7,13734523.13,0.8650170296213207,172.0,127.0,0.4733903002722089,0.3105171671024816,0.9601690676196445,0.07255675465517633,
2019,48,52282276.83,307991681.81,50773485.83,1508791.0,300499676.21,7492005.6,20138919.0,585041.0,113010400.31,2857297.98,18748596.0,1390323.0,104396993.05,8613407.26,,,,,185479424.74,122512257.07000001,0.3977778112383496,14509.0,6450.0,0.3760749486832201,0.3966424339551792,0.9756746495360812,0.07621782806159852,
2019,49,52441729.76,323916501.73,50557387.71,1884341.38,312344396.2,11572104.45,26288358.49,697365.3,154655975.07,4136612.02,24052718.5,2235639.38,141152072.16,13503902.47,,,,,157954734.58,165961767.15,0.5123597169752627,10815.0,5703.96,0.4951456691765677,0.5199706646393895,0.9642744180423203,0.08731575009557761,
2019,51,45745262.0,256445229.0,37673780.0,8071482.0,238649328.0,17795901.0,6992166.0,387174.0,93960767.13,5605691.11,6524845.0,467321.0,86737281.14,7223485.97,,,,,146125649.0,110319580.0,0.4301876873677381,10406.0,5806.0,0.3937189679830148,0.18559767562479793,0.9306054510376561,0.07687768193724835,
2019,55,9884159.61,70705927.07,9492866.16,391290.53,67746859.0,2959065.29,3246253.87,100509.06999999999,23152461.72,815664.52,3197594.37,48658.5,22705490.73,446970.99,,,,,24171549.53,46534377.54,0.6581396987261086,1563.0,679.57,0.3417495963908821,0.34196772768994776,0.9581496461100005,0.019305549250250527,
2019,60,7614579.5,51873732.0,6724275.5,890304.0,45905617.0,5968115.0,2872746.0,189534.0,19964031.0,1379089.0,2838906.0,33840.0,19687788.0,276243.0,,,,,21486070.0,30387662.0,0.5858005743639189,2038.0,1118.0,0.43489298923920355,0.42722015182156053,0.8849491877700258,0.013837035215984186,
2019,61,22994757.0,110772866.47,16563169.32,6431587.68,79048931.49,31723934.98,8791985.74,3896760.58,41672192.22,18147306.41,8190775.0,601210.74,38628867.78,3043324.44,,,,,39990244.98,70782621.49,0.6389888042589352,3112.0,1458.0,0.5271695826182254,0.5308154236752076,0.7136127646512459,0.07303010179866175,
2019,62,36656296.0,273965071.07,34284744.64,2371550.16,255657503.25,18307562.69,16627434.3,1030495.64,112668038.93,6945491.22,15137549.69,1489884.07,101865160.05,10802876.54,,,,,171247170.26,102717900.81,0.37493064502282797,10236.0,4421.1,0.4406991287082438,0.48498054964658477,0.9331755404128789,0.09588235175293823,
2019,63,77752805.76,389173561.26,73699584.08,4053221.46,373093530.89,16080030.37,38418769.48,1860138.88,177488569.12,6710297.12,35153262.19,3265507.08,161085201.91,16403367.21,,,,,250413157.56,138760403.7,0.3565514657541102,14294.0,6743.0,0.4757213792922327,0.5212888235338872,0.9586815961548395,0.09241928813404139,
2019,65,18958146.0,111194166.0,18040708.0,917438.0,106905021.0,4289145.0,7496471.0,464617.0,40448936.0,1919202.0,6822660.0,673811.0,35793551.0,4655385.0,,,,,66765059.0,44429107.0,0.3995632918367318,5253.0,2083.0,0.3783632950224106,0.41553086497492225,0.9614265284385514,0.11509289144218775,
2019,87,1370384.57,14079810.03,1337580.47,32804.1,13745707.15,334102.88,134512.69,5505.31,1235586.12,51311.27,125826.64,8686.05,1150715.51,84870.61,,,,,,14079810.03,1.0,,,0.08988887268706289,0.10056418512151273,0.9762707821136704,0.06868854272982607,
2019,88,1049202.0,7158252.34,1018937.99,30263.739999999998,6926789.92,231462.32,274193.66,9224.81,1657783.05,57717.35,259819.72,14373.8,1573081.03,84701.95,,,,,,7158252.34,1.0,,,0.23932919420775506,0.2690974943431052,0.9676649538174844,0.051093507078625276,
2019,333,2365355.0,21263152.77,2190435.6,174919.32,19639587.28,1623564.68,486487.14,21533.12,3712266.64,162594.35,466642.14,19844.59,3545011.72,167254.92,,,,,,21263152.77,1.0,,,0.1890195851406914,0.2220960707541459,0.9236441788495884,0.04505466234505181,
2019,2001,16306611.01,124572575.37,15637299.99,669310.82,120289717.69,4282857.68,5108589.04,206652.73,42021144.8,1304145.63,4647211.99,461376.81,37984400.81,4036743.99,,,,,71709529.39,52863045.980000004,0.4243554074641911,2223.0,1054.0,0.3493328075496292,0.32669252641229146,0.9656195782476259,0.0960645886544243,
2019,2004,31799517.27,256874425.77,31486015.95,313500.12,253959079.43,2915343.31,17675679.56,144308.58,144002506.4,1379774.84,15017263.9,2658414.89,122847336.56,21155167.74,,,,,152604317.78,104270107.99,0.40591860274701413,8418.0,5200.21,0.5670303527765469,0.5613819032572775,0.988650694473531,0.14690833006223283,
2019,3028,717034.0,44406343.0,481792.0,235242.0,29665635.0,14740708.0,407002.0,212798.0,25111314.0,13203095.0,397913.0,9089.0,24564803.0,546511.0,,,,,44016364.0,389979.0,0.008782056203096932,1727.0,979.0,0.8464782230348348,0.8447670363974495,0.6680494946408895,0.02176353654770913,
2019,3029,3037082.47,75883086.66,2927898.99,109183.48,73057999.26,2825087.4,1195950.75,58481.97,30239460.43,1588123.68,1122413.59,73537.16,28300957.52,1938502.91,,,,,61256607.32,14626479.34,0.19275018958486842,,,0.41391032790787646,0.4084672162819387,0.9627705260243562,0.06410507603094821,
2019,4000,3316941.79,159882533.01,2976478.0,340463.79,144921400.37,14961132.64,571709.17,70132.96,24125950.2,2417722.01,571709.17,0.0,24125950.2,0.0,,,,,143083025.95,16799507.06,0.10507406121060929,7958.0,1009.15,0.1664761045532533,0.1920757250683526,0.906424220592851,0.0,
2019,4003,925528.0,22551920.0,767294.0,158234.0,18801838.0,3750082.0,166894.0,44411.0,2407764.0,420839.0,159330.0,7564.0,2298530.0,109234.0,,,,,21093264.0,1458656.0,0.06467990308585699,1746.0,159.0,0.1280600332797251,0.21750984629099146,0.8337134044462733,0.04536740311758129,
2019,4013,54854.7,4049221.74,53343.66,1511.04,3880923.31,168298.43,6784.46,147.69,518899.97000000003,22819.14,6517.780000000001,266.68,498868.42,20031.55,,,,,3603245.89,445975.85000000003,0.11013865839809504,274.0,35.0,0.13370528829130612,0.12718399899819396,0.9584368451997889,0.03860387581059216,
2019,5033,4313569.28,60471261.75,4198105.15,115463.89,58575579.9,1895681.8499999999,3268959.99,91680.88,47334197.21,1590722.72,3164642.95,104316.95999999999,45993177.08,1341020.1300000001,,,,,57460577.03,3010684.72,0.049787033259645855,1289.0,1158.0,0.8080875561250739,0.7786751101267675,0.9686515247881362,0.02833089413242845,
2019,5034,8466524.86,65840610.75,8022029.52,444494.95,63332756.19,2507854.13,23872.45,16027.64,34333.0,15898.77,23872.45,0.0,34333.0,0.0,,,,,49062004.85,16778605.9,0.2548367293205888,576.0,0.0,0.0005421049400881917,0.002975861649534294,0.961910217243846,0.0,
2019,5050,72232051.54,443932729.11,69051532.16,3180519.38,425239950.08,18692779.03,25876007.51,1141113.0,141695078.26,6230983.16,24201650.51,1674357.0,132058154.82,9636923.44,,,,,270653185.04,173279544.07,0.3903283824497289,17932.0,5179.0,0.3332120564715122,0.3747347336195589,0.957892766619223,0.06801170201774374,
2019,8992,36669900.88,223249658.05,33815133.52,2854767.24,207420250.32,15829407.14,9873434.62,780599.58,64459944.85,4770040.08,8933652.5,939781.9500000001,57893431.8,6566512.93,,,,,188965093.18,34284564.87,0.15357051459546456,3627.0,1149.16,0.31076977657945004,0.2919827187481115,0.9290954894701124,0.10186966410350566,
2020,1,63410709.0,362958984.0,52365694.0,11045015.0,309769897.0,53189087.0,29140659.0,5943777.0,157203009.0,23989116.0,24819269.0,4321390.0,135917586.0,21285423.0,,,,,207215161.0,155743823.0,0.4290948285220018,13848.0,6218.0,0.5074831690311082,0.5564837735178302,0.8534570313873261,0.1354008624605907,
2020,2,359766473.26,1602322105.63,329005941.75,30760530.67,1501185075.93,101137027.54,135979322.61,10369638.42,551354141.31,37901917.12,124920839.09,11058483.09,496059965.56,55294175.36,,,,,1064456255.05,537865850.58,0.3356789803311877,20731.0,6257.42,0.36727925833423986,0.41330354669802866,0.9368809621082803,0.10028794783081305,
2020,3,45380239.48,339579421.52,38142691.59,7237542.14,288808172.13,50771244.67,14536635.39,2340824.79,103761503.16,16146081.41,12877186.3,1659446.88,92224488.29,11537014.74,,,,,259837144.16,79742277.36,0.23482658932353317,10260.0,3192.89,0.3592748168957431,0.3811119452779027,0.8504878500506847,0.11118781425332622,
2020,4,82201068.0,512631159.0,73994013.0,8207055.0,466291463.0,46339696.0,25601615.0,3233636.0,139668684.0,18319611.0,17828054.0,7773561.0,93673005.0,45995679.0,,,,,367225696.0,145405463.0,0.28364538605816586,23539.0,5811.0,0.29953086230961085,0.3459957631977603,0.9096042150648903,0.32931991397584875,
2020,5,60661640.0,358754294.0,57345515.08,3316121.29,341397318.77,17356970.97,27066726.41,1381765.87,148953011.35,6396782.76,24343739.1,2722987.02,134420004.6,14533006.75,,,,,232671566.0,126082728.0,0.351445906317152,14096.0,6089.0,0.4363039870572326,0.47199377967467027,0.9516187666035294,0.09756772701863205,
2020,6,10642595.76,100311150.48,10345069.18,297526.08,96996483.69,3314666.11,4890924.91,82390.29000000001,44542764.85,1064415.58,4402352.72,488571.8,40072597.36,4470167.3,,,,,54031936.86,46279213.62,0.4613566228534796,3750.0,1856.81,0.45922040836406325,0.47277836666917294,0.9669561482034753,0.10035675412277421,
2020,8,109438378.32,548689653.5,102432315.31,7006062.61,519527127.71,29162525.77,42585216.99,2997693.75,186817364.60999998,11661534.709999999,36090142.89,6495073.81,157379434.38,29437930.23,,,,,233732154.60999998,314957498.89,0.5740175650860893,11793.0,3920.0,0.35959116405232533,0.41574006075251335,0.9468506001453151,0.1575759849276037,
2020,9,509180245.05,2468475227.44,389061753.96,120118490.71,1961312426.28,507162801.16,135831426.99,40822976.95,604425349.33,164264881.53,124037079.74,11794346.96,545048481.49,59376867.84,,,,,1534599316.95,933875910.49,0.37832095704622554,38804.0,9220.0,0.3081739253936238,0.3491256223657621,0.7945440993199809,0.09823689212541915,
2020,10,3510382.76,38594784.03,3449750.92,60631.64,37846397.22,748386.81,1772327.66,13655.37,17650430.3,205926.92,1687603.66,84723.8,16757479.4,892950.9,,,,,16205622.78,22389161.25,0.5801084735335413,1047.0,516.0,0.46637015928883707,0.5137552539590308,0.9806091204081289,0.05059088559444355,
2020,11,64663334.02,420211994.19,63954084.37,709249.48,415790791.44,4421202.75,30148847.29,291187.59,191728293.06,1743675.57,24840170.89,5308676.12,155435242.93,36293050.13,,,,,235927726.47,184284267.72,0.43855070837572374,11663.0,5712.0,0.46111721809901374,0.4714139462239322,0.9894786374231838,0.189294180586286,
2020,12,145039789.7,824393685.4,138505182.94,6534606.74,793682954.73,30710730.71,69874099.38,2013722.15,374455117.92,8303001.6,60729693.21,9144406.14,323292039.57,51163078.35,,,,,458831976.59,365561708.81,0.4434309909016681,15204.0,6958.0,0.47179433007652843,0.5044872538110666,0.9627474940506138,0.13663340651931127,
2020,13,4930520.68,70364369.39,4895619.05,34901.57,69661061.98,703307.38,1155391.75,3150.94,17201693.46,89038.54000000001,986013.05,169378.48,15040256.19,2161437.22,,,,,31847014.37,38517355.02,0.5473985676829499,1749.0,452.0,0.2469341260536436,0.23600524023616584,0.9900047791787651,0.1256525832776932,
2020,15,99397893.0,590598160.46,97088270.17999999,2309621.34,578513498.69,12084657.19,46512577.4,845515.2,254197993.44,4156068.7,40063493.89,6449082.66,217852048.18,36345942.66,,,,,317676525.44,272921635.02,0.462110540282464,17620.0,8066.1900000000005,0.4393985516597488,0.47907514794286143,0.9795382671686828,0.14298280709512745,
2020,16,61461699.39,308675781.43,57219895.22,4241804.17,288816340.04,19859441.39,27055728.84,3093247.17,124874643.61,10404220.209999999,24200906.84,2854822.0,111132353.27,13742290.34,,,,,200800947.23,107874834.2,0.34947618404090225,8988.0,3402.0,0.43236696231489297,0.4728377907015678,0.9356624569054388,0.11004868516717443,
2020,17,12080851.5,59967874.3,8740163.72,3340687.3,42840286.04,17127588.26,5110945.02,1780291.21,22589272.42,8441003.38,4557889.58,553055.16,19968881.11,2620391.31,,,,,19157211.23,40810663.07,0.6805420993553544,1342.0,514.0,0.5272904200244691,0.584765364097779,0.7143872705189419,0.11600158080700147,
2020,18,25546509.0,183546863.26,24837365.38,709142.5700000001,178238321.66,5308537.53,12565034.65,253964.69,85464486.1,2153893.51,11731730.209999999,833303.89,78595909.77,6868574.16,,,,,89462503.16,94084360.1,0.5125904002332445,5447.0,2964.88,0.4794955725796638,0.5058924107996514,0.9710780042452686,0.0803675827637136,
2020,19,98276134.0,460021446.0,74200919.0,24075215.0,365360189.0,94661257.0,40928809.0,16265385.0,180858785.0,58262207.0,38272189.0,2656620.0,168914577.0,11944208.0,,,,,253081358.0,206940088.0,0.44984878378909315,14291.0,5944.0,0.4950150302226825,0.551594367719354,0.7942242523188799,0.06604162468524821,
2020,22,69283413.83,323439290.63,60262421.39,9020992.19,286106826.43,37332464.2,27864163.25,4052337.37,146475901.79,17754861.56,23335371.69,4528791.34,123480896.41,22995005.38,,,,,206851027.98,116588262.65,0.3604641304490484,11864.0,6210.0,0.5119622751323528,0.4623804123248158,0.884576595109137,0.15698831752521003,
2020,23,158102525.0,640390852.35,154255646.0,3846879.0,626000072.38,14390779.98,69259024.0,1570836.0,264918474.0,5862571.0,63337275.0,5921749.0,239696285.0,25222189.0,,,,,315596592.74,324794259.61,0.5071812915786101,23014.0,10083.0,0.42319240154845683,0.4489885835361903,0.9775281300206099,0.09520736179387776,
2020,24,73208174.48,431562931.94,70145219.16,3062954.16,414825948.72,16736978.97,37373237.69,1118567.68,215620458.04,5674135.38,33640766.42,3732470.72,191391233.9,24229221.669999998,,,,,275331928.36,156231003.58,0.362012100709615,9409.0,5361.97,0.5197853671047465,0.5327980743028589,0.9612177460544111,0.11236977182149019,
2020,27,63271451.09,341461224.54,46309168.39,16962282.7,255749403.98,85711820.56,60872375.86,23101490.88,147563790.17,48397658.98,57099565.08,3772810.7800000003,138248025.73,9315764.44,,,,,172674532.8,168786691.74,0.49430705336273906,10081.0,4420.0,0.5769858614471677,1.314477844805021,0.748985201246593,0.063130422641407,
2020,28,32504497.0,199026182.0,32011471.62,493024.63,195443211.12,3582967.03,15225141.85,252225.38999999998,83635459.96,1803109.65,14817293.05,407848.43,81411023.14,2224435.21,,,,,88856419.0,110169763.0,0.5535440709001793,6625.0,2839.46,0.42792716861701957,0.4756151804182503,0.9819974897574029,0.026596795319400072,
2020,29,105394936.73,666316478.4,94735303.81,10659632.68,616027162.33,50289316.07,40753567.77,3659750.94,257536518.77,18236956.15,35340614.88,5412952.72,221839256.4,35697262.36,,,,,376182442.24,290134036.16,0.4354297778387346,17721.0,7231.0,0.41806032999570897,0.43018353381475266,0.924526380931239,0.1386104872834769,
2020,30,4726559.26,44652158.04,4573418.98,153140.1,43064308.17,1587849.86,2817481.44,83824.70999999999,23350640.14,710427.38,2720783.7,96697.56,22225311.71,1125328.43,,,,,11615196.24,33036961.8,0.7398737989417006,580.0,413.0,0.542227220923215,0.6160558331351482,0.9644395715750719,0.04819261584492047,
2020,32,24114510.0,163369279.0,22284076.0,1830434.0,151075125.0,12294154.0,10857563.0,796337.0,68544484.0,4268604.0,10058096.0,799467.0,63476888.0,5067596.0,,,,,67411095.0,95958184.0,0.5873698200014704,4359.0,1992.0,0.45371125127316625,0.4872341577007725,0.9247462308993847,0.07393149243052147,
2020,33,35261722.0,231744220.0,33624864.0,1636858.0,221380794.0,10363426.0,17709203.0,615698.0,112177313.0,3434371.0,16114434.0,1594769.0,102664857.0,9512456.0,,,,,145277069.0,86467151.0,0.37311459591095736,9324.0,4908.0,0.5067165537404297,0.5266698773859725,0.9552807573798389,0.08479839412805333,
2020,34,19031713.0,183866231.0,18509989.55,521722.61,179398894.86,4467332.7,7051408.85,209697.66,61090537.32,1705251.94,6035773.45,1015634.91,52310377.41,8780157.82,,,,,119076229.92,64790001.08,0.35237575017241746,6585.0,2327.64,0.34052906160695173,0.3809515305750132,0.9757033354319424,0.14372369609401892,
2020,35,27143816.26,155189529.22,26082105.26,1061710.75,150292664.79,4896864.43,12370094.93,523146.74,72268830.92,2161759.87,11732418.76,637675.91,68076682.75,4192148.17,,,,,88067740.89,67121788.33,0.4325149297595118,6004.0,3295.0,0.480854012542657,0.47427517091463495,0.9684459096266855,0.05800769317329369,
2020,37,37468012.76,237513527.59,36620224.410000004,847788.08,232804971.02,4708556.57,22459844.12,424291.08999999997,135047667.88,2250458.37,21202109.13,1257734.7,127738260.51,7309407.37,,,,,115542043.53,121971484.06,0.5135348933495245,5636.0,3051.0,0.5800892794011611,0.6133180361905924,0.9801756278146482,0.05412464713196646,
2020,38,24919014.259999998,216537970.78,23712651.84,1206362.19,209815371.44,6722599.34,9707109.959999999,464966.69,85078120.04,2803794.6,8246221.19,1460888.49,70460390.8,14617729.24,,,,,117588172.73,98949798.05,0.4569628028450115,4661.0,1810.0,0.40549040547455517,0.4093641666692644,0.9689541778017765,0.171815376657681,
2020,39,27974707.0,157018348.0,27663375.0,311332.0,155183657.0,1834691.0,14220637.0,137929.0,73835918.0,785718.0,13639430.0,581207.0,70426207.0,3409711.0,,,,,79468047.0,77550301.0,0.4938932423362396,5467.0,2701.0,0.4757969971026008,0.5140600884743818,0.9883154355948262,0.04617957076121137,
2020,40,37248795.25,268079108.9,36696756.95,552038.05,263836640.66,4242468.24,18155056.86,175061.31,132312791.12,1200721.97,15822083.64,2332972.92,115012502.73,17300288.39,,,,,141331835.36,126747273.54,0.4727980261501085,7740.0,4157.0,0.5014951327041355,0.4947319155405638,0.9841745660174417,0.13075295474879406,
2020,43,66356071.76,438784134.78000003,65341860.11,1014211.39,431774182.79,7009951.99,31562580.669999998,408573.2,194192638.88,2860867.62,25995949.39,5566631.07,160763986.21,33428652.67,,,,,278706957.85,160077176.93,0.36481988349524164,16924.0,8141.0,0.4497550956501921,0.4830376823810319,0.9840241443699538,0.17214170868061074,
2020,44,100055511.21,472567207.81,96131846.52,3923664.43,456433798.98,16133408.83,45096607.5,1455969.67,193505230.92,5632400.52,37798755.22,7297852.01,157545044.26,35960186.66,,,,,237361470.13,235205737.68,0.49771912606887153,15714.0,6179.0,0.4239502669443614,0.46911204905044407,0.9658600754276488,0.18583573420228033,
2020,45,1553076.0,11624672.12,1518018.0,35058.0,11171242.23,453429.89,500101.0,20801.0,5307005.42,256224.49,454396.0,45705.0,4823834.05,483171.37,,,,,1144190.26,10480481.86,0.9015722552697685,96.0,72.0,0.4750595601398932,0.3294433926343429,0.9609941781308496,0.09104406944434588,
2020,48,46527593.53,300728774.74,45318207.53,1209386.0,294225067.99,6503706.75,16932913.73,411814.0,106035227.12,2332796.99,15475227.73,1457686.0,96707269.06,9327958.06,,,,,191719946.10999998,109008828.63,0.3624822025236706,14147.0,6007.0,0.3603881472247765,0.373644825179607,0.9783735136232877,0.0879703690306954,
2020,49,49921348.05,312240520.46,48042382.54,1878964.88,300892346.18,11348173.63,24885328.91,806743.14,147751479.9,4418215.55,22536983.47,2348344.92,134253473.11,13498006.44,,,,,160756696.6,151483823.86,0.48515107404007174,10595.0,5741.33,0.49104432789929464,0.5179869855388733,0.9636556643472104,0.09135615053829318,
2020,51,43041962.0,256642313.0,39345481.0,3696481.0,236493297.0,20149016.0,8264295.0,433793.0,112180650.46,6298421.6,7110423.0,1153872.0,97785282.21,14395368.25,,,,,150967409.0,105674904.0,0.41175947475192837,10369.0,7554.0,0.474350232683339,0.21004432503951342,0.9214898908739184,0.1283230948561216,
2020,55,4959555.48,31679107.45,4672485.79,287068.09,29962738.66,1716367.79,983172.67,36458.17,6311854.03,215317.47,915877.86,67294.12,5948305.54,363548.49,,,,,,31679107.45,1.0,,,0.21065677946276223,0.21041747673244396,0.9458201657761668,0.05759773408448103,
2020,60,7356820.0,51359049.0,6454855.0,901965.0,45097783.0,6261266.0,2803244.0,215507.0,19506623.0,1422237.0,2695687.0,107557.0,18740451.0,766172.0,,,,,20918343.0,30440706.0,0.5927038485467283,1548.0,779.0,0.4325406195688156,0.4342845811408622,0.8780883579055367,0.03927753153377701,
2020,61,20522499.3,107191862.44,14440008.88,6082490.4,74621887.71,32569974.73,7706790.73,3647332.95,39615531.3,18986159.66,7132836.49,573954.2,36547501.08,3068030.22,,,,,40375825.54,66816036.9,0.6233312434271759,2658.0,1204.0,0.5308835318392939,0.5337109411805292,0.6961525437788634,0.07744513627159155,
2020,62,32644053.0,281382418.81,30814300.35,1829751.49,263465712.77,17916701.12,14178729.6,681677.78,111058757.39,6199379.69,12563099.26,1615629.8,97900899.4,13157855.72,,,,,183403643.53,97978775.28,0.34820503603019687,9587.0,3937.41,0.4215302106006938,0.460134724428361,0.936326135386241,0.1184765256628449,
2020,63,69947553.76,372897425.59,66224027.31,3723526.23,357848621.6,15048803.98,35005586.97,1897332.3,173541019.4,7227542.2,32240377.47,2765209.21,158305245.92,15235773.48,,,,,250314938.59,122582487.0,0.3287297755034093,12797.0,5998.0,0.48495651212534946,0.5285934485097988,0.9596435830411281,0.08779349996142756,
2020,65,18831768.0,119447074.0,17831171.0,1000597.0,114862789.0,4584285.0,6997811.0,566544.0,39498720.0,2088978.0,5737852.0,1259959.0,30992194.0,8506526.0,,,,,74819350.0,44627724.0,0.37361923156024734,5076.0,1774.0,0.3438774240454844,0.3924482020838676,0.9616207844488514,0.21536206742902048,
2020,87,1236333.93,13968607.950000001,1202446.94,33886.99,13619619.15,348988.8,121939.61,3076.45,1289642.81,35460.9,110893.34,11046.27,1172438.32,117204.49,,,,,,13968607.950000001,1.0,,,0.09469007876038883,0.10140955575137478,0.9750162076815965,0.09088135807154231,
2020,88,1045464.07,7448490.79,1003863.67,41600.159999999996,7186158.95,262331.83999999997,294859.46,8365.27,1857112.81,52595.51,277228.33,17631.04,1763534.73,93578.08,,,,,,7448490.79,1.0,,,0.2584291306275657,0.29372460505518644,0.9647805377765661,0.05038901217853319,
2020,89,308340.95,10648701.49,291267.19,17073.760000000002,10040294.48,608407.01,108750.63,7956.45,3684903.4,294685.06,100360.8,8389.83,3396952.21,287951.19,,,,,10648701.49,,,,,0.3670114863005492,0.3733706841474318,0.9428656150638326,0.07814348403271576,
2020,90,336880.68,5642481.29,322065.7,14814.829999999998,5338776.38,303704.79,152029.24,0.0,1746940.52,0.0,149253.35,2775.8,1681973.02,64967.50000000001,,,,,5642481.29,,,236.0,73.3,0.3272173988302541,0.47204418228951417,0.9461752916153666,0.037189302816102755,
2020,333,2119605.5,19451934.54,2114286.88,5318.280000000004,17863261.28,1588672.6199999999,458088.66,24369.11,3363508.41,201015.83,416321.05,41767.21,2997776.35,365732.07,,,,,,19451934.54,1.0,,,0.18829195617072672,0.21666343594772722,0.9183282641254458,0.10873529226585166,
2020,2001,13917565.76,114256341.23,13259753.63,657811.89,109729011.37,4527329.86,4217832.27,157075.49,38778263.91,1219974.78,3769571.98,448260.08,34271106.65,4507157.26,,,,,69061804.85,45194536.38,0.3955538562977666,1985.0,895.0,0.353400285173826,0.31809280833523296,0.9603756797105344,0.11622895935879457,
2020,2004,29280252.0,269019874.72,29004183.69,276067.49,266340634.83,2679236.27,16070086.19,140726.12,149779476.63,1371958.97,13879765.96,2190319.84,130022614.77,19756859.29,,,,,166089964.12,102929910.6,0.3826108041538976,7754.0,4694.0,0.5623605903229948,0.5540609714018812,0.990040736236352,0.1319063181052858,
2020,3028,750094.0,46101121.0,535785.0,214309.0,33058858.0,13042263.0,440140.0,192597.0,26974699.0,11710343.0,425721.0,14419.0,26056180.0,918519.0,,,,,45816629.0,284492.0,0.00617104299914963,1923.0,1177.0,0.81595979510242,0.8214862304842427,0.717094449829105,0.03405113065395095,
2020,3029,2416263.09,58948619.62,2350470.85,65792.24,57109902.78,1838716.84,890857.73,37528.86,22239462.44,1088212.59,837658.4,53199.33,20775704.12,1463758.32,,,,,50191988.04,8756631.58,0.14854684700757714,,,0.3894151689536461,0.3790124561638363,0.9688081442474328,0.06581806210240394,
2020,4000,3118585.91,153498177.17,2861021.0,257564.91,141622253.51,11875923.66,547867.58,50950.4,22683185.07,1952251.74,547867.58,0.0,22683185.07,0.0,,,,,141034785.49,12463391.68,0.08119569827983514,7338.0,935.98,0.16016681353258042,0.19149372898695954,0.9226315003933412,0.0,
2020,4003,915296.0,22155569.0,810212.0,105084.0,19165166.0,2990403.0,107046.0,7490.0,1079205.0,278994.0,105607.0,1439.0,1051567.0,27638.0,,,,,20708914.0,1446655.0,0.06529532146071265,1521.0,95.0,0.05631075671350825,0.13212097574461992,0.8650270277418738,0.025609592246144154,
2020,4019,90065.95,1844150.75,89864.28,201.64999999999998,1827553.32,16597.43,27063.44,66.4,440629.85,4890.21,25985.71,1077.72,405783.53,34846.34,,,,,1667402.15,176748.6,0.09584281545312931,153.0,33.0,0.24110369047946573,0.301159036716257,0.9909999602798198,0.0790830217244701,
2020,5033,4467995.87,63226315.02,4219800.19,248195.44,61326349.43,1899965.59,3658449.21,60529.12,48459960.31,650427.02,3398593.88,259855.2,46131861.33,2328098.98,,,,,60865466.86,2360848.16,0.03733964503946193,1088.0,976.0,0.7901980267929345,0.8669721421098849,0.9699497655462128,0.048041702162095724,
2020,5034,7237905.03,62905524.97,7036057.34,201847.26,60982390.22,1923134.13,6466.91,6161.84,16525.34,7973.1,6466.91,0.0,16525.34,0.0,,,,,47099251.89,15806273.08,0.25127002894480416,582.0,0.0,0.0002709854425250175,0.0009191099059462753,0.969428206013428,0.0,
2020,5050,76062459.68,459961773.15,73303573.18,2758886.5,444118987.48,15842785.67,28056806.66,955429.0,149875898.83,4807305.71,25669460.0,2387346.66,136876885.26,12999013.57,,,,,296941956.58,163019816.57,0.35442035857366117,17835.0,5139.0,0.33746789273842825,0.3827481450475181,0.9655562992517784,0.08673184729150091,
2020,8992,32578058.38,220774522.56,29748587.259999998,2829470.97,204540474.48,16234047.45,7876884.39,703791.05,61131699.64,4503231.56,6754302.33,1122581.91,52964483.17,8167216.35,,,,,193198454.55,27576068.01,0.12490602489019374,3513.0,1057.63,0.29887336379469226,0.26478179690204223,0.9264677468588429,0.13360034806975962,
2021,1,70757578.0,429740757.0,58922849.0,11834729.0,366413615.0,63327142.0,31524046.0,6827971.0,182153846.0,28424613.0,26176458.0,5347588.0,154378303.0,27775543.0,,,,,245612089.0,184128668.0,0.4284645219257153,14343.0,6348.0,0.49712630356271015,0.5350054611242576,0.8526387340077217,0.15248397774703037,
2021,2,396209425.15,1736126477.51,367895441.71,28313982.74,1629929288.37,106197186.95,151579069.02,12733652.97,595119678.81,46319085.8,134498139.17,17080929.53,517486082.27,77633596.27,,,,,1184076812.31,552049665.2,0.317977792719206,20669.0,6376.44,0.36511993683182753,0.41201670864811873,0.938830960465328,0.1304503934825949,
2021,3,44595821.05,349896129.55,38052737.2,6543078.57,298090389.31,51805735.84,13360229.78,2104819.55,102528838.2,15352464.5,11431997.09,1928230.53,87718733.0,14810104.96,,,,,268825956.92,81070172.63,0.23169782624993313,9833.0,2879.7,0.34395217651037663,0.35109773338460387,0.8519396590450224,0.1444481886267975,
2021,4,92064505.0,554474691.0,82630281.0,9434224.0,503459181.0,51015510.0,28533794.0,3670084.0,154709310.0,19049311.0,18002474.0,10531320.0,94509930.0,60199380.0,,,,,395238369.0,159236322.0,0.28718411243048064,22307.0,5681.0,0.30729265815096934,0.34531885471864726,0.9079930773612171,0.3891128465378069,
2021,5,70555691.39,388587606.0,66714910.12,3840777.68,370814327.8,17773272.89,30969180.17,1564909.7,162650733.63,7252209.11,27668613.35,3300566.59,144392902.27,18257831.36,,,,,248183032.0,140404574.0,0.3613202578571176,13948.0,6019.0,0.4386312001345488,0.46420178209482393,0.954261850029257,0.11225176150470463,
2021,6,13612293.76,109164060.24,13257578.67,354714.86,106305596.25,2858463.99,6006780.52,116172.79000000001,48822011.08,825680.06,5262699.59,744080.7,42714484.03,6107527.05,,,,,65071086.06,44092974.18,0.40391475072528865,4041.0,1968.0,0.4592609683989238,0.45308277397534763,0.973814971853231,0.1250978178672766,
2021,8,125988569.47,619894667.26,117534515.5,8454053.72,584623651.8,35271015.45,48272724.35,3023714.46,214077380.81,12278669.06,38951992.36,9320731.72,171649933.32,42427447.49,,,,,237175681.33,382718985.93,0.6173935769147013,10525.0,3415.0,0.3661798152552952,0.4107110506615395,0.9431015988314568,0.1981874373157415,
2021,9,578273900.17,2759956107.74,456351935.16,121921964.28999999,2238641216.64,521314891.1,161907325.69,46298570.7,722386601.37,183273057.3,142846813.74,19060511.61,628871962.96,93514638.41,,,,,1715779331.2,1044176776.54,0.3783309356303597,37436.0,9621.0,0.3226897619861738,0.35478610523089865,0.8111147892395721,0.1294523434303049,
2021,10,3343304.76,36868083.92,3285136.4,58168.13,36193111.18,674972.74,1560082.48,9862.64,15644021.459999999,102721.85,1445350.55,114731.65,14533730.53,1110290.93,,,,,12623227.4,24244856.52,0.6576109724771397,850.0,383.0,0.4322375432771513,0.4748912343487473,0.9816922207982215,0.07097221982460768,
2021,11,62927461.56,434079948.18,62244851.98,682609.35,429711815.45,4368132.72,27494288.79,243761.21,189921547.77,1388266.34,21920006.13,5574282.45,148752358.81,41169188.96,,,,,229606350.37,204473597.81,0.4710505487924794,10546.0,5042.0,0.44197422770679834,0.44171185110753,0.9899370317649672,0.21676944740286644,
2021,12,161306420.41,897075345.64,153793148.48,7513271.82,862916038.9,34159306.74,74755235.64,2142987.87,406178903.3,8857038.11,61166016.19,13589219.38,330313123.44,75865779.86,,,,,500578604.37,396496741.27,0.44198822673822064,15366.0,6964.0,0.47070501067262066,0.4860765019692768,0.9619214741481612,0.18677922276028755,
2021,13,3747590.24,35893481.589999996,3695083.29,52506.78,35309059.21,584422.35,1168245.05,9724.17,10464948.15,124632.02,855025.9,313219.02,7889603.08,2575345.01,,,,,5014466.15,30879015.44,0.8602959109044177,344.0,110.0,0.2963813928816372,0.3161620343340082,0.9837178687017417,0.24609247681747948,
2021,15,112062041.0,604526117.9,110026181.65,2035857.79,594450686.35,10075426.84,50740679.02,753877.4,258036751.29,3308103.75,41205230.96,9535447.31,208734648.9,49302100.05,,,,,329044555.24,275481562.66,0.45569836356610455,17296.0,8205.91,0.434075958216782,0.4611691350101487,0.9833333395337823,0.19106619426699728,
2021,16,75081675.5,338386671.49,70668363.5,4413312.0,320272223.66,18114447.81,32240569.0,2597197.0,138462827.11,8658265.75,28768582.0,3471987.0,122050319.45,16412507.66,,,,,218677630.36,119709041.13,0.35376405519428866,9032.0,3535.0,0.43232855327782566,0.45622351223684415,0.9464681993819745,0.11853367436273199,
2021,17,14404809.0,66256406.44,10412789.040000001,3992019.48,47771510.99,18484895.45,5868055.19,2160148.52,25492707.8,9302257.13,5132327.42,735727.5599999999,22335738.68,3156969.12,,,,,21559858.53,44696547.91,0.6745996396661804,1427.0,610.0,0.5336382976317492,0.5635430783681756,0.7210096888254962,0.12383812440669799,
2021,18,28264717.0,189414285.34,26924852.59,1339863.45,181466938.6,7947342.59,13008620.79,466040.78,84212907.95,2917060.54,11817300.61,1191319.64,76038172.41,8174733.43,,,,,86941437.88,102472847.46,0.5409985169601148,4981.0,2644.02,0.46406749681068354,0.48314547856917345,0.9580425165623888,0.09707221409399151,
2021,19,102889660.0,508153000.0,78250441.0,24639219.0,403857369.0,104295631.0,42632999.0,16105338.0,204855861.0,64463614.0,39434425.0,3198574.0,189491408.0,15364453.0,,,,,274983811.0,233169189.0,0.4588562676989017,13823.0,6146.0,0.5072480452869983,0.5448275876170462,0.7947554555419333,0.07500128590414115,
2021,22,75243634.05,370254626.19,65844388.94,9399244.84,328647975.17,41606651.02,26211027.16,3000952.16,173316781.86,19557142.27,21345721.28,4865305.76,140769787.27,32546994.59,,,,,230459768.38,139794857.81,0.3775641083773058,11186.0,6155.0,0.5273629991797403,0.3980753346178749,0.8876269246163339,0.18778905447419664,
2021,23,138137327.0,699721763.0,134346601.0,3790726.0,682274729.0,17447034.0,59620295.0,1761668.0,290375520.0,7382161.0,52977033.0,6643262.0,256061188.0,34314332.0,,,,,377522842.0,322198921.0,0.46046720001761615,23172.0,9935.0,0.42559911375524506,0.44377970530121563,0.9750657548148892,0.11817226190417153,
2021,24,86187521.47,453671280.18,82556000.78,3631519.37,437963458.76,15707817.15,43658909.6,1746967.66,225576025.57,6737096.91,36609981.11,7048927.86,185140504.6,40435518.53,,,,,278367824.17,175303456.01,0.3864107420254728,9696.0,5587.31,0.515056726898336,0.528839929108785,0.9653762049610728,0.17925450378791336,
2021,27,66011327.06,360087893.6,47937725.92,18073601.14,266942209.81,93145683.79,64963197.089999996,24125680.17,151773559.36,54190561.26,61644115.6,3319081.49,142187336.91,9586222.45,,,,,180349285.59,179738608.01,0.4991520437220275,9260.0,4039.0,0.5685633585937085,1.3551580898604294,0.7413251446507392,0.06316134701210975,
2021,28,36140863.0,206507411.0,35600307.72,540554.3,203356026.84,3151380.29,16538248.12,289792.65,85540922.21,1437323.32,15923282.65,614964.98,82974660.25,2566260.03,,,,,93394376.0,113113035.0,0.5477432236076022,6555.0,2792.75,0.4206461128260702,0.46455351594359756,0.9847396074322969,0.030000378341724216,
2021,29,120879075.91,754928730.75,107543657.71,13335417.96,694166739.97,60761990.78,46289511.32,5072219.58,297598778.23,23997173.8,38095708.61,8193802.44,244613451.37,52985326.86,,,,,452780612.83,302148117.92,0.40023396330382677,16991.0,7029.0,0.4287136808699037,0.43042530173953486,0.9195129443283544,0.1780428238823284,
2021,30,5303681.76,44181631.56,5187033.14,116648.44,42930854.43,1250777.13,3126639.43,45785.88,23334935.580000002,460086.74,2809648.62,316990.56,21383285.66,1951649.92,,,,,10219291.55,33962340.01,0.7686981854411172,536.0,360.0,0.5435469638287375,0.6027799217029873,0.9716901099883238,0.08363639630840583,
2021,32,25139891.0,180732852.0,22943993.0,2195898.0,164578263.0,16154589.0,11733542.0,972645.0,78994836.4,6457711.0,10667997.0,1065545.0,72114245.4,6880591.0,,,,,76811227.0,103921625.0,0.575001300814973,4517.0,2084.0,0.4799834131193863,0.5113993017693128,0.9106162005344772,0.0871017817564592,
2021,33,39061347.0,251514387.0,37277883.0,1783464.0,241292897.0,10221490.0,19274661.0,675477.0,122318856.0,3462166.0,16986635.0,2288026.0,108158186.0,14160670.0,,,,,148246260.0,103268127.0,0.410585367428703,7994.0,4268.0,0.5069310266518123,0.5170535301052369,0.9593602174336054,0.11576849606899528,
2021,34,22303564.0,199007063.29,21940641.78,362921.42,195950363.02,3056696.88,8031078.91,119393.84,67982464.65,1003948.14,6639758.7,1391319.78,56116393.48,11866069.23,,,,,129513158.99,69493904.3,0.3492032049070091,6722.0,2369.0,0.3469371712419908,0.3660366451687267,0.9846402423136829,0.17454602876037387,
2021,35,31826887.259999998,169385145.9,30918261.75,908625.27,164569115.33,4816030.57,12796122.6,359392.39,72494054.93,1999815.56,11921182.22,874940.15,66771360.62,5722694.31,,,,,95779459.17,73605686.73,0.4345462899884659,5502.0,2772.0,0.44050826173934443,0.4138694051906071,0.9715675743323843,0.07894018779230673,
2021,37,36379288.76,247289146.36,35700697.28,678591.25,243065402.63,4223743.7299999995,20646306.2,341399.38,135277241.68,1959715.9,19135402.3,1510903.63,125430292.65,9846949.03,,,,,111482551.8,135806594.56,0.5491813796077192,5187.0,2711.0,0.5565466751593697,0.5783166092827641,0.9829198175812732,0.07279087677802508,
2021,38,27825132.259999998,238162664.56,26937011.25,888120.78,232507664.71,5654999.85,10442166.01,256812.1,92763320.79,1759827.67,8460285.49,1981880.3,73547832.38,19215488.41,,,,,130986003.13,107176661.42999999,0.45001453787060364,4701.0,1908.0,0.3989688722980422,0.38765124731497447,0.9762557247986478,0.20714532690674708,
2021,39,30892194.0,163995416.0,30464094.0,428100.0,161841929.0,2153487.0,15004976.0,125418.0,74049486.0,766531.0,14288368.02,716607.97,69834556.0,4214930.0,,,,,81187579.0,82807837.0,0.5049399490532102,5210.0,2501.0,0.4575420378238324,0.4925462743123101,0.9868686146690832,0.05692044911695943,
2021,40,43674212.61,274312444.29,42669171.36,1005041.01,268737196.51,5575247.78,20429679.31,265445.77,132388630.37,1445594.04,16738671.23,3691007.84,107964354.0,24424276.37,,,,,145531511.4,128780932.89,0.4694680666906028,7525.0,3853.0,0.4926323266346707,0.4787925019127908,0.9796755564829354,0.18448922918636582,
2021,43,80423277.76,475472953.67,78935524.66,1487752.89,466423160.24,9049793.43,38108422.92,553998.96,218207936.48,3361341.1,29878456.06,8229966.57,172295903.38,45912033.1,,,,,307153660.64,168319293.03,0.3540039275227026,16297.0,7658.0,0.4678325500983274,0.48277911731308437,0.9809667545542854,0.21040496436850775,
2021,44,99512792.23,526376156.13,95138581.6,4374210.15,506980192.88,19395963.25,42383885.13,1610782.05,206355473.03,6481522.38,33695012.9,8688871.96,160197240.46,46158232.57,,,,,257796685.53,268579470.6,0.5102424710394148,14363.0,5228.0,0.4070286688277848,0.4454962899089511,0.9631518961789566,0.22368310320167523,
2021,45,802389.0,5296499.0,779385.96,23003.02,5136691.0,159808.0,402655.96,8691.369999999999,2200950.0,41808.0,360029.21,42626.729999999996,1973702.0,227248.0,,,,,,5296499.0,1.0,,,0.42847623109897015,0.5166322985854147,0.9698276163178734,0.1032499602444399,
2021,48,59084853.3,320587889.95,56742432.3,2342421.0,311233708.01,9354181.94,20521761.88,760577.0,109280293.22,3079748.23,18404421.76,2117340.12,97356366.26,11923926.96,,,,,204327825.82,116260064.13,0.36264646224825375,13841.0,5695.0,0.35111972259922697,0.3616651780364375,0.9708217863704742,0.10911324090241127,
2021,49,60219462.76,347849972.04,58081698.93,2137763.6,335911202.36,11938769.68,30400820.31,975195.35,166928272.68,5446938.75,25920217.38,4480602.69,141300657.31,25627615.37,,,,,190606604.55,157243367.49,0.45204363987103685,11092.0,6048.0,0.4969416664499953,0.5234147910624831,0.9656783940214687,0.15352471428927986,
2021,51,44860811.01,253008918.49,40830218.37,4030591.63,233191865.22,19817050.9,12174914.87,849456.9,102588692.36,7145116.13,10264821.84,1910092.49,87163890.0,15424800.96,,,,,163664153.44,89344765.05,0.35312891570472954,9746.0,5898.46,0.4399325519490778,0.29818392739592886,0.9216744872541587,0.15035576148950147,
2021,55,4946426.87,26333899.09,4608539.46,337885.67,24527121.12,1806776.94,1117025.04,33140.7,6032147.71,187798.64,1056827.15,60197.41,5483239.74,548907.96,,,,,,26333899.09,1.0,,,0.24593786121442693,0.24238157223026144,0.9313896524086666,0.09099710192607335,
2021,60,11391256.56,63279551.24,10110730.06,1280526.5,56228690.47,7050860.77,4151178.0,307887.0,23651824.47,1667032.31,4037620.0,113558.0,22909646.47,742178.0,,,,,30876420.78,32403130.46,0.5120632151309801,1618.0,751.0,0.4206362316515105,0.41057153888648074,0.8885759991682267,0.03137931287040369,
2021,61,22954850.47,122067639.05,16233893.27,6720956.97,87479842.42,34587796.63,8414792.38,4045435.75,45425332.91,20326933.73,7525009.6,889782.49,40524281.28,4901051.63,,,,,45485522.0,76582117.05,0.6273744429400431,2584.0,1229.0,0.5192662864195405,0.5183471543175916,0.7166505643987058,0.10789247576259536,
2021,62,39545213.0,296310184.96,36652931.58,2892280.51,273665859.59,22644320.27,16603291.03,982311.78,115223156.96,6991497.51,14540992.9,2062297.68,99996389.21,15226765.53,,,,,189843581.32,106466603.64,0.3593079449981523,9605.0,3916.0,0.42103591998148665,0.45298671386655837,0.9235789840532925,0.13215021990142145,
2021,63,76194647.76,416739095.13,72643042.71,3551604.84,400110917.16,16628177.97,39356662.06,1817871.09,201855042.82,7864216.22,35080503.69,4276158.13,177668217.82,24186825.0,,,,,270955999.55,145783095.58,0.34981862101160344,12669.0,6282.0,0.5044977134160035,0.5417815745565155,0.9600993087418092,0.11982274340090723,
2021,65,22829186.0,131583104.0,21588199.0,1240987.0,126109017.0,5474087.0,7823328.0,692860.0,40161028.0,2684039.0,6215710.0,1607618.0,30905706.0,9255322.0,,,,,78866320.0,52716784.0,0.4006349021831861,5558.0,1696.0,0.31846277891453234,0.36238909971137473,0.9583982530158279,0.23045530607433654,
2021,87,1248829.06,12157247.26,1223245.68,25583.38,11882847.02,274400.24,135602.65,2487.59,1225455.83,20865.9,122355.21,13247.44,1088107.51,137348.32,,,,,,12157247.26,1.0,,,0.10312813317695982,0.11085479574307591,0.9774290812606208,0.11207937213045042,
2021,88,1129720.53,8274204.13,1099302.69,30417.62,8037666.8,236537.33000000002,333731.66,6100.2,2225282.03,44629.65,311427.23,22304.32,2074128.43,151153.6,,,,,,8274204.13,1.0,,,0.27685671543388685,0.30358486614819435,0.9714126789376176,0.06792559233491856,
2021,333,2176464.67,18240271.32,2017636.58,158827.48,16805744.91,1434525.72,489938.72000000003,18698.09,3567048.06,172335.08,444810.73,45127.58,3248748.03,318300.02,,,,,,18240271.32,1.0,,,0.21225170791908682,0.24282803199374983,0.921353888610907,0.0892334542865677,
2021,2001,15420624.76,128090956.68,14688373.7,732250.87,122423534.37,5667422.31,4092241.51,246735.49000000002,39873565.3,1998891.2,3600664.57,491576.68,35102075.96,4771489.34,,,,,72996200.44,55094756.24,0.4301221387364534,1939.0,797.0,0.3257017983118371,0.27860412552003627,0.9557547038690757,0.11966548022732244,
2021,2004,33592263.12,287494052.18,33359550.3,232711.49,285382842.37,2111206.33,17954207.11,97741.05,157562877.61,991695.56,14564224.44,3389981.87,129001991.49,28560883.5,,,,,185873137.83,101620914.35,0.35347136255318123,8421.0,4873.94,0.5521105484180409,0.5382029118659911,0.9926565096077947,0.18126657708482555,
2021,3028,651564.0,41994159.0,484965.0,166599.0,31099588.0,10894571.0,405228.0,153180.0,25927725.0,9777853.0,383268.0,21960.0,24564120.0,1363605.0,,,,,41726394.0,267765.0,0.006376243896204708,1218.0,782.0,0.8336999512662354,0.8355819492128298,0.7405693729930394,0.05259254331029815,
2021,3029,2165622.05,40506014.76,2102260.97,63361.08,39343953.13,1162061.63,850057.32,48543.32,15699261.42,873837.54,793964.37,56092.95,14748960.12,950301.3,,,,,33840434.21,6665580.55,0.1645577968974206,,,0.3990260299499294,0.40435385146307495,0.9713113808681189,0.06053159282954344,
2021,4000,2787796.52,152435091.9,2505262.15,282534.3,138833920.22,13601171.67,539674.37,85295.51,24937657.17,3546687.89,454224.47,85449.89,21299271.25,3638385.92,,,,,144902740.5,7532351.4,0.04941349991077743,6677.0,798.0,0.17962222150381632,0.215416326790392,0.9107740120042529,0.14589926772980813,
2021,4003,1134778.0,24736541.0,996719.0,138059.0,21614247.0,3122294.0,161058.0,27820.0,1492482.0,220323.0,148986.0,12072.0,1345945.0,146537.0,,,,,23354386.0,1382155.0,0.055875031193730766,1651.0,133.0,0.06905084410296597,0.1615881707883566,0.8737780678389917,0.09818342867786681,
2021,4020,280328.33,9363197.19,276170.02,4158.2,9057728.89,305468.27,71406.0,803.21,1653430.14,47271.869999999995,66742.37,4663.6,1511431.62,141998.47,,,,,8179136.65,1184060.54,0.12645899856350243,741.0,124.0,0.1825435669448481,0.25855811575782195,0.9673756416957402,0.08588114282227854,
2021,5033,4680451.28,55385276.59,4611264.55,69186.54,54556609.12,828667.47,2937836.85,92459.09999999999,41540786.64,931117.72,2685409.33,252427.38999999998,38588439.54,2952347.1,,,,,53365193.84,2020082.75,0.03647328088571346,926.0,790.0,0.7614253765044113,0.6371000444986398,0.985038127079614,0.07107104459974666,
2021,5034,6693628.79,63672155.9,6591330.52,102297.99,62515906.79,1156248.66,8083.95,0.0,13048.62,0.0,8083.95,0.0,13048.62,0.0,,,,,46488653.17,17183502.73,0.26987468049593716,542.0,0.0,0.00020872479773559406,0.0012264519243073856,0.9818405848890064,0.0,
2021,5050,85124229.98,498382475.3,81731261.38,3392968.59,480984546.62,17397928.68,29052673.169999998,1331834.16,156980539.33,6190674.41,26053807.83,2998865.34,140508271.75,16472267.58,,,,,323115735.68,175266739.62,0.3516711527918365,16428.0,4647.0,0.3263733532254663,0.3554658606689425,0.965091210983036,0.10493190844103592,
2021,8992,35339797.38,244113603.45,32331808.59,3007988.62,224015032.95,20098569.95,8293747.8100000005,783609.87,63558522.37,5308860.93,7031799.75,1261947.89,53517501.49,10041020.82,,,,,219300726.37,24812877.080000002,0.10164479459286765,3477.0,1009.63,0.2837243623028916,0.25651976093181494,0.9176671426092129,0.15798071518319975,
2022,1,77302838.73,430476335.16,62405895.03,14896943.7,361805434.59,68670900.57,32899357.0,7611021.0,180719520.85,30741509.3,26975534.0,5923823.0,148284460.60999998,32435060.24,,,,,240025215.63,190451119.53,0.44241948737835474,14241.0,6311.0,0.4994936603282159,0.5271834813711829,0.8404769438847867,0.17947734747991945,
2022,2,394009875.05,1807464194.91,365711545.94,28298328.46,1690074247.27,117389945.45,156843958.1,11879512.68,635523369.28,47748065.3,131232704.06,25611253.7,519269726.57,116253642.58,,,,,1203165714.61,604298480.3,0.3343349660821857,19458.0,6010.84,0.37603281057419197,0.42887341086500014,0.9350526843239374,0.18292583435870596,
2022,3,38618175.22,386755056.47,34317253.23,4300921.65,344661084.96999997,42093971.22,13525827.15,1286373.81,133690904.19,12329160.92,9990149.93,3535676.93,97773782.8,35917121.39,,,,,293078709.04,93676347.42999999,0.24221104769774696,9456.0,3193.47,0.38789091667147957,0.3941407273871144,0.8911611605438307,0.26865792858244864,
2022,4,87759036.0,573097198.0,79052201.0,8706835.0,521946810.0,51150388.0,27121400.0,3689487.0,158980197.0,21089780.0,16618361.0,10503039.0,94761117.0,64219080.0,,,,,405666754.0,167430444.0,0.2921501703102028,21863.0,5622.0,0.30459080112013714,0.34308216162128113,0.9107474470674345,0.40394389497454203,
2022,5,70050214.46,400842362.0,66511658.78,3538551.75,382877037.76,17965318.9,30904298.17,1468373.57,170952325.85,7041503.73,26385419.92,4518878.01,144891139.52,26061186.330000002,,,,,256044599.0,144797763.0,0.3612336836793712,13847.0,6204.0,0.44649406726020113,0.46464482673965274,0.9551810738007775,0.15244710009308132,
2022,6,13133422.26,119935431.29,12716450.72,416971.27,116084825.95,3850605.34,5647559.74,109363.67,52617148.88,1112858.1300000001,4659107.97,988451.54,42838195.51,9778953.37,,,,,70803584.41,49131846.88,0.40965248010157057,3825.0,1870.0,0.45326465754157425,0.44411446749978045,0.9678943469950146,0.18585106905549229,
2022,8,125635091.9,628564962.54,116973241.21000001,8661850.47,592886500.83,35678461.69,48271156.52,3261347.75,218160678.11,12564505.52,37502030.25,10769126.05,166153152.34,52007525.77,,,,,213640529.5,414924433.04,0.660113843067725,9283.0,2765.0,0.3679636453260281,0.41266836774523197,0.9432382270150328,0.23839092461830816,
2022,9,596849421.72,2832200726.6,475779826.71,121069594.29,2322024890.16,510175836.44,171764877.1,47138413.4,745762353.59,183466703.54,149886052.46,21878824.32,640862845.08,104899508.51,,,,,1706666837.18,1125533889.42,0.39740611562203104,37859.0,9816.0,0.32116897486771256,0.3610175704332565,0.8198659326479109,0.14066077216827563,
2022,10,2473900.49,23879668.48,2412449.83,61450.49,23250381.580000002,629286.9,951216.13,18098.15,8285766.63,127396.48,865861.46,85354.52,7425327.04,860439.59,,,,,2601485.9,21278182.58,0.8910585420321547,97.0,26.0,0.35637121057520293,0.39429467845140637,0.9736475864174142,0.10384550137879034,
2022,11,68018970.98,472142569.34,67174904.65,844066.07,466800030.62,5342538.72,29448473.95,335349.16,207062768.64000002,1902443.52,21708825.08,7739648.64,149176508.96,57886259.68,,,,,230662776.33,241479793.01,0.5114552440114867,9843.0,4591.0,0.4435791667900727,0.4383850502421219,0.98868447992845,0.2795589958552193,
2022,12,155116314.69,940026414.06,147073035.17,8043279.5200000005,901588992.26,38437421.79,72108067.1,1966197.95,417989592.48,9278069.04,56794273.910000004,15313793.19,324925535.59,93064056.89,,,,,525158439.45,414867974.61,0.4413365075755412,15890.0,7026.0,0.4636143476333175,0.49028747531218847,0.9591102747485705,0.22264682796965318,
2022,13,2994567.76,34553065.98,2906466.2,88101.33,33743368.48,809697.51,909310.42,16462.39,10735977.0,154097.01,625562.69,283747.57,7295592.3,3440384.69,,,,,9447.1,34543618.88,0.9997265915561453,,,0.3181655384038885,0.31285773080726004,0.9765665512730862,0.32045380592749034,
2022,15,113572449.0,609274984.54,111407001.3,2165445.83,598798604.13,10476375.6,51380094.48,652100.16,264501010.3,2637779.78,39483293.19,11896800.37,199705384.19,64795623.22,,,,,332380146.07,276894838.47,0.4544661203824977,16760.0,7916.77,0.4417194837725047,0.46119268879378766,0.9828051689699527,0.24497306511800493,
2022,16,67382831.61,343471551.25,64344427.61,3038404.0,328462238.49,15009312.76,27319917.0,2040016.0,128362826.69,7268090.84,24115806.0,3204111.0,110899810.89,17463015.78,,,,,226935330.41,116536220.84,0.3392892960592759,9018.0,3286.0,0.3907993420495062,0.42458870200213134,0.9563011471972673,0.13604418218503164,
2022,17,16292240.0,71160320.63,11496142.33,4796097.19,50509182.339999996,20651138.29,6317771.76,2781164.47,26150824.15,11072038.83,5308667.58,1009103.97,22019239.48,4131584.67,,,,,23592128.62,47568192.01,0.6684651163579222,1483.0,610.0,0.5177439613646297,0.5495558056473714,0.7097941927865088,0.1579906104029995,
2022,18,34761452.0,192883685.15,33500910.41,1260540.42,185533038.17,7350642.43,17263791.34,545467.64,90722405.9,3257731.53,15296925.44,1966865.37,79306547.48,11415855.91,,,,,84521410.53,108362274.62,0.561801142153261,4981.0,2769.98,0.48898248417014006,0.5153230502907995,0.9618907790242412,0.12583281711668098,
2022,19,106064291.0,519263843.0,81232056.0,24832235.0,412856892.0,106406951.0,47093062.0,16030311.0,216883958.0,64174050.0,42433979.0,4659083.0,194492777.0,22391181.0,,,,,299309627.0,219954216.0,0.4235885455248229,14787.0,6575.0,0.5253247849378277,0.5797349509410423,0.7950811472155591,0.10324037428346822,
2022,22,78605326.39,392501909.68,68659521.77,9945804.42,348121296.03,44380613.65,37598504.81,4800492.78,185935358.54,20376371.16,29361381.9,8237122.67,147043869.57,38891488.97,,,,,225759870.69,166742038.99,0.42481841458030584,10867.0,6304.0,0.5341108419979474,0.5476080205736045,0.8869289230052848,0.20916671942003615,
2022,23,144765710.0,724138519.0,140071520.0,4694190.0,703530201.0,20608318.0,60416137.0,1807956.0,298250740.0,8487833.0,53291603.0,7124534.0,259585703.0,38665037.0,,,,,382303232.0,341835287.0,0.4720578701876788,23372.0,10191.0,0.42393452274837023,0.431323491028012,0.9715409172978962,0.12963936652764046,
2022,24,94412094.18,442852890.85,90084167.13,4327925.74,425975049.77,16877836.78,47499518.19,1904076.84,220515406.19,6308164.9799999995,38076645.85,9422871.6,171076477.27,49438926.34,,,,,262538675.28,180314215.57,0.4071650412485954,9184.0,5377.58,0.5176721179070572,0.5272793178123486,0.9618883800270442,0.22419715336080667,
2022,27,69693037.08,364237256.31,50347746.57,19345290.53,269718490.95,94518765.36,67817190.16,26767016.09,154457742.16,53675823.92,62502087.15,5315103.01,139853150.64,14604591.52,,,,,188869603.85,175367652.46,0.48146544435516425,9465.0,4244.0,0.5726627848760771,1.346975679749871,0.740502203652787,0.0945539622408268,
2022,28,38615861.0,204364198.0,37996345.74,619514.45,201163629.93,3200564.36,17509485.96,239464.13,85897679.49,1297364.17,16847990.69,661494.87,81934361.15,3963316.45,,,,,94414567.0,109949631.0,0.5380082816658522,6887.0,3087.57,0.427004024136422,0.46082026097491763,0.9843389003488762,0.04613997110901465,
2022,29,127275032.13,778281040.64,112632560.66,14642471.26,713751298.21,64529742.43,48225783.19,5415789.01,304284437.94,24063519.66,39035188.26,9190594.74,241213402.48,63071035.46,,,,,461786381.63,316494659.01,0.4066585750948507,15708.0,6613.0,0.4263171761692171,0.4281691094245606,0.917086837452785,0.20727657282439332,
2022,30,4355574.26,54346447.52,4230099.22,125474.86,52703226.2,1643221.32,2393188.21,37237.25,28638980.03,579379.74,2212296.4899999998,180891.52,26352011.49,2286968.54,,,,,6821538.27,47524909.25,0.8744805119508574,270.0,203.0,0.5434008901337429,0.5657522638440619,0.9697639607557554,0.07985509740934722,
2022,32,30016408.0,181515913.31,26835816.35,3180591.17,160822832.34,20693080.73,5126242.0,566080.0,76860678.44,9463246.43,4477904.0,648338.0,66643113.32,10217564.81,,,,,87956335.3,93559578.01,0.5154345770787341,6182.0,2544.0,0.4779214326825603,0.19102239831805973,0.8859985298663069,0.13293617773587793,
2022,33,40554834.0,258147671.0,38837086.0,1717748.0,247842363.0,10305308.0,20793368.0,642262.0,129201848.0,3478762.0,17836281.0,2957087.0,109821594.0,19380254.0,,,,,157175732.0,100971939.0,0.3911402284160061,8827.0,4809.0,0.5213065532303692,0.5353997980178018,0.9600797947931128,0.1499998204360049,
2022,34,25457277.0,201748416.9,24936289.18,520986.55,197767495.01,3980918.27,9447296.36,152516.5,74282069.14,1058110.19,7268328.2700000005,2178967.36,56428487.43,17853579.35,,,,,127145551.81,74602865.09,0.3697816629063224,6488.0,2482.0,0.3756030238247391,0.37885734688933376,0.9802678903201841,0.24034843881840745,
2022,35,28285027.759999998,175776450.35,27534632.97,750394.56,170607002.7,5169447.65,11449293.28,277008.23,75473185.41,1951952.36,10035868.6,1413424.4,66231534.16,9241651.25,,,,,98016190.08,77760260.27,0.44238155973207133,5469.0,2789.0,0.4423803490804777,0.41581426897806945,0.9705907836931126,0.12244946598975145,
2022,37,37684279.94,285433472.5,36790856.68,893423.02,279177790.34,6255682.16,21652458.76,403853.58,160368870.85,2817843.55,19772556.55,1879902.0,145996629.74,14372241.11,,,,,126055774.55,159377697.95,0.5583707354084059,5357.0,2801.0,0.5744327679314779,0.5885282571245635,0.9780835719608882,0.08961989339840762,
2022,38,30168027.259999998,245010042.12,29018741.14,1149285.87,237628099.89000002,7381942.23,11619713.11,393171.92,94490484.08,2988473.6,8498203.14,3121509.77,69110734.75,25379749.33,,,,,129969170.57000001,115040871.55,0.4695353323259124,4170.0,1711.0,0.3976401954303402,0.4004209918666375,0.9698708584916511,0.2685958229244792,
2022,39,31497872.0,170683941.0,31080468.0,417404.0,168260018.0,2423923.0,14567515.0,201118.0,73082894.0,1098321.0,13503103.0,1064412.0,67852773.0,5230121.0,,,,,80886598.0,89797343.0,0.5261030561744529,5251.0,2424.0,0.4343449790906358,0.46870320614219835,0.9857987635755375,0.07156422951723833,
2022,40,44557610.78,301664523.57,43112161.88,1445448.68,294325004.21,7339519.37,21681454.07,334454.81,153261910.14,1696821.15,16688011.42,4993442.45,117770188.64,35491721.49,,,,,159806305.89,141858217.68,0.47025157615884655,7365.0,3896.0,0.5207233770415512,0.5029080687335737,0.9756699287236641,0.23157561756590023,
2022,43,72326924.26,514054373.03000003,70917446.88,1409477.12,505076714.89,8977658.14,35351521.83,652397.34,246777586.74,4297666.04,26683328.66,8668192.97,186622255.31,60155331.43,,,,,338368637.07,175685735.96,0.34176488943076666,15207.0,7495.0,0.48859426591017047,0.4984883605555993,0.9825355864845914,0.2437633507348399,
2022,44,84194210.66,495095237.76,80861492.11,3332718.23,478322594.43,16772643.33,34403428.49,1165368.66,190771931.04,5301959.95,25783560.669999998,8619867.42,142610261.07,48161669.97,,,,,265547193.35,229548044.41,0.4636442181277345,13813.0,5160.0,0.39883529078808433,0.42546121265236203,0.9661223900963261,0.2524567933418975,
2022,45,916210.0,5787875.0,890900.0,25310.0,5596253.0,191622.0,430118.0,9955.0,2285502.0,65223.0,370297.0,59821.0,1989280.0,296222.0,,,,,,5787875.0,1.0,,,0.40839861957634865,0.4827904366371085,0.9668925123642097,0.12960916245096263,
2022,48,57236071.160000004,344977085.95,55111845.12,2124226.04,335221439.35,9755646.6,21926815.06,839550.0,125082120.0,3807422.55,18900445.06,3026370.0,105841939.87,19240180.13,,,,,213938353.99,131038731.96,0.37984764002265464,13912.0,6198.0,0.37313281704934004,0.3978602968609881,0.9717208852491324,0.1538203871984261,
2022,49,57042429.52,366388839.97,55194077.33,1848351.89,354807237.46,11581602.51,29158293.55,807656.74,178145444.5,4534972.96,22884955.54,6273337.73,138479363.63,39666080.87,,,,,204823344.04,161565495.93,0.44096729568299353,10929.0,5995.0,0.5020907853382884,0.5282866379967802,0.9683898600433671,0.22266121360178814,
2022,51,39246553.78,263080894.18,36280688.96,2965864.08,244872710.13,18208179.43,15635338.17,1096898.86,110711905.14,6542775.59,12806953.43,2828384.24,88750494.78,21961407.71,,,,,163068522.84,100012371.34,0.38015824619925276,9026.0,4377.25,0.4521202263871069,0.4309548307431039,0.9307886492223112,0.1983653671412198,
2022,55,5493358.46,34414584.63,4991382.77,501975.46,31674542.21,2740042.38,1229490.96,98703.88,7766479.53,566290.24,978953.04,250537.8,6231348.0,1535131.53,,,,,,34414584.63,1.0,,,0.2451962676684886,0.246322715899426,0.9203813601280126,0.1976611827881815,
2022,60,10214025.84,67568489.19,9205789.39,1008236.45,60525478.26,7043010.93,3823502.0,300084.0,25146841.22,1991296.76,3452334.0,371168.0,22056551.96,3090289.2600000002,,,,,33300936.19,34267553.0,0.5071528668288107,1766.0,694.0,0.41547529970728064,0.4153366797803746,0.8957648600045603,0.12288975911384867,
2022,61,23002744.54,124822597.09,16050969.51,6951774.85,89577915.7,35244681.39,8346408.08,3978958.61,46279302.59,19362908.15,7514410.64,831997.16,41547508.03,4731794.56,,,,,46155854.88,78666742.21,0.6302283724579087,2584.0,1274.0,0.5166374125626145,0.5199940149908117,0.7176418195770453,0.10224429270078159,
2022,62,42174287.0,299185638.56,39300964.49,2873321.55,277816181.66,21369451.77,17743852.22,1055031.82,120970621.34,7586491.19,14587606.85,3156244.93,97440935.22,23529683.580000002,,,,,190129848.62,109055789.94,0.36450877276360133,9506.0,4133.55,0.43543403633719063,0.4514864317010556,0.9285745900008685,0.1945074210528148,
2022,63,73490738.26,431502933.34,70266906.01,3223831.98,415529319.87,15973613.47,38566423.91,1785991.27,213618415.43,8363188.37,32455353.8,6111069.86,177413244.28,36205171.15,,,,,269361879.37,162141053.97,0.3757588684622961,11690.0,6006.0,0.5140874667925512,0.5488561557628769,0.9629814487091478,0.1694852528379697,
2022,65,25168551.0,141903861.0,23832441.0,1336110.0,136843347.0,5060514.0,8841289.0,478365.0,44330695.0,1692928.0,7129932.0,1711357.0,34052865.0,10277830.0,,,,,82731746.0,59172115.0,0.41698735033009426,5501.0,1763.0,0.3239521392296843,0.3709770644140061,0.9643384333284631,0.23184454924516748,
2022,87,1565812.83,16659676.15,1529350.11,36462.72,16243741.3,415934.85,159250.53,3382.54,1606106.31,40730.66,135363.93,23886.6,1381986.77,224119.54,,,,,,16659676.15,1.0,,,0.09887539331840996,0.10412954428074025,0.9750334372496191,0.13954215770436765,
2022,88,1898451.5,8125994.1,1824682.5,73768.76,7844024.6,281969.5,568202.85,14963.42,2192621.35,63354.23,506944.2,61258.51,1969286.99,223334.36,,,,,,8125994.1,1.0,,,0.2795275973509823,0.3113982021529773,0.9653003070725833,0.10185724042137963,
2022,89,990679.67,38736981.160000004,924593.78,66085.89,36118418.87,2618562.29,365665.36,41844.21,14367304.03,1685865.84,345245.84,20419.52,13538882.2,828421.83,,,,,38736981.160000004,,,,,0.39778330501431497,0.39548758374731874,0.9324014878912674,0.05766021434990125,
2022,90,5510333.32,51236753.75,5346886.98,163446.26,49062414.08,2174339.64,1807771.0,51995.909999999996,17798062.72,646383.96,1457124.6600000001,350646.3,14296845.99,3501216.77,,,,,50655296.53,581457.22,0.0113484398882316,1402.0,449.0,0.36276369709364287,0.33809785147169874,0.9575628916576315,0.19671898144653804,
2022,91,4351084.47,37691513.52,4163220.47,187864.0,35782004.230000004,1909509.25,968163.0,70807.0,9736183.46,832659.51,835351.0,132812.0,8312175.67,1424007.79,,,,,37042507.61,649005.91,0.017218886942696594,1298.0,340.0,0.27209720834578305,0.23255146033618534,0.9493384820169992,0.14625934236452853,
2022,333,2105543.14,18495626.44,1937830.78,167712.13,17005660.26,1489966.1500000001,445582.65,22237.0,3537455.82,174547.61,366349.49,79233.02,2933414.75,604041.09,,,,,,18495626.44,1.0,,,0.20801637607218665,0.22993888558215594,0.9194422430171011,0.1707557975946679,
2022,2001,15370692.26,135127733.62,14614247.45,756444.8099999999,129174297.4,5953436.22,4426932.31,150746.99,45598126.34,1461318.4,3716880.76,710051.55,38230815.89,7367310.45,,,,,74024662.99,61103070.63,0.4521874895188522,1671.0,761.0,0.3529968984371654,0.302918937505742,0.9559421588706433,0.16157046443237694,
2022,2004,33678540.0,290128602.75,33470726.66,207812.58,288156336.25,1972263.03,17492635.27,75097.93,157026416.47,786318.69,13577516.46,3915118.37,121939982.69,35086431.04,,,,,183714661.98,106413940.77,0.36678197103405036,7961.0,4698.58,0.5449348034941918,0.5226249028798349,0.9932020956179234,0.22344285648716491,
2022,3028,683275.0,47818718.0,511732.0,171543.0,36037704.0,11781014.0,440547.0,142554.0,31076507.0,9881190.0,419074.0,21473.0,29375903.0,1700604.0,,,,,47769499.0,49219.0,0.0010292831355286438,417.0,306.0,0.8623331552975739,0.8608939835695246,0.7536317473002936,0.05472313860756616,
2022,3029,2234249.99,51631529.62,2164631.19,69618.8,50008594.06,1622935.56,862495.37,37369.84,20239314.06,853428.8,821573.49,40921.88,19203483.02,1035831.04,,,,,44119534.7,7511994.92,0.1454923953500334,,,0.4047167180048492,0.39844910947624296,0.9685669672786271,0.0511791574027287,
2022,4000,2981070.92,166177984.27,2747920.21,233150.68,154095924.8,12082059.47,544791.2,63648.53,25321422.98,2517349.1,448321.46,96469.74,21175178.89,4146244.08,,,,,155754747.42,10423236.85,0.06272333182874996,7825.0,960.0,0.16432246999954406,0.1982558292695114,0.9272944636855777,0.16374451322403524,
2022,4003,1174237.0,24125341.0,1049932.0,124305.0,21069724.0,3055617.0,213371.0,16100.0,2545250.0,247789.0,199358.0,14013.0,2372568.0,172682.0,,,,,22126088.0,1999253.0,0.08286941933794842,1473.0,121.0,0.12080129763446355,0.203223637340323,0.8733440907633181,0.06784480895786268,
2022,4020,166561.46,9168484.61,162936.62,3624.73,8945639.85,222844.74,36664.96,823.8,1722684.57,25849.0,28401.7,8263.19,1418697.23,303987.31,,,,,8322705.36,845779.25,0.0922485324431384,775.0,136.0,0.1925725380057638,0.22502590270990033,0.9756944828421324,0.17646138782098686,
2022,5033,4750760.85,74237914.58,4637139.18,113621.43,71888170.33,2349744.25,3165722.44,93009.45,52038267.63,1883628.94,2744882.88,420839.46,46712597.38,5325670.25,,,,,71542892.09,2695022.49,0.03630250802769789,1060.0,838.0,0.7238780371112556,0.6826886830685984,0.9683484609812433,0.10234142089176229,
2022,5034,6776722.06,60275966.8,6592613.99,184107.92,58510398.81,1765567.99,8815.12,0.0,11565.07,0.0,8815.12,0.0,11565.07,0.0,,,,,42721301.89,17554664.91,0.2912382138680188,410.0,0.0,0.00019765836902864206,0.0013371206039624354,0.9707085911063313,0.0,
2022,5050,76757199.71,507588596.63,73676508.21,3080691.5,491051490.15,16537106.48,25274574.83,1020517.0,155242445.03,5345344.9,22346507.83,2928067.0,135879314.83,19363130.2,,,,,323829380.04,183759216.59,0.36202392608900325,16875.0,4089.0,0.3161429058744503,0.3430479462729142,0.9674202561093891,0.12472832540261879,
2022,8992,36793370.88,255045568.1,33493607.73,3299763.01,233425156.13,21620411.3,8651322.59,752812.3,66889374.04,4355610.25,6918037.9399999995,1733284.56,53165489.92,13723884.08,,,,,227748645.17,27296922.93,0.10702763091847664,3158.0,970.19,0.28655597857990817,0.25829772235169124,0.9152292191114534,0.205172858573816,
2023,1,77789347.0,440345612.0,62178229.0,15611118.0,368586493.0,71759119.0,33001260.0,8473181.0,187320608.0,34138533.0,25255688.0,7745572.0,143981731.0,43338877.0,,,,,231918153.0,208427459.0,0.47332698071713725,13888.0,6283.0,0.508213435808132,0.5307526529904865,0.8370390960089776,0.231362034656646,
2023,2,405491447.66,1848222109.76,376283350.05,29208096.99,1732006641.36,116215466.3,159714530.42,13701603.55,651475521.31,51527939.76,132275980.29,27438549.88,519709673.52,131765847.75,,,,,1227361605.84,620860503.92,0.33592310179679735,20060.0,6117.0599999999995,0.3761391589113369,0.4244528236468006,0.9371203992278335,0.20225755755955743,
2023,3,44881018.21,400129173.08,40004945.29,4876072.68,360617009.41,39512163.15,15537946.97,1151252.94,130492439.85,10017746.47,10908587.97,4629358.7299999995,88845316.66,41647122.97,,,,,303057942.46,97071230.62,0.24259973316315037,10421.0,3211.0,0.36185880434064016,0.38840065540307106,0.9012514799512005,0.31915353117677187,
2023,4,85504398.0,573789648.0,75381838.0,10122560.0,518798219.0,54991429.0,28079188.0,4368424.0,175780577.0,23818377.0,15592667.0,12486521.0,96750297.0,79030280.0,,,,,404597776.0,169191872.0,0.29486741803330685,21021.0,5921.0,0.338822629998273,0.37249274818690414,0.9041609949017414,0.44959620311179205,
2023,5,68693797.0,413332698.0,65619261.42,3074532.35,396555589.65,16777103.14,32684297.66,1343621.71,184895254.77,6577437.34,27088804.74,5595492.77,151095789.42,33799465.35,,,,,253011021.0,160321677.0,0.3878756212023661,13545.0,6503.0,0.46625305403761574,0.49808999602726706,0.9594101593433578,0.18280331419021414,
2023,6,10660806.26,118486830.04,10359016.18,301789.78,115212519.69,3274310.35,5004874.01,85266.46,56309608.11,969641.35,3925741.63,1079132.15,44369949.73,11939658.38,,,,,71276492.27,47210337.77,0.3984437574544129,4103.0,2155.0,0.48874556568601335,0.4831418276634065,0.9723656177746115,0.21203589903655612,
2023,8,124092826.16,653644708.77,116225571.62,7867254.29,620737207.08,32907501.69,48847210.93,2980564.97,226028602.92,11519274.81,36716793.95,12130416.76,166472857.1,59555745.82,,,,,217310956.24,436333752.53000003,0.6675396383932699,8619.0,2727.0,0.36412929713567116,0.4202793778438549,0.9496553689665387,0.2634876517866149,
2023,9,635076573.53,2921569490.55,506829889.5,128246683.31,2390826731.34,530742758.96999997,187365484.51,49729992.0,785282977.64,191564900.89,160520045.09,26845439.009999998,660724871.88,124558105.76,,,,,1774623015.19,1146946475.36,0.3925788789449884,38924.0,10189.0,0.3284566662009287,0.3696812054530576,0.8183364246762842,0.1586155682813,
2023,10,2016860.13,17419653.38,1963262.69,53597.22,16949588.94,470064.44,703053.56,5955.73,5655026.21,61276.58,562407.89,140645.55,4517728.03,1137298.18,,,,,96.24,17419557.14,0.9999944752057978,,,0.33363795606007185,0.35810468134552087,0.9730152816622808,0.20111280439140528,
2023,11,73996729.22,515518516.71,73076212.69,920516.27,509389661.49,6128855.22,33414003.86,302223.74,232168722.16,1748909.85,24685711.59,8728291.98,164228259.37,67940462.79,,,,,259637770.35999998,255880746.35,0.49635607268389015,10314.0,5004.0,0.45577823758905983,0.45724870830056696,0.9881112801551458,0.2926340040893991,
2023,12,159919690.6,949076151.42,151530827.71,8388862.89,911891018.6,37185132.81,77284706.24,2538734.7,437224517.19,10770578.15,57019604.47,20265101.77,317184886.62,120039630.57,,,,,525771575.7,423304575.72,0.4460175035339948,14958.0,6822.0,0.4794701431112439,0.5100262923918532,0.9608196531286095,0.274549175196037,
2023,13,2827094.46,34673288.25,2800186.36,26907.86,34346202.85,327085.4,845007.42,5834.74,11027801.08,58996.11,504623.04,340384.27,6728722.11,4299078.97,,,,,,34673288.25,1.0,,,0.32107773683634433,0.30176827945122914,0.990566646069399,0.3898400904054029,
2023,15,110687269.0,638932703.63,108375514.67999999,2311752.59,628168068.99,10764629.76,51414029.55,774875.16,288164767.94,3208826.12,37494673.82,13919354.82,206440406.57,81724358.54,,,,,361704109.95,277228593.68,0.43389325997083494,16434.0,8055.89,0.4587383252436338,0.4744063241758069,0.9831521620683331,0.2836028815188683,
2023,16,63400985.19,345329488.45,60035013.19,3365972.0,328962267.51,16367220.9,24704448.5,1685288.0,118446965.09,6473701.6,20737735.5,3966713.0,96178057.9,22268907.13,,,,,233582550.79,111746937.66,0.3235951211741935,9893.0,3724.0,0.3600624654813926,0.41150067581087846,0.9526040448689634,0.18800741000902244,
2023,17,15847483.5,82013989.41,11335951.46,4511531.56,58927119.94,23086869.47,6651293.39,2642136.61,31949185.64,12450928.25,5494287.97,1157005.16,26036911.78,5912273.86,,,,,26203449.4,55810540.01,0.6805002465005683,1396.0,583.0,0.5421813533824643,0.5867432842730256,0.7185008358197851,0.18505241187111524,
2023,18,38321813.0,208039749.97,37025174.61,1296636.8,200150398.23,7889347.33,19141795.43,421450.43,102040122.14,3088965.2,16214301.86,2927492.63,84090111.12,17950008.53,,,,,93643435.29,114396314.68,0.5498771974898851,5202.0,2981.37,0.5098172326529276,0.5169940623272593,0.962077671497213,0.17591128032336556,
2023,19,112483638.0,547528412.0,84826622.0,27657016.0,434703636.0,112824776.0,49489681.0,19054935.0,229692752.0,73312723.0,41565191.0,7924490.0,191359249.0,38333503.0,,,,,322672429.0,224855983.0,0.4106745477894944,15790.0,6939.0,0.5283893047538254,0.5834215701764005,0.7939380431640505,0.16689034663139915,
2023,22,83050314.15,404912474.41,71544134.58,11506179.36,355584301.92,49328172.49,38414549.13,5818846.87,189680513.16,23812447.26,30127670.26,8286878.64,149277090.17,40403422.99,,,,,241340707.67,163571766.74,0.40396820813767537,11337.0,6685.0,0.5334333156323494,0.5369349892274565,0.8781757154756066,0.21300776931111928,
2023,23,148576228.31,749524833.63,144044093.58,4532134.26,729428929.92,20095902.93,62882466.21,1544481.86,315459615.17,7507393.46,53959659.77,8922806.14,267474949.4,47984665.25,,,,,378152990.34,371371843.29,0.4954763693304474,22095.0,9637.22,0.4324747788720116,0.4365501191138808,0.9731884751400774,0.15211032709889424,
2023,24,90458975.72,485128249.11,86744915.01,3714059.72,468209483.83,16918761.09,46925990.98,1752803.87,247004873.68,6961558.89,36457744.23,10468246.26,184125018.91,62879852.26,,,,,268685125.36,216443123.75,0.44615650427918657,8792.0,5280.0,0.5275520514011712,0.5409653231499546,0.9651251698678883,0.2545692776145873,
2023,27,69310349.28,375877677.3,50565268.56,18745080.75,282964033.87,92913643.42999999,66977313.49,25625650.12,165336523.53,52168497.95,60297815.94,6679497.55,148317541.83,17018981.7,,,,,181345166.76,194532510.54,0.5175420683062735,9025.0,4157.0,0.5843022566110267,1.3245714973416132,0.7528088284001961,0.10293540311987955,
2023,28,36107301.0,217557778.0,35515734.94,591565.2,213677398.52,3880375.7399999998,16960731.61,278637.65,93633410.78,1907229.7,15585529.18,1375202.0,84504334.15,9129074.5,,,,,96895169.0,120662609.0,0.5546232826481616,6102.0,2749.01,0.4381998818243568,0.47755541701877563,0.9821639128893843,0.09749804502422292,
2023,29,124821765.71,783284694.97,111354082.8,13467682.71,723087609.88,60197085.09,50200500.03,5029651.09,316108181.21,21095046.67,38852423.57,11348076.23,241463300.32,74644880.89,,,,,460351930.77,322932764.2,0.4122801917026713,15508.0,6612.0,0.43716442778276854,0.4508186746970359,0.9231478854667197,0.23613713698985603,
2023,30,4184199.42,55201982.99,4072753.72,111445.63,53590237.69,1611745.3,2317728.57,44729.4,29746790.03,652305.11,2003186.9,314541.56,25349310.88,4397479.15,,,,,7869566.4,47332416.59,0.8574405125731517,266.0,208.0,0.5550785238549294,0.569081444482727,0.9708027644533715,0.1478303758343367,
2023,32,27809199.81,188003540.68,24510490.65,3298708.7,163926771.48,24076769.01,6262625.25,926945.97,75104012.02,10819653.89,4910237.13,1352388.08,58225021.69,16878990.08,,,,,81653756.15,106349784.53,0.5656796895704082,6199.0,2709.0,0.45815586643919914,0.2555079512453579,0.8719344906329133,0.22474152346888165,
2023,33,39237386.6,265924527.71,37789993.74,1447392.78,256711047.48,9213480.23,20784434.33,556442.78,133074774.4,2915687.76,16766392.12,4018042.14,107691693.26,25383081.14,,,,,159291569.61,106632958.1,0.4009895552631646,9194.0,5032.0,0.5183835121484893,0.5499983533471736,0.9653530258779001,0.19074299584159204,
2023,34,22035103.0,210598188.08,21598851.2,436250.53,206909050.48,3689133.71,8048889.5600000005,170217.31,75956712.84,1266952.12,5624227.6,2424661.25,52813508.98,23143201.57,,,,,125691383.05,84906805.03,0.40316968443121853,6306.0,2544.41,0.36710193519225515,0.37265359557641664,0.9824825767323381,0.3046893514040068,
2023,35,25625212.41,180537476.82,24736825.82,888386.34,174234741.66,6302735.16,10795945.6,300793.17,79051861.52,2374429.64,9200346.72,1595598.7,67178569.86,11873291.66,,,,,95442740.23,85094736.59,0.47134112035276426,5135.0,2681.0,0.4537089490123677,0.43643213072516995,0.9650890481521243,0.15019623107794972,
2023,37,40612204.02,290053309.45,39836046.53,776157.25,284758724.84,5294584.61,24415884.5,378934.64,169926409.11,2538156.36,20896497.37,3519386.9,144551998.35,25374410.76,,,,,123984183.57000001,166069125.88,0.5725469093764205,5628.0,3233.0,0.5967382007539125,0.6129093277771106,0.9817461672130561,0.14932588108522998,
2023,38,30738952.76,267729206.41,29741320.18,997632.3,260893671.77,6835534.63,11640464.09,320802.06,103337350.49,1978594.43,8346904.53,3293559.31,72160337.71,31177012.78,,,,,139763383.89000002,127965822.52,0.4779673620069428,3968.0,1634.0,0.3960899081565331,0.39139029537188486,0.9744684760708099,0.3017012980511535,
2023,39,33418132.0,175364068.0,32961691.0,456441.0,172537573.0,2826495.0,15017214.98,240644.0,77107830.0,1382091.0,13709385.65,1307829.29,69563333.0,7544497.0,,,,,78866902.0,96497166.0,0.5502676067026456,5264.0,2495.0,0.44690457075109086,0.45559601235264297,0.9838821314295697,0.09784346155247788,
2023,40,46133298.01,310414479.56,44415549.2,1717748.74,302825696.13,7588783.43,22172133.31,333814.69,161200312.26,1627619.72,16543760.01,5628373.24,118787604.33,42412707.93,,,,,165594458.23,144820021.33,0.4665375839918181,7736.0,4377.0,0.5323204547040762,0.4991975492672732,0.9755527401918983,0.2631056189369692,
2023,43,71888755.76,511681319.08,70668480.36,1220275.14,503999948.11,7681370.97,34913013.39,577310.72,242683447.61,3483105.67,24959840.91,9953172.25,175346126.29,67337321.32,,,,,320355351.57,191325967.51,0.3739162646273719,15541.0,7704.0,0.48151482657897693,0.4940393965194358,0.9849879784866662,0.2774697738273984,
2023,44,80022574.52,497427558.71,76960316.13,3062258.15,480488064.72,16939493.99,32672406.66,1062272.98,190677113.58,5226662.39,26159624.72,6512781.68,150919220.35999998,39757893.22,,,,,259221607.02,238205951.69,0.47887566243364077,13309.0,5221.0,0.3968404786310672,0.42453576470255594,0.9659458071966703,0.2085089944647147,
2023,45,996595.0,5920672.0,963308.0,33287.0,5702144.0,218528.0,458679.0,15743.0,2377906.0,97838.0,355034.0,103645.0,1849990.0,527916.0,,,,,,5920672.0,1.0,,,0.4170196333168717,0.47614989183106543,0.9630906761935132,0.2220087757884458,
2023,48,56701170.5,356825065.67,54717669.5,1983501.0,347492081.62,9332984.05,22691397.0,916292.0,133687690.03,3885279.11,18701261.0,3990136.0,109191751.84,24495938.19,,,,,219205768.98,137619296.69,0.3856772125343725,14227.0,6684.0,0.38472154360108324,0.4146996245883608,0.9738443709595465,0.18323256377982913,
2023,49,53583930.76,367721754.66,51848506.96,1735423.49,356548895.06,11172859.6,27479793.73,905282.92,185024616.18,5387518.25,21571689.25,5908104.2299999995,142619205.5,42405410.68,,,,,196657632.2,171064122.46,0.4651998971835865,11604.0,6537.0,0.5189319578423153,0.5300016401860919,0.9696159950875612,0.22918794026166858,
2023,51,44285827.77,308601099.92,41783760.89,2502065.22,290204173.68,18396921.66,17287377.83,907268.69,128687213.33,7338445.34,13259793.08,4027583.87,95969847.82,32717363.07,,,,,192576179.36,116024920.56,0.3759705347455911,9081.0,4458.01,0.4434368110497948,0.41373436621731535,0.9403860639357114,0.25423942459691773,
2023,55,6272909.56,36009146.9,5902550.53,370358.79,33711732.23,2297414.63,1209927.24,63595.96,7012380.76,370958.64,946902.38,263024.7,5288929.74,1723451.03,,,,,,36009146.9,1.0,,,0.20801009904082288,0.20498380045210726,0.9361991363922036,0.24577259692327375,
2023,60,9547221.47,66820615.12,8792700.48,754520.99,60827301.95,5993313.17,3188241.0,184622.0,27876361.88,1578677.22,2346870.0,841371.0,21571646.51,6304715.37,,,,,37467714.16,29352900.96,0.4392791192850666,1929.0,866.0,0.4582870024863892,0.3626008877764024,0.9103074229526789,0.22616708009244715,
2023,61,21783829.79,125856500.52,15503697.78,6280131.77,90696270.28,35160230.24,7888549.83,3776351.95,46268741.3,20002050.01,6893075.41,995474.25,40413297.49,5855443.81,,,,,45574440.31,80282060.21,0.6378856863038416,2755.0,1364.0,0.5101504301903251,0.5088173119690418,0.7206323861323902,0.1265529090587126,
2023,62,42660483.0,318000688.49,39598814.61,3061667.47,295765521.27,22235162.11,18140629.23,1060684.79,134537219.71,7887265.81,13682002.93,4458625.87,99773918.05,34763299.33,,,,,205247727.55,112752960.94,0.35456829189709654,10223.0,4603.43,0.4548779693194291,0.4581104108459574,0.9300782418881485,0.25839168822526276,
2023,63,84047641.26,458422525.21,80498958.92,3548682.07,442627720.64,15794804.57,45889898.83,1988575.16,231523488.8,8250589.16,35319528.6,10570369.959999999,173237084.6,58286404.2,,,,,282710617.08,175711908.13,0.3832968461781141,12863.0,6450.0,0.5230659491123553,0.5700682275357803,0.9655453131087647,0.25175158037787826,
2023,65,26577068.0,140664303.0,25124559.0,1452509.0,135323869.0,5340434.0,10207380.0,604439.0,52892731.0,2050445.0,7677494.0,2529886.0,38010038.0,14882693.0,,,,,85781460.0,54882843.0,0.3901689471279718,6070.0,2353.0,0.3908603219140889,0.4062710115628298,0.9620341914323494,0.28137501540618126,
2023,87,2110147.15,17696692.93,2059858.88,50288.27,17246654.33,450038.6,228048.59,7095.139999999999,1859832.9000000001,48819.19,178145.15,49903.44,1463894.04,395938.86,,,,,,17696692.93,1.0,,,0.1078373152504646,0.1107107832552102,0.9745693389278919,0.2128894805549466,
2023,88,1914011.81,8648590.51,1856232.1300000001,57779.44,8376359.77,272230.74,555254.35,16705.47,2383425.71,77682.43000000001,483114.34,72139.89,2051133.91,332291.8,,,,,,8648590.51,1.0,,,0.28454194607737104,0.29912980226239266,0.9685231090909864,0.13941772911394834,
2023,89,975096.24,46231776.49,917888.02,57208.22,43763062.05,2468714.44,412911.49,30447.22,20045448.19,1309856.09,357921.38,54990.11,17278852.51,2766595.68,,,,,46231776.49,,,,,0.4580449184999385,0.44984952521768395,0.9466013502523748,0.13801615477872736,
2023,91,2130130.0,26310653.64,1982817.0,147313.0,23935552.64,2375100.97,974724.0,76512.0,11448665.22,959630.84,816277.0,158447.0,9411803.290000001,2036861.8900000001,,,,,25710971.72,599681.92,0.022792361155494274,955.0,417.0,0.47831213225749863,0.4915854564490823,0.909728544471083,0.1779126082263064,
2023,333,2446352.87,21233763.65,2237643.03,208709.61,19381956.16,1851807.45,461424.88,25029.35,3834905.71,212156.98,361351.99,100072.78,2988576.22,846329.58,,,,,,21233763.65,1.0,,,0.19785958023753986,0.20621022826862606,0.9127894837427938,0.22069110533619873,
2023,2001,14554731.86,143816642.58,13776757.83,777974.03,136907615.2,6909027.38,3839294.88,207092.9,46085535.47,2235429.7,3139541.54,699753.34,36965405.64,9120129.83,,,,,81186506.33,62630136.25,0.4354860127899393,1776.0,791.0,0.33661776521836606,0.2786791295437905,0.9519594724500902,0.1978957114632393,
2023,2004,30560724.0,308835323.09,30326509.91,234213.33,306446643.59,2388675.57,16254615.93,70058.97,171890259.77,871590.23,12124096.33,4130519.06,128087686.37,43802570.83,,,,,185335852.65,123499470.44,0.3998877758034501,7770.0,4804.61,0.5609141537865066,0.5359870284526255,0.9922655236580438,0.25482869645208867,
2023,3028,778921.0,55165622.0,612969.0,165952.0,43477093.0,11688529.0,508794.0,137539.0,36216135.0,9247327.0,488206.0,20588.0,35073384.0,1142751.0,,,,,55165622.0,,,258.0,189.0,0.8329934800378673,0.8300485016371137,0.7881193290995613,0.03155364314828184,
2023,3029,1996561.32,56123308.83,1914515.52,82045.8,53659803.84,2463504.9899999998,837635.83,55652.95,24788277.39,1653775.31,749156.95,88478.88,22016022.650000002,2772254.74,,,,,48057010.28,8066298.55,0.1437245721636473,,,0.46195244141988273,0.43751843286180303,0.9561054926846516,0.11183732924976761,
2023,4000,3029131.19,205167074.51,2820339.94,208791.18,192324168.43,12842905.89,578016.59,37682.46,33140859.68,1754897.9,434936.48,143080.1,25219024.24,7921835.38,,,,,190687603.97,14479470.54,0.0705740459310115,8318.0,1017.0,0.1723177068724061,0.20494571657911562,0.9374026943130487,0.23903530133168832,
2023,4003,1117631.0,29242366.0,1004066.0,113565.0,26269852.0,2972514.0,169232.0,24524.0,3134001.0,385228.0,145217.0,24015.0,2694160.0,439841.0,,,,,26148353.0,3094013.0,0.1058058366412622,1737.0,134.0,0.11930029145196555,0.16854668916186785,0.8983490597169873,0.14034488182996752,
2023,4020,129152.67,8862420.25,123944.51,5208.05,8522654.04,339766.17,24371.79,332.4,1399488.53,26687.62,18493.93,5877.83,1117400.79,282087.72,,,,,8003481.72,858938.53,0.09691918299631526,686.0,82.0,0.16420806516745576,0.19663468757107516,0.9616621418962839,0.20156486741624097,
2023,5033,3786202.62,68907085.72,3692643.74,93558.64,66597852.120000005,2309233.6,2669583.73,76000.93,52791506.83,1983909.66,2350022.15,319561.47,48182920.11,4608586.72,,,,,65987088.09,2919997.63,0.04237586888908992,937.0,771.0,0.792690832354129,0.7229464627421652,0.9664877192835664,0.0872978817376939,
2023,5034,7017506.71,66212158.86,6954101.09,63405.47,65597433.980000004,614724.88,21819.629999999997,0.0,33979.94,0.0,15734.16,6070.83,27838.61,6204.53,,,,,46859952.94,19352205.92,0.2922757126967964,430.0,0.0,0.0005180071526938103,0.003137663620015049,0.9907158308899159,0.18259390687564483,
2023,5050,77015236.82,519047753.29,73919055.82,3096181.0,502082230.69,16965522.6,23040654.0,853281.0,140340951.34,4369669.65,19717915.0,3322739.0,116664809.52,23676141.82,,,,,332873372.32,186174380.97,0.35868449442258066,16877.0,3902.0,0.2795178613414235,0.3117011404489014,0.9673141392242554,0.16870444153282452,
2023,8992,36041845.38,261221516.72,32204035.94,3837809.28,234459152.65,26762363.55,9115529.28,909643.55,73659959.79,6296481.71,6937117.84,2178411.3,57483548.36,16176411.41,,,,,231533597.4,29687919.32,0.11365035963642345,3367.0,1111.04,0.31416969206554884,0.2830554933233626,0.8975491590201345,0.21960928917308603,
2024,1,89046869.0,487968863.0,71857083.0,17189786.0,408519306.0,79449557.0,39329494.0,9022771.0,211388697.0,35509193.0,28839892.0,10489602.0,154748768.0,56639929.0,,,,,259450601.0,228518262.0,0.46830500740372033,15427.0,7280.0,0.5174509353543257,0.5473293982724013,0.8371831421547076,0.26794208869171465,
2024,2,427449682.26,1932484534.12,398571688.53,28877992.94,1820060673.35,112423858.44,175246594.94,14199024.01,702287581.32,49704882.17,135189777.62,40056817.05,524936510.28,177351071.01,,,,,1328485563.51,603998970.61,0.3125504809719186,20256.0,6339.99,0.3858594340304991,0.43968651056561286,0.9418241860232042,0.25253340045776673,
2024,3,50773308.46,423296579.32,45907085.589999996,4866222.59,385938611.63,37357967.32,19248211.48,1324295.84,149337314.98,10542581.62,12840943.16,6407268.07,97561000.66,51776314.15,,,,,305617558.59,117679020.73,0.2780060753598438,10273.0,3476.0,0.3869457744828339,0.41928628734804424,0.9117451698995223,0.3467071452097163,
2024,4,87612125.0,600651545.0,78639824.0,8972301.0,548685760.0,51965785.0,31056568.0,4084310.0,193555067.0,24433630.0,16140193.0,14916375.0,97837456.0,95717611.0,,,,,426329804.0,174321741.0,0.29022108150908027,20967.0,6131.0,0.35276123623109884,0.3949216366506619,0.9134843064459278,0.4945239227449416,
2024,5,71317826.0,424222470.0,67995155.78,3322666.92,406655936.7,17566528.02,34119855.910000004,1527530.68,188818918.82,7230949.4,27358418.34,6761437.29,149338166.19,39480752.63,,,,,246391480.0,177830990.0,0.4191927645888253,13757.0,6804.0,0.46432106795798805,0.5017983342871607,0.9585912238453564,0.20909320356630567,
2024,6,8020526.37,81124210.05,7666772.53,353753.68,78695494.69,2428715.36,3710911.03,94891.73,38283243.92,862034.45,2702209.39,1008701.49,28495649.46,9787594.46,,,,,37925965.36,43198244.69,0.5324951042774437,2224.0,1163.0,0.4864731338281394,0.4840251899321708,0.9700617687555529,0.25566262045225346,
2024,8,131290789.66,681875448.89,122972867.08,8317922.32,647627077.51,34248371.37,52213488.57,3251655.99,240059469.06,12588597.78,37981263.7,14232224.66,168494830.07,71564638.99,,,,,238582079.31,443293369.58,0.6501090049533548,9495.0,3236.0,0.370675466478304,0.4245935693768327,0.9497732739377086,0.2981121272584056,
2024,9,708792302.23,3106044732.62,571383476.38,137408825.13,2575675965.54,530368767.08,217542520.86,53478795.95,865628770.63,191206806.57,182174045.85,35368474.66,705780798.84,159847971.79,,,,,1874243873.85,1231800858.77,0.3965818153980531,40613.0,11017.0,0.33607828865558315,0.38072945727839497,0.8292462560149205,0.1846611124924412,
2024,10,2100641.95,17364759.82,2037433.51,63208.21,16845274.83,519484.99,715334.83,10199.49,5815207.75,96663.24,526187.73,189146.97,4241157.47,1574050.28,,,,,,17364759.82,1.0,,,0.3452129934765808,0.35109603650329674,0.9700839519011555,0.2706782539282453,
2024,11,74270795.16,494805432.51,73226613.01,1044181.91,488333776.18,6471656.33,34065157.47,360336.58999999997,228798657.93,2129344.91,23886627.21,10178529.99,152221113.33,76577544.6,,,,,262860713.93,231944718.58,0.4687594422789859,10039.0,4970.0,0.46852925005471,0.46520187223937254,0.9869208058262998,0.33469402877104537,
2024,12,162891795.39,961717880.88,154226982.02,8664813.37,923418158.2,38299722.66,78730582.17,2363457.28,450277930.49,10658996.91,56525828.78,22204753.39,318771616.81,131506313.67999999,,,,,524525736.6,437192144.28,0.4545950043893916,15578.0,7212.0,0.48762083189669725,0.5104851378067574,0.9601757194688378,0.29205587210746176,
2024,13,2559589.29,33202183.5,2534115.02,25474.14,32833641.68,368541.82,718093.48,3826.41,10242130.96,51191.729999999996,406199.03,311894.37,5760413.58,4481717.38,,,,,,33202183.5,1.0,,,0.31194014541002935,0.28337051567611954,0.9889000727918994,0.437576652505525,
2024,15,119052339.0,688099493.28,116478563.98,2573772.18,675058338.23,13041150.02,55618265.93,868693.95,309500925.6,4353490.7,38844582.31,16773682.26,211510424.69,97990497.9,,,,,404514467.82,283585025.46,0.41212793822623,17836.0,8858.86,0.45848026470054437,0.4774978676724582,0.98104757353063,0.3166080932069432,
2024,16,60407240.7,370487504.15,57091258.7,3315982.0,352508654.59,17978849.56,23991609.0,1312329.0,137822122.6,6495531.88,19318568.0,4673041.0,107182081.47,30640041.13,,,,,253853013.28,116634490.87,0.3148135620325213,10506.0,3631.0,0.3909751457316695,0.4202326161010004,0.9514724535683101,0.2223158412595802,
2024,17,17798484.18,95171802.19,12753704.93,5044779.25,67283205.07,27888597.12,7765610.26,3066098.03,37755938.49,15090991.89,6094962.12,1670648.14,29230516.46,8525422.03,,,,,31909446.94,63262355.25,0.6647174246391141,1838.0,846.0,0.5611495238777573,0.608890538288469,0.7069657558409633,0.22580347280357058,
2024,18,38842166.28,222642659.47,37645404.85,1196760.41,214912417.5,7730241.02,19644612.81,436131.14,111578701.04,3034719.59,15974097.46,3670514.76,90054529.32,21524171.25,,,,,106591314.39,116051345.08,0.5212448744380784,5559.0,3325.2200000000003,0.5191821968128016,0.5218329538033909,0.9652796010054775,0.19290573424298754,
2024,19,108198941.0,604393730.0,81531979.0,26666962.0,478541213.0,125852517.0,46687472.0,17579937.0,250398818.0,77662653.0,35368199.0,11319273.0,187803532.0,62595286.0,,,,,342130322.0,262263408.0,0.4339280753293056,15810.0,6827.0,0.5232544474701284,0.5726277292987086,0.7917706442785235,0.24998235414993053,
2024,22,87385430.37,431677953.55,75644942.77,11740487.41,381809535.67,49868417.88,41498594.79,5551853.09,206431379.53,22712972.01,32008848.080000002,9489746.52,159302343.59,47129035.94,,,,,264627408.82,167050544.73,0.38697956047146387,12007.0,7325.0,0.5406658562567168,0.5485970809202318,0.8844777282001642,0.2283036428245682,
2024,23,136840629.0,746989014.0,132999022.0,3841607.0,728387946.0,18601068.0,61128614.0,1492390.0,324782923.0,7299360.0,49757163.0,11371451.0,262429728.0,62353195.0,,,,,411133216.0,335855798.0,0.449612767665148,23373.0,11106.0,0.44589277566106233,0.459617018837928,0.975098605667044,0.19198421648542155,
2024,24,95220239.3,499090338.53,90925116.48,4295120.98,479194384.01,19895950.27,49886192.42,2095746.6199999999,260152559.73,8229952.42,36500099.95,13386091.51,180420804.61,79731752.71,,,,,303892536.62,195197801.91,0.39110715403733826,8705.0,5183.8,0.5428956774346735,0.5486513996489961,0.9601355646783292,0.3064807541880418,
2024,27,70884094.27,393241528.24,52842251.44,18041842.85,295421638.05,97819890.19,69375406.49,22972794.72,173665662.84,56610450.36,60252756.36,9122650.13,148804571.59,24861091.25,,,,,206551639.9,186689888.34,0.4747461164021846,9217.0,4233.0,0.5878569490925616,1.3128775667095232,0.7512473043531167,0.1431549037584061,
2024,28,42366361.8,236265893.1,41715005.26,651355.48,232719343.36,3546548.77,20334056.5,306235.79,100959628.0,1559866.53,17373928.69,2960127.18,85047214.95,15912412.5,,,,,98757350.13,137508542.97,0.5820075896938677,5740.0,2494.66,0.43382568265424654,0.4874518503177099,0.9849891590636872,0.1576116395753756,
2024,29,134392475.06,828761549.16,120109089.77,14283385.040000001,763109594.95,65651954.21,56547889.6,5667391.72,349986921.26,26277419.52,43022954.79,13524934.59,259943955.3,90042965.96,,,,,500616572.46,328144976.7,0.3959461886625831,16381.0,7448.0,0.45863257856550943,0.47080441378987237,0.9207830596429791,0.2572752308452933,
2024,30,3936313.75,56459168.3,3808749.69,127563.89,54772462.13,1686706.17,2312371.64,45846.14,31167109.92,667518.43,1923802.52,388568.88,25393862.41,5773247.51,,,,,10786877.540000001,45672290.76,0.8089437399664989,381.0,299.0,0.5690288277716319,0.6071209263426288,0.9701252033852579,0.18523525359967027,
2024,32,26944223.0,205608148.46,23587012.18,3357210.34,178214699.62,27393448.84,12651994.69,1665713.83,84764368.3,12642566.84,9448831.0,3203163.4,62382801.31,22381566.99,,,,,111071444.53,94536703.92999999,0.45979064856173063,6437.0,2703.0,0.47563062127164385,0.5363966658196723,0.8667686614310948,0.2640445205795275,
2024,33,39103819.78,294002396.33,37691113.89,1412705.6400000001,284187807.87,9814588.46,21497908.52,563776.85,153259813.06,3579899.98,17026394.23,4471514.04,121038513.42,32221299.64,,,,,174654127.72,119348268.61,0.40594318311623134,9072.0,5258.0,0.5392905987371133,0.570370739977088,0.9666173181493947,0.2102397164440336,
2024,34,22100659.0,224922859.32,21645296.32,455361.12,221043368.57,3879486.84,8025236.05,156440.03,80073877.64,1325286.13,5547877.49,2477357.78,55678541.31,24395333.94,,,,,137392629.4,87530229.92,0.3891566654657803,6788.0,2898.19,0.3622541502060136,0.37076120055629713,0.9827519054233584,0.3046603294232574,
2024,35,25167016.26,190850587.84,24408923.19,758092.8200000001,185299711.05,5550876.79,11680210.71,261843.46,90641997.67,1893073.69,9245619.98,2434590.55,71170283.42,19471714.25,,,,,105764438.58,85086149.26,0.4458259742502452,4977.0,2733.0,0.4891642688290096,0.478522162533791,0.9709150657966347,0.214820003425902,
2024,37,37301286.69,298649101.65,36487079.45,814207.01,292772212.36,5876889.29,21621128.25,409795.99,167609154.78,2745833.58,16836126.65,4785001.38,132651085.32000001,34958069.46,,,,,139662404.38,158986697.27,0.5323528394748815,6468.0,3675.0,0.572489969006702,0.592569440358428,0.9803217580179184,0.20856897408667907,
2024,38,31245639.259999998,279245358.77,30112111.6,1133527.42,271445870.03,7799488.74,11139536.040000001,367045.63,102480129.88,2353511.73,7567174.8100000005,3572361.03,66151107.66,36329022.22,,,,,142783030.56,136462328.21,0.4886825292677362,3950.0,1543.0,0.3775343123425454,0.36993539968150224,0.9720694060078398,0.3544982062624217,
2024,39,34532423.0,188719133.0,34062536.0,469887.0,185653771.0,3065362.0,14599592.83,204707.62,79267093.0,1267951.0,13219332.0,1380260.83,70665996.0,8601097.0,,,,,85322795.0,103396338.0,0.5478847658758584,5326.0,2413.0,0.42696193335065624,0.42861144660515,0.9837570152465674,0.10850778897618965,
2024,40,43930233.0,311836440.0,42427640.0,1502593.0,304907832.0,6928608.0,20746663.0,334063.0,160507304.0,1890645.0,14823709.0,5922954.0,112949207.0,47558097.0,,,,,174256417.0,137580023.0,0.44119289907234704,7815.0,4388.0,0.5264125324271762,0.4889893239407141,0.9777812753378021,0.29629864694506364,
2024,43,70081118.76,535602423.52,68764083.35,1317035.15,526466682.14,9135741.38,34128774.36,581750.32,253746259.52,4081101.93,24276688.99,9852085.16,181239946.06,72506313.46,,,,,328029554.82,207572868.7,0.387550279059275,15849.0,8102.0,0.4819797114008496,0.4963168662670758,0.9829430544395981,0.2857433784330725,
2024,44,79240071.83,525917618.85,76424856.4,2815215.19,510092002.98,15825615.87,32883948.91,990751.76,205059370.34,5214039.18,26384406.27,6499542.44,162822596.68,42236773.660000004,,,,,277745762.85,248171856.0,0.47188351769363807,12728.0,5314.0,0.40200467590557404,0.43027819035588005,0.9699085649486223,0.20597338999904785,
2024,45,920650.0,6300799.0,896209.0,24441.0,6132688.0,168111.0,434956.0,12462.0,2572796.0,82428.0,311066.0,123890.0,1851948.0,720848.0,,,,,,6300799.0,1.0,,,0.4195217496797489,0.48532875701984696,0.9733190981016852,0.280180783863159,
2024,48,60151525.0,373181960.88,57471508.0,2680017.0,361368500.76,11813460.12,24881787.0,1178528.0,147522968.97,4952865.29,20347937.0,4533850.0,118878386.51,28644582.46,,,,,245233588.32,127948372.56,0.3428578708849835,15379.0,7242.0,0.40823416722747563,0.4329412584754171,0.9683439679341876,0.19417032249279848,
2024,49,55368421.86,416111219.57,53593571.47,1774850.21,403478185.08,12633034.49,28761663.18,885689.57,215146929.16,6071028.32,21738296.5,7023366.44,160446743.16,54700186.0,,,,,239195339.19,176915880.38,0.4251648887593584,12371.0,7118.0,0.5332306357959391,0.5366625584208337,0.9696402454539566,0.25424572041797855,
2024,51,45697210.34,308883158.76,43069170.12,2628039.59,290352810.95,18530342.96,16663073.03,900545.0,124028497.82,7095989.46,12176602.629999999,4486469.9,89117403.86,34911091.45,,,,,193565992.06,115317166.7,0.3733358826131425,9627.0,4581.97,0.4271647910491841,0.38689097058459876,0.9400085524753456,0.2814763708632975,
2024,55,6401041.74,42422550.2,5981360.46,419681.05,39897720.21,2524829.91,1232940.23,87218.62,7803776.56,452293.01,871610.75,361329.33,5553144.36,2250632.21,,,,,,42422550.2,1.0,,,0.1955945482329603,0.20613040097570043,0.9404837762440788,0.288402953710402,
2024,60,9011229.36,68002009.43,8175229.86,835999.5,61513536.33,6488473.1,3521187.0,254075.0,27032268.44,1807480.29,2597638.0,923549.0,19633023.11,7399245.33,,,,,36728882.92,31273126.51,0.45988532945033,1933.0,899.0,0.4394523555755391,0.43071412795725356,0.9045840975231898,0.2737189942613636,
2024,61,19740952.53,135617439.24,13952671.12,5788281.18,97599572.73,38017866.51,6856326.51,3346689.13,46679846.29,21100478.77,5967886.17,888440.03,40546763.19,6133083.1,,,,,49542031.63,86075407.61,0.6346927658593651,2848.0,1345.0,0.4782792074216901,0.4913988476494672,0.7196683057647152,0.1313861031567677,
2024,62,45445089.7,338040397.43,42065575.59,3379512.68,314792805.1,23247590.89,19597334.830000002,1291782.13,142159300.65,7956746.71,13873901.47,5723432.62,99658407.14,42500892.7,,,,,207917829.99,130122567.44,0.38493200348028,9330.0,4181.74,0.45159640991426203,0.46587582732752997,0.9312283605547056,0.2989666698251304,
2024,63,85235089.37,487466802.87,81404215.83,3830873.33,471526608.71999997,15940194.15,48075196.59,1722381.73,254073025.53,7893703.58,35441503.57,12633692.78,183155291.68,70917733.85,,,,,306280138.28,181186664.59,0.3716902638769429,13676.0,7222.0,0.5388307273256611,0.5905737939960941,0.96729993908067,0.27912342800682827,
2024,65,29104474.0,163546915.0,26985182.0,2119292.0,155969869.0,7577046.0,11967628.0,760275.0,68214615.0,2669709.0,8966190.0,3001438.0,48950616.0,19263999.0,,,,,99476776.0,64070139.0,0.3917538829760256,5898.0,2600.0,0.4373576475851243,0.44348887474614773,0.9536705048823453,0.2824028106000452,
2024,87,2306743.89,18876367.2,2258485.56,48258.33,18421916.42,454450.78,270846.62,5508.98,2239846.23,55890.89,199698.39,71148.23,1685465.37,554380.86,,,,,,18876367.2,1.0,,,0.12158595115371823,0.11992399898275195,0.975924881351111,0.24750844614900194,
2024,88,1814809.75,9099939.87,1751030.28,63779.23,8794344.59,305595.28,550026.73,14595.93,2606548.81,81327.38,458173.66,91852.97,2142097.13,464451.68,,,,,,9099939.87,1.0,,,0.29638920596355667,0.31411605857552616,0.9664178791985799,0.1781864503047614,
2024,89,910867.03,46434233.339999996,869013.41,41853.62,44315572.24,2118661.1,365472.71,21115.14,18073634.65,1022564.67,318345.04,47127.67,15442426.620000001,2631208.03,,,,,46434233.339999996,,,,,0.4078393606680413,0.4205604951481704,0.9543728635619594,0.14558267227118038,
2024,91,0.0,-4797.18,0.0,0.0,0.0,-4797.18,0.0,0.0,0.0,-4797.18,0.0,0.0,0.0,0.0,,,,,-4797.18,,,,,,,-0.0,,
2024,333,2360161.07,24028993.88,2141935.54,218225.3,21827246.37,2201747.49,403103.54,25546.36,4158882.89,246110.75,299458.0,103645.4,3102104.39,1056778.49,,,,,,24028993.88,1.0,,,0.19053630584002978,0.1881959248876369,0.908371215166334,0.25410152628750743,
2024,2001,15067784.91,147461509.08,14455013.709999999,612770.95,142170343.57,5291165.51,4135900.56,137579.36,50165418.8,1594897.79,3158258.65,977641.71,37057506.84,13107911.96,,,,,87090550.14,60370958.94,0.4094014724021839,1891.0,850.0,0.3528543122307375,0.2861222163448228,0.9641183279419073,0.26129378112557494,
2024,2004,28364422.0,319991753.25,28117256.41,247163.85,316774215.63,3217533.68,15873261.3,101560.85,185604076.62,1626543.77,10721560.03,5151700.12,128205875.62,57398198.06,,,,,200477366.32,119514386.93,0.3734920844557734,8060.0,5125.9800000000005,0.5859191419695285,0.5645380569334147,0.989944935807498,0.30925074009831843,
2024,3028,744355.0,55268730.48,619048.0,125307.0,45761297.48,9507433.0,506981.0,95173.0,37729237.48,7261356.0,485269.0,21712.0,36109989.0,1619248.48,,,,,55268730.48,,,270.0,215.0,0.8244791900074421,0.8189688037115054,0.8279780824088145,0.04291760417523286,
2024,3029,1971971.26,57253246.42,1908994.65,62976.61,55369732.11,1883514.31,948098.67,40073.74,27561145.05,1226619.23,835696.12,112402.55,24045890.57,3515254.48,,,,,49265444.1,7987802.32,0.139517019897926,,,0.49776554806596846,0.4966481545665935,0.9671020522367786,0.1275438474570925,
2024,3030,606815.0,28272488.0,557201.0,49614.0,27207693.0,1064795.0,467419.0,47004.0,22990471.0,920751.0,467260.0,159.0,22984573.0,5898.0,,,,,28272488.0,,,8.0,4.0,0.8449989126237201,0.8388696359123547,0.9623381217811464,0.0002565410686888494,
2024,4000,2991673.4,215215443.46,2761055.02,230618.33,200630560.7,14584882.63,583198.9400000001,41500.38,36026244.0,2142223.4,399799.39,183399.54,25496391.59,10529852.39,,,,,199284809.74,15930633.719999999,0.07402179631667961,7890.0,1050.0,0.17956508656659503,0.21122322292585102,0.9322312445356146,0.2922828255424018,
2024,4003,1267575.0,28503187.0,1147843.0,119732.0,25296133.0,3207054.0,238852.0,41362.0,3252813.0,524421.0,186350.0,52502.0,2743880.0,508933.0,,,,,25543692.0,2959495.0,0.10383031904467385,1435.0,137.0,0.1285893381411301,0.2080876914351527,0.887484371484494,0.1564593476477129,
2024,4020,142397.0,9087801.3,138929.56,3467.33,8806421.46,281379.81,24360.780000000002,311.05,1619686.25,19924.0,21338.55,3022.19,1318794.09,300892.1,,,,,7906078.96,1181722.34,0.13003391040250847,652.0,101.0,0.1839210464042451,0.1753462690013558,0.9690376328980697,0.18577184315789552,
2024,4022,639246.57,6927753.64,370865.35,268381.21,6212877.01,714876.63,130240.26999999999,407.48,2357116.17,36973.31,113021.47,17218.77,1968959.7,388156.47000000003,,,,,6095258.21,832495.43,0.12016816319698113,370.0,74.0,0.37939205398820536,0.35117939705070855,0.8968097500072189,0.1646743062307362,
2024,5033,2944757.18,67965550.57,2848977.18,95779.76,64998949.71,2966600.86,2225030.99,60563.630000000005,55229120.42,2479004.68,1869846.3699999999,355184.53,47144604.85,8084515.57,,,,,65489078.46,2476472.11,0.036437166906334376,947.0,783.0,0.849692505285252,0.7809929140955774,0.9563514039815717,0.1463813927964055,
2024,5034,6940431.28,69383002.8,6867260.05,73171.08,68383862.75,999140.05,36151.18,0.0,44659.61,0.0,36088.68,62.5,44454.01,205.6,,,,,47742204.15,21640798.65,0.311903460165607,450.0,0.0,0.0006530723507571967,0.005264280038441241,0.9855996424242395,0.004603712392472751,
2024,5050,77573888.97,529496805.39,74459381.97,3114507.0,512462055.89,17034749.5,26258219.0,868996.0,162770591.5,4375533.0,21694238.0,4563981.0,131028621.11,31741970.39,,,,,356543005.0,172953800.39,0.32663804319387946,17415.0,4503.0,0.31762467021546414,0.35265158406202657,0.9678284187428609,0.19501047515699418,
2024,8992,39213357.28,274780143.14,35041669.92,4171687.22,247897655.63,26882487.03,10996332.0,956031.49,80278170.9,6241066.9,8164011.47,2832320.36,58181146.96,22097023.919999998,,,,,243174478.77,31605664.37,0.11502164606522158,3477.0,1194.56,0.32383594228022594,0.3138073049915881,0.9021672847142255,0.27525569743642475,
2025,1,90827854.0,540192014.0,74006301.0,16821553.0,455951089.0,84240925.0,42110597.0,8802264.0,239971612.0,37020104.0,29228466.0,12882131.0,170249958.0,69721654.0,,,,,296715143.0,243476871.0,0.4507228257543252,15667.0,7363.0,0.5263099876048327,0.5690136708764839,0.844053738639683,0.29054125785511664,
2025,2,459140548.81,1998942547.6,426938434.96,32202113.29,1880321207.94,118621337.78,183938338.22,14990086.1,714543715.41,50914273.27,136413265.93,47525072.08,514774360.23,199769355.18,,,,,1377316663.6,621625884.0,0.3109773638798902,20248.0,6378.18,0.38001151739006533,0.4308310593709682,0.9406579544757698,0.27957611391959947,
2025,3,59655577.53,484325106.98,54076361.13,5579216.19,442975467.46,41349639.38,23086846.68,1586078.43,171909025.96,11984387.9,14879106.3,8207740.19,107469396.9,64439628.79,,,,,353698687.96999997,130626419.01,0.2697081301948573,10616.0,3592.0,0.3880779830669136,0.42693047752416324,0.9146242081525879,0.37484726837434285,
2025,4,77323905.0,638008057.0,69352341.0,7971564.0,583316152.0,54691905.0,27594007.0,3500977.0,202161264.0,24229571.0,14254354.0,13339653.0,104877557.0,97283707.0,,,,,466694298.0,171313759.0,0.2685134727068188,20496.0,6188.0,0.3465723747008466,0.39788140677183487,0.9142770935257954,0.48121833567483036,
2025,5,68786311.0,464628163.0,65756095.41,3030212.32,445805858.93,18822298.65,32835368.25,1424294.92,206377978.97,7442273.8,25603381.31,7231986.72,158680111.78,47697867.19,,,,,280705818.0,183922345.0,0.3958484647431929,14031.0,6825.0,0.46293240619434134,0.4993509429850741,0.9594895325576723,0.23111897610419746,
2025,6,4525899.23,38346876.08,4380280.3,145618.8,37040662.53,1306213.55,1333894.54,28960.67,12819664.049999999,302426.48,878316.3,455578.19,8637211.01,4182453.04,,,,,,38346876.08,1.0,,,0.3460970504946311,0.30452264436136656,0.9659368980337552,0.3262529364020269,
2025,8,137149727.4,717488069.59,128142731.37,9006995.89,681304705.1,36183364.49,55725853.81,3526983.48,255725052.69,13004931.98,38805362.78,16920490.87,169831247.09,85893805.6,,,,,244306146.3,473181923.29,0.6594979670677927,9335.0,3167.0,0.3753460834421588,0.43487331052041395,0.9495693851597051,0.33588342126230336,
2025,9,748947748.62,3311615589.4,600493582.88,148454165.39,2738165529.95,573450059.45,226952662.42,57519842.81,910185566.1,206974874.85,188794476.09,38158186.01,740602977.85,169582588.25,,,,,1962624063.3,1348991526.1,0.40735148439871033,39986.0,10946.0,0.33240706456363156,0.37794352660943126,0.8268367677439584,0.18631649914712925,
2025,10,2140817.51,17496640.64,2064217.28,76599.99,16980730.21,515910.43,699036.58,19417.57,5886562.33,96094.21,481345.77999999997,217690.68,4064215.24,1822347.09,,,,,,17496640.64,1.0,,,0.3466613188715163,0.33864486397478466,0.9705137437171483,0.309577472867768,
2025,11,77976231.21,568926838.38,76871371.42,1104859.56,561770620.53,7156217.85,35720666.38,416939.54,261698102.0,2541886.24,23528515.4,12192150.8,163450270.14,98247831.86,,,,,279740510.21,289186328.17,0.5083014346685566,9596.0,4857.0,0.4658451197627638,0.46468100828895037,0.9874215498949266,0.3754243195084388,
2025,12,158178747.7,994389632.55,151546198.47,6632549.23,963621811.5600001,30767820.97,79316912.28999999,2517697.32,471002636.31,11473806.03,55824391.53,23492520.759999998,323692702.38,147309933.93,,,,,571072154.93,423317477.62,0.42570584382949583,17023.0,8198.0,0.4887837019250295,0.5233843744731184,0.9690585863097755,0.3127581940603937,
2025,13,2512486.65,34392969.75,2482171.29,30315.23,34067583.839999996,325385.91,668568.5,3227.35,10253267.27,43801.86,362307.34,306261.09,5538006.86,4715260.41,,,,,,34392969.75,1.0,,,0.30096843140255997,0.2693482527549499,0.990539173779839,0.45987881577966516,
2025,15,135186041.27,743866298.28,132276730.07000001,2909309.11,729167263.81,14699032.19,66076351.76,727903.5,340979744.82,3553371.86,43480402.56,22595947.96,220399043.09,120580700.62,,,,,429623165.39,314243132.89,0.4224457185607234,18962.0,9482.13,0.46762898136476067,0.499531185303967,0.9802396821794619,0.35363009812695306,
2025,16,63641194.86,414760513.67,60397306.86,3243888.0,396699272.4,18061241.27,27156794.0,1632595.0,159383302.98,8261408.08,20820852.0,6335942.0,116296941.92,43086361.06,,,,,282618679.22,132141834.45,0.31859791396424325,11152.0,4041.0,0.40177362064655,0.4496358432495843,0.9564538072581078,0.2703317113801227,
2025,17,18641450.09,98800081.98,13601362.77,5040087.32,70370101.87,28429980.11,8214183.8,3018169.54,39354045.38,15849221.58,6087418.71,2126765.09,29098813.73,10255231.65,,,,,29823588.42,68976493.56,0.6981420680800937,1589.0,694.0,0.5592438313177619,0.603923587577394,0.7122474036432981,0.2605890080924636,
2025,18,41459427.49,241848927.07,40064999.51,1394426.86,232789065.63,9059860.25,19887906.63,671642.42,113861175.95,4380090.71,15685287.69,4202618.3,88730415.4,25130759.84,,,,,112235968.73,129612958.34,0.5359252981200335,5907.0,3477.71,0.48911737173675257,0.49639103639664567,0.9625391704244455,0.22071403733820297,
2025,19,118963838.0,650221991.0,89956611.0,29007227.0,522237648.0,127984343.0,52727108.0,20035625.0,274103781.0,81927325.0,38038886.0,14688222.0,193504759.0,80599022.0,,,,,381683837.0,268538154.0,0.412994573725514,16739.0,7282.0,0.5248640768235078,0.586139333328153,0.8031682336625247,0.2940456410559327,
2025,22,92324690.77,465603383.84,79607829.89,12716860.64,410290854.79,55312529.05,43215417.18,6476231.63,216959917.02,26001954.18,33541638.78,9673778.23,168388335.54,48571581.48,,,,,276702379.43,188901004.41,0.40571226706314906,11201.0,6659.0,0.5287954008408182,0.5428538529402689,0.8812024762495979,0.22387352533658336,
2025,23,150203182.0,791316592.0,146506649.0,3696533.0,773203396.0,18113196.0,68821962.0,1698268.0,353309185.0,7915553.0,53831835.0,14990127.0,274284733.0,79024452.0,,,,,453184302.0,338132290.0,0.42730342497355345,24354.0,12180.0,0.4569421019459671,0.46975316458162936,0.9771100515481167,0.2236693959711237,
2025,24,102740712.31,524653147.62,99058048.17,3682662.48,507383420.11,17269725.64,55675837.92,1673136.98,276324125.08,6886114.58,39897537.22,15778299.73,186349326.23,89974797.88,,,,,315042956.96,209610190.66,0.3995214583403551,8331.0,5072.85,0.544606138332414,0.5620526443691991,0.967083533972223,0.32561325528109764,
2025,27,68176421.3,406068200.16,50531090.49,17645330.87,304233102.8,101835097.36,64719024.86,23450884.75,182978192.95,58444665.33,52019746.96,12699277.9,146181833.87,36796359.08,,,,,205043380.60999998,201024819.55,0.49505186436857584,8588.0,3915.0,0.6014407744126652,1.2807763345777736,0.7492167637853082,0.20109696399753413,
2025,28,43979184.45,256129030.48,43204749.34,774433.88,251874283.88,4254745.4,21356013.09,381616.21,112622099.56,1875215.75,17304592.78,4051419.54,89335516.91,23286581.93,,,,,98759994.26,157369036.22,0.6144131179705857,5357.0,2377.7799999999997,0.44713615786856725,0.49429781253766203,0.9833882688267458,0.20676742860395667,
2025,29,128382330.05,867460832.95,114144614.95,14237714.85,797343162.11,70117670.84,53154947.5,5696270.58,360503383.44,26943405.74,40840396.13,12314551.13,267439686.6,93063696.84,,,,,520018072.88,347442760.07,0.400528469842772,16050.0,7275.0,0.4521307770245424,0.46568072898825785,0.9191690642659349,0.2581493021007637,
2025,30,4218999.31,59088059.41,4060789.89,158209.24,57216635.81,1871423.6,2306758.61,41456.76,31330840.45,672396.09,1870263.16,436495.21,24828915.37,6501925.08,,,,,12591881.700000001,46496177.71,0.7868963403819459,492.0,366.0,0.5475827092323413,0.5680566275247498,0.9683282270785952,0.20752475792586025,
2025,32,29250957.0,208548849.52,25798262.04,3452694.6,180768130.45,27780719.07,14112125.85,1668571.21,87184500.04,12436678.92,10525060.78,3587064.91,63930036.28,23254463.76,,,,,109678220.83,98870628.69,0.4740885836462897,6470.0,2780.0,0.4823001699633942,0.5470184707837784,0.8667903508749117,0.26672704149626275,
2025,33,39992180.52,290567423.01,38539599.66,1452580.61,280682428.99,9884994.02,22430954.59,604292.02,156437103.24,3770588.24,17181104.04,5249850.31,118937606.22,37499497.02,,,,,176234081.11,114333341.9,0.3934830020365538,9312.0,5493.0,0.5573455517073833,0.5820235494890452,0.9659803775743305,0.23970973792879344,
2025,34,22261932.1,241447814.48,21721474.5,540456.43,236589184.53,4858628.67,8164000.97,138014.26,84420083.25,1489245.64,5141042.54,3022957.83,53268891.04,31151191.55,,,,,152274653.26,89173161.22,0.3693268518998607,6673.0,2770.02,0.3568213966234596,0.37584929927293836,0.9798771011431026,0.36900214203472725,
2025,35,25079924.31,197205653.8,24268910.14,811013.96,190849738.82,6355914.98,11747284.86,332078.34,95106523.01,2507259.88,8707180.94,3040103.68,70525014.34,24581508.67,,,,,110349816.29,86855837.51,0.4404327961006968,5119.0,2896.0,0.4983319526556951,0.4840466585534112,0.9677701178565297,0.2584629097145668,
2025,37,35825415.34,320559043.52,34984104.22,841310.95,313753357.26,6805686.26,20853007.11,451878.9,180335269.49,3533076.91,16477393.18,4375613.79,142833249.69,37502019.8,,,,,167057321.72,153501721.8,0.4788563133781091,6980.0,4035.0,0.5747676170379922,0.596070917776382,0.9787693206678308,0.2079572116206562,
2025,38,30046631.58,285799427.42,28962891.57,1083739.81,278013018.32,7786409.1,11300242.54,526233.11,108955702.63,3808650.55,7166100.05,4134142.31,66296467.58,42659235.05,,,,,154196573.34,131602854.08,0.4604727702501707,4154.0,1637.0,0.39190863538839477,0.3901627885699397,0.9727556868455254,0.3915282451517517,
2025,39,31041050.0,197883196.0,30677991.0,363059.0,195136395.0,2746801.0,14810744.0,186506.0,94418661.0,1385227.0,12100891.0,2709853.0,76918172.0,17500489.0,,,,,90737100.0,107146096.0,0.5414613174127226,5218.0,2754.0,0.48385982020422175,0.48278076618511295,0.9861190790551008,0.18534989603379357,
2025,40,40873974.0,322316773.0,40070889.0,803085.0,317163220.0,5153553.0,20326832.0,223817.0,170323596.0,1609842.0,14238163.0,6088669.0,117260119.0,53063477.0,,,,,186568148.0,135748625.0,0.42116525223463935,8094.0,4581.0,0.5370219031071761,0.5072718002338306,0.9840109065624084,0.3115450721225966,
2025,43,74640927.82,554612092.62,73520002.04,1120925.6,546754449.75,7857642.87,35536984.269999996,475300.21,265568013.62,3413610.3,24568810.18,10968173.91,182320759.26,83247254.36,,,,,341833818.29,212778274.33,0.3836524251118122,15592.0,7878.0,0.48571715098327833,0.48336484336147595,0.985832182574887,0.3134686787962277,
2025,44,78826912.56,534931448.87,75713682.64,3113229.69,517532892.12,17398556.75,31638425.91,1166754.74,198808071.77,6226270.95,25688044.17,5950381.56,159868070.4,38940001.37,,,,,280636350.97,254295097.9,0.47537885169619043,12478.0,5149.0,0.38414577082359147,0.4178693309693171,0.9674751656744933,0.19586730570501923,
2025,45,953286.0,6563412.0,928174.0,25112.0,6368100.0,195312.0,485972.0,11471.0,2891200.0,77169.0,330623.0,155349.0,1984454.0,906746.0,,,,,,6563412.0,1.0,,,0.45401297090183884,0.5235785531592136,0.9702423068976929,0.3136227172108467,
2025,48,63478972.0,401343341.11,60782124.08,2696847.88,389228699.76,12114641.35,25924038.65,1123956.4,155819672.23,4629637.15,20639253.53,5284785.1,121299949.65,34519722.58,,,,,250914771.65,150428569.46,0.37481267047799505,14206.0,6768.0,0.4003293496242159,0.4265076129271065,0.969814769278358,0.22153635729028257,
2025,49,60869832.59,459407671.25,58624703.27,2245129.2,444147104.33,15260566.92,27311803.03,813899.13,240304656.18,6850651.35,20020236.49,7291566.38,176204588.64000002,64100067.54,,,,,271985601.1,187422070.15,0.40796460720833033,13377.0,7853.0,0.5410474454010047,0.4658753308176872,0.9667820807639593,0.2667450084362323,
2025,51,46128830.86,326288251.38,43496064.62,2632765.64,306844633.11,19443614.08,17413792.45,874122.19,132654117.06,6753188.67,11838392.69,5575399.37,88715306.02,43938808.9,,,,,200372217.05,125916034.33,0.38590428493043216,9902.0,4717.8,0.4323168885683105,0.40035328717975405,0.9404096893229672,0.3312283845674107,
2025,55,7334165.09,44865831.94,6906754.7,427410.21,42229151.6,2636680.28,1487838.0,111402.11,7982138.35,480597.84,1082554.68,405283.24,5475746.5200000005,2506391.75,,,,,,44865831.94,1.0,,,0.1890196238278204,0.2154178141001591,0.941231885691408,0.31400003859867953,
2025,60,7852443.08,69639731.37,7033488.08,818955.0,62609950.76,7029780.61,3215896.0,288843.0,29011283.0,2257624.45,2034636.0,1181260.0,18762175.33,10249107.67,,,,,38300802.24,31338929.13,0.450015077793658,1861.0,871.0,0.4633653700065616,0.45722633825804393,0.899055029769567,0.3532800555563158,
2025,61,20017319.36,140018931.2,13860259.790000001,6157059.33,99692539.65,40326391.55,6595083.5,3609381.27,45758596.34,22836365.91,5806548.69,788534.55,40018256.35,5740339.99,,,,,47968732.29,92050198.91,0.6574125235859535,2728.0,1268.0,0.4589971977908178,0.47582683152578914,0.7119932911614741,0.12544834083955644,
2025,62,47642622.98,361328378.21999997,44307806.57,3334815.15,337292588.73,24035788.22,20528857.44,1337507.3699999999,150414715.22,8676312.76,14153066.02,6375790.7,101322611.24,49092103.410000004,,,,,211169472.21,150158906.01,0.41557462701856634,8730.0,4021.91,0.445947288039601,0.46332371266375694,0.9334793751644788,0.3263783289965797,
2025,63,89984713.0,506646499.32,86564611.18,3420101.72,490045399.76,16601099.56,52400396.77,1994994.14,269578639.55,9039383.92,38354889.019999996,14045507.63,191289152.05,78289487.5,,,,,322565929.11,184080570.21,0.3633313769207235,13263.0,7617.0,0.5501095198159728,0.6053327804019139,0.967233367678882,0.29041428367873073,
2025,65,32493569.0,180505379.0,30120850.0,2372719.0,172401882.0,8103497.0,13552854.0,724665.0,74723289.0,2692399.0,9935253.0,3617601.0,52930569.0,21792720.0,,,,,105565848.0,74939531.0,0.4151650849141731,5759.0,2881.0,0.43342501910739,0.44994925442011097,0.9551066176260598,0.2916456206846034,
2025,87,2225970.83,22651442.66,2179733.84,46236.99,22140923.95,510518.71,281395.1,5072.32,2751403.65,63397.01,188930.88,92464.22,1874146.03,877257.62,,,,,,22651442.66,1.0,,,0.12426778829164443,0.12909608266668007,0.9774619781325663,0.31884002916111565,
2025,88,1973685.33,9274921.0,1919464.2,54220.95,8999427.19,275493.81,585949.48,18108.79,2569122.4699999997,78511.74,467834.83,118114.58,2035220.3,533902.17,,,,,,9274921.0,1.0,,,0.28547622151493846,0.3052672094639744,0.9702969103456514,0.20781499373208165,
2025,89,933679.02,45825527.81,895091.78,38587.24,43937404.07,1888123.74,467458.52,28588.6,22846498.52,1370868.67,413024.27,54434.25,20006978.88,2839519.64,,,,,45825527.81,,,,,0.5199783419976637,0.5222464672840589,0.9587975560733645,0.1242868633683303,
2025,333,2613672.82,24873230.23,2391740.3,221932.34,22736720.85,2136509.37,468993.42,28355.92,4421133.48,263910.33,336932.24,132061.07,3172557.17,1248576.32,,,,,,24873230.23,1.0,,,0.19444903727179288,0.1960887726815491,0.9141040644804099,0.2824109078923353,
2025,2001,14448533.93,156242273.29,13863054.46,585479.3,151164497.77,5077775.52,4354089.42,161135.97,59159188.53,1918476.69,3466891.08,887198.23,46794068.3,12365120.23,,,,,95764294.78,60477978.51,0.38707820384658204,1879.0,979.0,0.391356366096039,0.31407864930222595,0.9675006295474519,0.20901436509274582,
2025,2004,28096098.25,328543893.67,27759426.28,336670.45,324736257.13,3807634.94,15600099.209999999,135763.03,188132135.52,1662559.75,9852542.13,5747556.19,121352092.22,66780042.45,,,,,196068644.75,132475248.92,0.4032193307268172,7618.0,4974.11,0.5793382518561395,0.561974842442601,0.9884105697492447,0.354963506183667,
2025,3028,829402.0,60332899.0,663630.0,165772.0,47870062.0,12462837.0,525993.0,139121.0,37905730.0,10551254.0,504415.0,21578.0,36378450.0,1527280.0,,,,,60332899.0,,,226.0,166.0,0.7918462691775916,0.7925997920528005,0.7934321538237372,0.04029153376019932,
2025,3029,2006926.56,56466119.300000004,1957430.44,49496.12,55095733.230000004,1370386.07,985474.03,33956.090000000004,28248402.05,1027269.15,891188.98,94285.05,25421963.93,2826438.12,,,,,48261329.89,8204789.41,0.14530464483327793,,,0.5127148763421584,0.5034528991998306,0.9757308260778601,0.10005656656249694,
2025,3030,1158327.0,52317658.0,1124315.0,34012.0,50658086.0,1659572.0,853576.0,26796.0,38399091.0,1333925.0,852737.0,839.0,38354455.0,44636.0,,,,,52317658.0,,,174.0,19.0,0.7580051682173701,0.7591964885285707,0.9682789317518762,0.0011624233500735733,
2025,4000,2819886.74,217367053.18,2655991.46,163895.23,206081942.22,11285110.84,600582.18,38398.88,39827605.160000004,2239505.0100000002,427381.18,173201.0,28982917.55,10844687.6,,,,,200882071.75,16484981.43,0.07583937486767561,7491.0,1118.0,0.19326101419154224,0.2261235358038388,0.9480826979300543,0.2722907279117959,
2025,4003,1286411.54,30896262.42,1142054.61,144356.79,26933870.33,3962392.09,221296.38,39430.68,3389606.46,716781.4,172724.38,48571.94,2639613.48,749992.98,,,,,28274354.42,2621908.0,0.08486165622100512,1340.0,131.0,0.12584921581895803,0.19377040122450886,0.8717517337166635,0.22126255329357614,
2025,4020,83964.21,10295887.709999999,77611.47,6352.64,9989077.06,306810.62,11273.08,236.09,1752712.44,12571.68,6947.88,4325.15,1348370.7,404341.74,,,,,8485296.67,1810591.04,0.17585574852777797,657.0,83.0,0.17546290107406579,0.1452501801602263,0.9702006608228637,0.23069485374337848,
2025,4022,1774875.79,28720774.75,1739898.65,34977.08,28041784.32,678990.4299999999,666060.74,1715.33,9388262.56,110996.73999999999,524647.85,141412.82,6243202.55,3145060.01,,,,,23849833.97,4870940.78,0.16959642706017183,1155.0,262.0,0.33479547709466156,0.38281582665748953,0.976358909677393,0.3349991534535864,
2025,5033,2862121.87,70446164.64,2779742.15,82379.48,67825951.98,2620212.66,2010727.3900000001,74199.29,53520361.839999996,2343449.87,1637237.67,373489.59,43953768.98,9566592.86,,,,,68512301.14,1933863.5,0.02745165063112512,840.0,672.0,0.7890838282046033,0.7233503258566627,0.9628054604052608,0.17874678965361793,
2025,5034,7515943.58,76860106.79,7362623.54,153319.92,75594932.53,1265174.26,4705.83,0.0,8577.88,0.0,4555.82,150.01,7209.0,1368.88,,,,,54052917.93,22807188.86,0.2967363670507854,458.0,0.0,0.00011347162717019227,0.0006391512447205741,0.9835392596648771,0.15958255419754067,
2025,5050,77030248.28,562564481.08,74046336.28,2983912.0,544738434.11,17826046.97,26216545.0,915348.0,171862413.1,5035796.04,21088182.0,5128363.0,133832679.6,38029733.5,,,,,370381133.89,192183347.19,0.34162012294315186,17466.0,4675.0,0.31549529524347003,0.3540559373641977,0.9683128822214692,0.2212801089780579,
2025,8992,39361200.519999996,285922097.16,35315579.64,4045620.7800000003,262417763.48,23504333.29,8424104.96,1110501.52,88691006.08,6373424.7299999995,4464094.2700000005,3960010.58,58488983.16,30202022.919999998,,,,,253381366.16,32540731.0,0.11380978008772243,3385.0,1157.18,0.33797638126261803,0.23853792138975638,0.9177946233835604,0.3405308413432308,
2026,1,73197748.0,439650915.0,58709801.0,14487947.0,368233170.0,71417745.0,32720419.0,7967993.0,187979619.0,31649059.0,22441804.0,10278615.0,129161882.0,58817737.0,3093644.0,25370527.87,22936.0,165810.28,233850398.0,205800517.0,0.4680998264270643,11403.0,5235.0,0.5104907279265471,0.5573246449941126,0.837558065812282,0.3128942239211582,0.05770607316943717
2026,2,370633534.8,1627031101.2,345956756.15,24676778.66,1534716516.15,92314585.05,139608039.31,10240840.07,544561594.33,36090969.75,108526148.56,31081890.73,411057217.24,133504377.09,29941630.689999998,189856559.27,3609371.43,16288013.19,1089202750.16,537828351.04,0.33055812555969594,15321.0,4563.96,0.3548287834264603,0.40354187865453545,0.943261941961703,0.24515936944517133,0.11668895519573858
2026,3,49819238.95,386603007.39,45367200.3,4452038.67,354738917.57,31864089.82,20503283.12,1477542.7,146681799.17,10049545.16,13826897.14,6676385.98,98542017.66,48139781.51,5367350.89,51723680.96,1012938.17,8352768.29,267764167.36,118838840.03,0.30739243554336076,7436.0,2700.0,0.41349226686146023,0.4519406748579987,0.9175793017361193,0.32819192144082837,0.1337901670998173
2026,4,65996553.0,506904840.0,58638605.0,7357948.0,460259012.0,46645828.0,19572438.0,2364967.0,137417611.0,15898377.0,10704655.0,8867783.0,74609792.0,62807819.0,2264539.0,24784349.0,9985239.0,69635636.0,363112905.0,143791935.0,0.28366652604855774,15140.0,3991.0,0.29856582362802275,0.3337807575742977,0.9079791228665325,0.457058004013765,0.04889349448705205
2026,5,55564152.0,386469623.0,52781590.96,2782561.0500000003,370628051.03000003,15841571.97,26731426.7,1256260.73,174593221.36,6234208.23,20066243.73,6665182.98,131682954.52,42910266.839999996,2113653.16,19320458.52,193178.1,1608980.89,231341567.0,155128056.0,0.40139779886400023,10740.0,5463.0,0.47107395372474864,0.506453598950023,0.9590095287515005,0.2457728112566397,0.04999217886783303
2026,6,3109213.58,30711501.9,3001298.68,107914.9,29653940.35,1057561.55,1139186.71,26283.05,9985939.7,219805.38,756374.84,382811.88,6641839.97,3344099.73,306553.83,3178600.92,18456.18,176285.49000000002,,30711501.9,1.0,,,0.33674916662466403,0.37956459235173484,0.9655646424117084,0.3348808254870596,0.10349871296916287
2026,8,105503390.61,576255002.65,99246194.88,6257195.7299999995,549595108.02,26659894.63,44774277.74,2719777.8,208363811.68,10784184.67,30663927.32,14110350.39,136822271.59,71541540.09,4211455.55,39455932.77,70573.33,622914.23,197149473.24,379105529.41,0.6578780707614217,6680.0,2260.0,0.37912239144679133,0.4511435203549842,0.9537359424084819,0.3433491618010508,0.06846957091661789
2026,9,620070895.66,2625037181.76,501144030.74,118926864.87,2186442983.67,438594198.09,198504926.84,48545063.81,763731458.16,166313332.5,163063781.53,35441145.31,620075573.76,143655884.4,25397150.98,166589225.56,4570624.18,14209639.79,1550800130.94,1074237050.82,0.4092273657243055,30488.0,8791.0,0.3493031667709246,0.3961035444179259,0.8329188625831435,0.18809737750766373,0.06346166321663584
2026,10,1308895.05,13987918.5,1277742.89,31152.16,13719462.4,268456.1,451820.11,4681.05,4574681.47,48204.18,298304.46,153515.67,3037544.77,1537136.7,203543.72,2165100.23,728.75,15001.3,,13987918.5,1.0,,,0.33344465960998587,0.35360800168490863,0.980808002277108,0.3360095582786008,0.1547835891380122
2026,11,59931433.73,443933023.42,48129359.87,11802073.85,362855248.35,81077775.07000001,39007033.52,426844.72,435761099.81,5195380.56,23668730.71,15338302.82,234427795.95,201333303.85999998,4071031.84,36711491.02,462964.75,4193849.41,297893464.43,146039558.99,0.32896754980048787,7044.0,7187.0,1.2009226869158498,0.8104623378611332,0.8173648483156586,0.4620267939193863,0.08269601287414853
2026,12,133550358.55,783959551.68,128082207.94,5468150.61,760281431.3,23678120.38,70711291.14,2140619.34,384639572.16,8930510.7,48075916.33,22635374.81,258674318.18,125965253.98,7824295.41,59952609.86,421375.74,2707335.87,461218374.28,322741177.4,0.41168090459307,13473.0,6739.0,0.5059173568165508,0.5520773905859325,0.9697967575887575,0.3274890653414146,0.07647411110882378
2026,13,1717684.91,26534021.19,1701149.99,16534.91,26324228.8,209792.38999999998,466969.45,8861.4,7232897.84,84637.65,234365.82,232603.63,3841161.64,3391736.2,314113.19,4957670.65,8259.25,117609.72,,26534021.19,1.0,,,0.27476200328421396,0.2745022207007155,0.9920934566043437,0.46893185484284405,0.18684204005491714
2026,15,106171879.28,579102561.82,103989182.85,2182696.41,568581134.62,10521427.2,52082722.480000004,726926.35,263326587.13,2818516.82,33510899.73,18571822.71,170806951.45,92519635.65,6952014.9,49198931.2,926588.71,3178936.05,323856564.2,255245997.62,0.4407612993764256,13994.0,6944.83,0.4631293074927453,0.5008475021399786,0.9818314960187132,0.3513493895864172,0.08495719833353507
2026,16,52947622.98,355104247.44,50625861.98,2321761.0,342379320.88,12724926.56,23987441.0,1395783.0,143450607.64,6419132.08,18002108.0,5985333.0,105648538.91,37802068.73,2901440.97,27300516.09,242150.46,2455199.15,246210863.05,108893384.39,0.3066518780753224,9333.0,3903.0,0.41898151813402823,0.4738179274750198,0.9641656593754203,0.26351975325797933,0.07688028596338549
2026,17,16340116.26,80007671.8,11927893.7,4412222.56,56839001.02,23168670.78,7640911.96,2580856.41,32777283.41,12868623.98,5368396.78,2272515.18,23080667.95,9696615.459999999,646717.5,4044583.04,501.92,4219.82,25262582.45,54745089.35,0.6842479992024966,1327.0,613.0,0.5766688861837423,0.6405918892452906,0.7104193853069976,0.29583340811708836,0.05055244014737097
2026,18,32247563.419999998,189158040.15,31427195.580000002,820367.82,183638003.92,5520036.2299999995,16378498.29,356462.47,93235158.75,2429068.27,13163102.22,3215396.01,74542843.4,18692315.35,1115430.62,8681789.43,212564.88,1150946.33,85698552.83,103459487.32,0.5469473422221858,4689.0,2842.7,0.507711676013517,0.5211568511834742,0.9708178609504375,0.20048569231400598,0.04589701512616354
2026,19,97576233.0,530546801.0,72346651.0,25229582.0,417020161.0,113526640.0,42751442.0,17947996.0,219743817.0,74529295.0,30303957.0,12447485.0,151603165.0,68140652.0,2222948.0,27839398.0,6586.0,102612.0,310626233.0,219920568.0,0.4145168109306911,12638.0,5410.0,0.5269381136707201,0.5909249620967251,0.7860195560768257,0.31009132784837357,0.05247302961308403
2026,22,71850403.86,383042288.82,62257051.54,9593352.34,338627280.06,44415008.76,34288533.65,5148250.95,182779308.4,22060081.93,26876395.39,7412138.2700000005,143583618.58,39195689.82,1636255.19,12273703.2,2201375.56,10704997.75,208784274.38,174258014.44,0.45493152982355867,7619.0,4643.0,0.539765456485414,0.5507574291077646,0.8840467226299612,0.2144427077829998,0.03204268447175994
2026,23,114433833.0,656215109.0,111356658.0,3077175.0,640392681.0,15822428.0,54635941.0,1453551.0,300476889.0,6923189.0,42910642.0,11725299.0,235028560.0,65448329.0,4830741.0,22275591.0,530796.0,2780989.0,361621939.0,294593170.0,0.4489277463436155,17099.0,8629.0,0.46920725035581723,0.49063919464968136,0.9758883515740568,0.21781485164404774,0.03394556250608975
2026,24,78013089.56,404921295.96,74868080.62,3145008.91,390724648.09000003,14196647.87,40875457.07,1640425.77,208463854.43,6046697.91,29341460.22,11533996.78,141566728.69,66897125.82,3158751.3,24085851.54,287514.55,1805102.1099999999,234581306.13,170339989.83,0.4206743175267002,6196.0,3686.2,0.5335313639644821,0.5459664082677267,0.9649397351741106,0.32090515644986006,0.05948279771973098
2026,27,48249696.21,318312118.4,35541920.34,12707775.870000001,238388871.6,79923246.8,41530995.96,15281927.45,143889141.99,46353322.09,32029749.42,9501246.54,108928566.52,34960575.47,1994507.4,16210656.96,1014.27,7611.660000000001,163392035.32,154920083.08,0.4866923818631469,6284.0,3002.0,0.6035900125045939,1.1685073727786088,0.7489154757860453,0.24296882298755862,0.05092692367944733
2026,28,34691428.28,207250028.68,34010029.44,681398.84,203472181.0,3777847.68,17703542.38,344455.81,95495710.0,1772736.29,14399102.7,3304439.65,76304772.34,19190937.68,1242729.52,9875327.5,34004.57,87888.95999999999,80012463.86,127237564.82000001,0.6139326765375673,4289.0,2041.2,0.46933054696061866,0.5205388725473564,0.9817715456829532,0.20096125448986138,0.047649342018899254
2026,29,97184720.43,662790692.02,86285694.8,10899025.61,609687332.69,53103359.33,40885220.5,4355551.16,279556694.56,22454920.93,30461183.72,10424036.77,203928661.23,75628033.33,5899518.85,53057496.24,347628.16000000003,2959546.06,394519650.2,268271041.82,0.40475982093590535,12008.0,5558.0,0.45852468891975917,0.4738354439257526,0.9198791413799796,0.2705284287648075,0.0800516616766232
2026,30,2922579.98,46287042.51,2867946.46,54633.5,45368666.12,918376.39,1734244.08,17734.94,25693820.27,317568.47,1356022.77,378221.32,19578164.16,6115656.11,249668.72999999998,3773491.2600000002,25.0,951.5,9807630.17,36479412.339999996,0.7881128359436417,345.0,267.0,0.5663340465430462,0.6046989036190027,0.9801591041423398,0.23802050632153818,0.08152370631985752
2026,32,21913986.5,178154857.52,19615189.82,2298796.68,157598826.37,20556031.15,11401333.22,1207310.35,78842289.79,9697417.03,8753782.72,2647550.5,58277524.8,20564764.99,1038152.0,12144154.52,0.0,0.0,93447649.72,84707207.8,0.47546953801408764,4915.0,2120.0,0.5002720617024098,0.5812502109143495,0.8846170604823821,0.26083419247177086,0.06816628347412124
2026,33,30211988.07,242643925.9,29055032.44,1156955.64,233762305.57,8881620.33,16521199.76,474506.6,130191917.76,3471756.39,12694245.27,3826954.48,99349856.78,30842060.98,1151578.75,10287299.86,18841.32,169070.18,146564282.55,96079643.35,0.3959697033157836,7046.0,4184.0,0.5569414514566127,0.5686174948906717,0.9633964860358368,0.2368968942976572,0.042396692280027105
2026,34,17685766.22,185296043.7,17244982.330000002,440783.87,181320366.49,3975677.21,6163690.25,142459.84,60120543.65,1409001.2,3942754.16,2220936.22,38659082.12,21461461.55,2002041.97,24147842.9,170403.95,1302990.75,109405291.72,75890751.98,0.4095648804184372,4652.0,1789.06,0.3315708257920144,0.35741934274281156,0.97854418728747,0.35697384366550056,0.13032033721721603
2026,35,16595168.0,153629106.04,16090808.45,504359.56,148871245.99,4757860.05,8028768.22,181644.94,73733535.99,1841101.55,5788074.14,2240694.06,53851619.97,19881916.02,905738.54,9262241.39,133042.94,1359534.82,83647993.15,69981112.89,0.45551988613263944,3843.0,2156.0,0.4952839314245602,0.4989661175166124,0.969030217172772,0.26964549784641356,0.06028962628727668
2026,37,27107247.53,236642058.60999998,26565431.37,541816.17,232437535.02,4204523.59,16191994.46,286641.49,138573200.52,2161897.63,12244278.09,3947716.37,105744374.62,32828825.9,1777027.38,19836880.51,7807.09,47015.02,128546902.71,108095155.9,0.4567875910771515,5687.0,3306.0,0.5961739376907285,0.6095137035224435,0.9822325599485708,0.23690602350821705,0.08382652106104413
2026,38,24714825.58,227216535.47,23921541.22,793284.39,222925744.85999998,4290790.61,9002642.98,343064.12,89270430.71,1768771.16,5436508.46,3566134.56,51922006.25,37348424.46,3332715.21,38242613.81,80647.76,821735.86,113764623.1,113451912.37,0.49931186625710766,3129.0,1345.0,0.4004491754241435,0.3763404246074744,0.9811158523250764,0.41837396955469447,0.16830911417117914
2026,39,24015504.0,155503327.0,23785244.0,230260.0,153717647.0,1785680.0,11930378.0,75076.0,75672875.0,631616.0,9575385.0,2354993.0,60459808.0,15213067.0,880314.0,6869469.0,34615.0,320347.72,72062153.0,83441174.0,0.5365877091491426,3877.0,2120.0,0.4922848903613519,0.501587370724471,0.9885167730205541,0.20103725410194867,0.044175704356473354
2026,40,30737860.0,265976533.0,30102519.0,635341.0,262710531.0,3266002.0,15256695.0,196920.0,143156778.0,806101.0,10537653.0,4719042.0,97730966.0,45425812.0,1477942.0,16398974.0,129229.0,1346182.0,157250595.0,108725938.0,0.4087801911456602,6695.0,3837.0,0.5449221142946873,0.5068245285386249,0.987720713691685,0.3173151326442957,0.06165571757415155
2026,43,58666586.97,439749583.69,57761849.19,904737.8,433642182.29,6107401.4,29161524.5,442470.83,213558383.25,2765302.88,20003507.47,9158016.99,144129855.13,69428528.12,2808150.66,24326655.97,1112969.23,10024238.25,272395744.78000003,167353838.91,0.38056622477208646,11403.0,5806.0,0.4924760366305461,0.5048578760710553,0.9861116380173646,0.3251032671413521,0.05531933826036091
2026,44,60429136.2,432338491.86,57946227.69,2482908.51,418440446.64,13898045.22,25298612.31,1044888.25,171276105.67,5614425.96,19251213.32,6047398.99,128760133.81,42515971.86,2028455.74,17733873.5,97571.26999999999,913584.58,227548379.91,204790111.95,0.4736800349859091,9273.0,4103.0,0.4093201482918673,0.436587735190325,0.9678537870634464,0.2482306080797756,0.04101849322669745
2026,45,712548.0,5259168.0,692163.0,20385.0,5077532.0,181636.0,362421.0,9396.0,2294865.0,61472.0,247162.0,115259.0,1562704.0,732161.0,37866.0,439599.0,4.0,134.0,,5259168.0,1.0,,,0.45196465526952856,0.5236064337446527,0.9654629781744946,0.319043168116643,0.08358717576620485
2026,48,47601216.0,334663618.68,46001433.0,1599783.0,326261399.07,8402219.61,21283338.0,725157.0,138259773.85,3593644.35,17309368.0,3973970.0,110296608.51,27963165.34,1593008.46,15999369.44,241409.13,1795735.69,206885332.12,127778286.56,0.3818111065194079,10991.0,5720.0,0.4237699410475957,0.462666847791459,0.9748935374477198,0.20225091189818983,0.04780731620337358
2026,49,44224535.58,365674474.08,42945969.21,1278566.37,355062734.67,10611739.41,24212382.48,640686.63,195386438.19,5345714.62,17440188.63,6772193.86,140475975.43,54910462.76,2330709.87,22017248.83,146897.87,1307702.94,217010479.64000002,148663994.44,0.40654736651778484,9328.0,5539.0,0.5502870876370474,0.5637870777023267,0.9709803659752352,0.28103517966074654,0.060209969223017745
2026,51,32155718.3,237809597.54,30485320.31,1670397.97,224534241.11,13275356.43,12236671.77,540119.86,99407809.86,4756545.96,8338993.43,3897678.38,65823216.3,33584593.48,3239087.34,14305032.0,779377.0,8588254.0,145359540.15,92450057.39,0.3887566286068405,6675.0,3373.8,0.4427289546955995,0.4013955453171356,0.9441765321192849,0.33784662922660225,0.06015329973212653
2026,55,4839582.17,34118301.14,4579200.16,260382.01,32261641.5,1856659.6400000001,966715.8,41499.32,6311057.36,264786.5,653282.4500000001,313433.32,4091973.41,2219083.95,548248.6799999999,4171448.41,26268.989999999998,343836.68,,34118301.14,1.0,,,0.19562108642240042,0.21111018654401864,0.9455817089959597,0.35161840931200156,0.12226424735754003
2026,60,5636971.53,56249706.42,5066649.53,570322.0,50360275.73,5889430.69,2560734.0,202100.0,24622661.49,1951791.5,1691480.0,869254.0,16094434.6,8528226.89,286639.71,3276527.71,89488.9,968011.12,31671085.68,24578620.74,0.4369555381583447,1334.0,636.0,0.4889302358472214,0.505409735731218,0.8952984634972961,0.34635682635134996,0.05824968552786981
2026,61,14612101.2,114038793.76,10267056.79,4345044.38,81589598.41,32449195.35,4855641.19,2623682.74,38264744.01,19263495.43,4235747.25,619893.92,33327474.09,4937269.92,127176.0,1520949.0,366.0,3808.0,39285014.85,74753778.91,0.6555118345720391,2049.0,915.0,0.4689904688305231,0.47293409292615796,0.7154547651714831,0.1290292159986673,0.013337119324507313
2026,62,34499447.43,289802830.65,32043594.86,2455852.59,271036402.92,18766427.73,14701996.6,625301.2,120240287.28999999,5791772.64,9755909.17,4946087.42,79003628.38,41236658.88,1872372.04,18541240.13,569280.29,3862960.48,171957598.62,117845232.03,0.4066393408431672,6887.0,3258.11,0.44363150482590524,0.4588123356394227,0.935244153109517,0.3429520987466031,0.06397880962174791
2026,63,68275786.64,410999022.85,65722269.25,2553517.4499999997,398130539.73,12868483.12,40761742.81,1369844.85,229798299.9,6424240.59,30147054.11,10614688.65,163396713.72,66401586.18,1629218.4100000001,15378973.82,1232237.91,10786107.49,264895050.78,146103972.07,0.35548496212197256,10009.0,5828.0,0.5771933498390809,0.6202120419023724,0.9686897476525229,0.28895595053964973,0.03741851674818404
2026,65,21123738.0,153625301.0,19809113.0,1314625.0,146676747.0,6948554.0,8434332.0,558363.0,59898033.0,3055674.0,6193894.0,2240438.0,42775884.0,17122149.0,761496.0,7418989.0,598258.0,6910057.0,88098166.0,65527135.0,0.4265386923472977,4096.0,1888.0,0.4083676126250605,0.42578039713337995,0.9547694686046538,0.2858549461882997,0.04829275485032247
2026,87,1337817.45,14435818.35,1305269.93,32547.52,14137253.12,298565.23,191059.74,11937.3,1935177.83,64300.64,126789.57,64270.17,1284522.91,650654.92,112541.03,1391771.48,15498.27,164126.77000000002,,14435818.35,1.0,,,0.13688499552026132,0.146375654267926,0.9793177482037241,0.33622487293583764,0.09641098594178417
2026,88,1211706.69,7276963.89,1183532.84,28173.85,7133581.069999999,143382.82,394560.74,11829.369999999999,2210543.56,40872.35,305758.92,88801.82,1725423.88,485119.68,94698.19,605634.03,472.31,3701.4700000000003,,7276963.89,1.0,,,0.309878522204837,0.33337540511338914,0.9802963403189293,0.21945719088204713,0.08322619696275559
2026,89,723269.78,38580401.76,695036.7,28233.08,37034902.33,1545499.43,399900.38,19400.89,21154073.83,1017500.0,353750.8,46149.58,18503416.71,2650657.12,12263.67,787951.97,2871.1,179691.13,38580401.76,,,,,0.571192915307467,0.5753658475876167,0.9599408155567118,0.12530244251303155,0.020423633089714097
2026,333,1513343.2,18677979.5,1391714.19,121629.01,17094216.86,1583762.6400000001,281834.74,16108.5,3455689.97,212469.33,202631.6,79203.15,2489667.23,966022.74,195014.39,2587045.41,12063.92,152476.19999999998,,18677979.5,1.0,,,0.20215550079314953,0.2025090654568953,0.9152069612240445,0.2795455461532621,0.13850777649691715
2026,2001,10908666.03,123365873.98,10555585.11,353080.91,120304096.35,3061777.63,3396168.12,106256.63,48050120.93,1192485.25,2537954.44,858213.69,36440564.08,11609556.85,1035496.31,13240028.16,99929.51,996169.62,72316801.46,51049072.52,0.41380221995813893,1405.0,736.0,0.39940552639378185,0.32174134210547806,0.9751813242088619,0.2416134782868277,0.10732326317524785
2026,2004,21184194.92,257329153.58,20990687.64,193507.26,255166242.28,2162911.3,11307377.15,55154.24,142504342.03,710699.67,7203937.57,4103439.64,92914188.05,49590153.89,1654533.39,18783890.91,126268.95999999999,1081486.29,149575111.04,107754042.54,0.4187401273462814,5493.0,3570.0099999999998,0.558476469131158,0.538685408688212,0.9915947677520822,0.3479904765256927,0.07299558036342102
2026,3028,557817.0,40956929.0,441850.0,115967.0,31976729.0,8980200.0,425277.0,115058.0,30577994.0,9904290.0,412504.0,12773.0,29582108.0,995886.0,4555.0,528107.0,0.0,0.0,40956929.0,,,140.0,101.0,0.9562577210445758,0.962491795858323,0.7807403968202792,0.03256871592034455,0.012894204055191736
2026,3029,1436003.5,45988659.58,1396920.8,39082.7,44663972.26,1324687.32,774641.43,27338.92,25044121.43,917155.98,699417.62,75223.81,22531394.09,2512727.3400000003,24079.809999999998,911034.54,2866.11,131103.13,39199422.37,6789237.21,0.14762850824537993,,,0.5607231099869934,0.5545349671935589,0.9711953483293935,0.10033202190874381,0.01980998246785605
2026,3030,881717.0,45098236.0,855955.0,25762.0,43676951.0,1421285.0,697080.0,23158.0,36238690.0,1280452.0,697080.0,0.0,36238690.0,0.0,10588.0,639026.0,66.0,6801.0,45098236.0,,,130.0,130.0,0.829698254349302,0.814388606877698,0.968484687516381,0.0,0.014169645127583261
2026,4000,2203851.0,178647888.44,2086539.59,117311.41,170137196.5,8510691.94,464389.54,28541.86,31516670.1,1666349.9,343798.27,120591.27,23445942.95,8070727.15,315790.66000000003,29923681.34,7696.0599999999995,703116.0800000001,166189530.07,12458358.370000001,0.06973694723620659,6026.0,826.0,0.18524267913395412,0.22256445179647896,0.9523605231815636,0.256078041379124,0.16750089576373614
2026,4003,702531.45,24043681.92,652046.6,50484.85,21804953.74,2238728.18,197946.59,13264.52,3379698.7,376079.86,173516.0,24430.59,2662095.15,717603.55,81762.0,5010409.0,0.0,0.0,22148047.92,1895634.0,0.07884125261294422,1206.0,160.0,0.1549968296332648,0.3035773670164065,0.9068891284018449,0.21232766991921498,0.20838775927376765
2026,4020,71807.46,7967520.15,67085.99,4721.47,7703409.32,264110.83,15322.41,0.0,1436680.33,0.0,11614.8,3707.62,1077951.28,358729.09,15387.16,942844.0,860.0,84771.0,6877147.29,1090372.8599999999,0.13685222496738836,491.0,75.0,0.1864992849685417,0.2283995510836167,0.9668515642222756,0.2496930475828259,0.11833594170452144
2026,4022,1338484.8599999999,22505071.81,1331137.22,7347.67,21889832.73,615239.08,606421.3300000001,1330.83,6974843.07,136120.47,473973.2,132448.11,5057436.81,1917406.26,221707.79,2945734.71,58.77,9253.63,16995873.24,5509198.57,0.24479808891576252,881.0,198.0,0.3186339135630298,0.4555663540081916,0.9726622032049407,0.2749031398637618,0.13089203779794562
2026,5033,1982947.0,54293351.52,1926848.33,56098.67,51999555.29,2293796.23,1315004.93,52930.61,40597064.87,2179957.93,1134114.6,180890.35,34614694.51,5982370.36,57736.4,768439.64,0.0,0.0,53104568.79,1188782.73,0.02189554884196252,612.0,494.0,0.780719462764467,0.6824641615668836,0.9577518026464983,0.14735967684256876,0.01415347585821683
2026,5034,4582619.49,54058822.23,4534491.15,48128.350000000006,53288769.45,770052.78,3195.9500000000003,0.0,4039.24,0.0,3195.92,0.03,3726.39,312.85,435031.2,13052419.1,11869.0,227577.08,36005846.35,18052975.88,0.3339505955788559,324.0,0.0,7.579908565518582e-05,0.000704808961861134,0.9857552801146183,0.07745268911973541,0.24144845487877734
2026,5050,58460561.27,443733752.21,56230138.27,2230423.0,430328553.32,13405198.89,21116800.0,647272.0,144433988.72,3584935.6,16471109.0,4645691.0,111032294.48,33401694.240000002,2117933.53,26216987.580000002,478485.93,4084508.15,292117409.55,151616342.66,0.34168314198521127,12787.0,3967.0,0.33563654469517923,0.375542380824382,0.9697899949615375,0.23125923846604132,0.0590826986890838
2026,8992,30633072.3,227569997.59,27361769.21,3271303.08,205249676.64,22320320.95,7971145.61,817162.62,65119307.73,5262823.9399999995,6004333.55,1966812.05,49545540.0,15573767.73,3513286.82,28532399.5,235111.41,1907408.71,200364825.22,27205172.37,0.11954639301360816,2432.0,815.03,0.31726874700132535,0.291324203081384,0.9019188768889769,0.23915745226550186,0.12537856396784436
